[
  {
    "artistName": "IVE",
    "segment": "Moderate listeners"
  },
  {
    "artistName": "070 Shake",
    "segment": "Previously Active Listeners"
  },
  {
    "artistName": "Carpenters",
    "segment": "Previously Active Listeners"
  },
  {
    "artistName": "Sonn",
    "segment": "Previously Active Listeners"
  },
  {
    "artistName": "Metro Boomin",
    "segment": "Previously Active Listeners"
  },
  {
    "artistName": "Night Tempo",
    "segment": "Previously Active Listeners"
  },
  {
    "artistName": "Kalmi",
    "segment": "Previously Active Listeners"
  },
  {
    "artistName": "Rita Ora",
    "segment": "Previously Active Listeners"
  },
  {
    "artistName": "Barnes Blvd.",
    "segment": "Previously Active Listeners"
  },
  {
    "artistName": "Quavo",
    "segment": "Previously Active Listeners"
  },
  {
    "artistName": "Ado",
    "segment": "Previously Active Listeners"
  },
  {
    "artistName": "Studio Orchestra",
    "segment": "Previously Active Listeners"
  },
  {
    "artistName": "Patrick Watson",
    "segment": "Previously Active Listeners"
  },
  {
    "artistName": "Relaxing Music For Sleeping",
    "segment": "Previously Active Listeners"
  },
  {
    "artistName": "9lives",
    "segment": "Moderate listeners"
  },
  {
    "artistName": "Liana Flores",
    "segment": "Moderate listeners"
  },
  {
    "artistName": "Scarlett Johansson",
    "segment": "Moderate listeners"
  },
  {
    "artistName": "Lang Lang",
    "segment": "Previously Active Listeners"
  },
  {
    "artistName": "yatashigang",
    "segment": "Previously Active Listeners"
  },
  {
    "artistName": "Haruomi Hosono",
    "segment": "Previously Active Listeners"
  },
  {
    "artistName": "K-ICM",
    "segment": "Previously Active Listeners"
  },
  {
    "artistName": "Shaboozey",
    "segment": "Previously Active Listeners"
  },
  {
    "artistName": "Trip Lee",
    "segment": "Previously Active Listeners"
  },
  {
    "artistName": "WEAN",
    "segment": "Light listeners"
  },
  {
    "artistName": "Will Paquin",
    "segment": "Previously Active Listeners"
  },
  {
    "artistName": "Cécile Corbel",
    "segment": "Previously Active Listeners"
  },
  {
    "artistName": "Stu Dying",
    "segment": "Previously Active Listeners"
  },
  {
    "artistName": "NAV",
    "segment": "Previously Active Listeners"
  },
  {
    "artistName": "Jórunn Viðar",
    "segment": "Previously Active Listeners"
  },
  {
    "artistName": "Lumi Athena",
    "segment": "Previously Active Listeners"
  },
  {
    "artistName": "Elley Duhé",
    "segment": "Previously Active Listeners"
  },
  {
    "artistName": "IU",
    "segment": "Moderate listeners"
  },
  {
    "artistName": "Nicki Minaj",
    "segment": "Previously Active Listeners"
  },
  {
    "artistName": "Tom Misch",
    "segment": "Previously Active Listeners"
  },
  {
    "artistName": "RIO",
    "segment": "Previously Active Listeners"
  },
  {
    "artistName": "Taeko Onuki",
    "segment": "Moderate listeners"
  },
  {
    "artistName": "Lord Kael",
    "segment": "Previously Active Listeners"
  },
  {
    "artistName": "Agathe Backer Grøndahl",
    "segment": "Previously Active Listeners"
  },
  {
    "artistName": "Chappell Roan",
    "segment": "Moderate listeners"
  },
  {
    "artistName": "The Kid LAROI",
    "segment": "Previously Active Listeners"
  },
  {
    "artistName": "Hoàng Thùy Linh",
    "segment": "Previously Active Listeners"
  },
  {
    "artistName": "Gravagerz",
    "segment": "Previously Active Listeners"
  },
  {
    "artistName": "Lana Del Rey",
    "segment": "Previously Active Listeners"
  },
  {
    "artistName": "YNG BNZO",
    "segment": "Previously Active Listeners"
  },
  {
    "artistName": "Various Artists",
    "segment": "Moderate listeners"
  },
  {
    "artistName": "beabadoobee",
    "segment": "Previously Active Listeners"
  },
  {
    "artistName": "Britney Manson",
    "segment": "Previously Active Listeners"
  },
  {
    "artistName": "ZWE1HVNDXR",
    "segment": "Previously Active Listeners"
  },
  {
    "artistName": "Nomovodka",
    "segment": "Previously Active Listeners"
  },
  {
    "artistName": "Coding Bootcamp",
    "segment": "Previously Active Listeners"
  },
  {
    "artistName": "Miki Matsubara",
    "segment": "Moderate listeners"
  },
  {
    "artistName": "Manu Chao",
    "segment": "Previously Active Listeners"
  },
  {
    "artistName": "Tina Ho",
    "segment": "Previously Active Listeners"
  },
  {
    "artistName": "WYS",
    "segment": "Previously Active Listeners"
  },
  {
    "artistName": "Key Glock",
    "segment": "Previously Active Listeners"
  },
  {
    "artistName": "Mrs. GREEN APPLE",
    "segment": "Previously Active Listeners"
  },
  {
    "artistName": "Ilija Marinkovic",
    "segment": "Light listeners"
  },
  {
    "artistName": "Jessie J",
    "segment": "Previously Active Listeners"
  },
  {
    "artistName": "Timmy Trumpet",
    "segment": "Previously Active Listeners"
  },
  {
    "artistName": "Club Unicorn",
    "segment": "Previously Active Listeners"
  },
  {
    "artistName": "G-DRAGON",
    "segment": "Super Listeners"
  },
  {
    "artistName": "Dalida",
    "segment": "Previously Active Listeners"
  },
  {
    "artistName": "Lập Nguyên",
    "segment": "Previously Active Listeners"
  },
  {
    "artistName": "Kyle Landry",
    "segment": "Previously Active Listeners"
  },
  {
    "artistName": "Tomppabeats",
    "segment": "Previously Active Listeners"
  },
  {
    "artistName": "Steve Lacy",
    "segment": "Previously Active Listeners"
  },
  {
    "artistName": "EVADE FROM 宇宙",
    "segment": "Previously Active Listeners"
  },
  {
    "artistName": "sasanomaly",
    "segment": "Previously Active Listeners"
  },
  {
    "artistName": "bbygirl",
    "segment": "Previously Active Listeners"
  },
  {
    "artistName": "King Gnu",
    "segment": "Previously Active Listeners"
  },
  {
    "artistName": "Hans Sitt",
    "segment": "Previously Active Listeners"
  },
  {
    "artistName": "Only Fire",
    "segment": "Previously Active Listeners"
  },
  {
    "artistName": "Key Kelly",
    "segment": "Moderate listeners"
  },
  {
    "artistName": "Mother Mother",
    "segment": "Previously Active Listeners"
  },
  {
    "artistName": "Lil Uzi Vert",
    "segment": "Previously Active Listeners"
  },
  {
    "artistName": "Jack",
    "segment": "Previously Active Listeners"
  },
  {
    "artistName": "cupcakKe",
    "segment": "Previously Active Listeners"
  },
  {
    "artistName": "Saucy Santana",
    "segment": "Previously Active Listeners"
  },
  {
    "artistName": "Phương Ly",
    "segment": "Previously Active Listeners"
  },
  {
    "artistName": "ENHYPEN",
    "segment": "Light listeners"
  },
  {
    "artistName": "Argy",
    "segment": "Previously Active Listeners"
  },
  {
    "artistName": "Bassti",
    "segment": "Light listeners"
  },
  {
    "artistName": "Lucid Keys",
    "segment": "Previously Active Listeners"
  },
  {
    "artistName": "V",
    "segment": "Previously Active Listeners"
  },
  {
    "artistName": "Yu-Peng Chen",
    "segment": "Previously Active Listeners"
  },
  {
    "artistName": "Hong Ting",
    "segment": "Previously Active Listeners"
  },
  {
    "artistName": "Barbara Pravi",
    "segment": "Previously Active Listeners"
  },
  {
    "artistName": "Jung Kook",
    "segment": "Previously Active Listeners"
  },
  {
    "artistName": "Smyang Piano",
    "segment": "Previously Active Listeners"
  },
  {
    "artistName": "Hiroki Kamemoto",
    "segment": "Previously Active Listeners"
  },
  {
    "artistName": "H2O Remix",
    "segment": "Previously Active Listeners"
  },
  {
    "artistName": "Nino Rota",
    "segment": "Previously Active Listeners"
  },
  {
    "artistName": "SiM",
    "segment": "Previously Active Listeners"
  },
  {
    "artistName": "Pablo Marquez",
    "segment": "Light listeners"
  },
  {
    "artistName": "Melleefresh",
    "segment": "Previously Active Listeners"
  },
  {
    "artistName": "Lynn Ahrens",
    "segment": "Light listeners"
  },
  {
    "artistName": "Kaden MacKay",
    "segment": "Previously Active Listeners"
  },
  {
    "artistName": "Cults",
    "segment": "Previously Active Listeners"
  },
  {
    "artistName": "Kenya Grace",
    "segment": "Super Listeners"
  },
  {
    "artistName": "FKJ",
    "segment": "Light listeners"
  },
  {
    "artistName": "Aminé",
    "segment": "Previously Active Listeners"
  },
  {
    "artistName": "Moon Sisters",
    "segment": "Super Listeners"
  },
  {
    "artistName": "back number",
    "segment": "Previously Active Listeners"
  },
  {
    "artistName": "CHOCO",
    "segment": "Previously Active Listeners"
  },
  {
    "artistName": "Zinan",
    "segment": "Previously Active Listeners"
  },
  {
    "artistName": "DEAN",
    "segment": "Previously Active Listeners"
  },
  {
    "artistName": "Eve",
    "segment": "Previously Active Listeners"
  },
  {
    "artistName": "Madihu",
    "segment": "Previously Active Listeners"
  },
  {
    "artistName": "Fellini Félin",
    "segment": "Previously Active Listeners"
  },
  {
    "artistName": "Xcho",
    "segment": "Previously Active Listeners"
  },
  {
    "artistName": "Bellakath",
    "segment": "Previously Active Listeners"
  },
  {
    "artistName": "6arelyhuman",
    "segment": "Moderate listeners"
  },
  {
    "artistName": "Sandro Cuturello",
    "segment": "Light listeners"
  },
  {
    "artistName": "mt. fujitive",
    "segment": "Previously Active Listeners"
  },
  {
    "artistName": "QUEEN BEE",
    "segment": "Previously Active Listeners"
  },
  {
    "artistName": "Swae Lee",
    "segment": "Previously Active Listeners"
  },
  {
    "artistName": "Bassjackers",
    "segment": "Previously Active Listeners"
  },
  {
    "artistName": "d.ear",
    "segment": "Previously Active Listeners"
  },
  {
    "artistName": "Don Toliver",
    "segment": "Previously Active Listeners"
  },
  {
    "artistName": "deadmau5",
    "segment": "Previously Active Listeners"
  },
  {
    "artistName": "Tate McRae",
    "segment": "Previously Active Listeners"
  },
  {
    "artistName": "Sparky Deathcap",
    "segment": "Previously Active Listeners"
  },
  {
    "artistName": "Cris Mj",
    "segment": "Light listeners"
  },
  {
    "artistName": "Iceland Symphony Orchestra",
    "segment": "Previously Active Listeners"
  },
  {
    "artistName": "Black Caviar",
    "segment": "Previously Active Listeners"
  },
  {
    "artistName": "Sylvie Vartan",
    "segment": "Previously Active Listeners"
  },
  {
    "artistName": "Gen Hoshino",
    "segment": "Previously Active Listeners"
  },
  {
    "artistName": "Big K.R.I.T.",
    "segment": "Previously Active Listeners"
  },
  {
    "artistName": "SALES",
    "segment": "Previously Active Listeners"
  },
  {
    "artistName": "2pillz",
    "segment": "Light listeners"
  },
  {
    "artistName": "Metric",
    "segment": "Moderate listeners"
  },
  {
    "artistName": "Chris Lee Artiste",
    "segment": "Previously Active Listeners"
  },
  {
    "artistName": "Sơn Tùng M-TP",
    "segment": "Previously Active Listeners"
  },
  {
    "artistName": "Chillies",
    "segment": "Previously Active Listeners"
  },
  {
    "artistName": "Kanaria",
    "segment": "Previously Active Listeners"
  },
  {
    "artistName": "Jay Chou",
    "segment": "Previously Active Listeners"
  },
  {
    "artistName": "Latto",
    "segment": "Previously Active Listeners"
  },
  {
    "artistName": "Sherine",
    "segment": "Previously Active Listeners"
  },
  {
    "artistName": "Tamiya Terashima",
    "segment": "Previously Active Listeners"
  },
  {
    "artistName": "INJI",
    "segment": "Previously Active Listeners"
  },
  {
    "artistName": "MINGYU",
    "segment": "Light listeners"
  },
  {
    "artistName": "breathe.",
    "segment": "Previously Active Listeners"
  },
  {
    "artistName": "Lamis Kan",
    "segment": "Previously Active Listeners"
  },
  {
    "artistName": "Pixel Hood",
    "segment": "Moderate listeners"
  },
  {
    "artistName": "Vansire",
    "segment": "Previously Active Listeners"
  },
  {
    "artistName": "Gminxr",
    "segment": "Previously Active Listeners"
  },
  {
    "artistName": "wave to earth",
    "segment": "Super Listeners"
  },
  {
    "artistName": "Lyn Lapid",
    "segment": "Previously Active Listeners"
  },
  {
    "artistName": "TWO LANES",
    "segment": "Previously Active Listeners"
  },
  {
    "artistName": "underscores",
    "segment": "Previously Active Listeners"
  },
  {
    "artistName": "Nimstarr",
    "segment": "Previously Active Listeners"
  },
  {
    "artistName": "Yehezkel Raz",
    "segment": "Light listeners"
  },
  {
    "artistName": "Jhené Aiko",
    "segment": "Previously Active Listeners"
  },
  {
    "artistName": "Intense",
    "segment": "Previously Active Listeners"
  },
  {
    "artistName": "Cardi B",
    "segment": "Previously Active Listeners"
  },
  {
    "artistName": "Vundabar",
    "segment": "Previously Active Listeners"
  },
  {
    "artistName": "Rick Jansen",
    "segment": "Previously Active Listeners"
  },
  {
    "artistName": "Dick",
    "segment": "Previously Active Listeners"
  },
  {
    "artistName": "GEMINI",
    "segment": "Previously Active Listeners"
  },
  {
    "artistName": "Men I Trust",
    "segment": "Previously Active Listeners"
  },
  {
    "artistName": "Kali Uchis",
    "segment": "Light listeners"
  },
  {
    "artistName": "Jay Trak",
    "segment": "Previously Active Listeners"
  },
  {
    "artistName": "LE SSERAFIM",
    "segment": "Previously Active Listeners"
  },
  {
    "artistName": "ATARASHII GAKKO!",
    "segment": "Previously Active Listeners"
  },
  {
    "artistName": "Music For Deep Sleep",
    "segment": "Previously Active Listeners"
  },
  {
    "artistName": "Howard Shore",
    "segment": "Light listeners"
  },
  {
    "artistName": "Đen",
    "segment": "Previously Active Listeners"
  },
  {
    "artistName": "B.I",
    "segment": "Previously Active Listeners"
  },
  {
    "artistName": "Ordell",
    "segment": "Previously Active Listeners"
  },
  {
    "artistName": "Aoi Tejima",
    "segment": "Previously Active Listeners"
  },
  {
    "artistName": "Dept",
    "segment": "Previously Active Listeners"
  },
  {
    "artistName": "Trung Trần",
    "segment": "Previously Active Listeners"
  },
  {
    "artistName": "Tamera",
    "segment": "Previously Active Listeners"
  },
  {
    "artistName": "Jaden",
    "segment": "Previously Active Listeners"
  },
  {
    "artistName": "Omido",
    "segment": "Previously Active Listeners"
  },
  {
    "artistName": "LeeHi",
    "segment": "Previously Active Listeners"
  },
  {
    "artistName": "Instupendo",
    "segment": "Previously Active Listeners"
  },
  {
    "artistName": "Devin Kennedy",
    "segment": "Previously Active Listeners"
  },
  {
    "artistName": "Anri",
    "segment": "Moderate listeners"
  },
  {
    "artistName": "MGMT",
    "segment": "Moderate listeners"
  },
  {
    "artistName": "Joji",
    "segment": "Previously Active Listeners"
  },
  {
    "artistName": "Kayla Nicole",
    "segment": "Previously Active Listeners"
  },
  {
    "artistName": "EXO",
    "segment": "Previously Active Listeners"
  },
  {
    "artistName": "Billie Eilish",
    "segment": "Previously Active Listeners"
  },
  {
    "artistName": "Cornel Wilczek",
    "segment": "Moderate listeners"
  },
  {
    "artistName": "Roar",
    "segment": "Light listeners"
  },
  {
    "artistName": "Isaac Delusion",
    "segment": "Previously Active Listeners"
  },
  {
    "artistName": "DPR LIVE",
    "segment": "Moderate listeners"
  },
  {
    "artistName": "John Powell",
    "segment": "Moderate listeners"
  },
  {
    "artistName": "Sleep",
    "segment": "Previously Active Listeners"
  },
  {
    "artistName": "Dosi",
    "segment": "Previously Active Listeners"
  },
  {
    "artistName": "Queen",
    "segment": "Previously Active Listeners"
  },
  {
    "artistName": "USHER",
    "segment": "Previously Active Listeners"
  },
  {
    "artistName": "MAX",
    "segment": "Previously Active Listeners"
  },
  {
    "artistName": "Myke Towers",
    "segment": "Previously Active Listeners"
  },
  {
    "artistName": "((( O )))",
    "segment": "Light listeners"
  },
  {
    "artistName": "Hogwarts Legacy",
    "segment": "Previously Active Listeners"
  },
  {
    "artistName": "Mareux",
    "segment": "Previously Active Listeners"
  },
  {
    "artistName": "3STRANGE",
    "segment": "Previously Active Listeners"
  },
  {
    "artistName": "Bùi Lan Hương",
    "segment": "Previously Active Listeners"
  },
  {
    "artistName": "KSHMR",
    "segment": "Previously Active Listeners"
  },
  {
    "artistName": "Epektase",
    "segment": "Previously Active Listeners"
  },
  {
    "artistName": "Rumon Gamba",
    "segment": "Previously Active Listeners"
  },
  {
    "artistName": "Charmy Pham",
    "segment": "Previously Active Listeners"
  },
  {
    "artistName": "DPR IAN",
    "segment": "Moderate listeners"
  },
  {
    "artistName": "tephe",
    "segment": "Previously Active Listeners"
  },
  {
    "artistName": "Masego",
    "segment": "Previously Active Listeners"
  },
  {
    "artistName": "Joey Valence & Brae",
    "segment": "Previously Active Listeners"
  },
  {
    "artistName": "Laufey",
    "segment": "Previously Active Listeners"
  },
  {
    "artistName": "cassö",
    "segment": "Previously Active Listeners"
  },
  {
    "artistName": "No Spirit",
    "segment": "Previously Active Listeners"
  },
  {
    "artistName": "BUMP OF CHICKEN",
    "segment": "Previously Active Listeners"
  },
  {
    "artistName": "Angèle",
    "segment": "Light listeners"
  },
  {
    "artistName": "Chi Pu",
    "segment": "Previously Active Listeners"
  },
  {
    "artistName": "JVKE",
    "segment": "Previously Active Listeners"
  },
  {
    "artistName": "Xizt",
    "segment": "Previously Active Listeners"
  },
  {
    "artistName": "Jhung",
    "segment": "Previously Active Listeners"
  },
  {
    "artistName": "Friedrich Burgmüller",
    "segment": "Light listeners"
  },
  {
    "artistName": "Earth Thunder Sounds 2021",
    "segment": "Previously Active Listeners"
  },
  {
    "artistName": "tiffi",
    "segment": "Previously Active Listeners"
  },
  {
    "artistName": "$atori Zoom",
    "segment": "Previously Active Listeners"
  },
  {
    "artistName": "Yot Club",
    "segment": "Light listeners"
  },
  {
    "artistName": "tlinh",
    "segment": "Moderate listeners"
  },
  {
    "artistName": "Thutmose",
    "segment": "Previously Active Listeners"
  },
  {
    "artistName": "NBSPLV",
    "segment": "Moderate listeners"
  },
  {
    "artistName": "SHISHAMO",
    "segment": "Previously Active Listeners"
  },
  {
    "artistName": "Tsuji Ayano",
    "segment": "Previously Active Listeners"
  },
  {
    "artistName": "MIN",
    "segment": "Previously Active Listeners"
  },
  {
    "artistName": "Taiu",
    "segment": "Previously Active Listeners"
  },
  {
    "artistName": "Takayoshi",
    "segment": "Previously Active Listeners"
  },
  {
    "artistName": "Alan Menken",
    "segment": "Previously Active Listeners"
  },
  {
    "artistName": "Joe Hisaischi",
    "segment": "Light listeners"
  },
  {
    "artistName": "John Williams",
    "segment": "Light listeners"
  },
  {
    "artistName": "Jordan Critz",
    "segment": "Previously Active Listeners"
  },
  {
    "artistName": "Low G",
    "segment": "Moderate listeners"
  },
  {
    "artistName": "Taylor Girlz",
    "segment": "Previously Active Listeners"
  },
  {
    "artistName": "Mild High Club",
    "segment": "Previously Active Listeners"
  },
  {
    "artistName": "PinkPantheress",
    "segment": "Previously Active Listeners"
  },
  {
    "artistName": "DPR CREAM",
    "segment": "Light listeners"
  },
  {
    "artistName": "Eminem",
    "segment": "Previously Active Listeners"
  },
  {
    "artistName": "Uyên Linh",
    "segment": "Previously Active Listeners"
  },
  {
    "artistName": "Rooh Sandhu",
    "segment": "Previously Active Listeners"
  },
  {
    "artistName": "Jackson Wang",
    "segment": "Previously Active Listeners"
  },
  {
    "artistName": "Little Simz",
    "segment": "Previously Active Listeners"
  },
  {
    "artistName": "Philharmonia Orchestra",
    "segment": "Previously Active Listeners"
  },
  {
    "artistName": "I Monster",
    "segment": "Moderate listeners"
  },
  {
    "artistName": "Agnes Obel",
    "segment": "Light listeners"
  },
  {
    "artistName": "Bruno Mars",
    "segment": "Super Listeners"
  },
  {
    "artistName": "Vũ Phụng Tiên",
    "segment": "Previously Active Listeners"
  },
  {
    "artistName": "Edvard Fliflet Bræin",
    "segment": "Previously Active Listeners"
  },
  {
    "artistName": "dodie",
    "segment": "Previously Active Listeners"
  },
  {
    "artistName": "SXZDU",
    "segment": "Previously Active Listeners"
  },
  {
    "artistName": "SUDA MASAKI",
    "segment": "Previously Active Listeners"
  },
  {
    "artistName": "Wolfgang Amadeus Mozart",
    "segment": "Previously Active Listeners"
  },
  {
    "artistName": "ROSÉ",
    "segment": "Super Listeners"
  },
  {
    "artistName": "Avoure",
    "segment": "Previously Active Listeners"
  },
  {
    "artistName": "Ava Max",
    "segment": "Previously Active Listeners"
  },
  {
    "artistName": "Jimin",
    "segment": "Previously Active Listeners"
  },
  {
    "artistName": "Creepy Nuts",
    "segment": "Previously Active Listeners"
  },
  {
    "artistName": "Dua Lipa",
    "segment": "Previously Active Listeners"
  },
  {
    "artistName": "chuck e. myers 'sea'",
    "segment": "Previously Active Listeners"
  },
  {
    "artistName": "flâneur",
    "segment": "Previously Active Listeners"
  },
  {
    "artistName": "Adio",
    "segment": "Previously Active Listeners"
  },
  {
    "artistName": "JustaTee",
    "segment": "Previously Active Listeners"
  },
  {
    "artistName": "Vũ.",
    "segment": "Previously Active Listeners"
  },
  {
    "artistName": "DT Tập Rap",
    "segment": "Previously Active Listeners"
  },
  {
    "artistName": "Idealism",
    "segment": "Previously Active Listeners"
  },
  {
    "artistName": "Isak Roen",
    "segment": "Moderate listeners"
  },
  {
    "artistName": "ALI",
    "segment": "Previously Active Listeners"
  },
  {
    "artistName": "Billy Idol",
    "segment": "Previously Active Listeners"
  },
  {
    "artistName": "Goom Gum",
    "segment": "Previously Active Listeners"
  },
  {
    "artistName": "Charli xcx",
    "segment": "Moderate listeners"
  },
  {
    "artistName": "Christy Altomare",
    "segment": "Light listeners"
  },
  {
    "artistName": "Frank Ocean",
    "segment": "Previously Active Listeners"
  },
  {
    "artistName": "Marioverehrer",
    "segment": "Previously Active Listeners"
  },
  {
    "artistName": "Kai Engel",
    "segment": "Previously Active Listeners"
  },
  {
    "artistName": "Tatsuya Kitani",
    "segment": "Previously Active Listeners"
  },
  {
    "artistName": "Bedouine",
    "segment": "Previously Active Listeners"
  },
  {
    "artistName": "Jaeden Camstra",
    "segment": "Previously Active Listeners"
  },
  {
    "artistName": "akiaura",
    "segment": "Moderate listeners"
  },
  {
    "artistName": "Juice WRLD",
    "segment": "Previously Active Listeners"
  },
  {
    "artistName": "Ku$h Drifter",
    "segment": "Previously Active Listeners"
  },
  {
    "artistName": "ヴァリアス・アーティスト",
    "segment": "Previously Active Listeners"
  },
  {
    "artistName": "SUICIDAL-IDOL",
    "segment": "Moderate listeners"
  },
  {
    "artistName": "Stephen Sanchez",
    "segment": "Previously Active Listeners"
  },
  {
    "artistName": "Selena Gomez",
    "segment": "Previously Active Listeners"
  },
  {
    "artistName": "Thaehan",
    "segment": "Previously Active Listeners"
  },
  {
    "artistName": "Troye Sivan",
    "segment": "Previously Active Listeners"
  },
  {
    "artistName": "Hứa Kim Tuyền",
    "segment": "Previously Active Listeners"
  },
  {
    "artistName": "Soulja Boy",
    "segment": "Previously Active Listeners"
  },
  {
    "artistName": "Cowboy Malfoy",
    "segment": "Previously Active Listeners"
  },
  {
    "artistName": "eaJ",
    "segment": "Previously Active Listeners"
  },
  {
    "artistName": "Martin Garrix",
    "segment": "Previously Active Listeners"
  },
  {
    "artistName": "Joe Hisaishi",
    "segment": "Previously Active Listeners"
  },
  {
    "artistName": "Playboi Carti",
    "segment": "Previously Active Listeners"
  },
  {
    "artistName": "Jane Zhang",
    "segment": "Previously Active Listeners"
  },
  {
    "artistName": "Thắng",
    "segment": "Previously Active Listeners"
  },
  {
    "artistName": "WOOSUNG",
    "segment": "Previously Active Listeners"
  },
  {
    "artistName": "WOKEUP",
    "segment": "Previously Active Listeners"
  },
  {
    "artistName": "mxmtoon",
    "segment": "Previously Active Listeners"
  },
  {
    "artistName": "David Guetta",
    "segment": "Moderate listeners"
  },
  {
    "artistName": "HR",
    "segment": "Previously Active Listeners"
  },
  {
    "artistName": "Beyoncé",
    "segment": "Previously Active Listeners"
  },
  {
    "artistName": "Seachains",
    "segment": "Previously Active Listeners"
  },
  {
    "artistName": "Camila Cabello",
    "segment": "Previously Active Listeners"
  },
  {
    "artistName": "Gabito Ballesteros",
    "segment": "Previously Active Listeners"
  },
  {
    "artistName": "Coding Music",
    "segment": "Light listeners"
  },
  {
    "artistName": "London Symphony Orchestra",
    "segment": "Previously Active Listeners"
  },
  {
    "artistName": "程响",
    "segment": "Previously Active Listeners"
  },
  {
    "artistName": "CODE KUNST",
    "segment": "Previously Active Listeners"
  },
  {
    "artistName": "Brandi Carlile",
    "segment": "Previously Active Listeners"
  },
  {
    "artistName": "Doja Cat",
    "segment": "Previously Active Listeners"
  },
  {
    "artistName": "Study Music Project",
    "segment": "Previously Active Listeners"
  },
  {
    "artistName": "RPT MCK",
    "segment": "Previously Active Listeners"
  },
  {
    "artistName": "Lolo OG",
    "segment": "Previously Active Listeners"
  },
  {
    "artistName": "Sam Wills",
    "segment": "Previously Active Listeners"
  },
  {
    "artistName": "Olivia Rodrigo",
    "segment": "Previously Active Listeners"
  },
  {
    "artistName": "Soap&Skin",
    "segment": "Moderate listeners"
  },
  {
    "artistName": "Norah Jones",
    "segment": "Previously Active Listeners"
  },
  {
    "artistName": "Megan Thee Stallion",
    "segment": "Moderate listeners"
  },
  {
    "artistName": "Central Cee",
    "segment": "Previously Active Listeners"
  },
  {
    "artistName": "DPR ARTIC",
    "segment": "Light listeners"
  },
  {
    "artistName": "Shirley Kwan",
    "segment": "Previously Active Listeners"
  },
  {
    "artistName": "RM",
    "segment": "Previously Active Listeners"
  },
  {
    "artistName": "Orion Sun",
    "segment": "Previously Active Listeners"
  },
  {
    "artistName": "billsbeats",
    "segment": "Previously Active Listeners"
  },
  {
    "artistName": "Homebodi",
    "segment": "Previously Active Listeners"
  },
  {
    "artistName": "Miley Cyrus",
    "segment": "Previously Active Listeners"
  },
  {
    "artistName": "Clairo",
    "segment": "Light listeners"
  },
  {
    "artistName": "52Hz",
    "segment": "Previously Active Listeners"
  },
  {
    "artistName": "Fujii Kaze",
    "segment": "Previously Active Listeners"
  },
  {
    "artistName": "peace.",
    "segment": "Previously Active Listeners"
  },
  {
    "artistName": "RAGEX",
    "segment": "Previously Active Listeners"
  },
  {
    "artistName": "Sukima Switch",
    "segment": "Previously Active Listeners"
  },
  {
    "artistName": "hanbee",
    "segment": "Previously Active Listeners"
  },
  {
    "artistName": "Yumi Kimura",
    "segment": "Previously Active Listeners"
  },
  {
    "artistName": "Shurkn Pap",
    "segment": "Previously Active Listeners"
  },
  {
    "artistName": "LONOWN",
    "segment": "Moderate listeners"
  },
  {
    "artistName": "Charles Aznavour",
    "segment": "Light listeners"
  },
  {
    "artistName": "Artemas",
    "segment": "Moderate listeners"
  },
  {
    "artistName": "Riff Raff",
    "segment": "Previously Active Listeners"
  },
  {
    "artistName": "JID",
    "segment": "Previously Active Listeners"
  },
  {
    "artistName": "Milo j",
    "segment": "Previously Active Listeners"
  },
  {
    "artistName": "JSOL",
    "segment": "Previously Active Listeners"
  },
  {
    "artistName": "Mac DeMarco",
    "segment": "Previously Active Listeners"
  },
  {
    "artistName": "natori",
    "segment": "Previously Active Listeners"
  },
  {
    "artistName": "Daníel Bjarnason",
    "segment": "Previously Active Listeners"
  },
  {
    "artistName": "Yuji Nomi",
    "segment": "Previously Active Listeners"
  },
  {
    "artistName": "Da LAB",
    "segment": "Previously Active Listeners"
  },
  {
    "artistName": "aqualina",
    "segment": "Light listeners"
  },
  {
    "artistName": "Hozier",
    "segment": "Previously Active Listeners"
  },
  {
    "artistName": "Sade",
    "segment": "Previously Active Listeners"
  },
  {
    "artistName": "Kewtiie",
    "segment": "Previously Active Listeners"
  },
  {
    "artistName": "Coldplay",
    "segment": "Previously Active Listeners"
  },
  {
    "artistName": "Ed Sheeran",
    "segment": "Previously Active Listeners"
  },
  {
    "artistName": "Perfume",
    "segment": "Previously Active Listeners"
  },
  {
    "artistName": "Herb Alpert & The Tijuana Brass",
    "segment": "Previously Active Listeners"
  },
  {
    "artistName": "JJ",
    "segment": "Previously Active Listeners"
  },
  {
    "artistName": "WONWOO",
    "segment": "Light listeners"
  },
  {
    "artistName": "Jack Harlow",
    "segment": "Previously Active Listeners"
  },
  {
    "artistName": "RADWIMPS",
    "segment": "Previously Active Listeners"
  },
  {
    "artistName": "Yeah Yeah Yeahs",
    "segment": "Moderate listeners"
  },
  {
    "artistName": "Buddah Bless",
    "segment": "Previously Active Listeners"
  },
  {
    "artistName": "Eslabon Armado",
    "segment": "Previously Active Listeners"
  },
  {
    "artistName": "Alexis Ffrench",
    "segment": "Previously Active Listeners"
  },
  {
    "artistName": "Post Malone",
    "segment": "Previously Active Listeners"
  },
  {
    "artistName": "Matt Maltese",
    "segment": "Previously Active Listeners"
  },
  {
    "artistName": "lullaboy",
    "segment": "Previously Active Listeners"
  },
  {
    "artistName": "UMIE",
    "segment": "Previously Active Listeners"
  },
  {
    "artistName": "JAEHYUN",
    "segment": "Previously Active Listeners"
  },
  {
    "artistName": "D-Block Europe",
    "segment": "Previously Active Listeners"
  },
  {
    "artistName": "ScHoolboy Q",
    "segment": "Previously Active Listeners"
  },
  {
    "artistName": "BTS",
    "segment": "Previously Active Listeners"
  },
  {
    "artistName": "Shigeru Nagata",
    "segment": "Previously Active Listeners"
  },
  {
    "artistName": "Nanim",
    "segment": "Previously Active Listeners"
  },
  {
    "artistName": "YYKK",
    "segment": "Previously Active Listeners"
  },
  {
    "artistName": "CHSKA",
    "segment": "Light listeners"
  },
  {
    "artistName": "CHEEZE",
    "segment": "Previously Active Listeners"
  },
  {
    "artistName": "Junko Yagami",
    "segment": "Moderate listeners"
  },
  {
    "artistName": "Princess Chelsea",
    "segment": "Previously Active Listeners"
  },
  {
    "artistName": "Nicholas Britell",
    "segment": "Previously Active Listeners"
  },
  {
    "artistName": "keshi",
    "segment": "Previously Active Listeners"
  },
  {
    "artistName": "Ludwig Göransson",
    "segment": "Moderate listeners"
  },
  {
    "artistName": "Sa Dingding",
    "segment": "Previously Active Listeners"
  },
  {
    "artistName": "RAP VIỆT",
    "segment": "Previously Active Listeners"
  },
  {
    "artistName": "Indila",
    "segment": "Previously Active Listeners"
  },
  {
    "artistName": "Ayelle",
    "segment": "Previously Active Listeners"
  },
  {
    "artistName": "ProdByAbnormal",
    "segment": "Previously Active Listeners"
  },
  {
    "artistName": "Jonathan Bree",
    "segment": "Previously Active Listeners"
  },
  {
    "artistName": "Kai Đinh",
    "segment": "Previously Active Listeners"
  },
  {
    "artistName": "Mitski",
    "segment": "Light listeners"
  },
  {
    "artistName": "ICM",
    "segment": "Previously Active Listeners"
  },
  {
    "artistName": "Tamino",
    "segment": "Light listeners"
  },
  {
    "artistName": "平静",
    "segment": "Previously Active Listeners"
  },
  {
    "artistName": "Super Guitar Bros",
    "segment": "Previously Active Listeners"
  },
  {
    "artistName": "Rage3ee",
    "segment": "Previously Active Listeners"
  },
  {
    "artistName": "PR1SVX",
    "segment": "Previously Active Listeners"
  },
  {
    "artistName": "Yupsilon",
    "segment": "Previously Active Listeners"
  },
  {
    "artistName": "Lorde",
    "segment": "Previously Active Listeners"
  },
  {
    "artistName": "L.C. Franke",
    "segment": "Previously Active Listeners"
  },
  {
    "artistName": "Iron Maiden",
    "segment": "Previously Active Listeners"
  },
  {
    "artistName": "Shinda Kahlon",
    "segment": "Previously Active Listeners"
  },
  {
    "artistName": "Childish Gambino",
    "segment": "Previously Active Listeners"
  },
  {
    "artistName": "The Weeknd",
    "segment": "Light listeners"
  },
  {
    "artistName": "Chance Thrash",
    "segment": "Previously Active Listeners"
  },
  {
    "artistName": "Kendrick Lamar",
    "segment": "Previously Active Listeners"
  },
  {
    "artistName": "Lee Hyori",
    "segment": "Previously Active Listeners"
  },
  {
    "artistName": "Lady Gaga",
    "segment": "Moderate listeners"
  },
  {
    "artistName": "GREY D",
    "segment": "Previously Active Listeners"
  },
  {
    "artistName": "Junior H",
    "segment": "Previously Active Listeners"
  },
  {
    "artistName": "Prabh Singh",
    "segment": "Previously Active Listeners"
  },
  {
    "artistName": "88rising",
    "segment": "Previously Active Listeners"
  },
  {
    "artistName": "Adam Melchor",
    "segment": "Previously Active Listeners"
  },
  {
    "artistName": "Narumi Yasuda",
    "segment": "Previously Active Listeners"
  },
  {
    "artistName": "ppcocaine",
    "segment": "Previously Active Listeners"
  },
  {
    "artistName": "Andree Right Hand",
    "segment": "Previously Active Listeners"
  },
  {
    "artistName": "Suginami Children's Choir",
    "segment": "Previously Active Listeners"
  },
  {
    "artistName": "The Rare Occasions",
    "segment": "Super Listeners"
  },
  {
    "artistName": "yama",
    "segment": "Previously Active Listeners"
  },
  {
    "artistName": "Kavinsky",
    "segment": "Super Listeners"
  },
  {
    "artistName": "NESYA",
    "segment": "Super Listeners"
  },
  {
    "artistName": "Ichiko Aoba",
    "segment": "Previously Active Listeners"
  },
  {
    "artistName": "Jean Sibelius",
    "segment": "Previously Active Listeners"
  },
  {
    "artistName": "Édith Piaf",
    "segment": "Previously Active Listeners"
  },
  {
    "artistName": "cade clair",
    "segment": "Previously Active Listeners"
  },
  {
    "artistName": "Ahn Ye Eun",
    "segment": "Light listeners"
  },
  {
    "artistName": "YOASOBI",
    "segment": "Previously Active Listeners"
  },
  {
    "artistName": "Whethan",
    "segment": "Previously Active Listeners"
  },
  {
    "artistName": "ThxSoMch",
    "segment": "Moderate listeners"
  },
  {
    "artistName": "brb.",
    "segment": "Previously Active Listeners"
  },
  {
    "artistName": "Feid",
    "segment": "Previously Active Listeners"
  },
  {
    "artistName": "Sisido Kavka",
    "segment": "Previously Active Listeners"
  },
  {
    "artistName": "Princess Nokia",
    "segment": "Previously Active Listeners"
  },
  {
    "artistName": "Alexander 23",
    "segment": "Previously Active Listeners"
  },
  {
    "artistName": "LISA",
    "segment": "Moderate listeners"
  },
  {
    "artistName": "泰葉",
    "segment": "Moderate listeners"
  },
  {
    "artistName": "ヨルシカ",
    "segment": "Previously Active Listeners"
  },
  {
    "artistName": "Pomplamoose",
    "segment": "Light listeners"
  },
  {
    "artistName": "Anja Lechner",
    "segment": "Light listeners"
  },
  {
    "artistName": "Masonn Deforest",
    "segment": "Previously Active Listeners"
  },
  {
    "artistName": "Ludwig van Beethoven",
    "segment": "Previously Active Listeners"
  },
  {
    "artistName": "Anuel AA",
    "segment": "Previously Active Listeners"
  },
  {
    "artistName": "Joe Dassin",
    "segment": "Previously Active Listeners"
  },
  {
    "artistName": "Nikitata",
    "segment": "Previously Active Listeners"
  },
  {
    "artistName": "Satoshi Takebe",
    "segment": "Previously Active Listeners"
  },
  {
    "artistName": "Jim Croce",
    "segment": "Light listeners"
  },
  {
    "artistName": "Young Miko",
    "segment": "Previously Active Listeners"
  },
  {
    "artistName": "Pomme",
    "segment": "Previously Active Listeners"
  },
  {
    "artistName": "Shawn Mendes",
    "segment": "Previously Active Listeners"
  },
  {
    "artistName": "Purrple Cat",
    "segment": "Previously Active Listeners"
  },
  {
    "artistName": "SOLOMON",
    "segment": "Previously Active Listeners"
  },
  {
    "artistName": "Odetari",
    "segment": "Moderate listeners"
  },
  {
    "artistName": "Luna Li",
    "segment": "Previously Active Listeners"
  },
  {
    "artistName": "Black Sea Dahu",
    "segment": "Previously Active Listeners"
  },
  {
    "artistName": "Chino Pacas",
    "segment": "Previously Active Listeners"
  },
  {
    "artistName": "MAISONdes",
    "segment": "Previously Active Listeners"
  },
  {
    "artistName": "Yamê",
    "segment": "Previously Active Listeners"
  },
  {
    "artistName": "Richard Carter",
    "segment": "Moderate listeners"
  },
  {
    "artistName": "Hoàng Duyên",
    "segment": "Previously Active Listeners"
  },
  {
    "artistName": "Yasu",
    "segment": "Previously Active Listeners"
  },
  {
    "artistName": "HYUKOH",
    "segment": "Previously Active Listeners"
  },
  {
    "artistName": "Billie Holiday",
    "segment": "Previously Active Listeners"
  },
  {
    "artistName": "Smi-Lee",
    "segment": "Previously Active Listeners"
  },
  {
    "artistName": "Ayesha Erotica",
    "segment": "Previously Active Listeners"
  },
  {
    "artistName": "kamille",
    "segment": "Previously Active Listeners"
  },
  {
    "artistName": "Hanumankind",
    "segment": "Previously Active Listeners"
  },
  {
    "artistName": "Ariana Grande",
    "segment": "Previously Active Listeners"
  },
  {
    "artistName": "AI",
    "segment": "Previously Active Listeners"
  },
  {
    "artistName": "Tally Hall",
    "segment": "Previously Active Listeners"
  },
  {
    "artistName": "STM",
    "segment": "Moderate listeners"
  },
  {
    "artistName": "Simon Curtis",
    "segment": "Previously Active Listeners"
  },
  {
    "artistName": "Mingginyu",
    "segment": "Previously Active Listeners"
  },
  {
    "artistName": "HOYO-MiX",
    "segment": "Previously Active Listeners"
  },
  {
    "artistName": "Alexandre Desplat",
    "segment": "Previously Active Listeners"
  },
  {
    "artistName": "Yumi Arai",
    "segment": "Previously Active Listeners"
  },
  {
    "artistName": "Kenshi Yonezu",
    "segment": "Previously Active Listeners"
  },
  {
    "artistName": "Toshifumi Hinata",
    "segment": "Light listeners"
  },
  {
    "artistName": "Bellah",
    "segment": "Previously Active Listeners"
  },
  {
    "artistName": "Jóhann Jóhannsson",
    "segment": "Previously Active Listeners"
  },
  {
    "artistName": "Edvard Grieg",
    "segment": "Previously Active Listeners"
  },
  {
    "artistName": "Obito",
    "segment": "Previously Active Listeners"
  },
  {
    "artistName": "須田景凪",
    "segment": "Previously Active Listeners"
  },
  {
    "artistName": "Teriyaki Boyz",
    "segment": "Previously Active Listeners"
  },
  {
    "artistName": "Pebbles&TamTam",
    "segment": "Moderate listeners"
  },
  {
    "artistName": "Seori",
    "segment": "Previously Active Listeners"
  },
  {
    "artistName": "Binz",
    "segment": "Previously Active Listeners"
  },
  {
    "artistName": "JHAYCO",
    "segment": "Light listeners"
  },
  {
    "artistName": "Peachy!",
    "segment": "Previously Active Listeners"
  },
  {
    "artistName": "Punkinloveee",
    "segment": "Moderate listeners"
  },
  {
    "artistName": "Profeta Yao Yao",
    "segment": "Previously Active Listeners"
  },
  {
    "artistName": "Audereus",
    "segment": "Previously Active Listeners"
  },
  {
    "artistName": "Ryan Gosling",
    "segment": "Previously Active Listeners"
  },
  {
    "artistName": "Duckwrth",
    "segment": "Previously Active Listeners"
  },
  {
    "artistName": "Night T",
    "segment": "Previously Active Listeners"
  },
  {
    "artistName": "Ashnikko",
    "segment": "Previously Active Listeners"
  },
  {
    "artistName": "Kate Bush",
    "segment": "Moderate listeners"
  },
  {
    "artistName": "Surf Curse",
    "segment": "Previously Active Listeners"
  },
  {
    "artistName": "Mariya Takeuchi",
    "segment": "Moderate listeners"
  },
  {
    "artistName": "Hà Lê",
    "segment": "Previously Active Listeners"
  },
  {
    "artistName": "Nature Of Sweden",
    "segment": "Previously Active Listeners"
  },
  {
    "artistName": "Dan + Shay",
    "segment": "Previously Active Listeners"
  },
  {
    "artistName": "Azumi Inoue",
    "segment": "Previously Active Listeners"
  },
  {
    "artistName": "DURDN",
    "segment": "Previously Active Listeners"
  },
  {
    "artistName": "Buddah Bless",
    "segment": "Previously Active Listeners"
  },
  {
    "artistName": "Chingadazo de Kung Fu",
    "segment": "Previously Active Listeners"
  },
  {
    "artistName": "MINOVA",
    "segment": "Previously Active Listeners"
  },
  {
    "artistName": "Cemeteries",
    "segment": "Previously Active Listeners"
  },
  {
    "artistName": "Justin Timberlake",
    "segment": "Previously Active Listeners"
  },
  {
    "artistName": "Damiano David",
    "segment": "Super Listeners"
  },
  {
    "artistName": "Kiyokazu Takano",
    "segment": "Previously Active Listeners"
  },
  {
    "artistName": "Grant",
    "segment": "Previously Active Listeners"
  },
  {
    "artistName": "Rema",
    "segment": "Previously Active Listeners"
  },
  {
    "artistName": "Sabrina Carpenter",
    "segment": "Previously Active Listeners"
  },
  {
    "artistName": "NewJeans",
    "segment": "Light listeners"
  },
  {
    "artistName": "Dream Wonderland",
    "segment": "Previously Active Listeners"
  },
  {
    "artistName": "Vanille",
    "segment": "Previously Active Listeners"
  },
  {
    "artistName": "Peso Pluma",
    "segment": "Previously Active Listeners"
  },
  {
    "artistName": "Daniel Caesar",
    "segment": "Previously Active Listeners"
  },
  {
    "artistName": "Ramin Djawadi",
    "segment": "Moderate listeners"
  },
  {
    "artistName": "RAYE",
    "segment": "Previously Active Listeners"
  },
  {
    "artistName": "Woo Ye Rin",
    "segment": "Previously Active Listeners"
  },
  {
    "artistName": "Blackway",
    "segment": "Previously Active Listeners"
  },
  {
    "artistName": "Harry Gregson-Williams",
    "segment": "Moderate listeners"
  },
  {
    "artistName": "jon-YAKITORY",
    "segment": "Previously Active Listeners"
  },
  {
    "artistName": "ano",
    "segment": "Previously Active Listeners"
  },
  {
    "artistName": "narpy",
    "segment": "Previously Active Listeners"
  },
  {
    "artistName": "Elijah Who",
    "segment": "Previously Active Listeners"
  },
  {
    "artistName": "Johan Halvorsen",
    "segment": "Previously Active Listeners"
  },
  {
    "artistName": "데이먼스 이어 Damons year",
    "segment": "Previously Active Listeners"
  },
  {
    "artistName": "Zeauxi",
    "segment": "Previously Active Listeners"
  },
  {
    "artistName": "ONE OK ROCK",
    "segment": "Previously Active Listeners"
  },
  {
    "artistName": "Israel Kamakawiwo'ole",
    "segment": "Previously Active Listeners"
  },
  {
    "artistName": "FIFTY FIFTY",
    "segment": "Moderate listeners"
  },
  {
    "artistName": "kets4eki",
    "segment": "Moderate listeners"
  },
  {
    "artistName": "Charlie Puth",
    "segment": "Previously Active Listeners"
  },
  {
    "artistName": "Kendall Miles",
    "segment": "Previously Active Listeners"
  },
  {
    "artistName": "jnhygs",
    "segment": "Previously Active Listeners"
  },
  {
    "artistName": "Gurinder Gill",
    "segment": "Previously Active Listeners"
  },
  {
    "artistName": "Kim Bo",
    "segment": "Previously Active Listeners"
  },
  {
    "artistName": "Jaw",
    "segment": "Previously Active Listeners"
  },
  {
    "artistName": "Geek Music",
    "segment": "Previously Active Listeners"
  },
  {
    "artistName": "J Scott Rakozy",
    "segment": "Previously Active Listeners"
  },
  {
    "artistName": "SHINee",
    "segment": "Previously Active Listeners"
  },
  {
    "artistName": "Olew",
    "segment": "Previously Active Listeners"
  },
  {
    "artistName": "Sjors Weijermars",
    "segment": "Previously Active Listeners"
  },
  {
    "artistName": "Phoenix",
    "segment": "Light listeners"
  },
  {
    "artistName": "StarBoi3",
    "segment": "Previously Active Listeners"
  },
  {
    "artistName": "Emma Stone",
    "segment": "Previously Active Listeners"
  },
  {
    "artistName": "ZUTOMAYO",
    "segment": "Previously Active Listeners"
  },
  {
    "artistName": "COBRAH",
    "segment": "Previously Active Listeners"
  },
  {
    "artistName": "Strawberry Guy",
    "segment": "Light listeners"
  },
  {
    "artistName": "BLACKPINK",
    "segment": "Previously Active Listeners"
  },
  {
    "artistName": "ellis",
    "segment": "Previously Active Listeners"
  },
  {
    "artistName": "imase",
    "segment": "Light listeners"
  },
  {
    "artistName": "Linda Martell",
    "segment": "Previously Active Listeners"
  },
  {
    "artistName": "d4vd",
    "segment": "Previously Active Listeners"
  },
  {
    "artistName": "AP Dhillon",
    "segment": "Previously Active Listeners"
  },
  {
    "artistName": "Justin Hurwitz",
    "segment": "Previously Active Listeners"
  }
]