{
  "playlists": [
    {
      "name": "Lost in fantasy worlds",
      "lastModifiedDate": "2024-09-21",
      "items": [
        {
          "track": {
            "trackName": "Romantic Flight - From How To Train Your Dragon Music From The Motion Picture",
            "artistName": "John Powell",
            "albumName": "How To Train Your Dragon",
            "trackUri": "spotify:track:51v7yO07BdGgP6hv0OaDe2"
          },
          "episode": null,
          "audiobook": null,
          "localTrack": null,
          "addedDate": "2024-08-27"
        },
        {
          "track": {
            "trackName": "Mhysa",
            "artistName": "Ramin Djawadi",
            "albumName": "Game Of Thrones (Music from the HBO® Series) Season 3",
            "trackUri": "spotify:track:7jnEVqyvscIaGLsJ8ezkEV"
          },
          "episode": null,
          "audiobook": null,
          "localTrack": null,
          "addedDate": "2024-08-27"
        },
        {
          "track": {
            "trackName": "A Song of Ice and Fire",
            "artistName": "Ramin Djawadi",
            "albumName": "Game Of Thrones: Season 8 (Music from the HBO Series)",
            "trackUri": "spotify:track:1AvLUHxSunGMWWRfEFmWSC"
          },
          "episode": null,
          "audiobook": null,
          "localTrack": null,
          "addedDate": "2024-08-27"
        },
        {
          "track": {
            "trackName": "Can You Hear The Music",
            "artistName": "Ludwig Göransson",
            "albumName": "Oppenheimer (Original Motion Picture Soundtrack)",
            "trackUri": "spotify:track:4VnDmjYCZkyeqeb0NIKqdA"
          },
          "episode": null,
          "audiobook": null,
          "localTrack": null,
          "addedDate": "2024-08-27"
        },
        {
          "track": {
            "trackName": "Fairytale",
            "artistName": "Harry Gregson-Williams",
            "albumName": "Shrek",
            "trackUri": "spotify:track:1e3hPMCGrwPXYZ1DQhsiCE"
          },
          "episode": null,
          "audiobook": null,
          "localTrack": null,
          "addedDate": "2024-08-27"
        },
        {
          "track": {
            "trackName": "The Shire",
            "artistName": "Howard Shore",
            "albumName": "The Lord of the Rings: The Fellowship of the Ring - the Complete Recordings",
            "trackUri": "spotify:track:6zW80jVqLtgSF1yCtGHiiD"
          },
          "episode": null,
          "audiobook": null,
          "localTrack": null,
          "addedDate": "2024-08-27"
        },
        {
          "track": {
            "trackName": "Prologue",
            "artistName": "John Williams",
            "albumName": "Harry Potter and The Sorcerer's Stone Original Motion Picture Soundtrack",
            "trackUri": "spotify:track:6CeCOC2zx1qS8mQNYHe6IM"
          },
          "episode": null,
          "audiobook": null,
          "localTrack": null,
          "addedDate": "2024-08-28"
        },
        {
          "track": {
            "trackName": "This Is Berk",
            "artistName": "John Powell",
            "albumName": "How To Train Your Dragon",
            "trackUri": "spotify:track:1g3Bc80hioYOSitxntNQYi"
          },
          "episode": null,
          "audiobook": null,
          "localTrack": null,
          "addedDate": "2024-09-21"
        }
      ],
      "description": null,
      "numberOfFollowers": 0
    },
    {
      "name": "Viet songs that I like",
      "lastModifiedDate": "2024-09-02",
      "items": [
        {
          "track": {
            "trackName": "Thanh Xuân",
            "artistName": "Da LAB",
            "albumName": "Thanh Xuân",
            "trackUri": "spotify:track:3b34161QoxLwsqhWSPy9i5"
          },
          "episode": null,
          "audiobook": null,
          "localTrack": null,
          "addedDate": "2023-12-24"
        },
        {
          "track": {
            "trackName": "nếu lúc đó",
            "artistName": "tlinh",
            "albumName": "ái",
            "trackUri": "spotify:track:4exlWP8cokkWVCvyP3kg7c"
          },
          "episode": null,
          "audiobook": null,
          "localTrack": null,
          "addedDate": "2023-12-24"
        },
        {
          "track": {
            "trackName": "vaicaunoicokhiennguoithaydoi",
            "artistName": "GREY D",
            "albumName": "vaicaunoicokhiennguoithaydoi",
            "trackUri": "spotify:track:25h0TqC9H3BcMA7KjK5nHK"
          },
          "episode": null,
          "audiobook": null,
          "localTrack": null,
          "addedDate": "2023-12-24"
        },
        {
          "track": {
            "trackName": "tình yêu có nghĩa là gì?",
            "artistName": "tlinh",
            "albumName": "ái",
            "trackUri": "spotify:track:1Vla7vXcM0zimotYpresDT"
          },
          "episode": null,
          "audiobook": null,
          "localTrack": null,
          "addedDate": "2023-12-24"
        },
        {
          "track": {
            "trackName": "Vì Anh Đâu Có Biết",
            "artistName": "Madihu",
            "albumName": "Vì Anh Đâu Có Biết",
            "trackUri": "spotify:track:6VXVYATpQXEIoZ97NnWCmn"
          },
          "episode": null,
          "audiobook": null,
          "localTrack": null,
          "addedDate": "2023-12-24"
        },
        {
          "track": {
            "trackName": "Mặt Trời Của Em",
            "artistName": "Phương Ly",
            "albumName": "Mặt Trời Của Em",
            "trackUri": "spotify:track:5wOpabdhyumRX782o8J4rS"
          },
          "episode": null,
          "audiobook": null,
          "localTrack": null,
          "addedDate": "2023-12-25"
        },
        {
          "track": {
            "trackName": "Trái đất ôm Mặt trời",
            "artistName": "Kai Đinh",
            "albumName": "Trái đất ôm Mặt trời",
            "trackUri": "spotify:track:4NTanSVXBkQ2NmDEbr2vLE"
          },
          "episode": null,
          "audiobook": null,
          "localTrack": null,
          "addedDate": "2024-01-13"
        },
        {
          "track": {
            "trackName": "ĐỢI (SPECIAL VERSION) [ft. WEAN]",
            "artistName": "52Hz",
            "albumName": "ĐỢI (SPECIAL VERSION) [ft. WEAN]",
            "trackUri": "spotify:track:33S16Xa5cZmLPhn6eZI4Nm"
          },
          "episode": null,
          "audiobook": null,
          "localTrack": null,
          "addedDate": "2024-09-02"
        }
      ],
      "description": null,
      "numberOfFollowers": 0
    },
    {
      "name": "I like this vibe",
      "lastModifiedDate": "2023-12-09",
      "items": [
        {
          "track": {
            "trackName": "rises the moon",
            "artistName": "Liana Flores",
            "albumName": "recently",
            "trackUri": "spotify:track:51Grh1RyUDcMBbpuyUIUHI"
          },
          "episode": null,
          "audiobook": null,
          "localTrack": null,
          "addedDate": "2023-12-06"
        }
      ],
      "description": null,
      "numberOfFollowers": 0
    },
    {
      "name": "Feeling sassy today ",
      "lastModifiedDate": "2023-11-06",
      "items": [
        {
          "track": {
            "trackName": "Mesytara",
            "artistName": "Lamis Kan",
            "albumName": "Mesytara",
            "trackUri": "spotify:track:7H2uwSkd2mhRKyTOPRDE2L"
          },
          "episode": null,
          "audiobook": null,
          "localTrack": null,
          "addedDate": "2023-09-14"
        },
        {
          "track": {
            "trackName": "Ring",
            "artistName": "Selena Gomez",
            "albumName": "Rare",
            "trackUri": "spotify:track:11Ey4yJVeWEsA73KjACkVY"
          },
          "episode": null,
          "audiobook": null,
          "localTrack": null,
          "addedDate": "2023-09-14"
        },
        {
          "track": {
            "trackName": "Prada (feat. D-Block Europe) - Acoustic Version",
            "artistName": "cassö",
            "albumName": "Prada (feat. D-Block Europe)",
            "trackUri": "spotify:track:2wDIMdSObZX90KXcRQPjzC"
          },
          "episode": null,
          "audiobook": null,
          "localTrack": null,
          "addedDate": "2023-11-06"
        }
      ],
      "description": null,
      "numberOfFollowers": 0
    },
    {
      "name": "Car driving 🚙",
      "lastModifiedDate": "2024-11-06",
      "items": [
        {
          "track": {
            "trackName": "SPIT IN MY FACE!",
            "artistName": "ThxSoMch",
            "albumName": "SPIT IN MY FACE!",
            "trackUri": "spotify:track:1N8TTK1Uoy7UvQNUazfUt5"
          },
          "episode": null,
          "audiobook": null,
          "localTrack": null,
          "addedDate": "2023-09-04"
        },
        {
          "track": {
            "trackName": "Hands up!",
            "artistName": "6arelyhuman",
            "albumName": "Hands up!",
            "trackUri": "spotify:track:04gSLX5nUhkKiMe1geeqnA"
          },
          "episode": null,
          "audiobook": null,
          "localTrack": null,
          "addedDate": "2023-09-09"
        },
        {
          "track": {
            "trackName": "Le Monde - From Talk to Me",
            "artistName": "Richard Carter",
            "albumName": "Talk to Me",
            "trackUri": "spotify:track:424DkevE18QJazwlljiTD4"
          },
          "episode": null,
          "audiobook": null,
          "localTrack": null,
          "addedDate": "2023-09-11"
        },
        {
          "track": {
            "trackName": "GMFU (w/ 6arelyhuman)",
            "artistName": "Odetari",
            "albumName": "GMFU (w/ 6arelyhuman)",
            "trackUri": "spotify:track:4D1k6x4MXTaSnljSvAXhaf"
          },
          "episode": null,
          "audiobook": null,
          "localTrack": null,
          "addedDate": "2023-10-02"
        },
        {
          "track": {
            "trackName": "GOOD LOYAL THOTS",
            "artistName": "Odetari",
            "albumName": "GOOD LOYAL THOTS",
            "trackUri": "spotify:track:06tNJ27nVxbDwhiQMChWyr"
          },
          "episode": null,
          "audiobook": null,
          "localTrack": null,
          "addedDate": "2023-10-02"
        },
        {
          "track": {
            "trackName": "I LOVE YOU HOE (w/ 9lives)",
            "artistName": "Odetari",
            "albumName": "3x3",
            "trackUri": "spotify:track:0NaUT74rJ0NHS62fewzatU"
          },
          "episode": null,
          "audiobook": null,
          "localTrack": null,
          "addedDate": "2023-10-02"
        },
        {
          "track": {
            "trackName": "The Lost Soul Down",
            "artistName": "NBSPLV",
            "albumName": "The Lost Soul Down",
            "trackUri": "spotify:track:5dPy1CCYQ04xaQHpajf5CY"
          },
          "episode": null,
          "audiobook": null,
          "localTrack": null,
          "addedDate": "2023-10-02"
        },
        {
          "track": {
            "trackName": "Sleepwalker",
            "artistName": "akiaura",
            "albumName": "Ketamine Girl",
            "trackUri": "spotify:track:1IPHnu3hVkawJMzkP97tcm"
          },
          "episode": null,
          "audiobook": null,
          "localTrack": null,
          "addedDate": "2023-10-02"
        },
        {
          "track": {
            "trackName": "Running Up That Hill (A Deal With God)",
            "artistName": "Kate Bush",
            "albumName": "Hounds Of Love",
            "trackUri": "spotify:track:1PtQJZVZIdWIYdARpZRDFO"
          },
          "episode": null,
          "audiobook": null,
          "localTrack": null,
          "addedDate": "2023-10-15"
        },
        {
          "track": {
            "trackName": "i like the way you kiss me",
            "artistName": "Artemas",
            "albumName": "i like the way you kiss me",
            "trackUri": "spotify:track:2GxrNKugF82CnoRFbQfzPf"
          },
          "episode": null,
          "audiobook": null,
          "localTrack": null,
          "addedDate": "2024-04-12"
        },
        {
          "track": {
            "trackName": "Black Sheep - Brie Larson Vocal Version",
            "artistName": "Metric",
            "albumName": "Black Sheep (Brie Larson Vocal Version)",
            "trackUri": "spotify:track:60TThBDrPpek5k520l0W0L"
          },
          "episode": null,
          "audiobook": null,
          "localTrack": null,
          "addedDate": "2024-06-02"
        },
        {
          "track": {
            "trackName": "Freak Show",
            "artistName": "Punkinloveee",
            "albumName": "Freak Show",
            "trackUri": "spotify:track:2Rb6nYmuLEblpq4KIAjngL"
          },
          "episode": null,
          "audiobook": null,
          "localTrack": null,
          "addedDate": "2024-06-26"
        },
        {
          "track": {
            "trackName": "Notion",
            "artistName": "The Rare Occasions",
            "albumName": "Notion",
            "trackUri": "spotify:track:0sTlGEld0h8kIPZaKDYUf4"
          },
          "episode": null,
          "audiobook": null,
          "localTrack": null,
          "addedDate": "2024-06-26"
        },
        {
          "track": {
            "trackName": "vampire heart",
            "artistName": "Isak Roen",
            "albumName": "vampire heart",
            "trackUri": "spotify:track:6Ql2mpc1EbGp0GI6CbaGT4"
          },
          "episode": null,
          "audiobook": null,
          "localTrack": null,
          "addedDate": "2024-06-26"
        },
        {
          "track": {
            "trackName": "Otaku Hot Girl",
            "artistName": "Megan Thee Stallion",
            "albumName": "MEGAN",
            "trackUri": "spotify:track:6saYisCUAZXc505blie9kZ"
          },
          "episode": null,
          "audiobook": null,
          "localTrack": null,
          "addedDate": "2024-07-02"
        },
        {
          "track": {
            "trackName": "Rockstar",
            "artistName": "LISA",
            "albumName": "Rockstar",
            "trackUri": "spotify:track:6vvPecFTmWxDfEJ6cYT1wa"
          },
          "episode": null,
          "audiobook": null,
          "localTrack": null,
          "addedDate": "2024-07-05"
        },
        {
          "track": {
            "trackName": "Mamushi (feat. Yuki Chiba)",
            "artistName": "Megan Thee Stallion",
            "albumName": "MEGAN",
            "trackUri": "spotify:track:5b3XJ1pjrHO5JtY2PcTjnI"
          },
          "episode": null,
          "audiobook": null,
          "localTrack": null,
          "addedDate": "2024-07-25"
        },
        {
          "track": {
            "trackName": "PINK LIKE SUKI",
            "artistName": "Pebbles&TamTam",
            "albumName": "PINK LIKE SUKI",
            "trackUri": "spotify:track:75aKhlE0JTqaVuTsDDdtD3"
          },
          "episode": null,
          "audiobook": null,
          "localTrack": null,
          "addedDate": "2024-07-26"
        },
        {
          "track": {
            "trackName": "Apple",
            "artistName": "Charli xcx",
            "albumName": "BRAT",
            "trackUri": "spotify:track:19RybK6XDbAVpcdxSbZL1o"
          },
          "episode": null,
          "audiobook": null,
          "localTrack": null,
          "addedDate": "2024-08-06"
        },
        {
          "track": {
            "trackName": "ecstacy",
            "artistName": "Audereus",
            "albumName": "ecstacy",
            "trackUri": "spotify:track:3lojJ4o7shT4zwl7ZWJqeP"
          },
          "episode": null,
          "audiobook": null,
          "localTrack": null,
          "addedDate": "2024-08-18"
        },
        {
          "track": {
            "trackName": "A Song of Ice and Fire",
            "artistName": "Ramin Djawadi",
            "albumName": "Game Of Thrones: Season 8 (Music from the HBO Series)",
            "trackUri": "spotify:track:1AvLUHxSunGMWWRfEFmWSC"
          },
          "episode": null,
          "audiobook": null,
          "localTrack": null,
          "addedDate": "2024-08-20"
        },
        {
          "track": {
            "trackName": "Heads Will Roll",
            "artistName": "Yeah Yeah Yeahs",
            "albumName": "It's Blitz!",
            "trackUri": "spotify:track:2WRFD9WczJ975X2K1Y9YVs"
          },
          "episode": null,
          "audiobook": null,
          "localTrack": null,
          "addedDate": "2024-10-02"
        },
        {
          "track": {
            "trackName": "Origami",
            "artistName": "The Rare Occasions",
            "albumName": "Big Whoop",
            "trackUri": "spotify:track:3qpyxgH65qNhJ9hLS2gWrS"
          },
          "episode": null,
          "audiobook": null,
          "localTrack": null,
          "addedDate": "2024-10-20"
        },
        {
          "track": {
            "trackName": "Heads Will Roll",
            "artistName": "Scarlett Johansson",
            "albumName": "Sing 2 (Original Motion Picture Soundtrack)",
            "trackUri": "spotify:track:6HoYz6oC2y3OWfeJIOooM7"
          },
          "episode": null,
          "audiobook": null,
          "localTrack": null,
          "addedDate": "2024-10-05"
        },
        {
          "track": {
            "trackName": "Hex Girl",
            "artistName": "Moon Sisters",
            "albumName": "Embers of Beauty",
            "trackUri": "spotify:track:4NFMIIgeniFgNfsB8Uj9Ta"
          },
          "episode": null,
          "audiobook": null,
          "localTrack": null,
          "addedDate": "2024-10-05"
        },
        {
          "track": {
            "trackName": "Earth, Wind, Fire & Air",
            "artistName": "Moon Sisters",
            "albumName": "Embers of Beauty",
            "trackUri": "spotify:track:1kGvwKNeDpTuMDw0KWqT92"
          },
          "episode": null,
          "audiobook": null,
          "localTrack": null,
          "addedDate": "2024-10-06"
        },
        {
          "track": {
            "trackName": "delulu",
            "artistName": "NESYA",
            "albumName": "Never Truly Happy",
            "trackUri": "spotify:track:20APmzlrVuZ7dMl2nPlLJi"
          },
          "episode": null,
          "audiobook": null,
          "localTrack": null,
          "addedDate": "2024-10-06"
        },
        {
          "track": {
            "trackName": "APT.",
            "artistName": "ROSÉ",
            "albumName": "APT.",
            "trackUri": "spotify:track:5vNRhkKd0yEAg8suGBpjeY"
          },
          "episode": null,
          "audiobook": null,
          "localTrack": null,
          "addedDate": "2024-10-28"
        },
        {
          "track": {
            "trackName": "Nightcall",
            "artistName": "Kavinsky",
            "albumName": "OutRun",
            "trackUri": "spotify:track:73bDvrmSBh2fr53tLDH9oA"
          },
          "episode": null,
          "audiobook": null,
          "localTrack": null,
          "addedDate": "2024-10-28"
        },
        {
          "track": {
            "trackName": "Strangers",
            "artistName": "Kenya Grace",
            "albumName": "Strangers",
            "trackUri": "spotify:track:5mjYQaktjmjcMKcUIcqz4s"
          },
          "episode": null,
          "audiobook": null,
          "localTrack": null,
          "addedDate": "2024-10-28"
        },
        {
          "track": {
            "trackName": "Born With a Broken Heart",
            "artistName": "Damiano David",
            "albumName": "Born With a Broken Heart",
            "trackUri": "spotify:track:2z9FUHRkbkV4BObNzbHsFU"
          },
          "episode": null,
          "audiobook": null,
          "localTrack": null,
          "addedDate": "2024-11-04"
        },
        {
          "track": {
            "trackName": "POWER",
            "artistName": "G-DRAGON",
            "albumName": "POWER",
            "trackUri": "spotify:track:4XsJiRJQAK8TWcZCn0Dxlh"
          },
          "episode": null,
          "audiobook": null,
          "localTrack": null,
          "addedDate": "2024-11-04"
        }
      ],
      "description": null,
      "numberOfFollowers": 0
    },
    {
      "name": "Songs with Dark Vibe",
      "lastModifiedDate": "2024-08-02",
      "items": [
        {
          "track": {
            "trackName": "Little Dark Age",
            "artistName": "MGMT",
            "albumName": "Little Dark Age",
            "trackUri": "spotify:track:2Y0iGXY6m6immVb2ktbseM"
          },
          "episode": null,
          "audiobook": null,
          "localTrack": null,
          "addedDate": "2023-07-17"
        },
        {
          "track": {
            "trackName": "Me and the Devil",
            "artistName": "Soap&Skin",
            "albumName": "Sugarbread",
            "trackUri": "spotify:track:0wrWxW18WK2MkrfDpRHkyh"
          },
          "episode": null,
          "audiobook": null,
          "localTrack": null,
          "addedDate": "2023-07-17"
        },
        {
          "track": {
            "trackName": "Who Is She ?",
            "artistName": "I Monster",
            "albumName": "Neveroddoreven",
            "trackUri": "spotify:track:1QxcWlk8PivolUaWcpAoNq"
          },
          "episode": null,
          "audiobook": null,
          "localTrack": null,
          "addedDate": "2024-08-02"
        }
      ],
      "description": null,
      "numberOfFollowers": 0
    },
    {
      "name": "Lofi songs",
      "lastModifiedDate": "2023-08-12",
      "items": [
        {
          "track": {
            "trackName": "The Girl Next Door",
            "artistName": "Tomppabeats",
            "albumName": "Harbor",
            "trackUri": "spotify:track:41hXE5S8D4mRfcdqSMpmAC"
          },
          "episode": null,
          "audiobook": null,
          "localTrack": null,
          "addedDate": "2023-07-17"
        },
        {
          "track": {
            "trackName": "pure imagination",
            "artistName": "Bassti",
            "albumName": "Winter - EP",
            "trackUri": "spotify:track:2OulDXvmqVYVS1mUrIM1vb"
          },
          "episode": null,
          "audiobook": null,
          "localTrack": null,
          "addedDate": "2023-07-17"
        },
        {
          "track": {
            "trackName": "Stigma",
            "artistName": "Smyang Piano",
            "albumName": "Just a Nap",
            "trackUri": "spotify:track:2DqzdGlNJtimH8XbA173La"
          },
          "episode": null,
          "audiobook": null,
          "localTrack": null,
          "addedDate": "2023-07-17"
        },
        {
          "track": {
            "trackName": "Chamomile Tea",
            "artistName": "Chance Thrash",
            "albumName": "Tea Time",
            "trackUri": "spotify:track:249DfaJ8bAvgjsZNV47Llv"
          },
          "episode": null,
          "audiobook": null,
          "localTrack": null,
          "addedDate": "2023-08-12"
        }
      ],
      "description": null,
      "numberOfFollowers": 0
    },
    {
      "name": "French songs",
      "lastModifiedDate": "2024-08-30",
      "items": [
        {
          "track": {
            "trackName": "Je te laisserai des mots",
            "artistName": "Patrick Watson",
            "albumName": "Je te laisserai des mots",
            "trackUri": "spotify:track:0V5cvmTKsYmF5FmGGEAfmS"
          },
          "episode": null,
          "audiobook": null,
          "localTrack": null,
          "addedDate": "2023-07-17"
        },
        {
          "track": {
            "trackName": "Hier encore",
            "artistName": "Charles Aznavour",
            "albumName": "Que c'est triste Venise",
            "trackUri": "spotify:track:4ciRwt5dGHKKm8Et8r1xJ0"
          },
          "episode": null,
          "audiobook": null,
          "localTrack": null,
          "addedDate": "2023-07-17"
        },
        {
          "track": {
            "trackName": "Douce France",
            "artistName": "Pomplamoose",
            "albumName": "Impossible à prononcer",
            "trackUri": "spotify:track:5vaXjngY9OwX7SeoduLBrX"
          },
          "episode": null,
          "audiobook": null,
          "localTrack": null,
          "addedDate": "2023-07-17"
        },
        {
          "track": {
            "trackName": "Sous le Ciel de Paris",
            "artistName": "Pomplamoose",
            "albumName": "En Français",
            "trackUri": "spotify:track:2NCue3WpFMA2DfQrwCZMwp"
          },
          "episode": null,
          "audiobook": null,
          "localTrack": null,
          "addedDate": "2023-07-17"
        },
        {
          "track": {
            "trackName": "La foule",
            "artistName": "Édith Piaf",
            "albumName": "de l'accordeoniste a milord",
            "trackUri": "spotify:track:2xZfPZxInlDXDKc6NDts8Z"
          },
          "episode": null,
          "audiobook": null,
          "localTrack": null,
          "addedDate": "2023-10-02"
        },
        {
          "track": {
            "trackName": "Suivre le soleil",
            "artistName": "Vanille",
            "albumName": "Amazona",
            "trackUri": "spotify:track:3ej9CjmXF3FvJDmWP0us2m"
          },
          "episode": null,
          "audiobook": null,
          "localTrack": null,
          "addedDate": "2023-10-02"
        },
        {
          "track": {
            "trackName": "Voilà",
            "artistName": "Barbara Pravi",
            "albumName": "Voilà",
            "trackUri": "spotify:track:1uAOCTevGnyKIDbgZdOCnE"
          },
          "episode": null,
          "audiobook": null,
          "localTrack": null,
          "addedDate": "2023-12-16"
        },
        {
          "track": {
            "trackName": "Bécane - A COLORS SHOW",
            "artistName": "Yamê",
            "albumName": "Bécane - A COLORS SHOW",
            "trackUri": "spotify:track:3oUEzTAoOxqZHN4xiqTGqJ"
          },
          "episode": null,
          "audiobook": null,
          "localTrack": null,
          "addedDate": "2024-03-14"
        },
        {
          "track": {
            "trackName": "Le Monde - From Talk to Me",
            "artistName": "Richard Carter",
            "albumName": "Talk to Me",
            "trackUri": "spotify:track:424DkevE18QJazwlljiTD4"
          },
          "episode": null,
          "audiobook": null,
          "localTrack": null,
          "addedDate": "2024-08-27"
        },
        {
          "track": {
            "trackName": "La Maritza",
            "artistName": "Sylvie Vartan",
            "albumName": "La Maritza",
            "trackUri": "spotify:track:6AulpMGee5cq7pjXUQ3VSS"
          },
          "episode": null,
          "audiobook": null,
          "localTrack": null,
          "addedDate": "2024-08-30"
        }
      ],
      "description": null,
      "numberOfFollowers": 0
    },
    {
      "name": "More raining sounds 🌧️ ",
      "lastModifiedDate": "2023-07-17",
      "items": [
        {
          "track": {
            "trackName": "Yoga Rain",
            "artistName": "Dream Wonderland",
            "albumName": "Relax Rain",
            "trackUri": "spotify:track:4sieuDUZuvGySckrUxCgN2"
          },
          "episode": null,
          "audiobook": null,
          "localTrack": null,
          "addedDate": "2023-07-17"
        },
        {
          "track": {
            "trackName": "Lotus Rain",
            "artistName": "Adio",
            "albumName": "Lotus Rain",
            "trackUri": "spotify:track:0cYf8BBWyP83Q6uxqjkSel"
          },
          "episode": null,
          "audiobook": null,
          "localTrack": null,
          "addedDate": "2023-07-17"
        },
        {
          "track": {
            "trackName": "Voltage Dreams",
            "artistName": "Zinan",
            "albumName": "Ten Thousand Storms",
            "trackUri": "spotify:track:4YPTI6iWXVTGIzDLKvInM0"
          },
          "episode": null,
          "audiobook": null,
          "localTrack": null,
          "addedDate": "2023-07-17"
        },
        {
          "track": {
            "trackName": "Slumber Rain",
            "artistName": "Nature Of Sweden",
            "albumName": "Rainy Mind",
            "trackUri": "spotify:track:2pUhY7tWx8egpw2qn84iSi"
          },
          "episode": null,
          "audiobook": null,
          "localTrack": null,
          "addedDate": "2023-07-17"
        },
        {
          "track": {
            "trackName": "Forest Thunderstorm",
            "artistName": "Earth Thunder Sounds 2021",
            "albumName": "Thunder And Lightning Vol. 2",
            "trackUri": "spotify:track:7F0xezgLJNUnBl2n0Wm48W"
          },
          "episode": null,
          "audiobook": null,
          "localTrack": null,
          "addedDate": "2023-07-17"
        }
      ],
      "description": null,
      "numberOfFollowers": 0
    },
    {
      "name": "Japanese songs",
      "lastModifiedDate": "2024-06-26",
      "items": [
        {
          "track": {
            "trackName": "LADY",
            "artistName": "Kenshi Yonezu",
            "albumName": "LADY",
            "trackUri": "spotify:track:7w6NWogvAAFdEhD9MA2uvv"
          },
          "episode": null,
          "audiobook": null,
          "localTrack": null,
          "addedDate": "2023-07-17"
        },
        {
          "track": {
            "trackName": "化け猫",
            "artistName": "Tatsuya Kitani",
            "albumName": "化け猫",
            "trackUri": "spotify:track:7wag9tAwUdqyfQMDUgY1g9"
          },
          "episode": null,
          "audiobook": null,
          "localTrack": null,
          "addedDate": "2023-07-17"
        },
        {
          "track": {
            "trackName": "KICK BACK",
            "artistName": "Kenshi Yonezu",
            "albumName": "KICK BACK",
            "trackUri": "spotify:track:3khEEPRyBeOUabbmOPJzAG"
          },
          "episode": null,
          "audiobook": null,
          "localTrack": null,
          "addedDate": "2023-07-17"
        },
        {
          "track": {
            "trackName": "Shinunoga E-Wa",
            "artistName": "Fujii Kaze",
            "albumName": "HELP EVER HURT NEVER",
            "trackUri": "spotify:track:0o9zmvc5f3EFApU52PPIyW"
          },
          "episode": null,
          "audiobook": null,
          "localTrack": null,
          "addedDate": "2023-07-17"
        },
        {
          "track": {
            "trackName": "Overdose",
            "artistName": "natori",
            "albumName": "Overdose",
            "trackUri": "spotify:track:2Dzzhb1oV5ckgOjWZLraIB"
          },
          "episode": null,
          "audiobook": null,
          "localTrack": null,
          "addedDate": "2023-10-02"
        },
        {
          "track": {
            "trackName": "猿芝居",
            "artistName": "natori",
            "albumName": "猿芝居",
            "trackUri": "spotify:track:3LY9pxrkW6J3TTAL5ZwNuI"
          },
          "episode": null,
          "audiobook": null,
          "localTrack": null,
          "addedDate": "2024-02-18"
        },
        {
          "track": {
            "trackName": "Bling-Bang-Bang-Born",
            "artistName": "Creepy Nuts",
            "albumName": "Bling-Bang-Bang-Born",
            "trackUri": "spotify:track:0kdqcbwei4MDWFEX5f33yG"
          },
          "episode": null,
          "audiobook": null,
          "localTrack": null,
          "addedDate": "2024-03-14"
        },
        {
          "track": {
            "trackName": "アイドル",
            "artistName": "YOASOBI",
            "albumName": "THE BOOK 3",
            "trackUri": "spotify:track:1hAloWiinXLPQUJxrJReb1"
          },
          "episode": null,
          "audiobook": null,
          "localTrack": null,
          "addedDate": "2024-03-14"
        },
        {
          "track": {
            "trackName": "きらり",
            "artistName": "Fujii Kaze",
            "albumName": "Kirari Remixes",
            "trackUri": "spotify:track:51oc6MEsXTpnPn6GOw5VuP"
          },
          "episode": null,
          "audiobook": null,
          "localTrack": null,
          "addedDate": "2024-03-14"
        },
        {
          "track": {
            "trackName": "Conflict",
            "artistName": "DURDN",
            "albumName": "Conflict",
            "trackUri": "spotify:track:6riC3JbelswTdXrOyuREzM"
          },
          "episode": null,
          "audiobook": null,
          "localTrack": null,
          "addedDate": "2024-03-25"
        },
        {
          "track": {
            "trackName": "一途",
            "artistName": "King Gnu",
            "albumName": "一途",
            "trackUri": "spotify:track:7ncPjJBktLEOpstY5JOUMK"
          },
          "episode": null,
          "audiobook": null,
          "localTrack": null,
          "addedDate": "2024-06-26"
        },
        {
          "track": {
            "trackName": "怪物",
            "artistName": "YOASOBI",
            "albumName": "THE BOOK 2",
            "trackUri": "spotify:track:2vjY3jGKElvqXoaGNEuYef"
          },
          "episode": null,
          "audiobook": null,
          "localTrack": null,
          "addedDate": "2024-06-26"
        }
      ],
      "description": null,
      "numberOfFollowers": 0
    },
    {
      "name": "S. Korean songs",
      "lastModifiedDate": "2024-03-14",
      "items": [
        {
          "track": {
            "trackName": "I AM",
            "artistName": "IVE",
            "albumName": "I've IVE",
            "trackUri": "spotify:track:70t7Q6AYG6ZgTYmJWcnkUM"
          },
          "episode": null,
          "audiobook": null,
          "localTrack": null,
          "addedDate": "2023-07-17"
        },
        {
          "track": {
            "trackName": "Cupid - Twin Ver.",
            "artistName": "FIFTY FIFTY",
            "albumName": "The Beginning: Cupid",
            "trackUri": "spotify:track:7FbrGaHYVDmfr7KoLIZnQ7"
          },
          "episode": null,
          "audiobook": null,
          "localTrack": null,
          "addedDate": "2023-07-17"
        },
        {
          "track": {
            "trackName": "Can't Love You Anymore (With OHHYUK)",
            "artistName": "IU",
            "albumName": "Can't Love You Anymore",
            "trackUri": "spotify:track:4twllsTUoTAFxiVeq3bNjq"
          },
          "episode": null,
          "audiobook": null,
          "localTrack": null,
          "addedDate": "2023-07-17"
        },
        {
          "track": {
            "trackName": "i know you know",
            "artistName": "CHSKA",
            "albumName": "i know you know",
            "trackUri": "spotify:track:7IU4F6KiGpjwy5cEBKof8L"
          },
          "episode": null,
          "audiobook": null,
          "localTrack": null,
          "addedDate": "2023-07-17"
        },
        {
          "track": {
            "trackName": "Sailing",
            "artistName": "Ahn Ye Eun",
            "albumName": "To The Island",
            "trackUri": "spotify:track:46mhusNJ9LRFtGQBPmsRLB"
          },
          "episode": null,
          "audiobook": null,
          "localTrack": null,
          "addedDate": "2023-07-17"
        },
        {
          "track": {
            "trackName": "무기력한 나",
            "artistName": "Mingginyu",
            "albumName": "요즘",
            "trackUri": "spotify:track:7jPjsAaR6cGUaoYTgbfI8U"
          },
          "episode": null,
          "audiobook": null,
          "localTrack": null,
          "addedDate": "2023-07-17"
        },
        {
          "track": {
            "trackName": "Try Again",
            "artistName": "JAEHYUN",
            "albumName": "Try Again - SM STATION",
            "trackUri": "spotify:track:4Sav8RLaXMBpTZX6xNPj0K"
          },
          "episode": null,
          "audiobook": null,
          "localTrack": null,
          "addedDate": "2023-07-17"
        },
        {
          "track": {
            "trackName": "BTBT",
            "artistName": "B.I",
            "albumName": "BTBT",
            "trackUri": "spotify:track:7nthiiDfS9WHNHDMwmAz98"
          },
          "episode": null,
          "audiobook": null,
          "localTrack": null,
          "addedDate": "2023-07-17"
        },
        {
          "track": {
            "trackName": "ONLY",
            "artistName": "LeeHi",
            "albumName": "4 ONLY",
            "trackUri": "spotify:track:6TBJkXHPhu3EsMk1bshwuI"
          },
          "episode": null,
          "audiobook": null,
          "localTrack": null,
          "addedDate": "2023-07-17"
        },
        {
          "track": {
            "trackName": "Still With You",
            "artistName": ".",
            "albumName": "Still With You",
            "trackUri": "spotify:track:08Ma9g47a9XUKOrO9rWCO4"
          },
          "episode": null,
          "audiobook": null,
          "localTrack": null,
          "addedDate": "2023-07-17"
        },
        {
          "track": {
            "trackName": "Can't Love You Anymore (With OHHYUK)",
            "artistName": "IU",
            "albumName": "Palette",
            "trackUri": "spotify:track:5MvxeZPiiLAuB5gI8k3ynk"
          },
          "episode": null,
          "audiobook": null,
          "localTrack": null,
          "addedDate": "2023-10-02"
        },
        {
          "track": {
            "trackName": "Night Flower",
            "artistName": "Ahn Ye Eun",
            "albumName": "Night Flower OST",
            "trackUri": "spotify:track:0CAWevK0VMgjnUas8aARLd"
          },
          "episode": null,
          "audiobook": null,
          "localTrack": null,
          "addedDate": "2024-03-14"
        }
      ],
      "description": null,
      "numberOfFollowers": 0
    },
    {
      "name": "Giving new hopes",
      "lastModifiedDate": "2024-05-20",
      "items": [
        {
          "track": {
            "trackName": "Interstellar- Main Theme",
            "artistName": "Geek Music",
            "albumName": "Interstellar- Main Theme",
            "trackUri": "spotify:track:5tE3p4vIwoqUZLkKF2PNeB"
          },
          "episode": null,
          "audiobook": null,
          "localTrack": null,
          "addedDate": "2023-07-17"
        },
        {
          "track": {
            "trackName": "orange hues",
            "artistName": "aqualina",
            "albumName": "orange hues",
            "trackUri": "spotify:track:3vhjxwCSm53zqjmLhvF8eI"
          },
          "episode": null,
          "audiobook": null,
          "localTrack": null,
          "addedDate": "2023-07-17"
        },
        {
          "track": {
            "trackName": "Sometimes Blue",
            "artistName": "billsbeats",
            "albumName": "Perspective",
            "trackUri": "spotify:track:5QTaai6gjA6yp87PoIEc5P"
          },
          "episode": null,
          "audiobook": null,
          "localTrack": null,
          "addedDate": "2024-03-24"
        },
        {
          "track": {
            "trackName": "golden hour - piano instrumental",
            "artistName": "Chilled Pig",
            "albumName": "golden hour",
            "trackUri": "spotify:track:4MAU5QwI1Gu57gsnL7CUpt"
          },
          "episode": null,
          "audiobook": null,
          "localTrack": null,
          "addedDate": "2024-05-20"
        }
      ],
      "description": null,
      "numberOfFollowers": 0
    },
    {
      "name": "Slow vibe",
      "lastModifiedDate": "2024-09-09",
      "items": [
        {
          "track": {
            "trackName": "Bittersweet Fruit",
            "artistName": "Isaac Delusion",
            "albumName": "Rust & Gold",
            "trackUri": "spotify:track:5Na62v5BFi41QfPLqp7RMG"
          },
          "episode": null,
          "audiobook": null,
          "localTrack": null,
          "addedDate": "2023-07-17"
        },
        {
          "track": {
            "trackName": "A Lady",
            "artistName": "Tally Hall",
            "albumName": "Good & Evil",
            "trackUri": "spotify:track:7GkzY4rX5ChjsHM8JeBnU5"
          },
          "episode": null,
          "audiobook": null,
          "localTrack": null,
          "addedDate": "2023-07-17"
        },
        {
          "track": {
            "trackName": "Asleep Among Endives",
            "artistName": "Ichiko Aoba",
            "albumName": "Asleep Among Endives",
            "trackUri": "spotify:track:7AKxbxzkxm2ERWrd1ggniO"
          },
          "episode": null,
          "audiobook": null,
          "localTrack": null,
          "addedDate": "2023-07-17"
        },
        {
          "track": {
            "trackName": "seasons",
            "artistName": "wave to earth",
            "albumName": "summer flows 0.02",
            "trackUri": "spotify:track:1acVBP8BcK6LTeNeFjfxnh"
          },
          "episode": null,
          "audiobook": null,
          "localTrack": null,
          "addedDate": "2023-07-17"
        },
        {
          "track": {
            "trackName": "In The Sunshine",
            "artistName": "Jonathan Bree",
            "albumName": "After The Curtains Close",
            "trackUri": "spotify:track:2cYqR9wneU8xMHItgl4iFK"
          },
          "episode": null,
          "audiobook": null,
          "localTrack": null,
          "addedDate": "2023-07-17"
        },
        {
          "track": {
            "trackName": "September",
            "artistName": "Sparky Deathcap",
            "albumName": "September",
            "trackUri": "spotify:track:0xahPNJVFHGMEFxu9kergk"
          },
          "episode": null,
          "audiobook": null,
          "localTrack": null,
          "addedDate": "2023-07-17"
        },
        {
          "track": {
            "trackName": "Solitude",
            "artistName": "Billie Holiday",
            "albumName": "Solitude",
            "trackUri": "spotify:track:30QD4VRP9yEneOh0eGTrtJ"
          },
          "episode": null,
          "audiobook": null,
          "localTrack": null,
          "addedDate": "2023-07-17"
        },
        {
          "track": {
            "trackName": "How I'd Kill",
            "artistName": "Cowboy Malfoy",
            "albumName": "How I'd Kill",
            "trackUri": "spotify:track:44zcMuVzpIb0RnzuxipJOn"
          },
          "episode": null,
          "audiobook": null,
          "localTrack": null,
          "addedDate": "2023-08-03"
        },
        {
          "track": {
            "trackName": "With U",
            "artistName": "Jazzinuf",
            "albumName": "Rose Moods",
            "trackUri": "spotify:track:4f9oVqZscQYd2sQBymcMON"
          },
          "episode": null,
          "audiobook": null,
          "localTrack": null,
          "addedDate": "2024-05-13"
        },
        {
          "track": {
            "trackName": "The World We Knew (Over And Over)",
            "artistName": "Frank Sinatra",
            "albumName": "The World We Knew",
            "trackUri": "spotify:track:62KZRwymXq9Rgm8Cm5UCfx"
          },
          "episode": null,
          "audiobook": null,
          "localTrack": null,
          "addedDate": "2024-09-09"
        }
      ],
      "description": "Slow vibing with the lyrics ",
      "numberOfFollowers": 0
    },
    {
      "name": "Cozy and Dream ",
      "lastModifiedDate": "2024-08-03",
      "items": [
        {
          "track": {
            "trackName": "Starry Night",
            "artistName": "Jordan Critz",
            "albumName": "Novella",
            "trackUri": "spotify:track:2CHU4jx0WDXqgid08iZOB6"
          },
          "episode": null,
          "audiobook": null,
          "localTrack": null,
          "addedDate": "2023-07-17"
        },
        {
          "track": {
            "trackName": "Wishing",
            "artistName": "Alexis Ffrench",
            "albumName": "Dreamland",
            "trackUri": "spotify:track:2DCB7vBKleDUerpJErGyr2"
          },
          "episode": null,
          "audiobook": null,
          "localTrack": null,
          "addedDate": "2023-07-17"
        },
        {
          "track": {
            "trackName": "Lone Sojourner",
            "artistName": "Yu-Peng Chen",
            "albumName": "Genshin Impact - The Wind and the Star Traveler",
            "trackUri": "spotify:track:4UfRj8ikScFOs2WKzoR6En"
          },
          "episode": null,
          "audiobook": null,
          "localTrack": null,
          "addedDate": "2023-07-17"
        },
        {
          "track": {
            "trackName": "November",
            "artistName": "TWO LANES",
            "albumName": "Reflections (Piano Versions)",
            "trackUri": "spotify:track:5svYCIAf09y1VqrGdqu42l"
          },
          "episode": null,
          "audiobook": null,
          "localTrack": null,
          "addedDate": "2023-07-17"
        },
        {
          "track": {
            "trackName": "3 Nocturnes for Cello and Guitar: Nocturne No. 1 in A Minor - Andantino",
            "artistName": "Friedrich Burgmüller",
            "albumName": "Schubert: Die Nacht",
            "trackUri": "spotify:track:4qea33VHDPwedYvuh0Z7Ok"
          },
          "episode": null,
          "audiobook": null,
          "localTrack": null,
          "addedDate": "2023-07-17"
        },
        {
          "track": {
            "trackName": "Howl's Moving Castle",
            "artistName": "Joe Hisaischi",
            "albumName": "Sound of Europe - Famous Folk Dances",
            "trackUri": "spotify:track:3vshJWDHm9tzcL6ZM2mvsX"
          },
          "episode": null,
          "audiobook": null,
          "localTrack": null,
          "addedDate": "2023-07-17"
        },
        {
          "track": {
            "trackName": "Little Rascal (いたずら天使) - 2007 ver.",
            "artistName": "Toshifumi Hinata",
            "albumName": "オーガニック・スタイル 日向敏文 the BEST ～In the Twilight～",
            "trackUri": "spotify:track:4s2E1SS8OFeMabT0ACyXfG"
          },
          "episode": null,
          "audiobook": null,
          "localTrack": null,
          "addedDate": "2023-07-17"
        },
        {
          "track": {
            "trackName": "Kalam Eneih",
            "artistName": "Sherine",
            "albumName": "Habbeit",
            "trackUri": "spotify:track:3csRdhC42FUQNgdfwPigQF"
          },
          "episode": null,
          "audiobook": null,
          "localTrack": null,
          "addedDate": "2023-11-08"
        },
        {
          "track": {
            "trackName": "hotline (edit)",
            "artistName": "Billie Eilish",
            "albumName": "hotline (edit)",
            "trackUri": "spotify:track:0WFryfbNKPXVtVQlz5dZ8H"
          },
          "episode": null,
          "audiobook": null,
          "localTrack": null,
          "addedDate": "2024-08-03"
        },
        {
          "track": {
            "trackName": "Return to Versailles",
            "artistName": "Joshua Kyan Aalampour",
            "albumName": "Return to Versailles",
            "trackUri": "spotify:track:6kRYAhxnUNHBRcucyW4a2W"
          },
          "episode": null,
          "audiobook": null,
          "localTrack": null,
          "addedDate": "2024-08-03"
        }
      ],
      "description": "No lyrics",
      "numberOfFollowers": 0
    },
    {
      "name": "Just chillin’",
      "lastModifiedDate": "2023-07-17",
      "items": [
        {
          "track": {
            "trackName": "I Miss You So",
            "artistName": "MINOVA",
            "albumName": "I Miss You So",
            "trackUri": "spotify:track:2A9K8umLwHLCo1RKDdEkHG"
          },
          "episode": null,
          "audiobook": null,
          "localTrack": null,
          "addedDate": "2023-02-20"
        },
        {
          "track": {
            "trackName": "Pink + White",
            "artistName": "Frank Ocean",
            "albumName": "Blonde",
            "trackUri": "spotify:track:3xKsf9qdS1CyvXSMEid6g8"
          },
          "episode": null,
          "audiobook": null,
          "localTrack": null,
          "addedDate": "2023-02-20"
        },
        {
          "track": {
            "trackName": "Falling for U",
            "artistName": "Peachy!",
            "albumName": "Falling for U",
            "trackUri": "spotify:track:2xhGZ3WzOa3tir28y7Cb88"
          },
          "episode": null,
          "audiobook": null,
          "localTrack": null,
          "addedDate": "2023-02-20"
        },
        {
          "track": {
            "trackName": "Passing Through (Can't the Future Just Wait)",
            "artistName": "Kaden MacKay",
            "albumName": "Passing Through (Can't the Future Just Wait)",
            "trackUri": "spotify:track:2lXqwlG8za1sWKgHRwEiEC"
          },
          "episode": null,
          "audiobook": null,
          "localTrack": null,
          "addedDate": "2023-07-17"
        }
      ],
      "description": null,
      "numberOfFollowers": 0
    },
    {
      "name": "My Shazam Tracks",
      "lastModifiedDate": "2024-09-02",
      "items": [
      ],
      "description": "Created by Shazam. Made for you. Songs are automatically added to this playlist each time you Shazam.",
      "numberOfFollowers": 0
    },
    {
      "name": "Citypop ",
      "lastModifiedDate": "2024-10-08",
      "items": [
        {
          "track": {
            "trackName": "4:00A.M.",
            "artistName": "Taeko Onuki",
            "albumName": "MIGNONNE (Mastered by Bernie Grundman)",
            "trackUri": "spotify:track:0zoGVO4bQXG8U6ChKwNgeg"
          },
          "episode": null,
          "audiobook": null,
          "localTrack": null,
          "addedDate": "2022-12-22"
        },
        {
          "track": {
            "trackName": "Mayonaka no Door / Stay With Me",
            "artistName": "Miki Matsubara",
            "albumName": "Miki Matsubara Best Collection",
            "trackUri": "spotify:track:2BHj31ufdEqVK5CkYDp9mA"
          },
          "episode": null,
          "audiobook": null,
          "localTrack": null,
          "addedDate": "2022-12-30"
        },
        {
          "track": {
            "trackName": "黄昏のBAY CITY",
            "artistName": "Junko Yagami",
            "albumName": "黄昏のBAY CITY",
            "trackUri": "spotify:track:4wUQvovMEkByMvZNCecZ9v"
          },
          "episode": null,
          "audiobook": null,
          "localTrack": null,
          "addedDate": "2023-02-03"
        },
        {
          "track": {
            "trackName": "Fly-day Chinatown",
            "artistName": "泰葉",
            "albumName": "TRANSIT",
            "trackUri": "spotify:track:73yXCwINoNqUBJRAgPJPsY"
          },
          "episode": null,
          "audiobook": null,
          "localTrack": null,
          "addedDate": "2023-02-03"
        },
        {
          "track": {
            "trackName": "Remember Summer Days",
            "artistName": "Anri",
            "albumName": "Timely!!",
            "trackUri": "spotify:track:1qUo7d5lAOclNVbTUY0A2R"
          },
          "episode": null,
          "audiobook": null,
          "localTrack": null,
          "addedDate": "2023-02-03"
        },
        {
          "track": {
            "trackName": "Plastic Love",
            "artistName": "Mariya Takeuchi",
            "albumName": "Expressions",
            "trackUri": "spotify:track:7rU6Iebxzlvqy5t857bKFq"
          },
          "episode": null,
          "audiobook": null,
          "localTrack": null,
          "addedDate": "2023-02-03"
        }
      ],
      "description": null,
      "numberOfFollowers": 0
    },
    {
      "name": "Relaxing, brain massage ",
      "lastModifiedDate": "2023-10-14",
      "items": [
        {
          "track": {
            "trackName": "Je te laisserai des mots",
            "artistName": "Patrick Watson",
            "albumName": "Je te laisserai des mots",
            "trackUri": "spotify:track:0V5cvmTKsYmF5FmGGEAfmS"
          },
          "episode": null,
          "audiobook": null,
          "localTrack": null,
          "addedDate": "2022-12-05"
        },
        {
          "track": {
            "trackName": "3 Nocturnes for Cello and Guitar: Nocturne No. 1 in A Minor - Andantino",
            "artistName": "Friedrich Burgmüller",
            "albumName": "Schubert: Die Nacht",
            "trackUri": "spotify:track:4qea33VHDPwedYvuh0Z7Ok"
          },
          "episode": null,
          "audiobook": null,
          "localTrack": null,
          "addedDate": "2022-12-05"
        },
        {
          "track": {
            "trackName": "pure imagination",
            "artistName": "Bassti",
            "albumName": "Winter - EP",
            "trackUri": "spotify:track:2OulDXvmqVYVS1mUrIM1vb"
          },
          "episode": null,
          "audiobook": null,
          "localTrack": null,
          "addedDate": "2022-12-05"
        },
        {
          "track": {
            "trackName": "Hier encore",
            "artistName": "Charles Aznavour",
            "albumName": "Que c'est triste Venise",
            "trackUri": "spotify:track:4ciRwt5dGHKKm8Et8r1xJ0"
          },
          "episode": null,
          "audiobook": null,
          "localTrack": null,
          "addedDate": "2022-12-05"
        },
        {
          "track": {
            "trackName": "Little Rascal (いたずら天使) - 2007 ver.",
            "artistName": "Toshifumi Hinata",
            "albumName": "オーガニック・スタイル 日向敏文 the BEST ～In the Twilight～",
            "trackUri": "spotify:track:4s2E1SS8OFeMabT0ACyXfG"
          },
          "episode": null,
          "audiobook": null,
          "localTrack": null,
          "addedDate": "2022-12-05"
        },
        {
          "track": {
            "trackName": "Howl's Moving Castle",
            "artistName": "Joe Hisaischi",
            "albumName": "Sound of Europe - Famous Folk Dances",
            "trackUri": "spotify:track:3vshJWDHm9tzcL6ZM2mvsX"
          },
          "episode": null,
          "audiobook": null,
          "localTrack": null,
          "addedDate": "2022-12-05"
        },
        {
          "track": {
            "trackName": "Ylang Ylang",
            "artistName": "FKJ",
            "albumName": "Ylang Ylang EP",
            "trackUri": "spotify:track:6lAMnXLVCBPMXXWAK4lGSL"
          },
          "episode": null,
          "audiobook": null,
          "localTrack": null,
          "addedDate": "2022-12-06"
        },
        {
          "track": {
            "trackName": "Once Upon a December",
            "artistName": "Christy Altomare",
            "albumName": "Anastasia (Original Broadway Cast Recording)",
            "trackUri": "spotify:track:3jMy7ITBiLgVwC15RBK9Hp"
          },
          "episode": null,
          "audiobook": null,
          "localTrack": null,
          "addedDate": "2022-12-08"
        },
        {
          "track": {
            "trackName": "Sous le Ciel de Paris",
            "artistName": "Pomplamoose",
            "albumName": "En Français",
            "trackUri": "spotify:track:2NCue3WpFMA2DfQrwCZMwp"
          },
          "episode": null,
          "audiobook": null,
          "localTrack": null,
          "addedDate": "2023-01-10"
        },
        {
          "track": {
            "trackName": "rises the moon",
            "artistName": "Liana Flores",
            "albumName": "recently",
            "trackUri": "spotify:track:51Grh1RyUDcMBbpuyUIUHI"
          },
          "episode": null,
          "audiobook": null,
          "localTrack": null,
          "addedDate": "2023-02-06"
        },
        {
          "track": {
            "trackName": "orange hues",
            "artistName": "aqualina",
            "albumName": "orange hues",
            "trackUri": "spotify:track:3vhjxwCSm53zqjmLhvF8eI"
          },
          "episode": null,
          "audiobook": null,
          "localTrack": null,
          "addedDate": "2023-03-20"
        },
        {
          "track": {
            "trackName": "Under Giant Trees",
            "artistName": "Agnes Obel",
            "albumName": "Aventine",
            "trackUri": "spotify:track:29cfdljLR8lgvsRrLMJioK"
          },
          "episode": null,
          "audiobook": null,
          "localTrack": null,
          "addedDate": "2023-10-14"
        }
      ],
      "description": null,
      "numberOfFollowers": 0
    },
    {
      "name": "😻 🍆 ",
      "lastModifiedDate": "2024-08-30",
      "items": [
        {
          "track": {
            "trackName": "Dick (feat. Doja Cat)",
            "artistName": "StarBoi3",
            "albumName": "Dick (feat. Doja Cat)",
            "trackUri": "spotify:track:3nY8AqaMNNHHLYV4380ol0"
          },
          "episode": null,
          "audiobook": null,
          "localTrack": null,
          "addedDate": "2022-11-27"
        },
        {
          "track": {
            "trackName": "Cheeks",
            "artistName": "Only Fire",
            "albumName": "Cheeks",
            "trackUri": "spotify:track:4RSxOBKYwdT3sLIbAoIxaz"
          },
          "episode": null,
          "audiobook": null,
          "localTrack": null,
          "addedDate": "2022-11-27"
        },
        {
          "track": {
            "trackName": "Cpr",
            "artistName": "cupcakKe",
            "albumName": "Queen Elizabitch",
            "trackUri": "spotify:track:35mBYyB61qTcGGj7MXIRM1"
          },
          "episode": null,
          "audiobook": null,
          "localTrack": null,
          "addedDate": "2022-11-27"
        },
        {
          "track": {
            "trackName": "WAP (feat. Megan Thee Stallion)",
            "artistName": "Cardi B",
            "albumName": "WAP (feat. Megan Thee Stallion)",
            "trackUri": "spotify:track:4Oun2ylbjFKMPTiaSbbCih"
          },
          "episode": null,
          "audiobook": null,
          "localTrack": null,
          "addedDate": "2022-11-27"
        },
        {
          "track": {
            "trackName": "Deepthroat",
            "artistName": "cupcakKe",
            "albumName": "Cum Cake",
            "trackUri": "spotify:track:5cXtT63OTadsjqfRkm5Dwd"
          },
          "episode": null,
          "audiobook": null,
          "localTrack": null,
          "addedDate": "2022-11-27"
        },
        {
          "track": {
            "trackName": "Get Into It (Yuh)",
            "artistName": "Doja Cat",
            "albumName": "Planet Her",
            "trackUri": "spotify:track:0W6I02J9xcqK8MtSeosEXb"
          },
          "episode": null,
          "audiobook": null,
          "localTrack": null,
          "addedDate": "2023-02-06"
        },
        {
          "track": {
            "trackName": "Guess featuring billie eilish",
            "artistName": "Charli xcx",
            "albumName": "Guess featuring Billie Eilish",
            "trackUri": "spotify:track:7qbJ4Dh8xuYUFdAWL8SFPK"
          },
          "episode": null,
          "audiobook": null,
          "localTrack": null,
          "addedDate": "2024-08-30"
        }
      ],
      "description": null,
      "numberOfFollowers": 0
    },
    {
      "name": "Ylang ylang ",
      "lastModifiedDate": "2022-11-21",
      "items": [
        {
          "track": {
            "trackName": "Ylang Ylang",
            "artistName": "FKJ",
            "albumName": "Ylang Ylang EP",
            "trackUri": "spotify:track:6lAMnXLVCBPMXXWAK4lGSL"
          },
          "episode": null,
          "audiobook": null,
          "localTrack": null,
          "addedDate": "2022-11-21"
        }
      ],
      "description": null,
      "numberOfFollowers": 0
    },
    {
      "name": "Pause the time ",
      "lastModifiedDate": "2024-08-03",
      "items": [
        {
          "track": {
            "trackName": "Little Rascal (いたずら天使) - 2007 ver.",
            "artistName": "Toshifumi Hinata",
            "albumName": "オーガニック・スタイル 日向敏文 the BEST ～In the Twilight～",
            "trackUri": "spotify:track:4s2E1SS8OFeMabT0ACyXfG"
          },
          "episode": null,
          "audiobook": null,
          "localTrack": null,
          "addedDate": "2022-11-12"
        },
        {
          "track": {
            "trackName": "Love In Portofino",
            "artistName": "Dalida",
            "albumName": "Les Annees Barclay",
            "trackUri": "spotify:track:0cgcD73SD4nFdTK2oKofzW"
          },
          "episode": null,
          "audiobook": null,
          "localTrack": null,
          "addedDate": "2022-11-12"
        },
        {
          "track": {
            "trackName": "Hier encore",
            "artistName": "Charles Aznavour",
            "albumName": "Que c'est triste Venise",
            "trackUri": "spotify:track:4ciRwt5dGHKKm8Et8r1xJ0"
          },
          "episode": null,
          "audiobook": null,
          "localTrack": null,
          "addedDate": "2022-11-12"
        },
        {
          "track": {
            "trackName": "Howl's Moving Castle",
            "artistName": "Joe Hisaischi",
            "albumName": "Sound of Europe - Famous Folk Dances",
            "trackUri": "spotify:track:3vshJWDHm9tzcL6ZM2mvsX"
          },
          "episode": null,
          "audiobook": null,
          "localTrack": null,
          "addedDate": "2022-11-12"
        },
        {
          "track": {
            "trackName": "Ylang Ylang",
            "artistName": "FKJ",
            "albumName": "Ylang Ylang EP",
            "trackUri": "spotify:track:6lAMnXLVCBPMXXWAK4lGSL"
          },
          "episode": null,
          "audiobook": null,
          "localTrack": null,
          "addedDate": "2022-11-12"
        },
        {
          "track": {
            "trackName": "Blood Moon Waltz (From \"Star vs the Forces of Evil\")",
            "artistName": "Club Unicorn",
            "albumName": "Blood Moon Waltz (From \"Star vs the Forces of Evil\")",
            "trackUri": "spotify:track:69qZ4hj2Zt2UBjzccRXNDI"
          },
          "episode": null,
          "audiobook": null,
          "localTrack": null,
          "addedDate": "2022-11-12"
        },
        {
          "track": {
            "trackName": "Fragile - Live at The Symphony",
            "artistName": "Laufey",
            "albumName": "A Night At The Symphony",
            "trackUri": "spotify:track:2l2qbgyVMF2tEwLlOsPwa1"
          },
          "episode": null,
          "audiobook": null,
          "localTrack": null,
          "addedDate": "2023-04-06"
        },
        {
          "track": {
            "trackName": "Valentine - Live at The Symphony",
            "artistName": "Laufey",
            "albumName": "A Night At The Symphony",
            "trackUri": "spotify:track:2f0Q46mx44CJyZfab01J12"
          },
          "episode": null,
          "audiobook": null,
          "localTrack": null,
          "addedDate": "2023-04-06"
        },
        {
          "track": {
            "trackName": "I Wish You Love - Live at The Symphony",
            "artistName": "Laufey",
            "albumName": "A Night At The Symphony",
            "trackUri": "spotify:track:3N0rdHyd2uyavMTaoTBOSZ"
          },
          "episode": null,
          "audiobook": null,
          "localTrack": null,
          "addedDate": "2023-04-06"
        },
        {
          "track": {
            "trackName": "Let You Break My Heart Again - Live at The Symphony",
            "artistName": "Laufey",
            "albumName": "A Night At The Symphony",
            "trackUri": "spotify:track:2wFGq8rFKLPX0dkAwUwY8s"
          },
          "episode": null,
          "audiobook": null,
          "localTrack": null,
          "addedDate": "2023-04-06"
        },
        {
          "track": {
            "trackName": "rises the moon",
            "artistName": "Liana Flores",
            "albumName": "recently",
            "trackUri": "spotify:track:51Grh1RyUDcMBbpuyUIUHI"
          },
          "episode": null,
          "audiobook": null,
          "localTrack": null,
          "addedDate": "2023-05-11"
        },
        {
          "track": {
            "trackName": "Congratulations - Piano Version",
            "artistName": "Kim Bo",
            "albumName": "Congratulations",
            "trackUri": "spotify:track:1yixVLztI1m7Uax4WKKGGe"
          },
          "episode": null,
          "audiobook": null,
          "localTrack": null,
          "addedDate": "2023-05-11"
        },
        {
          "track": {
            "trackName": "L'amore dice Ciao (Slow Take) - Remastered",
            "artistName": "Armando Trovajoli",
            "albumName": "La Matriarca - The Libertine (Original Motion Picture Soundtrack)",
            "trackUri": "spotify:track:4dPnyaHuSuazWDvIXRBRZo"
          },
          "episode": null,
          "audiobook": null,
          "localTrack": null,
          "addedDate": "2024-08-03"
        },
        {
          "track": {
            "trackName": "Sixty Second Commercial",
            "artistName": "Violetta Keys",
            "albumName": "Sixty Second Commercial (Deleted)",
            "trackUri": "spotify:track:2f5qIo7nLQUGen5XjU6k7O"
          },
          "episode": null,
          "audiobook": null,
          "localTrack": null,
          "addedDate": "2024-08-03"
        },
        {
          "track": {
            "trackName": "You",
            "artistName": "Vietra",
            "albumName": "Strawberries",
            "trackUri": "spotify:track:27JXVe80vFun97upipztKX"
          },
          "episode": null,
          "audiobook": null,
          "localTrack": null,
          "addedDate": "2024-08-03"
        }
      ],
      "description": null,
      "numberOfFollowers": 0
    }
  ]
}