[
  {
    "platform" : "IPHONE_ARM64",
    "searchTime" : "2024-08-19T20:26:35.016Z[UTC]",
    "searchQuery" : "daen",
    "searchInteractionURIs" : [
    ]
  },
  {
    "platform" : "IPHONE_ARM64",
    "searchTime" : "2024-08-19T20:26:41.578Z[UTC]",
    "searchQuery" : "dae",
    "searchInteractionURIs" : [
    ]
  },
  {
    "platform" : "IPHONE_ARM64",
    "searchTime" : "2024-08-19T20:26:44.029Z[UTC]",
    "searchQuery" : "daen",
    "searchInteractionURIs" : [
    ]
  },
  {
    "platform" : "IPHONE",
    "searchTime" : "2024-08-19T20:26:55.265Z[UTC]",
    "searchQuery" : "daenerys targaryen ",
    "searchInteractionURIs" : [
      "spotify:playlist:7AAG77y8gKwTdy7YUPb8s1",
      "spotify:playlist:67QH79SKDlcZHpgsFUzhha"
    ]
  },
  {
    "platform" : "IPHONE_ARM64",
    "searchTime" : "2024-08-19T21:13:06.344Z[UTC]",
    "searchQuery" : "gam",
    "searchInteractionURIs" : [
    ]
  },
  {
    "platform" : "IPHONE_ARM64",
    "searchTime" : "2024-08-19T21:13:11.902Z[UTC]",
    "searchQuery" : "game of theon",
    "searchInteractionURIs" : [
    ]
  },
  {
    "platform" : "IPHONE",
    "searchTime" : "2024-08-19T21:13:12.552Z[UTC]",
    "searchQuery" : "game of theone",
    "searchInteractionURIs" : [
      "spotify:search:game+of+thrones"
    ]
  },
  {
    "platform" : "IPHONE",
    "searchTime" : "2024-08-19T21:13:13.412Z[UTC]",
    "searchQuery" : "game of thrones",
    "searchInteractionURIs" : [
      "spotify:playlist:26ydPfDpkjllVC0QqCWg82",
      "spotify:episode:163ZNAu12LqZbnl5Ic1q2y",
      "spotify:track:1AvLUHxSunGMWWRfEFmWSC"
    ]
  },
  {
    "platform" : "IPHONE_ARM64",
    "searchTime" : "2024-08-27T04:29:06.334Z[UTC]",
    "searchQuery" : "ga",
    "searchInteractionURIs" : [
    ]
  },
  {
    "platform" : "IPHONE",
    "searchTime" : "2024-08-27T04:29:07.219Z[UTC]",
    "searchQuery" : "game of ",
    "searchInteractionURIs" : [
      "spotify:search:game+of+thrones"
    ]
  },
  {
    "platform" : "IPHONE",
    "searchTime" : "2024-08-27T04:29:07.974Z[UTC]",
    "searchQuery" : "game of thrones",
    "searchInteractionURIs" : [
      "spotify:track:1AvLUHxSunGMWWRfEFmWSC",
      "spotify:playlist:26ydPfDpkjllVC0QqCWg82"
    ]
  },
  {
    "platform" : "IPHONE",
    "searchTime" : "2024-08-27T04:32:34.823Z[UTC]",
    "searchQuery" : "mhy",
    "searchInteractionURIs" : [
      "spotify:search:mhysa"
    ]
  },
  {
    "platform" : "IPHONE",
    "searchTime" : "2024-08-27T04:32:36.461Z[UTC]",
    "searchQuery" : "mhysa",
    "searchInteractionURIs" : [
      "spotify:track:4wxaEgPlUbEUwiAnThBUkw",
      "spotify:playlist:3Pou9Rvq0DnjcEOBkmupKv"
    ]
  },
  {
    "platform" : "IPHONE",
    "searchTime" : "2024-08-27T20:16:54.250Z[UTC]",
    "searchQuery" : "ga",
    "searchInteractionURIs" : [
    ]
  },
  {
    "platform" : "IPHONE_ARM64",
    "searchTime" : "2024-08-27T20:16:54.477Z[UTC]",
    "searchQuery" : "g",
    "searchInteractionURIs" : [
    ]
  },
  {
    "platform" : "IPHONE_ARM64",
    "searchTime" : "2024-08-27T20:16:55.071Z[UTC]",
    "searchQuery" : "a",
    "searchInteractionURIs" : [
    ]
  },
  {
    "platform" : "IPHONE",
    "searchTime" : "2024-08-27T20:16:56.170Z[UTC]",
    "searchQuery" : "a do",
    "searchInteractionURIs" : [
    ]
  },
  {
    "platform" : "IPHONE",
    "searchTime" : "2024-08-27T20:16:58.891Z[UTC]",
    "searchQuery" : "a s",
    "searchInteractionURIs" : [
      "spotify:search:a+song+of+ice+and+fire"
    ]
  },
  {
    "platform" : "IPHONE",
    "searchTime" : "2024-08-27T20:17:01.813Z[UTC]",
    "searchQuery" : "a song of ice and fire",
    "searchInteractionURIs" : [
      "spotify:playlist:0YEwRWfa042WLdpAAIDGBt",
      "spotify:track:22DBM0EDuHyhziJSel0H0a",
      "spotify:show:6Jj9a7cjwo5fSjoCfxhkfP",
      "spotify:playlist:59WLkKCOyjCf8Cn7N13EDk"
    ]
  },
  {
    "platform" : "IPHONE_ARM64",
    "searchTime" : "2024-08-28T05:14:54.668Z[UTC]",
    "searchQuery" : "ha",
    "searchInteractionURIs" : [
    ]
  },
  {
    "platform" : "IPHONE_ARM64",
    "searchTime" : "2024-08-28T05:15:00.460Z[UTC]",
    "searchQuery" : "harry potte",
    "searchInteractionURIs" : [
    ]
  },
  {
    "platform" : "IPHONE",
    "searchTime" : "2024-08-28T05:15:03.041Z[UTC]",
    "searchQuery" : "harry potter",
    "searchInteractionURIs" : [
      "spotify:playlist:2nI2TA9KrHvlcrZWH5xPbz"
    ]
  },
  {
    "platform" : "IPHONE_ARM64",
    "searchTime" : "2024-08-29T03:18:17.421Z[UTC]",
    "searchQuery" : "a ",
    "searchInteractionURIs" : [
    ]
  },
  {
    "platform" : "IPHONE",
    "searchTime" : "2024-08-29T03:18:17.892Z[UTC]",
    "searchQuery" : "a son",
    "searchInteractionURIs" : [
      "spotify:search:a+song+of+ice+and+fire"
    ]
  },
  {
    "platform" : "IPHONE",
    "searchTime" : "2024-08-29T03:18:18.657Z[UTC]",
    "searchQuery" : "a song of ice and fire",
    "searchInteractionURIs" : [
      "spotify:track:1AvLUHxSunGMWWRfEFmWSC",
      "spotify:playlist:59WLkKCOyjCf8Cn7N13EDk",
      "spotify:track:22DBM0EDuHyhziJSel0H0a",
      "spotify:playlist:3fQyd295B1or0fVZuLDe16"
    ]
  },
  {
    "platform" : "IPHONE_ARM64",
    "searchTime" : "2024-09-01T03:02:31.491Z[UTC]",
    "searchQuery" : "cherry its",
    "searchInteractionURIs" : [
    ]
  },
  {
    "platform" : "IPHONE_ARM64",
    "searchTime" : "2024-09-01T03:02:35.112Z[UTC]",
    "searchQuery" : "cherry its en",
    "searchInteractionURIs" : [
    ]
  },
  {
    "platform" : "IPHONE_ARM64",
    "searchTime" : "2024-09-01T03:02:37.135Z[UTC]",
    "searchQuery" : "cherry its end with ",
    "searchInteractionURIs" : [
    ]
  },
  {
    "platform" : "IPHONE",
    "searchTime" : "2024-09-01T03:02:38.243Z[UTC]",
    "searchQuery" : "cherry its end with us",
    "searchInteractionURIs" : [
      "spotify:playlist:3VfOmjeT3EliIMO0uBrPYF"
    ]
  },
  {
    "platform" : "IPHONE_ARM64",
    "searchTime" : "2024-09-01T03:03:18.809Z[UTC]",
    "searchQuery" : "che",
    "searchInteractionURIs" : [
    ]
  },
  {
    "platform" : "IPHONE_ARM64",
    "searchTime" : "2024-09-01T03:03:21.506Z[UTC]",
    "searchQuery" : "cherry l",
    "searchInteractionURIs" : [
    ]
  },
  {
    "platform" : "IPHONE",
    "searchTime" : "2024-09-01T03:03:24.528Z[UTC]",
    "searchQuery" : "cherry lana ",
    "searchInteractionURIs" : [
      "spotify:track:1Ym6aMuT5bliaZMC67AmPp"
    ]
  },
  {
    "platform" : "IPHONE_ARM64",
    "searchTime" : "2024-09-02T21:26:34.264Z[UTC]",
    "searchQuery" : "zh",
    "searchInteractionURIs" : [
    ]
  },
  {
    "platform" : "IPHONE_ARM64",
    "searchTime" : "2024-09-02T21:26:35.357Z[UTC]",
    "searchQuery" : "zhazom",
    "searchInteractionURIs" : [
    ]
  },
  {
    "platform" : "IPHONE",
    "searchTime" : "2024-09-02T21:26:51.518Z[UTC]",
    "searchQuery" : "shazam",
    "searchInteractionURIs" : [
      "spotify:playlist:7aLVONqQqNL8Hx1896TKof",
      "spotify:playlist:7aLVONqQqNL8Hx1896TKof"
    ]
  },
  {
    "platform" : "IPHONE",
    "searchTime" : "2024-09-02T21:27:28.771Z[UTC]",
    "searchQuery" : "ĐỢI (SPECIAL VERSION) 52Hz",
    "searchInteractionURIs" : [
      "spotify:track:33S16Xa5cZmLPhn6eZI4Nm",
      "spotify:show:6426fm6DWVBnFOUTzcemMY",
      "spotify:track:33S16Xa5cZmLPhn6eZI4Nm",
      "spotify:track:33S16Xa5cZmLPhn6eZI4Nm",
      "spotify:track:33S16Xa5cZmLPhn6eZI4Nm"
    ]
  },
  {
    "platform" : "IPHONE",
    "searchTime" : "2024-09-04T06:28:01.587Z[UTC]",
    "searchQuery" : "studying ",
    "searchInteractionURIs" : [
      "spotify:playlist:0ofsIXBCxkqYtt30YoJm1c"
    ]
  },
  {
    "platform" : "IPHONE",
    "searchTime" : "2024-09-04T06:28:16.704Z[UTC]",
    "searchQuery" : "studying coding",
    "searchInteractionURIs" : [
      "spotify:playlist:679wCT6dVMDBxrYa5NcrXL"
    ]
  },
  {
    "platform" : "IPHONE_ARM64",
    "searchTime" : "2024-09-06T22:00:35.885Z[UTC]",
    "searchQuery" : "bacj o",
    "searchInteractionURIs" : [
    ]
  },
  {
    "platform" : "IPHONE_ARM64",
    "searchTime" : "2024-09-06T22:00:35.964Z[UTC]",
    "searchQuery" : "bacj",
    "searchInteractionURIs" : [
    ]
  },
  {
    "platform" : "IPHONE_ARM64",
    "searchTime" : "2024-09-06T22:00:45.454Z[UTC]",
    "searchQuery" : "bạc p",
    "searchInteractionURIs" : [
    ]
  },
  {
    "platform" : "IPHONE_ARM64",
    "searchTime" : "2024-09-06T22:00:46.166Z[UTC]",
    "searchQuery" : "bạc phân",
    "searchInteractionURIs" : [
    ]
  },
  {
    "platform" : "IPHONE",
    "searchTime" : "2024-09-06T22:00:46.325Z[UTC]",
    "searchQuery" : "bạc phận",
    "searchInteractionURIs" : [
      "spotify:track:5QDAXBmFPGHvF6udRqVidM"
    ]
  },
  {
    "platform" : "IPHONE",
    "searchTime" : "2024-09-08T19:04:08.462Z[UTC]",
    "searchQuery" : "cleo",
    "searchInteractionURIs" : [
      "spotify:artist:7sgo4MkWeGVIuR6D4cO8oc"
    ]
  },
  {
    "platform" : "IPHONE",
    "searchTime" : "2024-09-09T01:57:03.206Z[UTC]",
    "searchQuery" : "te",
    "searchInteractionURIs" : [
      "spotify:track:2QTDuJIGKUjR7E2Q6KupIh"
    ]
  },
  {
    "platform" : "IPHONE",
    "searchTime" : "2024-09-09T01:57:12.944Z[UTC]",
    "searchQuery" : "tele",
    "searchInteractionURIs" : [
      "spotify:track:4TCL0qqKyqsMZml0G3M9IM"
    ]
  },
  {
    "platform" : "IPHONE_ARM64",
    "searchTime" : "2024-09-09T04:33:20.226Z[UTC]",
    "searchQuery" : "who",
    "searchInteractionURIs" : [
    ]
  },
  {
    "platform" : "IPHONE",
    "searchTime" : "2024-09-09T04:33:22.117Z[UTC]",
    "searchQuery" : "who is hse",
    "searchInteractionURIs" : [
      "spotify:track:1QxcWlk8PivolUaWcpAoNq",
      "spotify:playlist:338YkBLvEWocuSZCNqUQX8"
    ]
  },
  {
    "platform" : "IPHONE_ARM64",
    "searchTime" : "2024-09-10T03:18:24.153Z[UTC]",
    "searchQuery" : "big",
    "searchInteractionURIs" : [
    ]
  },
  {
    "platform" : "IPHONE",
    "searchTime" : "2024-09-10T03:18:24.869Z[UTC]",
    "searchQuery" : "big ",
    "searchInteractionURIs" : [
      "spotify:search:big+dwags"
    ]
  },
  {
    "platform" : "IPHONE",
    "searchTime" : "2024-09-10T03:18:26.151Z[UTC]",
    "searchQuery" : "big dwags",
    "searchInteractionURIs" : [
      "spotify:track:0OA00aPt3BV10qeMIs3meW"
    ]
  },
  {
    "platform" : "IPHONE",
    "searchTime" : "2024-09-13T02:44:38.824Z[UTC]",
    "searchQuery" : "dpr",
    "searchInteractionURIs" : [
      "spotify:artist:2o8gT0fQmFxGNbowbdgeZe"
    ]
  },
  {
    "platform" : "",
    "searchTime" : "2024-09-14T00:05:35.595Z[UTC]",
    "searchQuery" : "h",
    "searchInteractionURIs" : [
    ]
  },
  {
    "platform" : "",
    "searchTime" : "2024-09-14T00:05:35.674Z[UTC]",
    "searchQuery" : "h",
    "searchInteractionURIs" : [
    ]
  },
  {
    "platform" : "",
    "searchTime" : "2024-09-14T00:05:35.912Z[UTC]",
    "searchQuery" : "ho",
    "searchInteractionURIs" : [
    ]
  },
  {
    "platform" : "",
    "searchTime" : "2024-09-14T00:05:36.030Z[UTC]",
    "searchQuery" : "ho",
    "searchInteractionURIs" : [
    ]
  },
  {
    "platform" : "",
    "searchTime" : "2024-09-14T00:05:36.308Z[UTC]",
    "searchQuery" : "hoz",
    "searchInteractionURIs" : [
    ]
  },
  {
    "platform" : "",
    "searchTime" : "2024-09-14T00:05:36.397Z[UTC]",
    "searchQuery" : "hoz",
    "searchInteractionURIs" : [
    ]
  },
  {
    "platform" : "",
    "searchTime" : "2024-09-14T00:05:36.458Z[UTC]",
    "searchQuery" : "hozi",
    "searchInteractionURIs" : [
    ]
  },
  {
    "platform" : "",
    "searchTime" : "2024-09-14T00:05:36.522Z[UTC]",
    "searchQuery" : "hozi",
    "searchInteractionURIs" : [
    ]
  },
  {
    "platform" : "",
    "searchTime" : "2024-09-14T00:05:36.595Z[UTC]",
    "searchQuery" : "hozii",
    "searchInteractionURIs" : [
    ]
  },
  {
    "platform" : "",
    "searchTime" : "2024-09-14T00:05:36.658Z[UTC]",
    "searchQuery" : "hozii",
    "searchInteractionURIs" : [
    ]
  },
  {
    "platform" : "",
    "searchTime" : "2024-09-14T00:05:36.942Z[UTC]",
    "searchQuery" : "hoziie",
    "searchInteractionURIs" : [
    ]
  },
  {
    "platform" : "",
    "searchTime" : "2024-09-14T00:05:37.017Z[UTC]",
    "searchQuery" : "hoziie",
    "searchInteractionURIs" : [
    ]
  },
  {
    "platform" : "",
    "searchTime" : "2024-09-14T00:05:37.047Z[UTC]",
    "searchQuery" : "hozie",
    "searchInteractionURIs" : [
    ]
  },
  {
    "platform" : "",
    "searchTime" : "2024-09-14T00:05:37.186Z[UTC]",
    "searchQuery" : "hozii",
    "searchInteractionURIs" : [
    ]
  },
  {
    "platform" : "",
    "searchTime" : "2024-09-14T00:05:37.222Z[UTC]",
    "searchQuery" : "hozii",
    "searchInteractionURIs" : [
    ]
  },
  {
    "platform" : "",
    "searchTime" : "2024-09-14T00:05:37.651Z[UTC]",
    "searchQuery" : "hozi",
    "searchInteractionURIs" : [
    ]
  },
  {
    "platform" : "",
    "searchTime" : "2024-09-14T00:05:37.680Z[UTC]",
    "searchQuery" : "hozi",
    "searchInteractionURIs" : [
    ]
  },
  {
    "platform" : "",
    "searchTime" : "2024-09-14T00:05:37.976Z[UTC]",
    "searchQuery" : "hozie",
    "searchInteractionURIs" : [
    ]
  },
  {
    "platform" : "",
    "searchTime" : "2024-09-14T00:05:38.047Z[UTC]",
    "searchQuery" : "hozie",
    "searchInteractionURIs" : [
    ]
  },
  {
    "platform" : "IPHONE",
    "searchTime" : "2024-09-14T00:05:39.027Z[UTC]",
    "searchQuery" : "hozier",
    "searchInteractionURIs" : [
      "spotify:artist:2FXC3k01G6Gw61bmprjgqS",
      "spotify:track:3HMY0r2BAdpasXMY8rseR0"
    ]
  },
  {
    "platform" : "IPHONE_ARM64",
    "searchTime" : "2024-09-14T05:07:12.624Z[UTC]",
    "searchQuery" : "lan",
    "searchInteractionURIs" : [
    ]
  },
  {
    "platform" : "IPHONE",
    "searchTime" : "2024-09-14T05:07:12.783Z[UTC]",
    "searchQuery" : "lana",
    "searchInteractionURIs" : [
      "spotify:artist:00FQb4jTyendYWaN8pK0wa"
    ]
  },
  {
    "platform" : "IPHONE",
    "searchTime" : "2024-09-14T05:07:37.782Z[UTC]",
    "searchQuery" : "sal",
    "searchInteractionURIs" : [
      "spotify:track:21qg0IBZf8R12qHd9A3AA4",
      "spotify:artist:7ESkOK8bwqIEVwerMPuwI7"
    ]
  },
  {
    "platform" : "IPHONE_ARM64",
    "searchTime" : "2024-09-15T22:58:29.882Z[UTC]",
    "searchQuery" : "av",
    "searchInteractionURIs" : [
    ]
  },
  {
    "platform" : "IPHONE",
    "searchTime" : "2024-09-15T22:58:32.373Z[UTC]",
    "searchQuery" : "avat",
    "searchInteractionURIs" : [
      "spotify:search:avatar+the+last+airbender"
    ]
  },
  {
    "platform" : "IPHONE",
    "searchTime" : "2024-09-15T22:58:37.311Z[UTC]",
    "searchQuery" : "avatar the last airbender",
    "searchInteractionURIs" : [
      "spotify:playlist:3bDOB6WgVzAmFDhjKHtVq7"
    ]
  },
  {
    "platform" : "IPHONE_ARM64",
    "searchTime" : "2024-09-20T21:21:15.729Z[UTC]",
    "searchQuery" : "t",
    "searchInteractionURIs" : [
    ]
  },
  {
    "platform" : "IPHONE",
    "searchTime" : "2024-09-20T21:21:17.188Z[UTC]",
    "searchQuery" : "tlinh",
    "searchInteractionURIs" : [
      "spotify:album:3YLqrwhIaMVzzvpuPG1dmb"
    ]
  },
  {
    "platform" : "IPHONE",
    "searchTime" : "2024-09-20T22:25:18.416Z[UTC]",
    "searchQuery" : "lan",
    "searchInteractionURIs" : [
      "spotify:artist:00FQb4jTyendYWaN8pK0wa"
    ]
  },
  {
    "platform" : "IPHONE",
    "searchTime" : "2024-09-20T22:25:43.181Z[UTC]",
    "searchQuery" : "sa",
    "searchInteractionURIs" : [
      "spotify:search:salvatore"
    ]
  },
  {
    "platform" : "IPHONE",
    "searchTime" : "2024-09-20T22:25:44.653Z[UTC]",
    "searchQuery" : "salvatore",
    "searchInteractionURIs" : [
      "spotify:track:21qg0IBZf8R12qHd9A3AA4",
      "spotify:track:0adb1Tcjw3nTLMFznyZbr3"
    ]
  },
  {
    "platform" : "OSX_X86_64",
    "searchTime" : "2024-09-22T11:18:31.198Z[UTC]",
    "searchQuery" : "stu",
    "searchInteractionURIs" : [
    ]
  },
  {
    "platform" : "IPHONE_ARM64",
    "searchTime" : "2024-09-23T09:34:41.346Z[UTC]",
    "searchQuery" : "neon",
    "searchInteractionURIs" : [
    ]
  },
  {
    "platform" : "IPHONE_ARM64",
    "searchTime" : "2024-09-23T09:34:41.495Z[UTC]",
    "searchQuery" : "neon ",
    "searchInteractionURIs" : [
    ]
  },
  {
    "platform" : "IPHONE_ARM64",
    "searchTime" : "2024-09-23T09:34:41.964Z[UTC]",
    "searchQuery" : "neon l",
    "searchInteractionURIs" : [
    ]
  },
  {
    "platform" : "IPHONE_ARM64",
    "searchTime" : "2024-09-23T09:34:48.562Z[UTC]",
    "searchQuery" : "neon light  hong kon",
    "searchInteractionURIs" : [
    ]
  },
  {
    "platform" : "IPHONE",
    "searchTime" : "2024-09-23T09:34:49.236Z[UTC]",
    "searchQuery" : "neon light  hong kong",
    "searchInteractionURIs" : [
      "spotify:playlist:37i9dQZF1DWZQ9qjpEt3QA",
      "spotify:episode:0Ba5X9rLQISlwYXybYliaA",
      "spotify:track:1QxupqEIYYB2hms26QkajY",
      "spotify:track:4uRxSAu5i1o0v65aBGMQz6"
    ]
  },
  {
    "platform" : "IPHONE",
    "searchTime" : "2024-09-23T16:17:33.858Z[UTC]",
    "searchQuery" : "citypop",
    "searchInteractionURIs" : [
      "spotify:search:city+pop"
    ]
  },
  {
    "platform" : "IPHONE",
    "searchTime" : "2024-09-23T16:17:35.989Z[UTC]",
    "searchQuery" : "city pop",
    "searchInteractionURIs" : [
      "spotify:playlist:7KFoK4LJ23EncELJwYmTDG"
    ]
  },
  {
    "platform" : "IPHONE_ARM64",
    "searchTime" : "2024-09-24T13:55:30.632Z[UTC]",
    "searchQuery" : "lost",
    "searchInteractionURIs" : [
    ]
  },
  {
    "platform" : "IPHONE",
    "searchTime" : "2024-09-24T13:55:35.975Z[UTC]",
    "searchQuery" : "lost in jap",
    "searchInteractionURIs" : [
      "spotify:search:lost+in+japan"
    ]
  },
  {
    "platform" : "IPHONE",
    "searchTime" : "2024-09-24T13:55:37.206Z[UTC]",
    "searchQuery" : "lost in japan",
    "searchInteractionURIs" : [
      "spotify:track:79esEXlqqmq0GPz0xQSZTV"
    ]
  },
  {
    "platform" : "IPHONE_ARM64",
    "searchTime" : "2024-09-24T23:57:48.791Z[UTC]",
    "searchQuery" : "em",
    "searchInteractionURIs" : [
    ]
  },
  {
    "platform" : "IPHONE",
    "searchTime" : "2024-09-24T23:57:51.848Z[UTC]",
    "searchQuery" : "emen",
    "searchInteractionURIs" : [
      "spotify:artist:7dGJo4pcD2V6oG8kP0tJRR"
    ]
  },
  {
    "platform" : "",
    "searchTime" : "2024-09-25T00:09:26.902Z[UTC]",
    "searchQuery" : "ay down ",
    "searchInteractionURIs" : [
    ]
  },
  {
    "platform" : "",
    "searchTime" : "2024-09-25T00:09:27.162Z[UTC]",
    "searchQuery" : "ay down",
    "searchInteractionURIs" : [
    ]
  },
  {
    "platform" : "",
    "searchTime" : "2024-09-25T00:09:27.169Z[UTC]",
    "searchQuery" : "ay down ",
    "searchInteractionURIs" : [
    ]
  },
  {
    "platform" : "",
    "searchTime" : "2024-09-25T00:09:27.470Z[UTC]",
    "searchQuery" : "ay down",
    "searchInteractionURIs" : [
    ]
  },
  {
    "platform" : "",
    "searchTime" : "2024-09-25T00:09:28.119Z[UTC]",
    "searchQuery" : "l",
    "searchInteractionURIs" : [
    ]
  },
  {
    "platform" : "OSX_X86_64",
    "searchTime" : "2024-09-25T00:09:28.473Z[UTC]",
    "searchQuery" : "l",
    "searchInteractionURIs" : [
    ]
  },
  {
    "platform" : "",
    "searchTime" : "2024-09-25T00:09:29.528Z[UTC]",
    "searchQuery" : "lay down ",
    "searchInteractionURIs" : [
    ]
  },
  {
    "platform" : "",
    "searchTime" : "2024-09-25T00:09:29.814Z[UTC]",
    "searchQuery" : "lay down ",
    "searchInteractionURIs" : [
    ]
  },
  {
    "platform" : "OSX_X86_64",
    "searchTime" : "2024-09-25T17:52:03.076Z[UTC]",
    "searchQuery" : "m",
    "searchInteractionURIs" : [
    ]
  },
  {
    "platform" : "OSX_X86_64",
    "searchTime" : "2024-09-25T19:26:27.756Z[UTC]",
    "searchQuery" : "my top ",
    "searchInteractionURIs" : [
    ]
  },
  {
    "platform" : "",
    "searchTime" : "2024-09-26T14:36:03.467Z[UTC]",
    "searchQuery" : "my top ",
    "searchInteractionURIs" : [
    ]
  },
  {
    "platform" : "",
    "searchTime" : "2024-09-26T14:36:03.667Z[UTC]",
    "searchQuery" : "my top ",
    "searchInteractionURIs" : [
    ]
  },
  {
    "platform" : "",
    "searchTime" : "2024-09-26T19:29:52.540Z[UTC]",
    "searchQuery" : "my top ",
    "searchInteractionURIs" : [
    ]
  },
  {
    "platform" : "",
    "searchTime" : "2024-09-26T19:29:52.786Z[UTC]",
    "searchQuery" : "my top ",
    "searchInteractionURIs" : [
    ]
  },
  {
    "platform" : "",
    "searchTime" : "2024-09-26T19:30:53.865Z[UTC]",
    "searchQuery" : "d",
    "searchInteractionURIs" : [
    ]
  },
  {
    "platform" : "",
    "searchTime" : "2024-09-26T19:30:54.168Z[UTC]",
    "searchQuery" : "da",
    "searchInteractionURIs" : [
    ]
  },
  {
    "platform" : "",
    "searchTime" : "2024-09-26T19:30:54.302Z[UTC]",
    "searchQuery" : "d",
    "searchInteractionURIs" : [
    ]
  },
  {
    "platform" : "",
    "searchTime" : "2024-09-26T19:30:54.405Z[UTC]",
    "searchQuery" : "da",
    "searchInteractionURIs" : [
    ]
  },
  {
    "platform" : "",
    "searchTime" : "2024-09-26T19:30:54.690Z[UTC]",
    "searchQuery" : "dark ",
    "searchInteractionURIs" : [
    ]
  },
  {
    "platform" : "",
    "searchTime" : "2024-09-26T19:30:54.888Z[UTC]",
    "searchQuery" : "dark ",
    "searchInteractionURIs" : [
    ]
  },
  {
    "platform" : "",
    "searchTime" : "2024-09-26T19:30:56.115Z[UTC]",
    "searchQuery" : "dark a",
    "searchInteractionURIs" : [
    ]
  },
  {
    "platform" : "",
    "searchTime" : "2024-09-26T19:30:56.328Z[UTC]",
    "searchQuery" : "dark a",
    "searchInteractionURIs" : [
    ]
  },
  {
    "platform" : "",
    "searchTime" : "2024-09-26T19:30:56.437Z[UTC]",
    "searchQuery" : "dark ac",
    "searchInteractionURIs" : [
    ]
  },
  {
    "platform" : "",
    "searchTime" : "2024-09-26T19:30:56.588Z[UTC]",
    "searchQuery" : "dark ac",
    "searchInteractionURIs" : [
    ]
  },
  {
    "platform" : "",
    "searchTime" : "2024-09-29T00:31:22.805Z[UTC]",
    "searchQuery" : "k",
    "searchInteractionURIs" : [
    ]
  },
  {
    "platform" : "",
    "searchTime" : "2024-09-29T00:31:22.806Z[UTC]",
    "searchQuery" : "kp",
    "searchInteractionURIs" : [
    ]
  },
  {
    "platform" : "",
    "searchTime" : "2024-09-29T00:31:22.860Z[UTC]",
    "searchQuery" : "kp",
    "searchInteractionURIs" : [
    ]
  },
  {
    "platform" : "",
    "searchTime" : "2024-09-29T00:31:22.880Z[UTC]",
    "searchQuery" : "k",
    "searchInteractionURIs" : [
    ]
  },
  {
    "platform" : "",
    "searchTime" : "2024-09-29T00:31:23.838Z[UTC]",
    "searchQuery" : "kpop",
    "searchInteractionURIs" : [
    ]
  },
  {
    "platform" : "",
    "searchTime" : "2024-09-29T00:31:23.899Z[UTC]",
    "searchQuery" : "kpop",
    "searchInteractionURIs" : [
    ]
  },
  {
    "platform" : "IPHONE_ARM64",
    "searchTime" : "2024-09-29T00:31:24.019Z[UTC]",
    "searchQuery" : "kpo",
    "searchInteractionURIs" : [
    ]
  },
  {
    "platform" : "",
    "searchTime" : "2024-09-29T00:31:24.086Z[UTC]",
    "searchQuery" : "kp",
    "searchInteractionURIs" : [
    ]
  },
  {
    "platform" : "",
    "searchTime" : "2024-09-29T00:31:24.089Z[UTC]",
    "searchQuery" : "k",
    "searchInteractionURIs" : [
    ]
  },
  {
    "platform" : "",
    "searchTime" : "2024-09-29T00:31:24.155Z[UTC]",
    "searchQuery" : "kp",
    "searchInteractionURIs" : [
    ]
  },
  {
    "platform" : "",
    "searchTime" : "2024-09-29T00:31:24.164Z[UTC]",
    "searchQuery" : "k",
    "searchInteractionURIs" : [
    ]
  },
  {
    "platform" : "",
    "searchTime" : "2024-09-29T00:31:25.573Z[UTC]",
    "searchQuery" : "kpo",
    "searchInteractionURIs" : [
    ]
  },
  {
    "platform" : "",
    "searchTime" : "2024-09-29T00:31:25.612Z[UTC]",
    "searchQuery" : "kpo",
    "searchInteractionURIs" : [
    ]
  },
  {
    "platform" : "IPHONE_ARM64",
    "searchTime" : "2024-09-29T00:31:25.780Z[UTC]",
    "searchQuery" : "kpop",
    "searchInteractionURIs" : [
    ]
  },
  {
    "platform" : "IPHONE",
    "searchTime" : "2024-09-29T00:31:34.046Z[UTC]",
    "searchQuery" : "kpop",
    "searchInteractionURIs" : [
      "spotify:playlist:37i9dQZF1DX9tPFwDMOaN1"
    ]
  },
  {
    "platform" : "IPHONE_ARM64",
    "searchTime" : "2024-09-29T00:32:35.518Z[UTC]",
    "searchQuery" : "v p",
    "searchInteractionURIs" : [
    ]
  },
  {
    "platform" : "",
    "searchTime" : "2024-09-29T00:32:36.203Z[UTC]",
    "searchQuery" : "v pop",
    "searchInteractionURIs" : [
    ]
  },
  {
    "platform" : "",
    "searchTime" : "2024-09-29T00:32:36.291Z[UTC]",
    "searchQuery" : "v pop",
    "searchInteractionURIs" : [
    ]
  },
  {
    "platform" : "IPHONE",
    "searchTime" : "2024-09-29T00:32:37.744Z[UTC]",
    "searchQuery" : "v pop",
    "searchInteractionURIs" : [
      "spotify:playlist:37i9dQZF1EIdr6CLfTmq2O",
      "spotify:playlist:37i9dQZF1DX0F4i7Q9pshJ"
    ]
  },
  {
    "platform" : "IPHONE",
    "searchTime" : "2024-09-29T00:41:00.652Z[UTC]",
    "searchQuery" : "k po",
    "searchInteractionURIs" : [
      "spotify:search:k-pop"
    ]
  },
  {
    "platform" : "IPHONE",
    "searchTime" : "2024-09-29T00:41:19.054Z[UTC]",
    "searchQuery" : "k-pop",
    "searchInteractionURIs" : [
      "spotify:playlist:37i9dQZF1DX9tPFwDMOaN1",
      "spotify:playlist:37i9dQZF1EQpesGsmIyqcW"
    ]
  },
  {
    "platform" : "",
    "searchTime" : "2024-09-30T18:17:54.632Z[UTC]",
    "searchQuery" : "viet",
    "searchInteractionURIs" : [
    ]
  },
  {
    "platform" : "",
    "searchTime" : "2024-09-30T18:17:54.790Z[UTC]",
    "searchQuery" : "viet",
    "searchInteractionURIs" : [
    ]
  },
  {
    "platform" : "",
    "searchTime" : "2024-09-30T18:17:56.259Z[UTC]",
    "searchQuery" : "vietnames co",
    "searchInteractionURIs" : [
    ]
  },
  {
    "platform" : "OSX_X86_64",
    "searchTime" : "2024-09-30T18:17:56.584Z[UTC]",
    "searchQuery" : "vietnames co",
    "searchInteractionURIs" : [
    ]
  },
  {
    "platform" : "",
    "searchTime" : "2024-09-30T18:17:57.270Z[UTC]",
    "searchQuery" : "vietnamese ",
    "searchInteractionURIs" : [
    ]
  },
  {
    "platform" : "",
    "searchTime" : "2024-09-30T18:17:57.471Z[UTC]",
    "searchQuery" : "vietnamese ",
    "searchInteractionURIs" : [
    ]
  },
  {
    "platform" : "",
    "searchTime" : "2024-09-30T18:17:57.575Z[UTC]",
    "searchQuery" : "vietnamese co",
    "searchInteractionURIs" : [
    ]
  },
  {
    "platform" : "",
    "searchTime" : "2024-09-30T18:17:57.770Z[UTC]",
    "searchQuery" : "vietnamese co",
    "searchInteractionURIs" : [
    ]
  },
  {
    "platform" : "",
    "searchTime" : "2024-09-30T18:17:58.171Z[UTC]",
    "searchQuery" : "vietnamese coffe",
    "searchInteractionURIs" : [
    ]
  },
  {
    "platform" : "",
    "searchTime" : "2024-09-30T18:17:58.452Z[UTC]",
    "searchQuery" : "vietnamese coffe",
    "searchInteractionURIs" : [
    ]
  },
  {
    "platform" : "",
    "searchTime" : "2024-09-30T18:17:58.723Z[UTC]",
    "searchQuery" : "vietnamese coffe ",
    "searchInteractionURIs" : [
    ]
  },
  {
    "platform" : "",
    "searchTime" : "2024-09-30T18:17:59.062Z[UTC]",
    "searchQuery" : "vietnamese coffe ",
    "searchInteractionURIs" : [
    ]
  },
  {
    "platform" : "",
    "searchTime" : "2024-09-30T18:18:00.344Z[UTC]",
    "searchQuery" : "vietnamese coffee shop",
    "searchInteractionURIs" : [
    ]
  },
  {
    "platform" : "OSX_X86_64",
    "searchTime" : "2024-09-30T18:18:00.726Z[UTC]",
    "searchQuery" : "vietnamese coffee shop",
    "searchInteractionURIs" : [
    ]
  },
  {
    "platform" : "",
    "searchTime" : "2024-10-02T19:23:45.436Z[UTC]",
    "searchQuery" : "head to ro",
    "searchInteractionURIs" : [
    ]
  },
  {
    "platform" : "",
    "searchTime" : "2024-10-02T19:23:45.460Z[UTC]",
    "searchQuery" : "head to to",
    "searchInteractionURIs" : [
    ]
  },
  {
    "platform" : "",
    "searchTime" : "2024-10-02T19:23:45.462Z[UTC]",
    "searchQuery" : "head to ro",
    "searchInteractionURIs" : [
    ]
  },
  {
    "platform" : "IPHONE_ARM64",
    "searchTime" : "2024-10-02T19:23:46.092Z[UTC]",
    "searchQuery" : "head t",
    "searchInteractionURIs" : [
    ]
  },
  {
    "platform" : "IPHONE",
    "searchTime" : "2024-10-02T19:23:48.085Z[UTC]",
    "searchQuery" : "heads  il",
    "searchInteractionURIs" : [
      "spotify:search:heads+will+roll"
    ]
  },
  {
    "platform" : "IPHONE",
    "searchTime" : "2024-10-02T19:23:49.575Z[UTC]",
    "searchQuery" : "heads will roll",
    "searchInteractionURIs" : [
      "spotify:track:2WRFD9WczJ975X2K1Y9YVs"
    ]
  },
  {
    "platform" : "IPHONE",
    "searchTime" : "2024-10-03T02:20:05.351Z[UTC]",
    "searchQuery" : "lady",
    "searchInteractionURIs" : [
      "spotify:artist:1HY2Jd0NmPuamShAr6KMms"
    ]
  },
  {
    "platform" : "IPHONE",
    "searchTime" : "2024-10-05T01:06:09.842Z[UTC]",
    "searchQuery" : "heads",
    "searchInteractionURIs" : [
      "spotify:track:6HoYz6oC2y3OWfeJIOooM7"
    ]
  },
  {
    "platform" : "IPHONE",
    "searchTime" : "2024-10-05T22:54:28.132Z[UTC]",
    "searchQuery" : "hex girl",
    "searchInteractionURIs" : [
      "spotify:track:4NFMIIgeniFgNfsB8Uj9Ta",
      "spotify:playlist:5BD3C9Ms0tfPMsnYMg5Juc"
    ]
  },
  {
    "platform" : "",
    "searchTime" : "2024-10-06T00:18:47.439Z[UTC]",
    "searchQuery" : "delul",
    "searchInteractionURIs" : [
    ]
  },
  {
    "platform" : "",
    "searchTime" : "2024-10-06T00:18:47.511Z[UTC]",
    "searchQuery" : "delul",
    "searchInteractionURIs" : [
    ]
  },
  {
    "platform" : "IPHONE",
    "searchTime" : "2024-10-06T00:18:48.023Z[UTC]",
    "searchQuery" : "delulu",
    "searchInteractionURIs" : [
      "spotify:track:20APmzlrVuZ7dMl2nPlLJi",
      "spotify:track:20APmzlrVuZ7dMl2nPlLJi"
    ]
  },
  {
    "platform" : "IPHONE",
    "searchTime" : "2024-10-08T01:07:53.255Z[UTC]",
    "searchQuery" : "not ",
    "searchInteractionURIs" : [
      "spotify:track:6AI3ezQ4o3HUoP6Dhudph3"
    ]
  },
  {
    "platform" : "",
    "searchTime" : "2024-10-11T21:02:54.093Z[UTC]",
    "searchQuery" : "heads will roll",
    "searchInteractionURIs" : [
    ]
  },
  {
    "platform" : "",
    "searchTime" : "2024-10-11T21:02:54.344Z[UTC]",
    "searchQuery" : "heads will roll",
    "searchInteractionURIs" : [
    ]
  },
  {
    "platform" : "IPHONE",
    "searchTime" : "2024-10-12T06:16:57.080Z[UTC]",
    "searchQuery" : "dark ",
    "searchInteractionURIs" : [
      "spotify:playlist:3MelsVnZV5g03wyiJsybHk"
    ]
  },
  {
    "platform" : "IPHONE",
    "searchTime" : "2024-10-13T18:41:05.159Z[UTC]",
    "searchQuery" : "tlinh",
    "searchInteractionURIs" : [
      "spotify:artist:3diftVOq7aEIebXKkC34oR"
    ]
  },
  {
    "platform" : "IPHONE",
    "searchTime" : "2024-10-14T19:08:08.879Z[UTC]",
    "searchQuery" : "call me daddy",
    "searchInteractionURIs" : [
      "spotify:show:6hhVm2ymkny7ujvmH9f84b"
    ]
  },
  {
    "platform" : "IPHONE",
    "searchTime" : "2024-10-14T20:36:58.204Z[UTC]",
    "searchQuery" : "lo",
    "searchInteractionURIs" : [
    ]
  },
  {
    "platform" : "",
    "searchTime" : "2024-10-14T20:36:59.150Z[UTC]",
    "searchQuery" : "l",
    "searchInteractionURIs" : [
    ]
  },
  {
    "platform" : "",
    "searchTime" : "2024-10-14T20:36:59.213Z[UTC]",
    "searchQuery" : "l",
    "searchInteractionURIs" : [
    ]
  },
  {
    "platform" : "IPHONE",
    "searchTime" : "2024-10-14T20:37:04.048Z[UTC]",
    "searchQuery" : "snoopy",
    "searchInteractionURIs" : [
      "spotify:playlist:3HL5grry4msSELIYIcmWUF"
    ]
  },
  {
    "platform" : "IPHONE",
    "searchTime" : "2024-10-14T23:17:07.101Z[UTC]",
    "searchQuery" : "sailor moon",
    "searchInteractionURIs" : [
      "spotify:search:sailor+moon+songs"
    ]
  },
  {
    "platform" : "IPHONE",
    "searchTime" : "2024-10-14T23:17:08.164Z[UTC]",
    "searchQuery" : "sailor moon songs",
    "searchInteractionURIs" : [
      "spotify:playlist:4ssNVe64tekQRsoeatDyeI",
      "spotify:playlist:7pBnCnhA25kkQX9Rj9CTVl",
      "spotify:playlist:0v2Jrd3YVvGmQSOXKbrpfn"
    ]
  },
  {
    "platform" : "IPHONE",
    "searchTime" : "2024-10-16T10:44:10.648Z[UTC]",
    "searchQuery" : "lofi anime study",
    "searchInteractionURIs" : [
      "spotify:playlist:1QcsybeUidDJIrPQTHS6dD"
    ]
  },
  {
    "platform" : "IPHONE",
    "searchTime" : "2024-10-16T10:44:36.092Z[UTC]",
    "searchQuery" : "lofi studying at night",
    "searchInteractionURIs" : [
      "spotify:playlist:7rgtNs07hIkyfHfrFR0HpP"
    ]
  },
  {
    "platform" : "IPHONE",
    "searchTime" : "2024-10-16T20:58:51.576Z[UTC]",
    "searchQuery" : "anim",
    "searchInteractionURIs" : [
      "spotify:playlist:1YA5cPIfDy3L03bGnNiDM7",
      "spotify:genre:0JQ5DAqbMKFziKOShCi009"
    ]
  },
  {
    "platform" : "IPHONE",
    "searchTime" : "2024-10-18T03:20:56.491Z[UTC]",
    "searchQuery" : "blank space",
    "searchInteractionURIs" : [
      "spotify:track:1u8c2t2Cy7UBoG4ArRcF5g"
    ]
  },
  {
    "platform" : "",
    "searchTime" : "2024-10-27T21:20:51.521Z[UTC]",
    "searchQuery" : "nightca",
    "searchInteractionURIs" : [
    ]
  },
  {
    "platform" : "",
    "searchTime" : "2024-10-27T21:20:51.596Z[UTC]",
    "searchQuery" : "nightca",
    "searchInteractionURIs" : [
    ]
  },
  {
    "platform" : "IPHONE",
    "searchTime" : "2024-10-27T21:20:52.035Z[UTC]",
    "searchQuery" : "nightca",
    "searchInteractionURIs" : [
      "spotify:track:73bDvrmSBh2fr53tLDH9oA"
    ]
  },
  {
    "platform" : "",
    "searchTime" : "2024-10-28T00:17:06.607Z[UTC]",
    "searchQuery" : "k",
    "searchInteractionURIs" : [
    ]
  },
  {
    "platform" : "",
    "searchTime" : "2024-10-28T00:17:06.680Z[UTC]",
    "searchQuery" : "k",
    "searchInteractionURIs" : [
    ]
  },
  {
    "platform" : "IPHONE",
    "searchTime" : "2024-10-28T00:17:09.146Z[UTC]",
    "searchQuery" : "lost in ",
    "searchInteractionURIs" : [
      "spotify:track:79esEXlqqmq0GPz0xQSZTV"
    ]
  },
  {
    "platform" : "",
    "searchTime" : "2024-10-28T00:17:18.998Z[UTC]",
    "searchQuery" : "lost in cal",
    "searchInteractionURIs" : [
    ]
  },
  {
    "platform" : "",
    "searchTime" : "2024-10-28T00:17:19.185Z[UTC]",
    "searchQuery" : "lost in cal",
    "searchInteractionURIs" : [
    ]
  },
  {
    "platform" : "IPHONE",
    "searchTime" : "2024-10-28T00:17:20.096Z[UTC]",
    "searchQuery" : "lost in califo",
    "searchInteractionURIs" : [
      "spotify:search:lost+in+california"
    ]
  },
  {
    "platform" : "IPHONE",
    "searchTime" : "2024-10-28T00:17:23.528Z[UTC]",
    "searchQuery" : "lost in california",
    "searchInteractionURIs" : [
      "spotify:track:5R2niynvC312hWreL6RQFJ"
    ]
  },
  {
    "platform" : "",
    "searchTime" : "2024-10-28T00:22:06.729Z[UTC]",
    "searchQuery" : "st",
    "searchInteractionURIs" : [
    ]
  },
  {
    "platform" : "",
    "searchTime" : "2024-10-28T00:22:06.840Z[UTC]",
    "searchQuery" : "st",
    "searchInteractionURIs" : [
    ]
  },
  {
    "platform" : "IPHONE",
    "searchTime" : "2024-10-28T00:22:08.163Z[UTC]",
    "searchQuery" : "stranger",
    "searchInteractionURIs" : [
      "spotify:track:5mjYQaktjmjcMKcUIcqz4s"
    ]
  },
  {
    "platform" : "IPHONE",
    "searchTime" : "2024-10-29T20:42:23.396Z[UTC]",
    "searchQuery" : "diva",
    "searchInteractionURIs" : [
      "spotify:track:6jafoo6d5c9Jk7QQiy3qPI"
    ]
  },
  {
    "platform" : "IPHONE",
    "searchTime" : "2024-10-30T01:38:43.192Z[UTC]",
    "searchQuery" : "agath",
    "searchInteractionURIs" : [
      "spotify:track:0kHsXoIt6dONEdkgKgyjoK",
      "spotify:track:20A2Xe76p9wxUFLbbzZjTM",
      "spotify:track:20A2Xe76p9wxUFLbbzZjTM"
    ]
  },
  {
    "platform" : "",
    "searchTime" : "2024-11-03T01:31:11.048Z[UTC]",
    "searchQuery" : "p",
    "searchInteractionURIs" : [
    ]
  },
  {
    "platform" : "",
    "searchTime" : "2024-11-03T01:31:11.316Z[UTC]",
    "searchQuery" : "p",
    "searchInteractionURIs" : [
    ]
  },
  {
    "platform" : "",
    "searchTime" : "2024-11-03T01:31:11.674Z[UTC]",
    "searchQuery" : "powe",
    "searchInteractionURIs" : [
    ]
  },
  {
    "platform" : "",
    "searchTime" : "2024-11-03T01:31:11.780Z[UTC]",
    "searchQuery" : "powe",
    "searchInteractionURIs" : [
    ]
  },
  {
    "platform" : "",
    "searchTime" : "2024-11-03T01:31:11.828Z[UTC]",
    "searchQuery" : "power",
    "searchInteractionURIs" : [
    ]
  },
  {
    "platform" : "",
    "searchTime" : "2024-11-03T01:31:11.912Z[UTC]",
    "searchQuery" : "power",
    "searchInteractionURIs" : [
    ]
  },
  {
    "platform" : "IPHONE",
    "searchTime" : "2024-11-03T01:31:12.741Z[UTC]",
    "searchQuery" : "power",
    "searchInteractionURIs" : [
      "spotify:track:4XsJiRJQAK8TWcZCn0Dxlh",
      "spotify:playlist:37i9dQZF1EIhHdTqR7Ce7M"
    ]
  },
  {
    "platform" : "IPHONE",
    "searchTime" : "2024-11-04T03:44:56.669Z[UTC]",
    "searchQuery" : "born ",
    "searchInteractionURIs" : [
      "spotify:track:2z9FUHRkbkV4BObNzbHsFU",
      "spotify:track:2z9FUHRkbkV4BObNzbHsFU"
    ]
  },
  {
    "platform" : "IPHONE",
    "searchTime" : "2024-11-04T17:46:22.020Z[UTC]",
    "searchQuery" : "power",
    "searchInteractionURIs" : [
      "spotify:track:4XsJiRJQAK8TWcZCn0Dxlh"
    ]
  },
  {
    "platform" : "",
    "searchTime" : "2024-11-05T18:29:48.340Z[UTC]",
    "searchQuery" : "stu",
    "searchInteractionURIs" : [
    ]
  },
  {
    "platform" : "",
    "searchTime" : "2024-11-05T18:29:48.519Z[UTC]",
    "searchQuery" : "stu",
    "searchInteractionURIs" : [
    ]
  },
  {
    "platform" : "",
    "searchTime" : "2024-11-05T18:29:48.688Z[UTC]",
    "searchQuery" : "st",
    "searchInteractionURIs" : [
    ]
  },
  {
    "platform" : "",
    "searchTime" : "2024-11-05T18:29:48.875Z[UTC]",
    "searchQuery" : "st",
    "searchInteractionURIs" : [
    ]
  },
  {
    "platform" : "",
    "searchTime" : "2024-11-05T18:29:50.475Z[UTC]",
    "searchQuery" : "studying ",
    "searchInteractionURIs" : [
    ]
  },
  {
    "platform" : "",
    "searchTime" : "2024-11-05T18:29:50.703Z[UTC]",
    "searchQuery" : "studying ",
    "searchInteractionURIs" : [
    ]
  },
  {
    "platform" : "OSX_X86_64",
    "searchTime" : "2024-11-05T18:29:52.150Z[UTC]",
    "searchQuery" : "studying coding",
    "searchInteractionURIs" : [
    ]
  },
  {
    "platform" : "",
    "searchTime" : "2024-11-05T18:29:52.187Z[UTC]",
    "searchQuery" : "studying coding",
    "searchInteractionURIs" : [
    ]
  },
  {
    "platform" : "IPHONE",
    "searchTime" : "2024-11-06T08:50:39.030Z[UTC]",
    "searchQuery" : "die",
    "searchInteractionURIs" : [
      "spotify:track:2plbrEY59IikOBgBGLjaoe"
    ]
  },
  {
    "platform" : "IPHONE",
    "searchTime" : "2024-11-08T01:05:41.502Z[UTC]",
    "searchQuery" : "te",
    "searchInteractionURIs" : [
      "spotify:search:telephone"
    ]
  },
  {
    "platform" : "IPHONE",
    "searchTime" : "2024-11-08T01:05:44.722Z[UTC]",
    "searchQuery" : "telephone",
    "searchInteractionURIs" : [
      "spotify:track:4TCL0qqKyqsMZml0G3M9IM",
      "spotify:track:2uXlHiOE4o5xHOCiob8DKn"
    ]
  },
  {
    "platform" : "IPHONE",
    "searchTime" : "2024-11-08T17:31:53.665Z[UTC]",
    "searchQuery" : "bella anime",
    "searchInteractionURIs" : [
      "spotify:playlist:2zpI4FVmJB9rAmMH3fjwTD"
    ]
  },
  {
    "platform" : "IPHONE",
    "searchTime" : "2024-11-10T03:55:30.906Z[UTC]",
    "searchQuery" : "tv",
    "searchInteractionURIs" : [
      "spotify:artist:0Y6dVaC9DZtPNH4591M42W",
      "spotify:track:3GYlZ7tbxLOxe6ewMNVTkw"
    ]
  }
]