[
  {
    "endTime" : "2023-12-26 17:01",
    "podcastName" : "New York Times Best Sellers by The Book Guide® ➜ Best NonFiction Books",
    "episodeName" : "The Woman in Me Audiobook 🎧 by Britney Spears A Memoir",
    "msPlayed" : 47670
  },
  {
    "endTime" : "2023-12-26 17:02",
    "podcastName" : "lea's nsfw audios✩",
    "episodeName" : "albedo - study (nsfw)",
    "msPlayed" : 30670
  },
  {
    "endTime" : "2023-12-26 17:40",
    "podcastName" : "The Next Great Read (TNGR) | education purpose",
    "episodeName" : "The Song of Achilles - (education purpose)",
    "msPlayed" : 2284450
  },
  {
    "endTime" : "2024-01-02 14:31",
    "podcastName" : "The Next Great Read (TNGR) | education purpose",
    "episodeName" : "The Song of Achilles - (education purpose)",
    "msPlayed" : 24735317
  },
  {
    "endTime" : "2024-01-14 08:37",
    "podcastName" : "The Next Great Read (TNGR) | education purpose",
    "episodeName" : "The Song of Achilles - (education purpose)",
    "msPlayed" : 64780
  },
  {
    "endTime" : "2024-05-15 09:31",
    "podcastName" : "Alt Shift ZZZ",
    "episodeName" : "House of the Dragon S1E01 Explained (Alt Shift X)",
    "msPlayed" : 5030
  },
  {
    "endTime" : "2024-06-26 01:48",
    "podcastName" : "Erika Taught Me",
    "episodeName" : "How Barbara Corcoran’s Divorce Inspired Her To Make 66 Million Dollars | VIDEO",
    "msPlayed" : 0
  },
  {
    "endTime" : "2024-06-26 02:43",
    "podcastName" : "Erika Taught Me",
    "episodeName" : "How Barbara Corcoran’s Divorce Inspired Her To Make 66 Million Dollars | VIDEO",
    "msPlayed" : 50382
  },
  {
    "endTime" : "2024-06-27 03:47",
    "podcastName" : "Erika Taught Me",
    "episodeName" : "How Barbara Corcoran’s Divorce Inspired Her To Make 66 Million Dollars | VIDEO",
    "msPlayed" : 15
  },
  {
    "endTime" : "2024-06-29 01:33",
    "podcastName" : "Erika Taught Me",
    "episodeName" : "How Barbara Corcoran’s Divorce Inspired Her To Make 66 Million Dollars | VIDEO",
    "msPlayed" : 0
  },
  {
    "endTime" : "2024-07-11 23:16",
    "podcastName" : "Cody & Ko",
    "episodeName" : "World's Funniest Confessions 8",
    "msPlayed" : 866
  },
  {
    "endTime" : "2024-07-11 23:53",
    "podcastName" : "Cody & Ko",
    "episodeName" : "World's Funniest Confessions 8",
    "msPlayed" : 16518
  },
  {
    "endTime" : "2024-07-12 18:47",
    "podcastName" : "Cody & Ko",
    "episodeName" : "World's Funniest Confessions 8",
    "msPlayed" : 114
  },
  {
    "endTime" : "2024-07-13 19:13",
    "podcastName" : "Hello Future Me",
    "episodeName" : "Why Mythology Is So Weird",
    "msPlayed" : 5929
  },
  {
    "endTime" : "2024-07-13 19:30",
    "podcastName" : "Cody & Ko",
    "episodeName" : "World's Funniest Confessions 8",
    "msPlayed" : 9253
  },
  {
    "endTime" : "2024-07-15 16:40",
    "podcastName" : "Hello Future Me",
    "episodeName" : "Why Mythology Is So Weird",
    "msPlayed" : 17492
  },
  {
    "endTime" : "2024-07-15 16:42",
    "podcastName" : "Hello Future Me",
    "episodeName" : "Why Mythology Is So Weird",
    "msPlayed" : 0
  },
  {
    "endTime" : "2024-07-15 16:50",
    "podcastName" : "Hello Future Me",
    "episodeName" : "Why Mythology Is So Weird",
    "msPlayed" : 613
  },
  {
    "endTime" : "2024-07-20 10:33",
    "podcastName" : "Hello Future Me",
    "episodeName" : "Why Mythology Is So Weird",
    "msPlayed" : 0
  },
  {
    "endTime" : "2024-08-12 22:02",
    "podcastName" : "The Official Game of Thrones Podcast: House of the Dragon",
    "episodeName" : "Season 2 In Review with Fabien Frankel",
    "msPlayed" : 11221
  },
  {
    "endTime" : "2024-08-19 21:13",
    "podcastName" : "Spiderum Books",
    "episodeName" : "A Song of Ice and Fire (1A): Cuộc chinh phạt của Aegon | Spiderum Giải Trí | Hải Stark | Động Truyện",
    "msPlayed" : 3306
  },
  {
    "endTime" : "2024-09-22 11:30",
    "podcastName" : "NoraASMR audios 🫶",
    "episodeName" : "[M4A] Late Night Studying with Your Bestfriend",
    "msPlayed" : 4702
  },
  {
    "endTime" : "2024-10-14 19:08",
    "podcastName" : "Call Me Daddy",
    "episodeName" : "Episode 1.: So Your Wife's In Labour",
    "msPlayed" : 12840
  }
]