{
  "tracks": [
    {
      "artist": "The Rare Occasions",
      "album": "Notion",
      "track": "Notion",
      "uri": "spotify:track:0sTlGEld0h8kIPZaKDYUf4"
    },
    {
      "artist": "Sherine",
      "album": "Habbeit",
      "track": "Kalam Eneih",
      "uri": "spotify:track:3csRdhC42FUQNgdfwPigQF"
    },
    {
      "artist": "Sherine",
      "album": "نساى",
      "track": "كلام عينيه",
      "uri": "spotify:track:6g95dK7o7vVh8ZCnDAseU5"
    },
    {
      "artist": "FKJ",
      "album": "Ylang Ylang EP",
      "track": "Ylang Ylang",
      "uri": "spotify:track:6lAMnXLVCBPMXXWAK4lGSL"
    }
  ],
  "albums": [
  ],
  "shows": [
  ],
  "episodes": [
    {
      "name": "Still With You - Jeon Jungkook -",
      "show": "MakFlakes ",
      "uri": "spotify:episode:5LwjGVNxJSTTTNYpzV3TqG"
    },
    {
      "name": "Still with you ",
      "show": "Podcast De La Escuela",
      "uri": "spotify:episode:2pMpLcTrAvRC15oWeBmdv2"
    },
    {
      "name": "Still With You by JK",
      "show": "celeste",
      "uri": "spotify:episode:7IFJwsFslfS7hdKAxaMiTU"
    }
  ],
  "bannedTracks": [
    {
      "artist": "Post Malone",
      "album": "Hollywood's Bleeding",
      "track": "Circles",
      "uri": "spotify:track:21jGcNKet2qwijlDFuPiPb"
    },
    {
      "artist": "Giveon",
      "album": "TAKE TIME",
      "track": "Heartbreak Anniversary",
      "uri": "spotify:track:3FAJ6O0NOHQV8Mc5Ri6ENp"
    },
    {
      "artist": "James Fortune",
      "album": "The Transformation",
      "track": "I Trust You",
      "uri": "spotify:track:0GYJVaCDz4kHOXCoI4Xgcv"
    },
    {
      "artist": "Beyoncé",
      "album": "BEYONCÉ [Platinum Edition]",
      "track": "Pretty Hurts",
      "uri": "spotify:track:7lUA4P03AhwAw40JHkdyGr"
    },
    {
      "artist": "The Weeknd",
      "album": "After Hours",
      "track": "Blinding Lights",
      "uri": "spotify:track:0VjIjW4GlUZAMYd2vXMi3b"
    },
    {
      "artist": "Harry Styles",
      "album": "Fine Line",
      "track": "She",
      "uri": "spotify:track:6SQLk9HSNketfgs2AyIiMs"
    },
    {
      "artist": "Sueco",
      "album": "Paralyzed",
      "track": "Paralyzed",
      "uri": "spotify:track:5svL1PkWw8hPEAOdTNLexy"
    },
    {
      "artist": "Coko",
      "album": "Always Coko",
      "track": "Endow Me",
      "uri": "spotify:track:6BvbwCuCVobHdwOn7I6Orw"
    }
  ],
  "artists": [
    {
      "name": "DPR IAN",
      "uri": "spotify:artist:2o8gT0fQmFxGNbowbdgeZe"
    },
    {
      "name": "Laufey",
      "uri": "spotify:artist:7gW0r5CkdEUMm42w9XpyZO"
    }
  ],
  "bannedArtists": [
    {
      "name": "Taylor Swift",
      "uri": "spotify:artist:06HL4z0CvFAxyc27GXpf02"
    },
    {
      "name": "Travis Scott",
      "uri": "spotify:artist:0Y5tJX1MQlPlqiwlOH1tJY"
    }
  ],
  "other": [
  ]
}