sku_id,product_id,shade_name,list_price,sale_price,in_stock,is_final_sale,badge,swatch_img_url
2990125,P458747,Out Of Office,$40.00,,False,False,,https://www.sephora.com/productimages/sku/s2990125-main-zoom.jpg
2742492,P458747,Just Enough,$40.00,,False,False,,https://www.sephora.com/productimages/sku/s2742492-main-zoom.jpg
2742500,P458747,Not Too Much,$40.00,,False,False,,https://www.sephora.com/productimages/sku/s2742500-main-zoom.jpg
2555894,P458747,She's Vibrant,$40.00,,False,False,,https://www.sephora.com/productimages/sku/s2555894-main-zoom.jpg
2555886,P458747,She's a Doll,$40.00,,False,False,,https://www.sephora.com/productimages/sku/s2555886-main-zoom.jpg
2363844,P458747,She's That Girl,$40.00,,False,False,,https://www.sephora.com/productimages/sku/s2363844-main-zoom.jpg
2699379,P458747,She's Flushed,$40.00,,False,False,,https://www.sephora.com/productimages/sku/s2699379-main-zoom.jpg
2568665,P458747,She's Blushing,$40.00,,False,False,,https://www.sephora.com/productimages/sku/s2568665-main-zoom.jpg
2699361,P458747,She's Wanted,$40.00,,False,False,,https://www.sephora.com/productimages/sku/s2699361-main-zoom.jpg
2364289,P458747,She's So LA,$40.00,,False,False,,https://www.sephora.com/productimages/sku/s2364289-main-zoom.jpg
2906113,P458747,She's That Girl,$25.00,,False,False,,https://www.sephora.com/productimages/sku/s2906113-main-zoom.jpg
2926020,P458747,She Goes To The Gym,$25.00,,False,False,,https://www.sephora.com/productimages/sku/s2926020-main-zoom.jpg
2925998,P458747,She's Seductive,$25.00,,False,False,,https://www.sephora.com/productimages/sku/s2925998-main-zoom.jpg
2926004,P458747,She Left Me On Red,$25.00,,False,False,,https://www.sephora.com/productimages/sku/s2926004-main-zoom.jpg
2925980,P458747,Soft Launch,$40.00,,False,False,,https://www.sephora.com/productimages/sku/s2925980-main-zoom.jpg
2849768,P458747,She Goes To The Gym,$40.00,,False,False,,https://www.sephora.com/productimages/sku/s2849768-main-zoom.jpg
2849784,P458747,She's Seductive,$40.00,,False,False,,https://www.sephora.com/productimages/sku/s2849784-main-zoom.jpg
2849776,P458747,She Left Me On Red,$40.00,,False,False,,https://www.sephora.com/productimages/sku/s2849776-main-zoom.jpg
2849750,P458747,She Knows Who She Is,$40.00,,False,False,,https://www.sephora.com/productimages/sku/s2849750-main-zoom.jpg
2926012,P458747,Thank Me Later,$40.00,,False,False,,https://www.sephora.com/productimages/sku/s2926012-main-zoom.jpg
2911741,P97989778,Adore,$25.00,,False,False,allure 2022 Best of Beauty Award Winner,https://www.sephora.com/productimages/sku/s2911741-main-zoom.jpg?pb=allure-2022-bestofbeauty-badge
2518959,P97989778,Believe,$25.00,,False,False,allure 2022 Best of Beauty Award Winner,https://www.sephora.com/productimages/sku/s2518959-main-zoom.jpg?pb=allure-2022-bestofbeauty-badge
2518983,P97989778,Hope,$25.00,,False,False,allure 2022 Best of Beauty Award Winner,https://www.sephora.com/productimages/sku/s2518983-main-zoom.jpg?pb=allure-2022-bestofbeauty-badge
2518991,P97989778,Encourage,$25.00,,False,False,allure 2022 Best of Beauty Award Winner,https://www.sephora.com/productimages/sku/s2518991-main-zoom.jpg?pb=allure-2022-bestofbeauty-badge
2362085,P97989778,Happy,$25.00,,False,False,allure 2022 Best of Beauty Award Winner,https://www.sephora.com/productimages/sku/s2362085-main-zoom.jpg?pb=allure-2022-bestofbeauty-badge
2354140,P97989778,Joy,$25.00,,False,False,allure 2022 Best of Beauty Award Winner,https://www.sephora.com/productimages/sku/s2354140-main-zoom.jpg?pb=allure-2022-bestofbeauty-badge
2362101,P97989778,Grateful,$25.00,,False,False,allure 2022 Best of Beauty Award Winner,https://www.sephora.com/productimages/sku/s2362101-main-zoom.jpg?pb=allure-2022-bestofbeauty-badge
2362127,P97989778,Bliss,$25.00,,False,False,allure 2022 Best of Beauty Award Winner,https://www.sephora.com/productimages/sku/s2362127-main-zoom.jpg?pb=allure-2022-bestofbeauty-badge
2362143,P97989778,Love,$25.00,,False,False,allure 2022 Best of Beauty Award Winner,https://www.sephora.com/productimages/sku/s2362143-main-zoom.jpg?pb=allure-2022-bestofbeauty-badge
2362119,P97989778,Grace,$25.00,,False,False,allure 2022 Best of Beauty Award Winner,https://www.sephora.com/productimages/sku/s2362119-main-zoom.jpg?pb=allure-2022-bestofbeauty-badge
2640241,P97989778,Worth,$25.00,,False,False,allure 2022 Best of Beauty Award Winner,https://www.sephora.com/productimages/sku/s2640241-main-zoom.jpg?pb=allure-2022-bestofbeauty-badge
2640258,P97989778,Virtue,$25.00,,False,False,allure 2022 Best of Beauty Award Winner,https://www.sephora.com/productimages/sku/s2640258-main-zoom.jpg?pb=allure-2022-bestofbeauty-badge
2911691,P97989778,Spirited,$25.00,,False,False,allure 2022 Best of Beauty Award Winner,https://www.sephora.com/productimages/sku/s2911691-main-zoom.jpg?pb=allure-2022-bestofbeauty-badge
2911675,P97989778,Resilience,$25.00,,False,False,allure 2022 Best of Beauty Award Winner,https://www.sephora.com/productimages/sku/s2911675-main-zoom.jpg?pb=allure-2022-bestofbeauty-badge
2712867,P97989778,Hope,$16.00,,False,False,allure 2022 Best of Beauty Award Winner,https://www.sephora.com/productimages/sku/s2712867-main-zoom.jpg?pb=allure-2022-bestofbeauty-badge
2761971,P97989778,Happy,$16.00,,False,False,allure 2022 Best of Beauty Award Winner,https://www.sephora.com/productimages/sku/s2761971-main-zoom.jpg?pb=allure-2022-bestofbeauty-badge
2893329,P97989778,Charm,$16.00,,False,False,allure 2022 Best of Beauty Award Winner,https://www.sephora.com/productimages/sku/s2893329-main-zoom.jpg?pb=allure-2022-bestofbeauty-badge
2762029,P97989778,Grateful,$16.00,,False,False,allure 2022 Best of Beauty Award Winner,https://www.sephora.com/productimages/sku/s2762029-main-zoom.jpg?pb=allure-2022-bestofbeauty-badge
2893360,P97989778,Faith,$16.00,,False,False,allure 2022 Best of Beauty Award Winner,https://www.sephora.com/productimages/sku/s2893360-main-zoom.jpg?pb=allure-2022-bestofbeauty-badge
2893345,P97989778,Spirited,$16.00,,False,False,allure 2022 Best of Beauty Award Winner,https://www.sephora.com/productimages/sku/s2893345-main-zoom.jpg?pb=allure-2022-bestofbeauty-badge
2893410,P97989778,Wonder,$16.00,,False,False,allure 2022 Best of Beauty Award Winner,https://www.sephora.com/productimages/sku/s2893410-main-zoom.jpg?pb=allure-2022-bestofbeauty-badge
2975878,P515061,Ma Donna,$28.00,,False,False,Clean plus Planet Aware,https://www.sephora.com/productimages/sku/s2975878-main-zoom.jpg?pb=clean-planet-aware
2849156,P515061,Stella,$28.00,,False,False,Clean plus Planet Aware,https://www.sephora.com/productimages/sku/s2849156-main-zoom.jpg?pb=clean-planet-aware
2975969,P515061,Fruitti,$28.00,,False,False,Clean plus Planet Aware,https://www.sephora.com/productimages/sku/s2975969-main-zoom.jpg?pb=clean-planet-aware
2849164,P515061,Grazie,$28.00,,False,False,Clean plus Planet Aware,https://www.sephora.com/productimages/sku/s2849164-main-zoom.jpg?pb=clean-planet-aware
2975845,P515061,Vino,$28.00,,False,False,Clean plus Planet Aware,https://www.sephora.com/productimages/sku/s2975845-main-zoom.jpg?pb=clean-planet-aware
2849149,P515061,Ciao,$28.00,,False,False,Clean plus Planet Aware,https://www.sephora.com/productimages/sku/s2849149-main-zoom.jpg?pb=clean-planet-aware
2849123,P515061,Mia,$28.00,,False,False,Clean plus Planet Aware,https://www.sephora.com/productimages/sku/s2849123-main-zoom.jpg?pb=clean-planet-aware
2998102,P517483,Teacup,$25.00,,False,False,Clean at Sephora,https://www.sephora.com/productimages/sku/s2998102-main-zoom.jpg?pb=clean-at-sephora
2896181,P517483,Piggy - baby pink,$25.00,,False,False,Clean at Sephora,https://www.sephora.com/productimages/sku/s2896181-main-zoom.jpg?pb=clean-at-sephora
2896033,P517483,Sprinkle - warm pearly pink,$25.00,,False,False,Clean at Sephora,https://www.sephora.com/productimages/sku/s2896033-main-zoom.jpg?pb=clean-at-sephora
2895779,P517483,Juice Box - hot pink,$25.00,,False,False,Clean at Sephora,https://www.sephora.com/productimages/sku/s2895779-main-zoom.jpg?pb=clean-at-sephora
2895860,P517483,Spicy Marg - bright coral,$25.00,,False,False,Clean at Sephora,https://www.sephora.com/productimages/sku/s2895860-main-zoom.jpg?pb=clean-at-sephora
2896124,P517483,Freckle - neutral peach,$25.00,,False,False,Clean at Sephora,https://www.sephora.com/productimages/sku/s2896124-main-zoom.jpg?pb=clean-at-sephora
2916823,P517483,Tan Line - pinky tan,$25.00,,False,False,Clean at Sephora,https://www.sephora.com/productimages/sku/s2916823-main-zoom.jpg?pb=clean-at-sephora
2895845,P517483,Sleepy Girl - soft mauve,$25.00,,False,False,Clean at Sephora,https://www.sephora.com/productimages/sku/s2895845-main-zoom.jpg?pb=clean-at-sephora
2895969,P517483,Toasted Teddy - bronze terracotta,$25.00,,False,False,Clean at Sephora,https://www.sephora.com/productimages/sku/s2895969-main-zoom.jpg?pb=clean-at-sephora
2916815,P517483,Sun Soak - spiced orange,$25.00,,False,False,Clean at Sephora,https://www.sephora.com/productimages/sku/s2916815-main-zoom.jpg?pb=clean-at-sephora
2896116,P517483,Date Cake - warm red berry,$25.00,,False,False,Clean at Sephora,https://www.sephora.com/productimages/sku/s2896116-main-zoom.jpg?pb=clean-at-sephora
2998110,P517483,Candy Apple,$25.00,,False,False,Clean at Sephora,https://www.sephora.com/productimages/sku/s2998110-main-zoom.jpg?pb=clean-at-sephora
2954675,P510756,Strawberry Latte,$25.00,,False,False,,https://www.sephora.com/productimages/sku/s2954675-main-zoom.jpg
2837169,P510756,Bubblegum,$25.00,,False,False,,https://www.sephora.com/productimages/sku/s2837169-main-zoom.jpg
2828911,P510756,Ube Cream,$25.00,,False,False,,https://www.sephora.com/productimages/sku/s2828911-main-zoom.jpg
2767309,P510756,Cotton Candy,$25.00,,False,False,,https://www.sephora.com/productimages/sku/s2767309-main-zoom.jpg
2837144,P510756,Sunset Lychee,$25.00,,False,False,,https://www.sephora.com/productimages/sku/s2837144-main-zoom.jpg
2767317,P510756,Strawberry Cream,$25.00,,False,False,,https://www.sephora.com/productimages/sku/s2767317-main-zoom.jpg
2814366,P510756,Latte,$25.00,,False,False,,https://www.sephora.com/productimages/sku/s2814366-main-zoom.jpg
2934255,P510756,Ube Berry,$25.00,,False,False,,https://www.sephora.com/productimages/sku/s2934255-main-zoom.jpg
2837151,P510756,Intense Guava,$25.00,,False,False,,https://www.sephora.com/productimages/sku/s2837151-main-zoom.jpg
2954659,P510756,Berry Fever,$25.00,,False,False,,https://www.sephora.com/productimages/sku/s2954659-main-zoom.jpg
2767283,P510756,Black Cherry,$25.00,,False,False,,https://www.sephora.com/productimages/sku/s2767283-main-zoom.jpg
2817930,P510756,Coco-Loco,$25.00,,False,False,,https://www.sephora.com/productimages/sku/s2817930-main-zoom.jpg
