[
  {
    "message_previous_connected_device_id": "84e0edb8be8ea273b09ebf3977a93210bd4d17c1",
    "timestamp_utc": "2024-08-29T03:17:47.958Z",
    "context_application_version": "8.9.68.490",
    "context_conn_country": "US",
    "context_device_manufacturer": "apple",
    "context_device_model": "iPad14,4",
    "context_device_type": "tablet",
    "context_os_name": "ios",
    "context_os_version": "17.5.1",
    "context_receiver_service_timestamp": 1724901477816,
    "context_time": 1724901467958,
    "message_accessory_type": "bluetooth",
    "message_app_state": "foreground",
    "message_playback_state": "playing"
  },
  {
    "message_previous_connected_device_id": "7a9fe92b2ffa800e9dbd3da0897d374e4574fdb2",
    "timestamp_utc": "2024-09-23T19:30:02.755Z",
    "context_application_version": "8.9.76.516",
    "context_conn_country": "US",
    "context_device_manufacturer": "apple",
    "context_device_model": "iPhone13,4",
    "context_device_type": "mobile",
    "context_os_name": "ios",
    "context_os_version": "17.6.1",
    "context_receiver_service_timestamp": 1727119808948,
    "context_time": 1727119802755,
    "message_accessory_type": "bluetooth",
    "message_app_state": "background",
    "message_playback_state": "playing"
  },
  {
    "message_previous_connected_device_id": "6cdbd6b855591a8996b3f7f4cc2b2916e6f04a09",
    "timestamp_utc": "2024-10-19T21:40:29.527Z",
    "context_application_version": "8.9.82.628",
    "context_conn_country": "US",
    "context_device_manufacturer": "apple",
    "context_device_model": "iPad14,4",
    "context_device_type": "tablet",
    "context_os_name": "ios",
    "context_os_version": "18.0.1",
    "context_receiver_service_timestamp": 1729374032250,
    "context_time": 1729374029527,
    "message_accessory_type": "bluetooth",
    "message_app_state": "foreground",
    "message_playback_state": "playing"
  },
  {
    "message_previous_connected_device_id": "7a9fe92b2ffa800e9dbd3da0897d374e4574fdb2",
    "timestamp_utc": "2024-09-30T21:32:17.627Z",
    "context_application_version": "8.9.76.516",
    "context_conn_country": "US",
    "context_device_manufacturer": "apple",
    "context_device_model": "iPhone13,4",
    "context_device_type": "mobile",
    "context_os_name": "ios",
    "context_os_version": "18.0",
    "context_receiver_service_timestamp": 1727731938905,
    "context_time": 1727731937627,
    "message_accessory_type": "bluetooth",
    "message_app_state": "foreground",
    "message_playback_state": "playing"
  },
  {
    "message_previous_connected_device_id": "7a9fe92b2ffa800e9dbd3da0897d374e4574fdb2",
    "timestamp_utc": "2024-09-30T19:24:38.309Z",
    "context_application_version": "8.9.76.516",
    "context_conn_country": "US",
    "context_device_manufacturer": "apple",
    "context_device_model": "iPhone13,4",
    "context_device_type": "mobile",
    "context_os_name": "ios",
    "context_os_version": "18.0",
    "context_receiver_service_timestamp": 1727724296466,
    "context_time": 1727724278309,
    "message_accessory_type": "bluetooth",
    "message_app_state": "foreground",
    "message_playback_state": "playing"
  }
]