[
  {
    "timestamp_utc": "2024-10-28T00:17:56.121Z",
    "context_time": 1730074676121,
    "message_client_platform": 36,
    "message_item_uri": "spotify:track:73bDvrmSBh2fr53tLDH9oA",
    "message_item_uri_kind": "track",
    "message_playlist_uri": "spotify:playlist:3J7mtpBF025R7W3m3UA0HH"
  },
  {
    "timestamp_utc": "2024-09-02T21:27:26.981Z",
    "context_time": 1725312446981,
    "message_client_platform": null,
    "message_item_uri": "spotify:track:33S16Xa5cZmLPhn6eZI4Nm",
    "message_item_uri_kind": "track",
    "message_playlist_uri": "spotify:playlist:7aLVONqQqNL8Hx1896TKof"
  },
  {
    "timestamp_utc": "2024-10-06T00:18:33.728Z",
    "context_time": 1728173913728,
    "message_client_platform": 36,
    "message_item_uri": "spotify:track:1kGvwKNeDpTuMDw0KWqT92",
    "message_item_uri_kind": "track",
    "message_playlist_uri": "spotify:playlist:3J7mtpBF025R7W3m3UA0HH"
  },
  {
    "timestamp_utc": "2024-08-27T07:22:19.999Z",
    "context_time": 1724743339999,
    "message_client_platform": 36,
    "message_item_uri": "spotify:track:4VnDmjYCZkyeqeb0NIKqdA",
    "message_item_uri_kind": "track",
    "message_playlist_uri": "spotify:playlist:3m0oKYSbiPZdl1CIQ4jp4r"
  },
  {
    "timestamp_utc": "2024-08-30T16:57:57.007Z",
    "context_time": 1725037077007,
    "message_client_platform": 36,
    "message_item_uri": "spotify:track:7qbJ4Dh8xuYUFdAWL8SFPK",
    "message_item_uri_kind": "track",
    "message_playlist_uri": "spotify:playlist:489jE5EhfnGJFsYQYvn2Ma"
  },
  {
    "timestamp_utc": "2024-10-06T00:18:53.617Z",
    "context_time": 1728173933617,
    "message_client_platform": 36,
    "message_item_uri": "spotify:track:20APmzlrVuZ7dMl2nPlLJi",
    "message_item_uri_kind": "track",
    "message_playlist_uri": "spotify:playlist:3J7mtpBF025R7W3m3UA0HH"
  },
  {
    "timestamp_utc": "2024-09-02T21:28:21.646Z",
    "context_time": 1725312501646,
    "message_client_platform": 36,
    "message_item_uri": "spotify:track:33S16Xa5cZmLPhn6eZI4Nm",
    "message_item_uri_kind": "track",
    "message_playlist_uri": "spotify:playlist:72Rc5Eey55eQ9XOyke9oEo"
  },
  {
    "timestamp_utc": "2024-08-27T07:22:42.093Z",
    "context_time": 1724743362093,
    "message_client_platform": 36,
    "message_item_uri": "spotify:track:424DkevE18QJazwlljiTD4",
    "message_item_uri_kind": "track",
    "message_playlist_uri": "spotify:playlist:2K9V3oqWs8r2zNamF4JSoH"
  },
  {
    "timestamp_utc": "2024-08-03T03:56:02.009Z",
    "context_time": 1722657362009,
    "message_client_platform": 36,
    "message_item_uri": "spotify:track:6kRYAhxnUNHBRcucyW4a2W",
    "message_item_uri_kind": "track",
    "message_playlist_uri": "spotify:playlist:00t8VQTStDa6CxDBwKXig5"
  },
  {
    "timestamp_utc": "2024-11-15T19:10:04.387Z",
    "context_time": 1731697804387,
    "message_client_platform": 36,
    "message_item_uri": "spotify:track:4TCL0qqKyqsMZml0G3M9IM",
    "message_item_uri_kind": "track",
    "message_playlist_uri": "spotify:playlist:3J7mtpBF025R7W3m3UA0HH"
  },
  {
    "timestamp_utc": "2024-08-21T17:30:31.600Z",
    "context_time": 1724261431600,
    "message_client_platform": 36,
    "message_item_uri": "spotify:track:1AvLUHxSunGMWWRfEFmWSC",
    "message_item_uri_kind": "track",
    "message_playlist_uri": "spotify:playlist:3J7mtpBF025R7W3m3UA0HH"
  },
  {
    "timestamp_utc": "2024-08-02T13:51:54.711Z",
    "context_time": 1722606714711,
    "message_client_platform": 36,
    "message_item_uri": "spotify:track:1QxcWlk8PivolUaWcpAoNq",
    "message_item_uri_kind": "track",
    "message_playlist_uri": "spotify:playlist:3DhYfL7oJvRDUy5as4yoJp"
  },
  {
    "timestamp_utc": "2024-08-27T07:20:27.819Z",
    "context_time": 1724743227819,
    "message_client_platform": 36,
    "message_item_uri": "spotify:track:51v7yO07BdGgP6hv0OaDe2",
    "message_item_uri_kind": "track",
    "message_playlist_uri": "spotify:playlist:3m0oKYSbiPZdl1CIQ4jp4r"
  },
  {
    "timestamp_utc": "2024-08-27T07:20:35.428Z",
    "context_time": 1724743235428,
    "message_client_platform": 36,
    "message_item_uri": "spotify:track:7jnEVqyvscIaGLsJ8ezkEV",
    "message_item_uri_kind": "track",
    "message_playlist_uri": "spotify:playlist:3m0oKYSbiPZdl1CIQ4jp4r"
  },
  {
    "timestamp_utc": "2024-08-30T06:46:29.550Z",
    "context_time": 1725000389550,
    "message_client_platform": 36,
    "message_item_uri": "spotify:track:6AulpMGee5cq7pjXUQ3VSS",
    "message_item_uri_kind": "track",
    "message_playlist_uri": "spotify:playlist:2K9V3oqWs8r2zNamF4JSoH"
  },
  {
    "timestamp_utc": "2024-10-02T19:24:04.750Z",
    "context_time": 1727897044750,
    "message_client_platform": 36,
    "message_item_uri": "spotify:track:2WRFD9WczJ975X2K1Y9YVs",
    "message_item_uri_kind": "track",
    "message_playlist_uri": "spotify:playlist:3J7mtpBF025R7W3m3UA0HH"
  },
  {
    "timestamp_utc": "2024-08-03T03:59:01.588Z",
    "context_time": 1722657541588,
    "message_client_platform": 36,
    "message_item_uri": "spotify:track:27JXVe80vFun97upipztKX",
    "message_item_uri_kind": "track",
    "message_playlist_uri": "spotify:playlist:3C9yqAHWTx0GqOyewNCSde"
  },
  {
    "timestamp_utc": "2024-10-05T01:06:18.417Z",
    "context_time": 1728090378417,
    "message_client_platform": 36,
    "message_item_uri": "spotify:track:6HoYz6oC2y3OWfeJIOooM7",
    "message_item_uri_kind": "track",
    "message_playlist_uri": "spotify:playlist:3J7mtpBF025R7W3m3UA0HH"
  },
  {
    "timestamp_utc": "2024-08-03T03:55:18.474Z",
    "context_time": 1722657318474,
    "message_client_platform": 36,
    "message_item_uri": "spotify:track:0WFryfbNKPXVtVQlz5dZ8H",
    "message_item_uri_kind": "track",
    "message_playlist_uri": "spotify:playlist:00t8VQTStDa6CxDBwKXig5"
  },
  {
    "timestamp_utc": "2024-08-06T23:46:59.258Z",
    "context_time": 1722988019258,
    "message_client_platform": 36,
    "message_item_uri": "spotify:track:19RybK6XDbAVpcdxSbZL1o",
    "message_item_uri_kind": "track",
    "message_playlist_uri": "spotify:playlist:3J7mtpBF025R7W3m3UA0HH"
  },
  {
    "timestamp_utc": "2024-08-28T05:15:13.895Z",
    "context_time": 1724822113895,
    "message_client_platform": 36,
    "message_item_uri": "spotify:track:6CeCOC2zx1qS8mQNYHe6IM",
    "message_item_uri_kind": "track",
    "message_playlist_uri": "spotify:playlist:3m0oKYSbiPZdl1CIQ4jp4r"
  },
  {
    "timestamp_utc": "2024-08-03T03:58:48.857Z",
    "context_time": 1722657528857,
    "message_client_platform": 36,
    "message_item_uri": "spotify:track:2f5qIo7nLQUGen5XjU6k7O",
    "message_item_uri_kind": "track",
    "message_playlist_uri": "spotify:playlist:3C9yqAHWTx0GqOyewNCSde"
  },
  {
    "timestamp_utc": "2024-10-05T22:54:47.734Z",
    "context_time": 1728168887734,
    "message_client_platform": 36,
    "message_item_uri": "spotify:track:4NFMIIgeniFgNfsB8Uj9Ta",
    "message_item_uri_kind": "track",
    "message_playlist_uri": "spotify:playlist:3J7mtpBF025R7W3m3UA0HH"
  },
  {
    "timestamp_utc": "2024-10-20T03:09:22.910Z",
    "context_time": 1729393762910,
    "message_client_platform": 36,
    "message_item_uri": "spotify:track:3qpyxgH65qNhJ9hLS2gWrS",
    "message_item_uri_kind": "track",
    "message_playlist_uri": "spotify:playlist:3J7mtpBF025R7W3m3UA0HH"
  },
  {
    "timestamp_utc": "2024-10-28T20:10:26.816Z",
    "context_time": 1730146226816,
    "message_client_platform": 36,
    "message_item_uri": "spotify:track:5vNRhkKd0yEAg8suGBpjeY",
    "message_item_uri_kind": "track",
    "message_playlist_uri": "spotify:playlist:3J7mtpBF025R7W3m3UA0HH"
  },
  {
    "timestamp_utc": "2024-08-27T07:23:56.505Z",
    "context_time": 1724743436505,
    "message_client_platform": 36,
    "message_item_uri": "spotify:track:6zW80jVqLtgSF1yCtGHiiD",
    "message_item_uri_kind": "track",
    "message_playlist_uri": "spotify:playlist:3m0oKYSbiPZdl1CIQ4jp4r"
  },
  {
    "timestamp_utc": "2024-11-04T03:45:09.401Z",
    "context_time": 1730691909401,
    "message_client_platform": 36,
    "message_item_uri": "spotify:track:2z9FUHRkbkV4BObNzbHsFU",
    "message_item_uri_kind": "track",
    "message_playlist_uri": "spotify:playlist:3J7mtpBF025R7W3m3UA0HH"
  },
  {
    "timestamp_utc": "2024-08-27T07:20:26.946Z",
    "context_time": 1724743226946,
    "message_client_platform": 36,
    "message_item_uri": "spotify:track:2QTDuJIGKUjR7E2Q6KupIh",
    "message_item_uri_kind": "track",
    "message_playlist_uri": "spotify:playlist:3m0oKYSbiPZdl1CIQ4jp4r"
  },
  {
    "timestamp_utc": "2024-11-04T17:50:18.739Z",
    "context_time": 1730742618739,
    "message_client_platform": 36,
    "message_item_uri": "spotify:track:4XsJiRJQAK8TWcZCn0Dxlh",
    "message_item_uri_kind": "track",
    "message_playlist_uri": "spotify:playlist:3J7mtpBF025R7W3m3UA0HH"
  },
  {
    "timestamp_utc": "2024-08-27T07:23:42.703Z",
    "context_time": 1724743422703,
    "message_client_platform": 36,
    "message_item_uri": "spotify:track:1e3hPMCGrwPXYZ1DQhsiCE",
    "message_item_uri_kind": "track",
    "message_playlist_uri": "spotify:playlist:3m0oKYSbiPZdl1CIQ4jp4r"
  },
  {
    "timestamp_utc": "2024-09-21T07:36:51.958Z",
    "context_time": 1726904211958,
    "message_client_platform": 36,
    "message_item_uri": "spotify:track:1g3Bc80hioYOSitxntNQYi",
    "message_item_uri_kind": "track",
    "message_playlist_uri": "spotify:playlist:3m0oKYSbiPZdl1CIQ4jp4r"
  },
  {
    "timestamp_utc": "2024-10-28T00:22:14.933Z",
    "context_time": 1730074934933,
    "message_client_platform": 36,
    "message_item_uri": "spotify:track:5mjYQaktjmjcMKcUIcqz4s",
    "message_item_uri_kind": "track",
    "message_playlist_uri": "spotify:playlist:3J7mtpBF025R7W3m3UA0HH"
  },
  {
    "timestamp_utc": "2024-08-27T07:20:44.113Z",
    "context_time": 1724743244113,
    "message_client_platform": 36,
    "message_item_uri": "spotify:track:1AvLUHxSunGMWWRfEFmWSC",
    "message_item_uri_kind": "track",
    "message_playlist_uri": "spotify:playlist:3m0oKYSbiPZdl1CIQ4jp4r"
  },
  {
    "timestamp_utc": "2024-11-17T08:31:29.277Z",
    "context_time": 1731832289277,
    "message_client_platform": 36,
    "message_item_uri": "spotify:track:4WYmrL0rc1Fiv7CkcETXzA",
    "message_item_uri_kind": "track",
    "message_playlist_uri": "spotify:playlist:2QSMVeD1MgCNx5iEyFv53t"
  },
  {
    "timestamp_utc": "2024-08-18T16:56:40.872Z",
    "context_time": 1724000200872,
    "message_client_platform": 36,
    "message_item_uri": "spotify:track:3lojJ4o7shT4zwl7ZWJqeP",
    "message_item_uri_kind": "track",
    "message_playlist_uri": "spotify:playlist:3J7mtpBF025R7W3m3UA0HH"
  },
  {
    "timestamp_utc": "2024-08-03T03:58:33.446Z",
    "context_time": 1722657513446,
    "message_client_platform": 36,
    "message_item_uri": "spotify:track:4dPnyaHuSuazWDvIXRBRZo",
    "message_item_uri_kind": "track",
    "message_playlist_uri": "spotify:playlist:3C9yqAHWTx0GqOyewNCSde"
  },
  {
    "timestamp_utc": "2024-09-09T05:47:39.347Z",
    "context_time": 1725860859347,
    "message_client_platform": 36,
    "message_item_uri": "spotify:track:62KZRwymXq9Rgm8Cm5UCfx",
    "message_item_uri_kind": "track",
    "message_playlist_uri": "spotify:playlist:362zGTv43K6SxYseE9wnRI"
  }
]