[
  {
    "timestamp_utc": "2024-08-19T21:19:48.918Z",
    "context_time": 1724102388918,
    "message_item_uri": "spotify:track:1AvLUHxSunGMWWRfEFmWSC",
    "message_set": "collection"
  },
  {
    "timestamp_utc": "2024-09-09T05:47:13.792Z",
    "context_time": 1725860833792,
    "message_item_uri": "spotify:track:62KZRwymXq9Rgm8Cm5UCfx",
    "message_set": "collection"
  },
  {
    "timestamp_utc": "2024-10-02T19:24:00.430Z",
    "context_time": 1727897040430,
    "message_item_uri": "spotify:track:2WRFD9WczJ975X2K1Y9YVs",
    "message_set": "collection"
  },
  {
    "timestamp_utc": "2024-08-30T16:57:46.854Z",
    "context_time": 1725037066854,
    "message_item_uri": "spotify:track:7qbJ4Dh8xuYUFdAWL8SFPK",
    "message_set": "collection"
  },
  {
    "timestamp_utc": "2024-11-17T08:30:38.786Z",
    "context_time": 1731832238786,
    "message_item_uri": "spotify:track:4WYmrL0rc1Fiv7CkcETXzA",
    "message_set": "collection"
  },
  {
    "timestamp_utc": "2024-08-28T05:15:09.112Z",
    "context_time": 1724822109112,
    "message_item_uri": "spotify:track:6CeCOC2zx1qS8mQNYHe6IM",
    "message_set": "collection"
  },
  {
    "timestamp_utc": "2024-08-27T07:23:35.360Z",
    "context_time": 1724743415360,
    "message_item_uri": "spotify:track:1e3hPMCGrwPXYZ1DQhsiCE",
    "message_set": "collection"
  },
  {
    "timestamp_utc": "2024-10-05T22:54:43.322Z",
    "context_time": 1728168883322,
    "message_item_uri": "spotify:track:4NFMIIgeniFgNfsB8Uj9Ta",
    "message_set": "collection"
  },
  {
    "timestamp_utc": "2024-08-27T04:43:21.507Z",
    "context_time": 1724733801507,
    "message_item_uri": "spotify:track:2QTDuJIGKUjR7E2Q6KupIh",
    "message_set": "collection"
  },
  {
    "timestamp_utc": "2024-08-27T07:18:43.500Z",
    "context_time": 1724743123500,
    "message_item_uri": "spotify:track:1g3Bc80hioYOSitxntNQYi",
    "message_set": "collection"
  },
  {
    "timestamp_utc": "2024-10-28T00:22:11.046Z",
    "context_time": 1730074931046,
    "message_item_uri": "spotify:track:5mjYQaktjmjcMKcUIcqz4s",
    "message_set": "collection"
  },
  {
    "timestamp_utc": "2024-10-05T01:06:15.086Z",
    "context_time": 1728090375086,
    "message_item_uri": "spotify:track:6HoYz6oC2y3OWfeJIOooM7",
    "message_set": "collection"
  },
  {
    "timestamp_utc": "2024-08-02T13:10:31.363Z",
    "context_time": 1722604231363,
    "message_item_uri": "spotify:track:1QxcWlk8PivolUaWcpAoNq",
    "message_set": "collection"
  },
  {
    "timestamp_utc": "2024-10-28T00:17:51.171Z",
    "context_time": 1730074671171,
    "message_item_uri": "spotify:track:73bDvrmSBh2fr53tLDH9oA",
    "message_set": "collection"
  },
  {
    "timestamp_utc": "2024-08-27T20:17:09.909Z",
    "context_time": 1724789829909,
    "message_item_uri": "spotify:episode:163ZNAu12LqZbnl5Ic1q2y",
    "message_set": "markedasfinished"
  }
]