[
  {
    "message_playlist_uri": "spotify:playlist:3J7mtpBF025R7W3m3UA0HH",
    "message_source_context_uri": "spotify:search",
    "message_source_view_uri": "spotify:search",
    "timestamp_utc": "2024-11-15T19:10:04.205Z",
    "context_application_version": "8.9.90.84",
    "context_conn_country": "US",
    "context_device_manufacturer": "apple",
    "context_device_model": "iPhone13,4",
    "context_device_type": "mobile",
    "context_os_name": "ios",
    "context_os_version": "18.0.1",
    "context_receiver_service_timestamp": 1731697828716,
    "context_time": 1731697804205,
    "message_item_uris": [
      "spotify:track:4TCL0qqKyqsMZml0G3M9IM"
    ],
    "message_new_playlist": null
  },
  {
    "message_playlist_uri": "spotify:playlist:3J7mtpBF025R7W3m3UA0HH",
    "message_source_context_uri": null,
    "message_source_view_uri": "playlist/addtoplaylist",
    "timestamp_utc": "2024-10-05T01:06:18.261Z",
    "context_application_version": "8.9.76.516",
    "context_conn_country": "US",
    "context_device_manufacturer": "apple",
    "context_device_model": "iPhone13,4",
    "context_device_type": "mobile",
    "context_os_name": "ios",
    "context_os_version": "18.0",
    "context_receiver_service_timestamp": 1728090381635,
    "context_time": 1728090378261,
    "message_item_uris": [
      "spotify:track:6HoYz6oC2y3OWfeJIOooM7"
    ],
    "message_new_playlist": null
  },
  {
    "message_playlist_uri": "spotify:playlist:2QSMVeD1MgCNx5iEyFv53t",
    "message_source_context_uri": "spotify:create-playlist:create?entities=spotify:track:4WYmrL0rc1Fiv7CkcETXzA&sourceURI",
    "message_source_view_uri": "spotify:create-playlist:create?entities=spotify:track:4WYmrL0rc1Fiv7CkcETXzA&sourceURI",
    "timestamp_utc": "2024-11-17T08:31:29.036Z",
    "context_application_version": "8.9.90.84",
    "context_conn_country": "US",
    "context_device_manufacturer": "apple",
    "context_device_model": "iPhone13,4",
    "context_device_type": "mobile",
    "context_os_name": "ios",
    "context_os_version": "18.0.1",
    "context_receiver_service_timestamp": 1731832294659,
    "context_time": 1731832289036,
    "message_item_uris": [
      "spotify:track:4WYmrL0rc1Fiv7CkcETXzA"
    ],
    "message_new_playlist": null
  },
  {
    "message_playlist_uri": "spotify:playlist:2K9V3oqWs8r2zNamF4JSoH",
    "message_source_context_uri": "spotify:playlist:2K9V3oqWs8r2zNamF4JSoH:recommended",
    "message_source_view_uri": "spotify:playlist:2K9V3oqWs8r2zNamF4JSoH",
    "timestamp_utc": "2024-08-30T06:46:29.289Z",
    "context_application_version": "8.9.68.490",
    "context_conn_country": "US",
    "context_device_manufacturer": "apple",
    "context_device_model": "iPad14,4",
    "context_device_type": "tablet",
    "context_os_name": "ios",
    "context_os_version": "17.5.1",
    "context_receiver_service_timestamp": 1725000403771,
    "context_time": 1725000389289,
    "message_item_uris": [
      "spotify:track:6AulpMGee5cq7pjXUQ3VSS"
    ],
    "message_new_playlist": null
  },
  {
    "message_playlist_uri": "spotify:playlist:3m0oKYSbiPZdl1CIQ4jp4r",
    "message_source_context_uri": "spotify:track:6CeCOC2zx1qS8mQNYHe6IM",
    "message_source_view_uri": "spotify:track:6CeCOC2zx1qS8mQNYHe6IM",
    "timestamp_utc": "2024-08-28T05:15:13.714Z",
    "context_application_version": "8.9.68.490",
    "context_conn_country": "US",
    "context_device_manufacturer": "apple",
    "context_device_model": "iPad14,4",
    "context_device_type": "tablet",
    "context_os_name": "ios",
    "context_os_version": "17.5.1",
    "context_receiver_service_timestamp": 1724822115971,
    "context_time": 1724822113714,
    "message_item_uris": [
      "spotify:track:6CeCOC2zx1qS8mQNYHe6IM"
    ],
    "message_new_playlist": null
  },
  {
    "message_playlist_uri": "spotify:playlist:3J7mtpBF025R7W3m3UA0HH",
    "message_source_context_uri": null,
    "message_source_view_uri": "playlist/addtoplaylist",
    "timestamp_utc": "2024-11-04T03:45:09.216Z",
    "context_application_version": "8.9.86.419",
    "context_conn_country": "US",
    "context_device_manufacturer": "apple",
    "context_device_model": "iPhone13,4",
    "context_device_type": "mobile",
    "context_os_name": "ios",
    "context_os_version": "18.0.1",
    "context_receiver_service_timestamp": 1730691914037,
    "context_time": 1730691909216,
    "message_item_uris": [
      "spotify:track:2z9FUHRkbkV4BObNzbHsFU"
    ],
    "message_new_playlist": null
  },
  {
    "message_playlist_uri": "spotify:playlist:3J7mtpBF025R7W3m3UA0HH",
    "message_source_context_uri": null,
    "message_source_view_uri": "playlist/addtoplaylist",
    "timestamp_utc": "2024-10-28T20:02:12.355Z",
    "context_application_version": "8.9.84.543",
    "context_conn_country": "US",
    "context_device_manufacturer": "apple",
    "context_device_model": "iPhone13,4",
    "context_device_type": "mobile",
    "context_os_name": "ios",
    "context_os_version": "18.0.1",
    "context_receiver_service_timestamp": 1730145778708,
    "context_time": 1730145732355,
    "message_item_uris": [
      "spotify:track:5vNRhkKd0yEAg8suGBpjeY"
    ],
    "message_new_playlist": null
  },
  {
    "message_playlist_uri": "spotify:playlist:3m0oKYSbiPZdl1CIQ4jp4r",
    "message_source_context_uri": "spotify:internal:assisted-curation",
    "message_source_view_uri": "spotify:playlist:3m0oKYSbiPZdl1CIQ4jp4r",
    "timestamp_utc": "2024-08-27T07:23:56.354Z",
    "context_application_version": "8.9.68.490",
    "context_conn_country": "US",
    "context_device_manufacturer": "apple",
    "context_device_model": "iPad14,4",
    "context_device_type": "tablet",
    "context_os_name": "ios",
    "context_os_version": "17.5.1",
    "context_receiver_service_timestamp": 1724743463768,
    "context_time": 1724743436354,
    "message_item_uris": [
      "spotify:track:6zW80jVqLtgSF1yCtGHiiD"
    ],
    "message_new_playlist": null
  },
  {
    "message_playlist_uri": "spotify:playlist:3m0oKYSbiPZdl1CIQ4jp4r",
    "message_source_context_uri": "spotify:internal:assisted-curation",
    "message_source_view_uri": "spotify:playlist:3m0oKYSbiPZdl1CIQ4jp4r",
    "timestamp_utc": "2024-08-27T07:20:27.684Z",
    "context_application_version": "8.9.68.490",
    "context_conn_country": "US",
    "context_device_manufacturer": "apple",
    "context_device_model": "iPad14,4",
    "context_device_type": "tablet",
    "context_os_name": "ios",
    "context_os_version": "17.5.1",
    "context_receiver_service_timestamp": 1724743253835,
    "context_time": 1724743227684,
    "message_item_uris": [
      "spotify:track:51v7yO07BdGgP6hv0OaDe2"
    ],
    "message_new_playlist": null
  },
  {
    "message_playlist_uri": "spotify:playlist:3m0oKYSbiPZdl1CIQ4jp4r",
    "message_source_context_uri": "spotify:internal:assisted-curation",
    "message_source_view_uri": "spotify:playlist:3m0oKYSbiPZdl1CIQ4jp4r",
    "timestamp_utc": "2024-08-27T07:20:26.809Z",
    "context_application_version": "8.9.68.490",
    "context_conn_country": "US",
    "context_device_manufacturer": "apple",
    "context_device_model": "iPad14,4",
    "context_device_type": "tablet",
    "context_os_name": "ios",
    "context_os_version": "17.5.1",
    "context_receiver_service_timestamp": 1724743253835,
    "context_time": 1724743226809,
    "message_item_uris": [
      "spotify:track:2QTDuJIGKUjR7E2Q6KupIh"
    ],
    "message_new_playlist": null
  },
  {
    "message_playlist_uri": "spotify:playlist:3J7mtpBF025R7W3m3UA0HH",
    "message_source_context_uri": "spotify:search",
    "message_source_view_uri": "spotify:search",
    "timestamp_utc": "2024-10-06T00:18:53.449Z",
    "context_application_version": "8.9.76.516",
    "context_conn_country": "US",
    "context_device_manufacturer": "apple",
    "context_device_model": "iPhone13,4",
    "context_device_type": "mobile",
    "context_os_name": "ios",
    "context_os_version": "18.0",
    "context_receiver_service_timestamp": 1728173934190,
    "context_time": 1728173933449,
    "message_item_uris": [
      "spotify:track:20APmzlrVuZ7dMl2nPlLJi"
    ],
    "message_new_playlist": null
  },
  {
    "message_playlist_uri": "spotify:playlist:3J7mtpBF025R7W3m3UA0HH",
    "message_source_context_uri": "spotify:artist:1ShxlsSSCyVCcrmXBd6Djf",
    "message_source_view_uri": "spotify:artist:1ShxlsSSCyVCcrmXBd6Djf",
    "timestamp_utc": "2024-10-06T00:18:33.570Z",
    "context_application_version": "8.9.76.516",
    "context_conn_country": "US",
    "context_device_manufacturer": "apple",
    "context_device_model": "iPhone13,4",
    "context_device_type": "mobile",
    "context_os_name": "ios",
    "context_os_version": "18.0",
    "context_receiver_service_timestamp": 1728173933198,
    "context_time": 1728173913570,
    "message_item_uris": [
      "spotify:track:1kGvwKNeDpTuMDw0KWqT92"
    ],
    "message_new_playlist": null
  },
  {
    "message_playlist_uri": "spotify:playlist:2K9V3oqWs8r2zNamF4JSoH",
    "message_source_context_uri": "spotify:user:joq2v1c1hybvy6t0b5vivbdiq:collection",
    "message_source_view_uri": "spotify:collection:tracks",
    "timestamp_utc": "2024-08-27T07:22:41.954Z",
    "context_application_version": "8.9.68.490",
    "context_conn_country": "US",
    "context_device_manufacturer": "apple",
    "context_device_model": "iPad14,4",
    "context_device_type": "tablet",
    "context_os_name": "ios",
    "context_os_version": "17.5.1",
    "context_receiver_service_timestamp": 1724743368818,
    "context_time": 1724743361954,
    "message_item_uris": [
      "spotify:track:424DkevE18QJazwlljiTD4"
    ],
    "message_new_playlist": null
  },
  {
    "message_playlist_uri": "spotify:playlist:3m0oKYSbiPZdl1CIQ4jp4r",
    "message_source_context_uri": "spotify:track:1e3hPMCGrwPXYZ1DQhsiCE",
    "message_source_view_uri": "spotify:track:1e3hPMCGrwPXYZ1DQhsiCE",
    "timestamp_utc": "2024-08-27T07:23:42.558Z",
    "context_application_version": "8.9.68.490",
    "context_conn_country": "US",
    "context_device_manufacturer": "apple",
    "context_device_model": "iPad14,4",
    "context_device_type": "tablet",
    "context_os_name": "ios",
    "context_os_version": "17.5.1",
    "context_receiver_service_timestamp": 1724743433780,
    "context_time": 1724743422558,
    "message_item_uris": [
      "spotify:track:1e3hPMCGrwPXYZ1DQhsiCE"
    ],
    "message_new_playlist": null
  },
  {
    "message_playlist_uri": "spotify:playlist:362zGTv43K6SxYseE9wnRI",
    "message_source_context_uri": null,
    "message_source_view_uri": "playlist/addtoplaylist",
    "timestamp_utc": "2024-09-09T05:47:39.226Z",
    "context_application_version": "8.9.70.592",
    "context_conn_country": "US",
    "context_device_manufacturer": "apple",
    "context_device_model": "iPhone13,4",
    "context_device_type": "mobile",
    "context_os_name": "ios",
    "context_os_version": "17.6.1",
    "context_receiver_service_timestamp": 1725860868887,
    "context_time": 1725860859226,
    "message_item_uris": [
      "spotify:track:62KZRwymXq9Rgm8Cm5UCfx"
    ],
    "message_new_playlist": null
  },
  {
    "message_playlist_uri": "spotify:playlist:3m0oKYSbiPZdl1CIQ4jp4r",
    "message_source_context_uri": "spotify:playlist:3m0oKYSbiPZdl1CIQ4jp4r:recommended",
    "message_source_view_uri": "spotify:playlist:3m0oKYSbiPZdl1CIQ4jp4r",
    "timestamp_utc": "2024-09-21T07:36:51.843Z",
    "context_application_version": "8.9.76.516",
    "context_conn_country": "US",
    "context_device_manufacturer": "apple",
    "context_device_model": "iPhone13,4",
    "context_device_type": "mobile",
    "context_os_name": "ios",
    "context_os_version": "17.6.1",
    "context_receiver_service_timestamp": 1726904241249,
    "context_time": 1726904211843,
    "message_item_uris": [
      "spotify:track:1g3Bc80hioYOSitxntNQYi"
    ],
    "message_new_playlist": null
  },
  {
    "message_playlist_uri": "spotify:playlist:3m0oKYSbiPZdl1CIQ4jp4r",
    "message_source_context_uri": "spotify:user:joq2v1c1hybvy6t0b5vivbdiq:collection",
    "message_source_view_uri": "spotify:collection:tracks",
    "timestamp_utc": "2024-08-27T07:22:19.851Z",
    "context_application_version": "8.9.68.490",
    "context_conn_country": "US",
    "context_device_manufacturer": "apple",
    "context_device_model": "iPad14,4",
    "context_device_type": "tablet",
    "context_os_name": "ios",
    "context_os_version": "17.5.1",
    "context_receiver_service_timestamp": 1724743343765,
    "context_time": 1724743339851,
    "message_item_uris": [
      "spotify:track:4VnDmjYCZkyeqeb0NIKqdA"
    ],
    "message_new_playlist": null
  },
  {
    "message_playlist_uri": "spotify:playlist:72Rc5Eey55eQ9XOyke9oEo",
    "message_source_context_uri": "spotify:search",
    "message_source_view_uri": "spotify:search",
    "timestamp_utc": "2024-09-02T21:28:21.447Z",
    "context_application_version": "8.9.68.490",
    "context_conn_country": "US",
    "context_device_manufacturer": "apple",
    "context_device_model": "iPhone13,4",
    "context_device_type": "mobile",
    "context_os_name": "ios",
    "context_os_version": "17.6.1",
    "context_receiver_service_timestamp": 1725312506583,
    "context_time": 1725312501447,
    "message_item_uris": [
      "spotify:track:33S16Xa5cZmLPhn6eZI4Nm"
    ],
    "message_new_playlist": null
  },
  {
    "message_playlist_uri": "spotify:playlist:3m0oKYSbiPZdl1CIQ4jp4r",
    "message_source_context_uri": "spotify:internal:assisted-curation",
    "message_source_view_uri": "spotify:playlist:3m0oKYSbiPZdl1CIQ4jp4r",
    "timestamp_utc": "2024-08-27T07:20:43.906Z",
    "context_application_version": "8.9.68.490",
    "context_conn_country": "US",
    "context_device_manufacturer": "apple",
    "context_device_model": "iPad14,4",
    "context_device_type": "tablet",
    "context_os_name": "ios",
    "context_os_version": "17.5.1",
    "context_receiver_service_timestamp": 1724743253835,
    "context_time": 1724743243906,
    "message_item_uris": [
      "spotify:track:1AvLUHxSunGMWWRfEFmWSC"
    ],
    "message_new_playlist": null
  },
  {
    "message_playlist_uri": "spotify:playlist:3J7mtpBF025R7W3m3UA0HH",
    "message_source_context_uri": "spotify:artist:1QfpRUtH14JLoY6F6AYmwt",
    "message_source_view_uri": "spotify:artist:1QfpRUtH14JLoY6F6AYmwt",
    "timestamp_utc": "2024-10-20T03:09:22.668Z",
    "context_application_version": "8.9.82.628",
    "context_conn_country": "US",
    "context_device_manufacturer": "apple",
    "context_device_model": "iPad14,4",
    "context_device_type": "tablet",
    "context_os_name": "ios",
    "context_os_version": "18.0.1",
    "context_receiver_service_timestamp": 1729393763552,
    "context_time": 1729393762668,
    "message_item_uris": [
      "spotify:track:3qpyxgH65qNhJ9hLS2gWrS"
    ],
    "message_new_playlist": null
  },
  {
    "message_playlist_uri": "spotify:playlist:3J7mtpBF025R7W3m3UA0HH",
    "message_source_context_uri": null,
    "message_source_view_uri": "playlist/addtoplaylist",
    "timestamp_utc": "2024-10-02T19:24:04.582Z",
    "context_application_version": "8.9.76.516",
    "context_conn_country": "US",
    "context_device_manufacturer": "apple",
    "context_device_model": "iPhone13,4",
    "context_device_type": "mobile",
    "context_os_name": "ios",
    "context_os_version": "18.0",
    "context_receiver_service_timestamp": 1727897065230,
    "context_time": 1727897044582,
    "message_item_uris": [
      "spotify:track:2WRFD9WczJ975X2K1Y9YVs"
    ],
    "message_new_playlist": null
  },
  {
    "message_playlist_uri": "spotify:playlist:3m0oKYSbiPZdl1CIQ4jp4r",
    "message_source_context_uri": "spotify:internal:assisted-curation",
    "message_source_view_uri": "spotify:playlist:3m0oKYSbiPZdl1CIQ4jp4r",
    "timestamp_utc": "2024-08-27T07:20:35.269Z",
    "context_application_version": "8.9.68.490",
    "context_conn_country": "US",
    "context_device_manufacturer": "apple",
    "context_device_model": "iPad14,4",
    "context_device_type": "tablet",
    "context_os_name": "ios",
    "context_os_version": "17.5.1",
    "context_receiver_service_timestamp": 1724743253835,
    "context_time": 1724743235269,
    "message_item_uris": [
      "spotify:track:7jnEVqyvscIaGLsJ8ezkEV"
    ],
    "message_new_playlist": null
  },
  {
    "message_playlist_uri": "spotify:playlist:3J7mtpBF025R7W3m3UA0HH",
    "message_source_context_uri": null,
    "message_source_view_uri": "playlist/addtoplaylist",
    "timestamp_utc": "2024-10-05T22:54:47.428Z",
    "context_application_version": "8.9.76.516",
    "context_conn_country": "US",
    "context_device_manufacturer": "apple",
    "context_device_model": "iPhone13,4",
    "context_device_type": "mobile",
    "context_os_name": "ios",
    "context_os_version": "18.0",
    "context_receiver_service_timestamp": 1728168892530,
    "context_time": 1728168887428,
    "message_item_uris": [
      "spotify:track:4NFMIIgeniFgNfsB8Uj9Ta"
    ],
    "message_new_playlist": null
  },
  {
    "message_playlist_uri": "spotify:playlist:3J7mtpBF025R7W3m3UA0HH",
    "message_source_context_uri": null,
    "message_source_view_uri": "playlist/addtoplaylist",
    "timestamp_utc": "2024-10-28T00:22:14.677Z",
    "context_application_version": "8.9.86.419",
    "context_conn_country": "US",
    "context_device_manufacturer": "apple",
    "context_device_model": "iPad14,4",
    "context_device_type": "tablet",
    "context_os_name": "ios",
    "context_os_version": "18.0.1",
    "context_receiver_service_timestamp": 1730074947932,
    "context_time": 1730074934677,
    "message_item_uris": [
      "spotify:track:5mjYQaktjmjcMKcUIcqz4s"
    ],
    "message_new_playlist": null
  },
  {
    "message_playlist_uri": "spotify:playlist:3J7mtpBF025R7W3m3UA0HH",
    "message_source_context_uri": null,
    "message_source_view_uri": "playlist/addtoplaylist",
    "timestamp_utc": "2024-11-04T17:50:18.509Z",
    "context_application_version": "8.9.86.419",
    "context_conn_country": "US",
    "context_device_manufacturer": "apple",
    "context_device_model": "iPhone13,4",
    "context_device_type": "mobile",
    "context_os_name": "ios",
    "context_os_version": "18.0.1",
    "context_receiver_service_timestamp": 1730742646414,
    "context_time": 1730742618509,
    "message_item_uris": [
      "spotify:track:4XsJiRJQAK8TWcZCn0Dxlh"
    ],
    "message_new_playlist": null
  },
  {
    "message_playlist_uri": "spotify:playlist:3J7mtpBF025R7W3m3UA0HH",
    "message_source_context_uri": null,
    "message_source_view_uri": "playlist/addtoplaylist",
    "timestamp_utc": "2024-10-28T00:17:55.797Z",
    "context_application_version": "8.9.86.419",
    "context_conn_country": "US",
    "context_device_manufacturer": "apple",
    "context_device_model": "iPad14,4",
    "context_device_type": "tablet",
    "context_os_name": "ios",
    "context_os_version": "18.0.1",
    "context_receiver_service_timestamp": 1730074696956,
    "context_time": 1730074675797,
    "message_item_uris": [
      "spotify:track:73bDvrmSBh2fr53tLDH9oA"
    ],
    "message_new_playlist": null
  },
  {
    "message_playlist_uri": "spotify:playlist:489jE5EhfnGJFsYQYvn2Ma",
    "message_source_context_uri": "spotify:track:7qbJ4Dh8xuYUFdAWL8SFPK",
    "message_source_view_uri": "spotify:track:7qbJ4Dh8xuYUFdAWL8SFPK",
    "timestamp_utc": "2024-08-30T16:57:56.833Z",
    "context_application_version": "8.9.68.490",
    "context_conn_country": "US",
    "context_device_manufacturer": "apple",
    "context_device_model": "iPhone13,4",
    "context_device_type": "mobile",
    "context_os_name": "ios",
    "context_os_version": "17.5.1",
    "context_receiver_service_timestamp": 1725037089639,
    "context_time": 1725037076833,
    "message_item_uris": [
      "spotify:track:7qbJ4Dh8xuYUFdAWL8SFPK"
    ],
    "message_new_playlist": null
  }
]