[
  {
    "timestamp_utc": "2024-09-20T16:25:03.304Z",
    "context_application_version": "8.9.76.516",
    "context_conn_country": "US",
    "context_device_manufacturer": "apple",
    "context_device_model": "iPhone13,4",
    "context_device_type": "mobile",
    "context_os_name": "ios",
    "context_os_version": "17.6.1",
    "context_receiver_service_timestamp": 1726849962772,
    "context_time": 1726849503304,
    "message_app_tracking_transparency_auth_status": "denied"
  },
  {
    "timestamp_utc": "2024-08-27T04:28:54.364Z",
    "context_application_version": "8.9.68.490",
    "context_conn_country": "US",
    "context_device_manufacturer": "apple",
    "context_device_model": "iPad14,4",
    "context_device_type": "tablet",
    "context_os_name": "ios",
    "context_os_version": "17.5.1",
    "context_receiver_service_timestamp": 1724732963973,
    "context_time": 1724732934364,
    "message_app_tracking_transparency_auth_status": "denied"
  },
  {
    "timestamp_utc": "2024-11-06T01:35:44.222Z",
    "context_application_version": "8.9.86.419",
    "context_conn_country": "US",
    "context_device_manufacturer": "apple",
    "context_device_model": "iPhone13,4",
    "context_device_type": "mobile",
    "context_os_name": "ios",
    "context_os_version": "18.0.1",
    "context_receiver_service_timestamp": 1730856973989,
    "context_time": 1730856944222,
    "message_app_tracking_transparency_auth_status": "denied"
  },
  {
    "timestamp_utc": "2024-11-21T00:53:14.125Z",
    "context_application_version": "8.9.90.84",
    "context_conn_country": "US",
    "context_device_manufacturer": "apple",
    "context_device_model": "iPad14,4",
    "context_device_type": "tablet",
    "context_os_name": "ios",
    "context_os_version": "18.0.1",
    "context_receiver_service_timestamp": 1732150402493,
    "context_time": 1732150394125,
    "message_app_tracking_transparency_auth_status": "denied"
  },
  {
    "timestamp_utc": "2024-11-08T17:28:50.549Z",
    "context_application_version": "8.9.86.419",
    "context_conn_country": "US",
    "context_device_manufacturer": "apple",
    "context_device_model": "iPhone13,4",
    "context_device_type": "mobile",
    "context_os_name": "ios",
    "context_os_version": "18.0.1",
    "context_receiver_service_timestamp": 1731086934377,
    "context_time": 1731086930549,
    "message_app_tracking_transparency_auth_status": "denied"
  },
  {
    "timestamp_utc": "2024-09-21T02:45:31.717Z",
    "context_application_version": "8.9.76.516",
    "context_conn_country": "US",
    "context_device_manufacturer": "apple",
    "context_device_model": "iPad14,4",
    "context_device_type": "tablet",
    "context_os_name": "ios",
    "context_os_version": "17.6.1",
    "context_receiver_service_timestamp": 1726886761137,
    "context_time": 1726886731717,
    "message_app_tracking_transparency_auth_status": "denied"
  },
  {
    "timestamp_utc": "2024-09-04T00:36:37.833Z",
    "context_application_version": "8.9.68.490",
    "context_conn_country": "US",
    "context_device_manufacturer": "apple",
    "context_device_model": "iPhone13,4",
    "context_device_type": "mobile",
    "context_os_name": "ios",
    "context_os_version": "17.6.1",
    "context_receiver_service_timestamp": 1725410475183,
    "context_time": 1725410197833,
    "message_app_tracking_transparency_auth_status": "denied"
  },
  {
    "timestamp_utc": "2024-10-07T11:17:23.238Z",
    "context_application_version": "8.9.76.516",
    "context_conn_country": "US",
    "context_device_manufacturer": "apple",
    "context_device_model": "iPad14,4",
    "context_device_type": "tablet",
    "context_os_name": "ios",
    "context_os_version": "18.0.1",
    "context_receiver_service_timestamp": 1728299936519,
    "context_time": 1728299843238,
    "message_app_tracking_transparency_auth_status": "denied"
  },
  {
    "timestamp_utc": "2024-10-29T22:21:10.165Z",
    "context_application_version": "8.9.86.419",
    "context_conn_country": "US",
    "context_device_manufacturer": "apple",
    "context_device_model": "iPhone13,4",
    "context_device_type": "mobile",
    "context_os_name": "ios",
    "context_os_version": "18.0.1",
    "context_receiver_service_timestamp": 1730240499978,
    "context_time": 1730240470165,
    "message_app_tracking_transparency_auth_status": "denied"
  },
  {
    "timestamp_utc": "2024-08-29T00:04:19.256Z",
    "context_application_version": "8.9.68.490",
    "context_conn_country": "US",
    "context_device_manufacturer": "apple",
    "context_device_model": "iPhone13,4",
    "context_device_type": "mobile",
    "context_os_name": "ios",
    "context_os_version": "17.5.1",
    "context_receiver_service_timestamp": 1724889863708,
    "context_time": 1724889859256,
    "message_app_tracking_transparency_auth_status": "denied"
  },
  {
    "timestamp_utc": "2024-09-28T02:17:16.075Z",
    "context_application_version": "8.9.76.516",
    "context_conn_country": "US",
    "context_device_manufacturer": "apple",
    "context_device_model": "iPhone13,4",
    "context_device_type": "mobile",
    "context_os_name": "ios",
    "context_os_version": "18.0",
    "context_receiver_service_timestamp": 1727565601951,
    "context_time": 1727489836075,
    "message_app_tracking_transparency_auth_status": "denied"
  },
  {
    "timestamp_utc": "2024-10-23T19:54:42.584Z",
    "context_application_version": "8.9.82.628",
    "context_conn_country": "US",
    "context_device_manufacturer": "apple",
    "context_device_model": "iPhone13,4",
    "context_device_type": "mobile",
    "context_os_name": "ios",
    "context_os_version": "18.0.1",
    "context_receiver_service_timestamp": 1729713300856,
    "context_time": 1729713282584,
    "message_app_tracking_transparency_auth_status": "denied"
  },
  {
    "timestamp_utc": "2024-10-22T02:07:38.338Z",
    "context_application_version": "8.9.82.628",
    "context_conn_country": "US",
    "context_device_manufacturer": "apple",
    "context_device_model": "iPhone13,4",
    "context_device_type": "mobile",
    "context_os_name": "ios",
    "context_os_version": "18.0.1",
    "context_receiver_service_timestamp": 1729562868788,
    "context_time": 1729562858338,
    "message_app_tracking_transparency_auth_status": "denied"
  },
  {
    "timestamp_utc": "2024-09-23T16:15:38.347Z",
    "context_application_version": "8.9.76.516",
    "context_conn_country": "US",
    "context_device_manufacturer": "apple",
    "context_device_model": "iPhone13,4",
    "context_device_type": "mobile",
    "context_os_name": "ios",
    "context_os_version": "17.6.1",
    "context_receiver_service_timestamp": 1727108168963,
    "context_time": 1727108138347,
    "message_app_tracking_transparency_auth_status": "denied"
  },
  {
    "timestamp_utc": "2024-11-06T17:51:13.987Z",
    "context_application_version": "8.9.86.419",
    "context_conn_country": "US",
    "context_device_manufacturer": "apple",
    "context_device_model": "iPhone13,4",
    "context_device_type": "mobile",
    "context_os_name": "ios",
    "context_os_version": "18.0.1",
    "context_receiver_service_timestamp": 1730915488535,
    "context_time": 1730915473987,
    "message_app_tracking_transparency_auth_status": "denied"
  },
  {
    "timestamp_utc": "2024-09-25T07:49:08.595Z",
    "context_application_version": "8.9.76.516",
    "context_conn_country": "US",
    "context_device_manufacturer": "apple",
    "context_device_model": "iPad14,4",
    "context_device_type": "tablet",
    "context_os_name": "ios",
    "context_os_version": "18.0",
    "context_receiver_service_timestamp": 1727250577991,
    "context_time": 1727250548595,
    "message_app_tracking_transparency_auth_status": "denied"
  },
  {
    "timestamp_utc": "2024-08-27T02:08:30.472Z",
    "context_application_version": "8.9.68.490",
    "context_conn_country": "US",
    "context_device_manufacturer": "apple",
    "context_device_model": "iPhone13,4",
    "context_device_type": "mobile",
    "context_os_name": "ios",
    "context_os_version": "17.5.1",
    "context_receiver_service_timestamp": 1724724540208,
    "context_time": 1724724510472,
    "message_app_tracking_transparency_auth_status": "denied"
  },
  {
    "timestamp_utc": "2024-11-19T01:05:26.599Z",
    "context_application_version": "8.9.90.84",
    "context_conn_country": "US",
    "context_device_manufacturer": "apple",
    "context_device_model": "iPhone13,4",
    "context_device_type": "mobile",
    "context_os_name": "ios",
    "context_os_version": "18.0.1",
    "context_receiver_service_timestamp": 1731978343340,
    "context_time": 1731978326599,
    "message_app_tracking_transparency_auth_status": "denied"
  },
  {
    "timestamp_utc": "2024-09-09T18:21:38.105Z",
    "context_application_version": "8.9.70.592",
    "context_conn_country": "US",
    "context_device_manufacturer": "apple",
    "context_device_model": "iPhone13,4",
    "context_device_type": "mobile",
    "context_os_name": "ios",
    "context_os_version": "17.6.1",
    "context_receiver_service_timestamp": 1725906102218,
    "context_time": 1725906098105,
    "message_app_tracking_transparency_auth_status": "denied"
  },
  {
    "timestamp_utc": "2024-11-19T03:26:52.081Z",
    "context_application_version": "8.9.90.84",
    "context_conn_country": "US",
    "context_device_manufacturer": "apple",
    "context_device_model": "iPhone13,4",
    "context_device_type": "mobile",
    "context_os_name": "ios",
    "context_os_version": "18.1",
    "context_receiver_service_timestamp": 1731986824039,
    "context_time": 1731986812081,
    "message_app_tracking_transparency_auth_status": "denied"
  },
  {
    "timestamp_utc": "2024-10-18T15:24:02.983Z",
    "context_application_version": "8.9.82.628",
    "context_conn_country": "US",
    "context_device_manufacturer": "apple",
    "context_device_model": "iPhone13,4",
    "context_device_type": "mobile",
    "context_os_name": "ios",
    "context_os_version": "18.0.1",
    "context_receiver_service_timestamp": 1729265073063,
    "context_time": 1729265042983,
    "message_app_tracking_transparency_auth_status": "denied"
  },
  {
    "timestamp_utc": "2024-10-29T03:18:23.870Z",
    "context_application_version": "8.9.86.419",
    "context_conn_country": "US",
    "context_device_manufacturer": "apple",
    "context_device_model": "iPhone13,4",
    "context_device_type": "mobile",
    "context_os_name": "ios",
    "context_os_version": "18.0.1",
    "context_receiver_service_timestamp": 1730171926135,
    "context_time": 1730171903870,
    "message_app_tracking_transparency_auth_status": "denied"
  },
  {
    "timestamp_utc": "2024-11-06T06:03:04.360Z",
    "context_application_version": "8.9.86.419",
    "context_conn_country": "US",
    "context_device_manufacturer": "apple",
    "context_device_model": "iPad14,4",
    "context_device_type": "tablet",
    "context_os_name": "ios",
    "context_os_version": "18.0.1",
    "context_receiver_service_timestamp": 1730872984849,
    "context_time": 1730872984360,
    "message_app_tracking_transparency_auth_status": "denied"
  },
  {
    "timestamp_utc": "2024-09-10T23:56:42.046Z",
    "context_application_version": "8.9.70.592",
    "context_conn_country": "US",
    "context_device_manufacturer": "apple",
    "context_device_model": "iPhone13,4",
    "context_device_type": "mobile",
    "context_os_name": "ios",
    "context_os_version": "17.6.1",
    "context_receiver_service_timestamp": 1726012632254,
    "context_time": 1726012602046,
    "message_app_tracking_transparency_auth_status": "denied"
  },
  {
    "timestamp_utc": "2024-09-04T16:26:53.693Z",
    "context_application_version": "8.9.68.490",
    "context_conn_country": "US",
    "context_device_manufacturer": "apple",
    "context_device_model": "iPhone13,4",
    "context_device_type": "mobile",
    "context_os_name": "ios",
    "context_os_version": "17.6.1",
    "context_receiver_service_timestamp": 1725467342436,
    "context_time": 1725467213693,
    "message_app_tracking_transparency_auth_status": "denied"
  },
  {
    "timestamp_utc": "2024-10-04T03:57:33.813Z",
    "context_application_version": "8.9.76.516",
    "context_conn_country": "US",
    "context_device_manufacturer": "apple",
    "context_device_model": "iPad14,4",
    "context_device_type": "tablet",
    "context_os_name": "ios",
    "context_os_version": "18.0",
    "context_receiver_service_timestamp": 1728016887734,
    "context_time": 1728014253813,
    "message_app_tracking_transparency_auth_status": "denied"
  },
  {
    "timestamp_utc": "2024-09-06T05:04:45.490Z",
    "context_application_version": "8.9.70.592",
    "context_conn_country": "US",
    "context_device_manufacturer": "apple",
    "context_device_model": "iPad14,4",
    "context_device_type": "tablet",
    "context_os_name": "ios",
    "context_os_version": "17.6.1",
    "context_receiver_service_timestamp": 1725601834453,
    "context_time": 1725599085490,
    "message_app_tracking_transparency_auth_status": "denied"
  },
  {
    "timestamp_utc": "2024-11-22T19:20:34.240Z",
    "context_application_version": "8.9.94.418",
    "context_conn_country": "US",
    "context_device_manufacturer": "apple",
    "context_device_model": "iPhone13,4",
    "context_device_type": "mobile",
    "context_os_name": "ios",
    "context_os_version": "18.1",
    "context_receiver_service_timestamp": 1732303263900,
    "context_time": 1732303234240,
    "message_app_tracking_transparency_auth_status": "denied"
  },
  {
    "timestamp_utc": "2024-11-11T19:33:34.408Z",
    "context_application_version": "8.9.90.84",
    "context_conn_country": "US",
    "context_device_manufacturer": "apple",
    "context_device_model": "iPhone13,4",
    "context_device_type": "mobile",
    "context_os_name": "ios",
    "context_os_version": "18.0.1",
    "context_receiver_service_timestamp": 1731353614724,
    "context_time": 1731353614408,
    "message_app_tracking_transparency_auth_status": "denied"
  },
  {
    "timestamp_utc": "2024-10-07T23:05:56.937Z",
    "context_application_version": "8.9.76.516",
    "context_conn_country": "US",
    "context_device_manufacturer": "apple",
    "context_device_model": "iPhone13,4",
    "context_device_type": "mobile",
    "context_os_name": "ios",
    "context_os_version": "18.0.1",
    "context_receiver_service_timestamp": 1728342387001,
    "context_time": 1728342356937,
    "message_app_tracking_transparency_auth_status": "denied"
  },
  {
    "timestamp_utc": "2024-08-27T00:01:39.360Z",
    "context_application_version": "8.9.68.490",
    "context_conn_country": "US",
    "context_device_manufacturer": "apple",
    "context_device_model": "iPhone13,4",
    "context_device_type": "mobile",
    "context_os_name": "ios",
    "context_os_version": "17.5.1",
    "context_receiver_service_timestamp": 1724716928882,
    "context_time": 1724716899360,
    "message_app_tracking_transparency_auth_status": "denied"
  },
  {
    "timestamp_utc": "2024-10-01T00:12:57.383Z",
    "context_application_version": "8.9.76.516",
    "context_conn_country": "US",
    "context_device_manufacturer": "apple",
    "context_device_model": "iPhone13,4",
    "context_device_type": "mobile",
    "context_os_name": "ios",
    "context_os_version": "18.0",
    "context_receiver_service_timestamp": 1727741589049,
    "context_time": 1727741577383,
    "message_app_tracking_transparency_auth_status": "denied"
  },
  {
    "timestamp_utc": "2024-11-02T19:57:57.554Z",
    "context_application_version": "8.9.86.419",
    "context_conn_country": "US",
    "context_device_manufacturer": "apple",
    "context_device_model": "iPhone13,4",
    "context_device_type": "mobile",
    "context_os_name": "ios",
    "context_os_version": "18.0.1",
    "context_receiver_service_timestamp": 1730577507086,
    "context_time": 1730577477554,
    "message_app_tracking_transparency_auth_status": "denied"
  },
  {
    "timestamp_utc": "2024-10-14T23:16:59.901Z",
    "context_application_version": "8.9.82.628",
    "context_conn_country": "US",
    "context_device_manufacturer": "apple",
    "context_device_model": "iPhone13,4",
    "context_device_type": "mobile",
    "context_os_name": "ios",
    "context_os_version": "18.0.1",
    "context_receiver_service_timestamp": 1728947833217,
    "context_time": 1728947819901,
    "message_app_tracking_transparency_auth_status": "denied"
  },
  {
    "timestamp_utc": "2024-08-31T22:26:03.430Z",
    "context_application_version": "8.9.68.490",
    "context_conn_country": "US",
    "context_device_manufacturer": "apple",
    "context_device_model": "iPad14,4",
    "context_device_type": "tablet",
    "context_os_name": "ios",
    "context_os_version": "17.6.1",
    "context_receiver_service_timestamp": 1725143193178,
    "context_time": 1725143163430,
    "message_app_tracking_transparency_auth_status": "denied"
  },
  {
    "timestamp_utc": "2024-11-11T04:57:29.304Z",
    "context_application_version": "8.9.90.84",
    "context_conn_country": "US",
    "context_device_manufacturer": "apple",
    "context_device_model": "iPhone13,4",
    "context_device_type": "mobile",
    "context_os_name": "ios",
    "context_os_version": "18.0.1",
    "context_receiver_service_timestamp": 1731301078619,
    "context_time": 1731301049304,
    "message_app_tracking_transparency_auth_status": "denied"
  },
  {
    "timestamp_utc": "2024-09-17T05:12:26.990Z",
    "context_application_version": "8.9.74.535",
    "context_conn_country": "US",
    "context_device_manufacturer": "apple",
    "context_device_model": "iPad14,4",
    "context_device_type": "tablet",
    "context_os_name": "ios",
    "context_os_version": "17.6.1",
    "context_receiver_service_timestamp": 1726549976660,
    "context_time": 1726549946990,
    "message_app_tracking_transparency_auth_status": "denied"
  },
  {
    "timestamp_utc": "2024-09-06T01:06:46.137Z",
    "context_application_version": "8.9.68.490",
    "context_conn_country": "US",
    "context_device_manufacturer": "apple",
    "context_device_model": "iPhone13,4",
    "context_device_type": "mobile",
    "context_os_name": "ios",
    "context_os_version": "17.6.1",
    "context_receiver_service_timestamp": 1725584814220,
    "context_time": 1725584806137,
    "message_app_tracking_transparency_auth_status": "denied"
  },
  {
    "timestamp_utc": "2024-09-06T23:13:03.749Z",
    "context_application_version": "8.9.70.592",
    "context_conn_country": "US",
    "context_device_manufacturer": "apple",
    "context_device_model": "iPhone13,4",
    "context_device_type": "mobile",
    "context_os_name": "ios",
    "context_os_version": "17.6.1",
    "context_receiver_service_timestamp": 1725664393120,
    "context_time": 1725664383749,
    "message_app_tracking_transparency_auth_status": "denied"
  },
  {
    "timestamp_utc": "2024-08-28T21:46:57.413Z",
    "context_application_version": "8.9.68.490",
    "context_conn_country": "US",
    "context_device_manufacturer": "apple",
    "context_device_model": "iPad14,4",
    "context_device_type": "tablet",
    "context_os_name": "ios",
    "context_os_version": "17.5.1",
    "context_receiver_service_timestamp": 1724881647215,
    "context_time": 1724881617413,
    "message_app_tracking_transparency_auth_status": "denied"
  },
  {
    "timestamp_utc": "2024-09-14T00:05:32.842Z",
    "context_application_version": "8.9.74.535",
    "context_conn_country": "US",
    "context_device_manufacturer": "apple",
    "context_device_model": "iPad14,4",
    "context_device_type": "tablet",
    "context_os_name": "ios",
    "context_os_version": "17.6.1",
    "context_receiver_service_timestamp": 1726272362365,
    "context_time": 1726272332842,
    "message_app_tracking_transparency_auth_status": "denied"
  },
  {
    "timestamp_utc": "2024-08-28T18:21:26.920Z",
    "context_application_version": "8.9.68.490",
    "context_conn_country": "US",
    "context_device_manufacturer": "apple",
    "context_device_model": "iPhone13,4",
    "context_device_type": "mobile",
    "context_os_name": "ios",
    "context_os_version": "17.5.1",
    "context_receiver_service_timestamp": 1724869316816,
    "context_time": 1724869286920,
    "message_app_tracking_transparency_auth_status": "denied"
  },
  {
    "timestamp_utc": "2024-09-23T18:23:18.179Z",
    "context_application_version": "8.9.76.516",
    "context_conn_country": "US",
    "context_device_manufacturer": "apple",
    "context_device_model": "iPhone13,4",
    "context_device_type": "mobile",
    "context_os_name": "ios",
    "context_os_version": "17.6.1",
    "context_receiver_service_timestamp": 1727115827096,
    "context_time": 1727115798179,
    "message_app_tracking_transparency_auth_status": "denied"
  },
  {
    "timestamp_utc": "2024-09-30T16:33:35.321Z",
    "context_application_version": "8.9.76.516",
    "context_conn_country": "US",
    "context_device_manufacturer": "apple",
    "context_device_model": "iPhone13,4",
    "context_device_type": "mobile",
    "context_os_name": "ios",
    "context_os_version": "18.0",
    "context_receiver_service_timestamp": 1727714024312,
    "context_time": 1727714015321,
    "message_app_tracking_transparency_auth_status": "denied"
  },
  {
    "timestamp_utc": "2024-11-10T03:11:49.998Z",
    "context_application_version": "8.9.90.84",
    "context_conn_country": "US",
    "context_device_manufacturer": "apple",
    "context_device_model": "iPad14,4",
    "context_device_type": "tablet",
    "context_os_name": "ios",
    "context_os_version": "18.0.1",
    "context_receiver_service_timestamp": 1731208339495,
    "context_time": 1731208309998,
    "message_app_tracking_transparency_auth_status": "denied"
  },
  {
    "timestamp_utc": "2024-09-22T22:25:22.937Z",
    "context_application_version": "8.9.76.516",
    "context_conn_country": "US",
    "context_device_manufacturer": "apple",
    "context_device_model": "iPhone13,4",
    "context_device_type": "mobile",
    "context_os_name": "ios",
    "context_os_version": "17.6.1",
    "context_receiver_service_timestamp": 1727043948967,
    "context_time": 1727043922937,
    "message_app_tracking_transparency_auth_status": "denied"
  },
  {
    "timestamp_utc": "2024-09-01T17:10:51.893Z",
    "context_application_version": "8.9.68.490",
    "context_conn_country": "US",
    "context_device_manufacturer": "apple",
    "context_device_model": "iPhone13,4",
    "context_device_type": "mobile",
    "context_os_name": "ios",
    "context_os_version": "17.6.1",
    "context_receiver_service_timestamp": 1725210681672,
    "context_time": 1725210651893,
    "message_app_tracking_transparency_auth_status": "denied"
  },
  {
    "timestamp_utc": "2024-11-20T19:07:41.490Z",
    "context_application_version": "8.9.90.84",
    "context_conn_country": "US",
    "context_device_manufacturer": "apple",
    "context_device_model": "iPhone13,4",
    "context_device_type": "mobile",
    "context_os_name": "ios",
    "context_os_version": "18.1",
    "context_receiver_service_timestamp": 1732129672861,
    "context_time": 1732129661490,
    "message_app_tracking_transparency_auth_status": "denied"
  },
  {
    "timestamp_utc": "2024-08-27T10:15:58.924Z",
    "context_application_version": "8.9.68.490",
    "context_conn_country": "US",
    "context_device_manufacturer": "apple",
    "context_device_model": "iPad14,4",
    "context_device_type": "tablet",
    "context_os_name": "ios",
    "context_os_version": "17.5.1",
    "context_receiver_service_timestamp": 1724753767082,
    "context_time": 1724753758924,
    "message_app_tracking_transparency_auth_status": "denied"
  },
  {
    "timestamp_utc": "2024-09-10T07:13:22.416Z",
    "context_application_version": "8.9.70.592",
    "context_conn_country": "US",
    "context_device_manufacturer": "apple",
    "context_device_model": "iPhone13,4",
    "context_device_type": "mobile",
    "context_os_name": "ios",
    "context_os_version": "17.6.1",
    "context_receiver_service_timestamp": 1725954217449,
    "context_time": 1725952402416,
    "message_app_tracking_transparency_auth_status": "denied"
  },
  {
    "timestamp_utc": "2024-10-19T21:31:14.166Z",
    "context_application_version": "8.9.82.628",
    "context_conn_country": "US",
    "context_device_manufacturer": "apple",
    "context_device_model": "iPhone13,4",
    "context_device_type": "mobile",
    "context_os_name": "ios",
    "context_os_version": "18.0.1",
    "context_receiver_service_timestamp": 1729373479931,
    "context_time": 1729373474166,
    "message_app_tracking_transparency_auth_status": "denied"
  },
  {
    "timestamp_utc": "2024-10-12T00:01:47.919Z",
    "context_application_version": "8.9.82.628",
    "context_conn_country": "US",
    "context_device_manufacturer": "apple",
    "context_device_model": "iPhone13,4",
    "context_device_type": "mobile",
    "context_os_name": "ios",
    "context_os_version": "18.0.1",
    "context_receiver_service_timestamp": 1728691310157,
    "context_time": 1728691307919,
    "message_app_tracking_transparency_auth_status": "denied"
  },
  {
    "timestamp_utc": "2024-10-18T06:31:52.757Z",
    "context_application_version": "8.9.82.628",
    "context_conn_country": "US",
    "context_device_manufacturer": "apple",
    "context_device_model": "iPhone13,4",
    "context_device_type": "mobile",
    "context_os_name": "ios",
    "context_os_version": "18.0.1",
    "context_receiver_service_timestamp": 1729233117816,
    "context_time": 1729233112757,
    "message_app_tracking_transparency_auth_status": "denied"
  },
  {
    "timestamp_utc": "2024-11-22T01:27:14.036Z",
    "context_application_version": "8.9.94.418",
    "context_conn_country": "US",
    "context_device_manufacturer": "apple",
    "context_device_model": "iPhone13,4",
    "context_device_type": "mobile",
    "context_os_name": "ios",
    "context_os_version": "18.1",
    "context_receiver_service_timestamp": 1732238863306,
    "context_time": 1732238834036,
    "message_app_tracking_transparency_auth_status": "denied"
  },
  {
    "timestamp_utc": "2024-09-22T22:29:10.225Z",
    "context_application_version": "8.9.76.516",
    "context_conn_country": "US",
    "context_device_manufacturer": "apple",
    "context_device_model": "iPhone13,4",
    "context_device_type": "mobile",
    "context_os_name": "ios",
    "context_os_version": "17.6.1",
    "context_receiver_service_timestamp": 1727044150826,
    "context_time": 1727044150225,
    "message_app_tracking_transparency_auth_status": "denied"
  },
  {
    "timestamp_utc": "2024-10-25T23:43:55.727Z",
    "context_application_version": "8.9.84.543",
    "context_conn_country": "US",
    "context_device_manufacturer": "apple",
    "context_device_model": "iPhone13,4",
    "context_device_type": "mobile",
    "context_os_name": "ios",
    "context_os_version": "18.0.1",
    "context_receiver_service_timestamp": 1729899865636,
    "context_time": 1729899835727,
    "message_app_tracking_transparency_auth_status": "denied"
  },
  {
    "timestamp_utc": "2024-08-28T05:14:50.765Z",
    "context_application_version": "8.9.68.490",
    "context_conn_country": "US",
    "context_device_manufacturer": "apple",
    "context_device_model": "iPad14,4",
    "context_device_type": "tablet",
    "context_os_name": "ios",
    "context_os_version": "17.5.1",
    "context_receiver_service_timestamp": 1724822115538,
    "context_time": 1724822090765,
    "message_app_tracking_transparency_auth_status": "denied"
  },
  {
    "timestamp_utc": "2024-11-16T08:11:35.950Z",
    "context_application_version": "8.9.90.84",
    "context_conn_country": "US",
    "context_device_manufacturer": "apple",
    "context_device_model": "iPhone13,4",
    "context_device_type": "mobile",
    "context_os_name": "ios",
    "context_os_version": "18.0.1",
    "context_receiver_service_timestamp": 1731744710907,
    "context_time": 1731744695950,
    "message_app_tracking_transparency_auth_status": "denied"
  },
  {
    "timestamp_utc": "2024-09-02T21:08:31.654Z",
    "context_application_version": "8.9.68.490",
    "context_conn_country": "US",
    "context_device_manufacturer": "apple",
    "context_device_model": "iPhone13,4",
    "context_device_type": "mobile",
    "context_os_name": "ios",
    "context_os_version": "17.6.1",
    "context_receiver_service_timestamp": 1725311341348,
    "context_time": 1725311311654,
    "message_app_tracking_transparency_auth_status": "denied"
  },
  {
    "timestamp_utc": "2024-09-29T00:32:25.301Z",
    "context_application_version": "8.9.76.516",
    "context_conn_country": "US",
    "context_device_manufacturer": "apple",
    "context_device_model": "iPhone13,4",
    "context_device_type": "mobile",
    "context_os_name": "ios",
    "context_os_version": "18.0",
    "context_receiver_service_timestamp": 1727569964195,
    "context_time": 1727569945301,
    "message_app_tracking_transparency_auth_status": "denied"
  },
  {
    "timestamp_utc": "2024-11-11T17:14:20.008Z",
    "context_application_version": "8.9.90.84",
    "context_conn_country": "US",
    "context_device_manufacturer": "apple",
    "context_device_model": "iPhone13,4",
    "context_device_type": "mobile",
    "context_os_name": "ios",
    "context_os_version": "18.0.1",
    "context_receiver_service_timestamp": 1731345289890,
    "context_time": 1731345260008,
    "message_app_tracking_transparency_auth_status": "denied"
  },
  {
    "timestamp_utc": "2024-11-03T21:38:25.609Z",
    "context_application_version": "8.9.86.419",
    "context_conn_country": "US",
    "context_device_manufacturer": "apple",
    "context_device_model": "iPhone13,4",
    "context_device_type": "mobile",
    "context_os_name": "ios",
    "context_os_version": "18.0.1",
    "context_receiver_service_timestamp": 1730669935245,
    "context_time": 1730669905609,
    "message_app_tracking_transparency_auth_status": "denied"
  },
  {
    "timestamp_utc": "2024-09-09T01:27:59.013Z",
    "context_application_version": "8.9.70.592",
    "context_conn_country": "US",
    "context_device_manufacturer": "apple",
    "context_device_model": "iPhone13,4",
    "context_device_type": "mobile",
    "context_os_name": "ios",
    "context_os_version": "17.6.1",
    "context_receiver_service_timestamp": 1725845290601,
    "context_time": 1725845279013,
    "message_app_tracking_transparency_auth_status": "denied"
  },
  {
    "timestamp_utc": "2024-11-20T17:36:19.601Z",
    "context_application_version": "8.9.90.84",
    "context_conn_country": "US",
    "context_device_manufacturer": "apple",
    "context_device_model": "iPhone13,4",
    "context_device_type": "mobile",
    "context_os_name": "ios",
    "context_os_version": "18.1",
    "context_receiver_service_timestamp": 1732124209676,
    "context_time": 1732124179601,
    "message_app_tracking_transparency_auth_status": "denied"
  },
  {
    "timestamp_utc": "2024-09-18T20:40:48.322Z",
    "context_application_version": "8.9.74.535",
    "context_conn_country": "US",
    "context_device_manufacturer": "apple",
    "context_device_model": "iPhone13,4",
    "context_device_type": "mobile",
    "context_os_name": "ios",
    "context_os_version": "17.6.1",
    "context_receiver_service_timestamp": 1726692078065,
    "context_time": 1726692048322,
    "message_app_tracking_transparency_auth_status": "denied"
  },
  {
    "timestamp_utc": "2024-10-09T16:45:25.403Z",
    "context_application_version": "8.9.76.516",
    "context_conn_country": "US",
    "context_device_manufacturer": "apple",
    "context_device_model": "iPhone13,4",
    "context_device_type": "mobile",
    "context_os_name": "ios",
    "context_os_version": "18.0.1",
    "context_receiver_service_timestamp": 1728492354927,
    "context_time": 1728492325403,
    "message_app_tracking_transparency_auth_status": "denied"
  },
  {
    "timestamp_utc": "2024-10-12T09:08:03.805Z",
    "context_application_version": "8.9.82.628",
    "context_conn_country": "US",
    "context_device_manufacturer": "apple",
    "context_device_model": "iPad14,4",
    "context_device_type": "tablet",
    "context_os_name": "ios",
    "context_os_version": "18.0.1",
    "context_receiver_service_timestamp": 1728724089230,
    "context_time": 1728724083805,
    "message_app_tracking_transparency_auth_status": "denied"
  },
  {
    "timestamp_utc": "2024-09-06T18:00:24.439Z",
    "context_application_version": "8.9.70.592",
    "context_conn_country": "US",
    "context_device_manufacturer": "apple",
    "context_device_model": "iPhone13,4",
    "context_device_type": "mobile",
    "context_os_name": "ios",
    "context_os_version": "17.6.1",
    "context_receiver_service_timestamp": 1725645640494,
    "context_time": 1725645624439,
    "message_app_tracking_transparency_auth_status": "denied"
  },
  {
    "timestamp_utc": "2024-09-08T19:04:03.952Z",
    "context_application_version": "8.9.70.592",
    "context_conn_country": "US",
    "context_device_manufacturer": "apple",
    "context_device_model": "iPhone13,4",
    "context_device_type": "mobile",
    "context_os_name": "ios",
    "context_os_version": "17.6.1",
    "context_receiver_service_timestamp": 1725822266372,
    "context_time": 1725822243952,
    "message_app_tracking_transparency_auth_status": "denied"
  },
  {
    "timestamp_utc": "2024-10-07T00:56:06.288Z",
    "context_application_version": "8.9.76.516",
    "context_conn_country": "US",
    "context_device_manufacturer": "apple",
    "context_device_model": "iPhone13,4",
    "context_device_type": "mobile",
    "context_os_name": "ios",
    "context_os_version": "18.0.1",
    "context_receiver_service_timestamp": 1728262574582,
    "context_time": 1728262566288,
    "message_app_tracking_transparency_auth_status": "denied"
  },
  {
    "timestamp_utc": "2024-09-12T00:30:15.462Z",
    "context_application_version": "8.9.70.592",
    "context_conn_country": "US",
    "context_device_manufacturer": "apple",
    "context_device_model": "iPhone13,4",
    "context_device_type": "mobile",
    "context_os_name": "ios",
    "context_os_version": "17.6.1",
    "context_receiver_service_timestamp": 1726101045610,
    "context_time": 1726101015462,
    "message_app_tracking_transparency_auth_status": "denied"
  },
  {
    "timestamp_utc": "2024-09-30T19:24:26.542Z",
    "context_application_version": "8.9.76.516",
    "context_conn_country": "US",
    "context_device_manufacturer": "apple",
    "context_device_model": "iPhone13,4",
    "context_device_type": "mobile",
    "context_os_name": "ios",
    "context_os_version": "18.0",
    "context_receiver_service_timestamp": 1727724296219,
    "context_time": 1727724266542,
    "message_app_tracking_transparency_auth_status": "denied"
  },
  {
    "timestamp_utc": "2024-09-03T01:25:18.359Z",
    "context_application_version": "8.9.68.490",
    "context_conn_country": "US",
    "context_device_manufacturer": "apple",
    "context_device_model": "iPhone13,4",
    "context_device_type": "mobile",
    "context_os_name": "ios",
    "context_os_version": "17.6.1",
    "context_receiver_service_timestamp": 1725326747815,
    "context_time": 1725326718359,
    "message_app_tracking_transparency_auth_status": "denied"
  },
  {
    "timestamp_utc": "2024-10-23T00:03:56.787Z",
    "context_application_version": "8.9.82.628",
    "context_conn_country": "US",
    "context_device_manufacturer": "apple",
    "context_device_model": "iPhone13,4",
    "context_device_type": "mobile",
    "context_os_name": "ios",
    "context_os_version": "18.0.1",
    "context_receiver_service_timestamp": 1729641866364,
    "context_time": 1729641836787,
    "message_app_tracking_transparency_auth_status": "denied"
  },
  {
    "timestamp_utc": "2024-09-28T06:06:40.883Z",
    "context_application_version": "8.9.76.516",
    "context_conn_country": "US",
    "context_device_manufacturer": "apple",
    "context_device_model": "iPad14,4",
    "context_device_type": "tablet",
    "context_os_name": "ios",
    "context_os_version": "18.0",
    "context_receiver_service_timestamp": 1727503607108,
    "context_time": 1727503600883,
    "message_app_tracking_transparency_auth_status": "denied"
  },
  {
    "timestamp_utc": "2024-10-20T00:30:01.442Z",
    "context_application_version": "8.9.82.628",
    "context_conn_country": "US",
    "context_device_manufacturer": "apple",
    "context_device_model": "iPhone13,4",
    "context_device_type": "mobile",
    "context_os_name": "ios",
    "context_os_version": "18.0.1",
    "context_receiver_service_timestamp": 1729384231069,
    "context_time": 1729384201442,
    "message_app_tracking_transparency_auth_status": "denied"
  },
  {
    "timestamp_utc": "2024-09-04T19:05:51.665Z",
    "context_application_version": "8.9.68.490",
    "context_conn_country": "US",
    "context_device_manufacturer": "apple",
    "context_device_model": "iPhone13,4",
    "context_device_type": "mobile",
    "context_os_name": "ios",
    "context_os_version": "17.6.1",
    "context_receiver_service_timestamp": 1725476770814,
    "context_time": 1725476751665,
    "message_app_tracking_transparency_auth_status": "denied"
  },
  {
    "timestamp_utc": "2024-10-17T04:25:20.076Z",
    "context_application_version": "8.9.82.628",
    "context_conn_country": "US",
    "context_device_manufacturer": "apple",
    "context_device_model": "iPad14,4",
    "context_device_type": "tablet",
    "context_os_name": "ios",
    "context_os_version": "18.0.1",
    "context_receiver_service_timestamp": 1729139126437,
    "context_time": 1729139120076,
    "message_app_tracking_transparency_auth_status": "denied"
  },
  {
    "timestamp_utc": "2024-10-10T22:12:17.913Z",
    "context_application_version": "8.9.76.516",
    "context_conn_country": "US",
    "context_device_manufacturer": "apple",
    "context_device_model": "iPhone13,4",
    "context_device_type": "mobile",
    "context_os_name": "ios",
    "context_os_version": "18.0.1",
    "context_receiver_service_timestamp": 1728598367403,
    "context_time": 1728598337913,
    "message_app_tracking_transparency_auth_status": "denied"
  },
  {
    "timestamp_utc": "2024-09-16T16:32:27.034Z",
    "context_application_version": "8.9.74.535",
    "context_conn_country": "US",
    "context_device_manufacturer": "apple",
    "context_device_model": "iPhone13,4",
    "context_device_type": "mobile",
    "context_os_name": "ios",
    "context_os_version": "17.6.1",
    "context_receiver_service_timestamp": 1726504377036,
    "context_time": 1726504347034,
    "message_app_tracking_transparency_auth_status": "denied"
  },
  {
    "timestamp_utc": "2024-09-10T03:18:19.899Z",
    "context_application_version": "8.9.70.592",
    "context_conn_country": "US",
    "context_device_manufacturer": "apple",
    "context_device_model": "iPad14,4",
    "context_device_type": "tablet",
    "context_os_name": "ios",
    "context_os_version": "17.6.1",
    "context_receiver_service_timestamp": 1725938329525,
    "context_time": 1725938299899,
    "message_app_tracking_transparency_auth_status": "denied"
  },
  {
    "timestamp_utc": "2024-10-05T19:51:38.325Z",
    "context_application_version": "8.9.76.516",
    "context_conn_country": "US",
    "context_device_manufacturer": "apple",
    "context_device_model": "iPad14,4",
    "context_device_type": "tablet",
    "context_os_name": "ios",
    "context_os_version": "18.0",
    "context_receiver_service_timestamp": 1728157908283,
    "context_time": 1728157898325,
    "message_app_tracking_transparency_auth_status": "denied"
  },
  {
    "timestamp_utc": "2024-10-23T07:33:35.999Z",
    "context_application_version": "8.9.82.628",
    "context_conn_country": "US",
    "context_device_manufacturer": "apple",
    "context_device_model": "iPad14,4",
    "context_device_type": "tablet",
    "context_os_name": "ios",
    "context_os_version": "18.0.1",
    "context_receiver_service_timestamp": 1729668845790,
    "context_time": 1729668815999,
    "message_app_tracking_transparency_auth_status": "denied"
  },
  {
    "timestamp_utc": "2024-10-24T23:58:28.939Z",
    "context_application_version": "8.9.86.419",
    "context_conn_country": "US",
    "context_device_manufacturer": "apple",
    "context_device_model": "iPad14,4",
    "context_device_type": "tablet",
    "context_os_name": "ios",
    "context_os_version": "18.0.1",
    "context_receiver_service_timestamp": 1729814317353,
    "context_time": 1729814308939,
    "message_app_tracking_transparency_auth_status": "denied"
  },
  {
    "timestamp_utc": "2024-09-16T18:10:39.108Z",
    "context_application_version": "8.9.74.535",
    "context_conn_country": "US",
    "context_device_manufacturer": "apple",
    "context_device_model": "iPhone13,4",
    "context_device_type": "mobile",
    "context_os_name": "ios",
    "context_os_version": "17.6.1",
    "context_receiver_service_timestamp": 1726510263007,
    "context_time": 1726510239108,
    "message_app_tracking_transparency_auth_status": "denied"
  },
  {
    "timestamp_utc": "2024-09-01T20:43:10.821Z",
    "context_application_version": "8.9.68.490",
    "context_conn_country": "US",
    "context_device_manufacturer": "apple",
    "context_device_model": "iPhone13,4",
    "context_device_type": "mobile",
    "context_os_name": "ios",
    "context_os_version": "17.6.1",
    "context_receiver_service_timestamp": 1725223420957,
    "context_time": 1725223390821,
    "message_app_tracking_transparency_auth_status": "denied"
  },
  {
    "timestamp_utc": "2024-10-04T01:12:26.834Z",
    "context_application_version": "8.9.76.516",
    "context_conn_country": "US",
    "context_device_manufacturer": "apple",
    "context_device_model": "iPhone13,4",
    "context_device_type": "mobile",
    "context_os_name": "ios",
    "context_os_version": "18.0",
    "context_receiver_service_timestamp": 1728004376617,
    "context_time": 1728004346834,
    "message_app_tracking_transparency_auth_status": "denied"
  },
  {
    "timestamp_utc": "2024-09-25T02:40:45.488Z",
    "context_application_version": "8.9.76.516",
    "context_conn_country": "US",
    "context_device_manufacturer": "apple",
    "context_device_model": "iPhone13,4",
    "context_device_type": "mobile",
    "context_os_name": "ios",
    "context_os_version": "17.6.1",
    "context_receiver_service_timestamp": 1727232060924,
    "context_time": 1727232045488,
    "message_app_tracking_transparency_auth_status": "denied"
  },
  {
    "timestamp_utc": "2024-09-24T13:55:26.783Z",
    "context_application_version": "8.9.76.516",
    "context_conn_country": "US",
    "context_device_manufacturer": "apple",
    "context_device_model": "iPad14,4",
    "context_device_type": "tablet",
    "context_os_name": "ios",
    "context_os_version": "17.6.1",
    "context_receiver_service_timestamp": 1727186156396,
    "context_time": 1727186126783,
    "message_app_tracking_transparency_auth_status": "denied"
  },
  {
    "timestamp_utc": "2024-10-29T03:21:26.065Z",
    "context_application_version": "8.9.86.419",
    "context_conn_country": "US",
    "context_device_manufacturer": "apple",
    "context_device_model": "iPhone13,4",
    "context_device_type": "mobile",
    "context_os_name": "ios",
    "context_os_version": "18.0.1",
    "context_receiver_service_timestamp": 1730172092265,
    "context_time": 1730172086065,
    "message_app_tracking_transparency_auth_status": "denied"
  },
  {
    "timestamp_utc": "2024-08-26T17:32:12.182Z",
    "context_application_version": "8.9.66.462",
    "context_conn_country": "US",
    "context_device_manufacturer": "apple",
    "context_device_model": "iPhone13,4",
    "context_device_type": "mobile",
    "context_os_name": "ios",
    "context_os_version": "17.5.1",
    "context_receiver_service_timestamp": 1724693562043,
    "context_time": 1724693532182,
    "message_app_tracking_transparency_auth_status": "denied"
  },
  {
    "timestamp_utc": "2024-11-06T19:50:15.063Z",
    "context_application_version": "8.9.86.419",
    "context_conn_country": "US",
    "context_device_manufacturer": "apple",
    "context_device_model": "iPhone13,4",
    "context_device_type": "mobile",
    "context_os_name": "ios",
    "context_os_version": "18.0.1",
    "context_receiver_service_timestamp": 1730922621894,
    "context_time": 1730922615063,
    "message_app_tracking_transparency_auth_status": "denied"
  },
  {
    "timestamp_utc": "2024-10-24T03:58:10.310Z",
    "context_application_version": "8.9.84.543",
    "context_conn_country": "US",
    "context_device_manufacturer": "apple",
    "context_device_model": "iPad14,4",
    "context_device_type": "tablet",
    "context_os_name": "ios",
    "context_os_version": "18.0.1",
    "context_receiver_service_timestamp": 1729742308884,
    "context_time": 1729742290310,
    "message_app_tracking_transparency_auth_status": "denied"
  },
  {
    "timestamp_utc": "2024-10-31T17:21:02.519Z",
    "context_application_version": "8.9.86.419",
    "context_conn_country": "US",
    "context_device_manufacturer": "apple",
    "context_device_model": "iPhone13,4",
    "context_device_type": "mobile",
    "context_os_name": "ios",
    "context_os_version": "18.0.1",
    "context_receiver_service_timestamp": 1730395441989,
    "context_time": 1730395262519,
    "message_app_tracking_transparency_auth_status": "denied"
  },
  {
    "timestamp_utc": "2024-10-07T01:40:38.630Z",
    "context_application_version": "8.9.76.516",
    "context_conn_country": "US",
    "context_device_manufacturer": "apple",
    "context_device_model": "iPhone13,4",
    "context_device_type": "mobile",
    "context_os_name": "ios",
    "context_os_version": "18.0.1",
    "context_receiver_service_timestamp": 1728265258123,
    "context_time": 1728265238630,
    "message_app_tracking_transparency_auth_status": "denied"
  },
  {
    "timestamp_utc": "2024-10-27T03:43:08.894Z",
    "context_application_version": "8.9.84.543",
    "context_conn_country": "US",
    "context_device_manufacturer": "apple",
    "context_device_model": "iPhone13,4",
    "context_device_type": "mobile",
    "context_os_name": "ios",
    "context_os_version": "18.0.1",
    "context_receiver_service_timestamp": 1730000618440,
    "context_time": 1730000588894,
    "message_app_tracking_transparency_auth_status": "denied"
  },
  {
    "timestamp_utc": "2024-10-26T07:19:49.669Z",
    "context_application_version": "8.9.86.419",
    "context_conn_country": "US",
    "context_device_manufacturer": "apple",
    "context_device_model": "iPad14,4",
    "context_device_type": "tablet",
    "context_os_name": "ios",
    "context_os_version": "18.0.1",
    "context_receiver_service_timestamp": 1729927194185,
    "context_time": 1729927189669,
    "message_app_tracking_transparency_auth_status": "denied"
  },
  {
    "timestamp_utc": "2024-09-13T16:26:12.827Z",
    "context_application_version": "8.9.74.535",
    "context_conn_country": "US",
    "context_device_manufacturer": "apple",
    "context_device_model": "iPhone13,4",
    "context_device_type": "mobile",
    "context_os_name": "ios",
    "context_os_version": "17.6.1",
    "context_receiver_service_timestamp": 1726244802542,
    "context_time": 1726244772827,
    "message_app_tracking_transparency_auth_status": "denied"
  },
  {
    "timestamp_utc": "2024-11-22T00:56:05.049Z",
    "context_application_version": "8.9.94.418",
    "context_conn_country": "US",
    "context_device_manufacturer": "apple",
    "context_device_model": "iPad14,4",
    "context_device_type": "tablet",
    "context_os_name": "ios",
    "context_os_version": "18.0.1",
    "context_receiver_service_timestamp": 1732236994418,
    "context_time": 1732236965049,
    "message_app_tracking_transparency_auth_status": "denied"
  },
  {
    "timestamp_utc": "2024-10-04T19:15:15.153Z",
    "context_application_version": "8.9.76.516",
    "context_conn_country": "US",
    "context_device_manufacturer": "apple",
    "context_device_model": "iPhone13,4",
    "context_device_type": "mobile",
    "context_os_name": "ios",
    "context_os_version": "18.0",
    "context_receiver_service_timestamp": 1728069344318,
    "context_time": 1728069315153,
    "message_app_tracking_transparency_auth_status": "denied"
  },
  {
    "timestamp_utc": "2024-10-15T22:06:33.902Z",
    "context_application_version": "8.9.82.628",
    "context_conn_country": "US",
    "context_device_manufacturer": "apple",
    "context_device_model": "iPhone13,4",
    "context_device_type": "mobile",
    "context_os_name": "ios",
    "context_os_version": "18.0.1",
    "context_receiver_service_timestamp": 1729030005807,
    "context_time": 1729029993902,
    "message_app_tracking_transparency_auth_status": "denied"
  },
  {
    "timestamp_utc": "2024-11-10T01:12:42.699Z",
    "context_application_version": "8.9.86.419",
    "context_conn_country": "US",
    "context_device_manufacturer": "apple",
    "context_device_model": "iPhone13,4",
    "context_device_type": "mobile",
    "context_os_name": "ios",
    "context_os_version": "18.0.1",
    "context_receiver_service_timestamp": 1731201192462,
    "context_time": 1731201162699,
    "message_app_tracking_transparency_auth_status": "denied"
  },
  {
    "timestamp_utc": "2024-09-28T23:20:01.824Z",
    "context_application_version": "8.9.76.516",
    "context_conn_country": "US",
    "context_device_manufacturer": "apple",
    "context_device_model": "iPhone13,4",
    "context_device_type": "mobile",
    "context_os_name": "ios",
    "context_os_version": "18.0",
    "context_receiver_service_timestamp": 1727565602376,
    "context_time": 1727565601824,
    "message_app_tracking_transparency_auth_status": "denied"
  },
  {
    "timestamp_utc": "2024-09-28T02:17:16.075Z",
    "context_application_version": "8.9.76.516",
    "context_conn_country": "US",
    "context_device_manufacturer": "apple",
    "context_device_model": "iPhone13,4",
    "context_device_type": "mobile",
    "context_os_name": "ios",
    "context_os_version": "18.0",
    "context_receiver_service_timestamp": 1727489843301,
    "context_time": 1727489836075,
    "message_app_tracking_transparency_auth_status": "denied"
  },
  {
    "timestamp_utc": "2024-09-03T05:43:52.323Z",
    "context_application_version": "8.9.68.490",
    "context_conn_country": "US",
    "context_device_manufacturer": "apple",
    "context_device_model": "iPad14,4",
    "context_device_type": "tablet",
    "context_os_name": "ios",
    "context_os_version": "17.6.1",
    "context_receiver_service_timestamp": 1725342251416,
    "context_time": 1725342232323,
    "message_app_tracking_transparency_auth_status": "denied"
  },
  {
    "timestamp_utc": "2024-09-25T14:28:53.294Z",
    "context_application_version": "8.9.76.516",
    "context_conn_country": "US",
    "context_device_manufacturer": "apple",
    "context_device_model": "iPhone13,4",
    "context_device_type": "mobile",
    "context_os_name": "ios",
    "context_os_version": "18.0",
    "context_receiver_service_timestamp": 1727278029942,
    "context_time": 1727274533294,
    "message_app_tracking_transparency_auth_status": "denied"
  },
  {
    "timestamp_utc": "2024-11-12T08:03:07.836Z",
    "context_application_version": "8.9.90.84",
    "context_conn_country": "US",
    "context_device_manufacturer": "apple",
    "context_device_model": "iPad14,4",
    "context_device_type": "tablet",
    "context_os_name": "ios",
    "context_os_version": "18.0.1",
    "context_receiver_service_timestamp": 1731398617507,
    "context_time": 1731398587836,
    "message_app_tracking_transparency_auth_status": "denied"
  },
  {
    "timestamp_utc": "2024-11-08T18:57:34.688Z",
    "context_application_version": "8.9.86.419",
    "context_conn_country": "US",
    "context_device_manufacturer": "apple",
    "context_device_model": "iPhone13,4",
    "context_device_type": "mobile",
    "context_os_name": "ios",
    "context_os_version": "18.0.1",
    "context_receiver_service_timestamp": 1731092284786,
    "context_time": 1731092254688,
    "message_app_tracking_transparency_auth_status": "denied"
  },
  {
    "timestamp_utc": "2024-10-16T20:51:18.981Z",
    "context_application_version": "8.9.82.628",
    "context_conn_country": "US",
    "context_device_manufacturer": "apple",
    "context_device_model": "iPhone13,4",
    "context_device_type": "mobile",
    "context_os_name": "ios",
    "context_os_version": "18.0.1",
    "context_receiver_service_timestamp": 1729111892354,
    "context_time": 1729111878981,
    "message_app_tracking_transparency_auth_status": "denied"
  },
  {
    "timestamp_utc": "2024-10-25T16:47:35.206Z",
    "context_application_version": "8.9.84.543",
    "context_conn_country": "US",
    "context_device_manufacturer": "apple",
    "context_device_model": "iPhone13,4",
    "context_device_type": "mobile",
    "context_os_name": "ios",
    "context_os_version": "18.0.1",
    "context_receiver_service_timestamp": 1729874865853,
    "context_time": 1729874855206,
    "message_app_tracking_transparency_auth_status": "denied"
  }
]