[
  {
    "timestamp_utc": "2024-10-06T00:18:28.729Z",
    "context_application_version": "8.9.76.516",
    "context_conn_country": "US",
    "context_device_manufacturer": "apple",
    "context_device_model": "iPhone13,4",
    "context_device_type": "mobile",
    "context_os_name": "ios",
    "context_os_version": "18.0",
    "context_receiver_service_timestamp": 1728173933198,
    "context_time": 1728173908729,
    "message_new_default_destination_uri": "spotify:collection:tracks",
    "message_old_default_destination_uri": "spotify:collection:tracks",
    "message_track_uri": "spotify:track:1kGvwKNeDpTuMDw0KWqT92"
  },
  {
    "timestamp_utc": "2024-10-23T19:56:02.268Z",
    "context_application_version": "8.9.82.628",
    "context_conn_country": "US",
    "context_device_manufacturer": "apple",
    "context_device_model": "iPhone13,4",
    "context_device_type": "mobile",
    "context_os_name": "ios",
    "context_os_version": "18.0.1",
    "context_receiver_service_timestamp": 1729713372155,
    "context_time": 1729713362268,
    "message_new_default_destination_uri": "spotify:collection:tracks",
    "message_old_default_destination_uri": "spotify:collection:tracks",
    "message_track_uri": "spotify:track:6dOtVTDdiauQNBQEDOtlAB"
  },
  {
    "timestamp_utc": "2024-08-27T20:17:12.499Z",
    "context_application_version": "8.9.68.490",
    "context_conn_country": "US",
    "context_device_manufacturer": "apple",
    "context_device_model": "iPhone13,4",
    "context_device_type": "mobile",
    "context_os_name": "ios",
    "context_os_version": "17.5.1",
    "context_receiver_service_timestamp": 1724789837375,
    "context_time": 1724789832499,
    "message_new_default_destination_uri": "spotify:collection:your-episodes",
    "message_old_default_destination_uri": "spotify:collection:your-episodes",
    "message_track_uri": "spotify:episode:163ZNAu12LqZbnl5Ic1q2y"
  },
  {
    "timestamp_utc": "2024-11-15T19:09:57.060Z",
    "context_application_version": "8.9.90.84",
    "context_conn_country": "US",
    "context_device_manufacturer": "apple",
    "context_device_model": "iPhone13,4",
    "context_device_type": "mobile",
    "context_os_name": "ios",
    "context_os_version": "18.0.1",
    "context_receiver_service_timestamp": 1731697798627,
    "context_time": 1731697797060,
    "message_new_default_destination_uri": "spotify:collection:tracks",
    "message_old_default_destination_uri": "spotify:collection:tracks",
    "message_track_uri": "spotify:track:4TCL0qqKyqsMZml0G3M9IM"
  },
  {
    "timestamp_utc": "2024-08-27T20:17:07.272Z",
    "context_application_version": "8.9.68.490",
    "context_conn_country": "US",
    "context_device_manufacturer": "apple",
    "context_device_model": "iPhone13,4",
    "context_device_type": "mobile",
    "context_os_name": "ios",
    "context_os_version": "17.5.1",
    "context_receiver_service_timestamp": 1724789830843,
    "context_time": 1724789827272,
    "message_new_default_destination_uri": "spotify:collection:your-episodes",
    "message_old_default_destination_uri": "spotify:collection:your-episodes",
    "message_track_uri": "spotify:episode:163ZNAu12LqZbnl5Ic1q2y"
  },
  {
    "timestamp_utc": "2024-09-03T03:48:48.101Z",
    "context_application_version": "8.9.68.490",
    "context_conn_country": "US",
    "context_device_manufacturer": "apple",
    "context_device_model": "iPad14,4",
    "context_device_type": "tablet",
    "context_os_name": "ios",
    "context_os_version": "17.6.1",
    "context_receiver_service_timestamp": 1725335333449,
    "context_time": 1725335328101,
    "message_new_default_destination_uri": "spotify:collection:tracks",
    "message_old_default_destination_uri": "spotify:collection:tracks",
    "message_track_uri": "spotify:track:6dOtVTDdiauQNBQEDOtlAB"
  },
  {
    "timestamp_utc": "2024-09-25T19:28:44.277Z",
    "context_application_version": "8.9.76.516",
    "context_conn_country": "US",
    "context_device_manufacturer": "apple",
    "context_device_model": "iPhone13,4",
    "context_device_type": "mobile",
    "context_os_name": "ios",
    "context_os_version": "18.0",
    "context_receiver_service_timestamp": 1727292526331,
    "context_time": 1727292524277,
    "message_new_default_destination_uri": "spotify:collection:tracks",
    "message_old_default_destination_uri": "spotify:collection:tracks",
    "message_track_uri": "spotify:track:19XpFsce28aByvCC4g89tJ"
  },
  {
    "timestamp_utc": "2024-10-06T00:18:49.172Z",
    "context_application_version": "8.9.76.516",
    "context_conn_country": "US",
    "context_device_manufacturer": "apple",
    "context_device_model": "iPhone13,4",
    "context_device_type": "mobile",
    "context_os_name": "ios",
    "context_os_version": "18.0",
    "context_receiver_service_timestamp": 1728173934190,
    "context_time": 1728173929172,
    "message_new_default_destination_uri": "spotify:collection:tracks",
    "message_old_default_destination_uri": "spotify:collection:tracks",
    "message_track_uri": "spotify:track:20APmzlrVuZ7dMl2nPlLJi"
  },
  {
    "timestamp_utc": "2024-09-06T23:21:32.984Z",
    "context_application_version": "8.9.70.592",
    "context_conn_country": "US",
    "context_device_manufacturer": "apple",
    "context_device_model": "iPhone13,4",
    "context_device_type": "mobile",
    "context_os_name": "ios",
    "context_os_version": "17.6.1",
    "context_receiver_service_timestamp": 1725664893562,
    "context_time": 1725664892984,
    "message_new_default_destination_uri": "spotify:collection:tracks",
    "message_old_default_destination_uri": "spotify:collection:tracks",
    "message_track_uri": "spotify:track:6dOtVTDdiauQNBQEDOtlAB"
  },
  {
    "timestamp_utc": "2024-10-20T03:09:16.204Z",
    "context_application_version": "8.9.82.628",
    "context_conn_country": "US",
    "context_device_manufacturer": "apple",
    "context_device_model": "iPad14,4",
    "context_device_type": "tablet",
    "context_os_name": "ios",
    "context_os_version": "18.0.1",
    "context_receiver_service_timestamp": 1729393763552,
    "context_time": 1729393756204,
    "message_new_default_destination_uri": "spotify:collection:tracks",
    "message_old_default_destination_uri": "spotify:collection:tracks",
    "message_track_uri": "spotify:track:3qpyxgH65qNhJ9hLS2gWrS"
  },
  {
    "timestamp_utc": "2024-08-30T06:53:15.378Z",
    "context_application_version": "8.9.68.490",
    "context_conn_country": "US",
    "context_device_manufacturer": "apple",
    "context_device_model": "iPad14,4",
    "context_device_type": "tablet",
    "context_os_name": "ios",
    "context_os_version": "17.5.1",
    "context_receiver_service_timestamp": 1725000821333,
    "context_time": 1725000795378,
    "message_new_default_destination_uri": "spotify:collection:tracks",
    "message_old_default_destination_uri": "spotify:collection:tracks",
    "message_track_uri": "spotify:track:43iIQbw5hx986dUEZbr3eN"
  },
  {
    "timestamp_utc": "2024-09-04T00:21:15.995Z",
    "context_application_version": "8.9.68.490",
    "context_conn_country": "US",
    "context_device_manufacturer": "apple",
    "context_device_model": "iPhone13,4",
    "context_device_type": "mobile",
    "context_os_name": "ios",
    "context_os_version": "17.6.1",
    "context_receiver_service_timestamp": 1725409277054,
    "context_time": 1725409275995,
    "message_new_default_destination_uri": "spotify:collection:tracks",
    "message_old_default_destination_uri": "spotify:collection:tracks",
    "message_track_uri": "spotify:track:6dOtVTDdiauQNBQEDOtlAB"
  }
]