[
  {
    "timestamp_utc": "2024-11-22T02:05:30.780Z",
    "context_application_version": "8.9.94.418",
    "context_conn_country": "US",
    "context_device_manufacturer": "apple",
    "context_device_model": "iPhone13,4",
    "context_device_type": "mobile",
    "context_os_name": "ios",
    "context_os_version": "18.1",
    "context_receiver_service_timestamp": 1732241138349,
    "context_time": 1732241130780,
    "message_episodes_num_added_audio": 0,
    "message_episodes_num_in_mdata": 5690,
    "message_episodes_num_missing_audio_id": 0,
    "message_episodes_num_parse_error": 0,
    "message_episodes_num_write_error": 0,
    "message_tracks_num_added_audio": 0,
    "message_tracks_num_in_mdata": 32085,
    "message_tracks_num_missing_audio_id": 0,
    "message_tracks_num_parse_error": 0,
    "message_tracks_num_write_error": 0
  },
  {
    "timestamp_utc": "2024-09-29T01:25:04.180Z",
    "context_application_version": "8.9.76.516",
    "context_conn_country": "US",
    "context_device_manufacturer": "apple",
    "context_device_model": "iPhone13,4",
    "context_device_type": "mobile",
    "context_os_name": "ios",
    "context_os_version": "18.0",
    "context_receiver_service_timestamp": 1727573120833,
    "context_time": 1727573104180,
    "message_episodes_num_added_audio": 0,
    "message_episodes_num_in_mdata": 1129,
    "message_episodes_num_missing_audio_id": 0,
    "message_episodes_num_parse_error": 0,
    "message_episodes_num_write_error": 0,
    "message_tracks_num_added_audio": 0,
    "message_tracks_num_in_mdata": 27887,
    "message_tracks_num_missing_audio_id": 0,
    "message_tracks_num_parse_error": 0,
    "message_tracks_num_write_error": 0
  },
  {
    "timestamp_utc": "2024-10-25T01:02:42.954Z",
    "context_application_version": "8.9.86.419",
    "context_conn_country": "US",
    "context_device_manufacturer": "apple",
    "context_device_model": "iPad14,4",
    "context_device_type": "tablet",
    "context_os_name": "ios",
    "context_os_version": "18.0.1",
    "context_receiver_service_timestamp": 1729818178243,
    "context_time": 1729818162954,
    "message_episodes_num_added_audio": 0,
    "message_episodes_num_in_mdata": 1226,
    "message_episodes_num_missing_audio_id": 5,
    "message_episodes_num_parse_error": 0,
    "message_episodes_num_write_error": 0,
    "message_tracks_num_added_audio": 0,
    "message_tracks_num_in_mdata": 48740,
    "message_tracks_num_missing_audio_id": 0,
    "message_tracks_num_parse_error": 0,
    "message_tracks_num_write_error": 0
  },
  {
    "timestamp_utc": "2024-10-27T05:51:52.612Z",
    "context_application_version": "8.9.84.543",
    "context_conn_country": "US",
    "context_device_manufacturer": "apple",
    "context_device_model": "iPhone13,4",
    "context_device_type": "mobile",
    "context_os_name": "ios",
    "context_os_version": "18.0.1",
    "context_receiver_service_timestamp": 1730008324921,
    "context_time": 1730008312612,
    "message_episodes_num_added_audio": 0,
    "message_episodes_num_in_mdata": 2851,
    "message_episodes_num_missing_audio_id": 0,
    "message_episodes_num_parse_error": 0,
    "message_episodes_num_write_error": 0,
    "message_tracks_num_added_audio": 0,
    "message_tracks_num_in_mdata": 30242,
    "message_tracks_num_missing_audio_id": 0,
    "message_tracks_num_parse_error": 0,
    "message_tracks_num_write_error": 0
  },
  {
    "timestamp_utc": "2024-09-03T04:30:46.357Z",
    "context_application_version": "8.9.68.490",
    "context_conn_country": "US",
    "context_device_manufacturer": "apple",
    "context_device_model": "iPad14,4",
    "context_device_type": "tablet",
    "context_os_name": "ios",
    "context_os_version": "17.6.1",
    "context_receiver_service_timestamp": 1725337854885,
    "context_time": 1725337846357,
    "message_episodes_num_added_audio": 0,
    "message_episodes_num_in_mdata": 1201,
    "message_episodes_num_missing_audio_id": 5,
    "message_episodes_num_parse_error": 0,
    "message_episodes_num_write_error": 0,
    "message_tracks_num_added_audio": 0,
    "message_tracks_num_in_mdata": 45851,
    "message_tracks_num_missing_audio_id": 0,
    "message_tracks_num_parse_error": 0,
    "message_tracks_num_write_error": 0
  },
  {
    "timestamp_utc": "2024-11-13T01:54:23.974Z",
    "context_application_version": "8.9.90.84",
    "context_conn_country": "US",
    "context_device_manufacturer": "apple",
    "context_device_model": "iPhone13,4",
    "context_device_type": "mobile",
    "context_os_name": "ios",
    "context_os_version": "18.0.1",
    "context_receiver_service_timestamp": 1731462886670,
    "context_time": 1731462863974,
    "message_episodes_num_added_audio": 0,
    "message_episodes_num_in_mdata": 5309,
    "message_episodes_num_missing_audio_id": 0,
    "message_episodes_num_parse_error": 0,
    "message_episodes_num_write_error": 0,
    "message_tracks_num_added_audio": 0,
    "message_tracks_num_in_mdata": 31357,
    "message_tracks_num_missing_audio_id": 0,
    "message_tracks_num_parse_error": 0,
    "message_tracks_num_write_error": 0
  },
  {
    "timestamp_utc": "2024-11-08T00:07:27.131Z",
    "context_application_version": "8.9.86.419",
    "context_conn_country": "US",
    "context_device_manufacturer": "apple",
    "context_device_model": "iPhone13,4",
    "context_device_type": "mobile",
    "context_os_name": "ios",
    "context_os_version": "18.0.1",
    "context_receiver_service_timestamp": 1731026839340,
    "context_time": 1731024447131,
    "message_episodes_num_added_audio": 0,
    "message_episodes_num_in_mdata": 2869,
    "message_episodes_num_missing_audio_id": 0,
    "message_episodes_num_parse_error": 0,
    "message_episodes_num_write_error": 0,
    "message_tracks_num_added_audio": 0,
    "message_tracks_num_in_mdata": 30993,
    "message_tracks_num_missing_audio_id": 0,
    "message_tracks_num_parse_error": 0,
    "message_tracks_num_write_error": 0
  },
  {
    "timestamp_utc": "2024-11-22T20:32:36.425Z",
    "context_application_version": "8.9.94.418",
    "context_conn_country": "US",
    "context_device_manufacturer": "apple",
    "context_device_model": "iPhone13,4",
    "context_device_type": "mobile",
    "context_os_name": "ios",
    "context_os_version": "18.1",
    "context_receiver_service_timestamp": 1732307558798,
    "context_time": 1732307556425,
    "message_episodes_num_added_audio": 0,
    "message_episodes_num_in_mdata": 5690,
    "message_episodes_num_missing_audio_id": 0,
    "message_episodes_num_parse_error": 0,
    "message_episodes_num_write_error": 0,
    "message_tracks_num_added_audio": 0,
    "message_tracks_num_in_mdata": 32089,
    "message_tracks_num_missing_audio_id": 0,
    "message_tracks_num_parse_error": 0,
    "message_tracks_num_write_error": 0
  },
  {
    "timestamp_utc": "2024-11-06T20:24:23.925Z",
    "context_application_version": "8.9.86.419",
    "context_conn_country": "US",
    "context_device_manufacturer": "apple",
    "context_device_model": "iPhone13,4",
    "context_device_type": "mobile",
    "context_os_name": "ios",
    "context_os_version": "18.0.1",
    "context_receiver_service_timestamp": 1730924684628,
    "context_time": 1730924663925,
    "message_episodes_num_added_audio": 0,
    "message_episodes_num_in_mdata": 2869,
    "message_episodes_num_missing_audio_id": 0,
    "message_episodes_num_parse_error": 0,
    "message_episodes_num_write_error": 0,
    "message_tracks_num_added_audio": 0,
    "message_tracks_num_in_mdata": 30992,
    "message_tracks_num_missing_audio_id": 0,
    "message_tracks_num_parse_error": 0,
    "message_tracks_num_write_error": 0
  },
  {
    "timestamp_utc": "2024-09-30T18:41:49.855Z",
    "context_application_version": "1.2.47.364",
    "context_conn_country": "US",
    "context_device_manufacturer": "Apple Inc.",
    "context_device_model": "MacBookPro16,2",
    "context_device_type": "desktop",
    "context_os_name": "osx",
    "context_os_version": "15.0.0",
    "context_receiver_service_timestamp": 1727721722462,
    "context_time": 1727721709855,
    "message_episodes_num_added_audio": 0,
    "message_episodes_num_in_mdata": 121,
    "message_episodes_num_missing_audio_id": 0,
    "message_episodes_num_parse_error": 0,
    "message_episodes_num_write_error": 0,
    "message_tracks_num_added_audio": 0,
    "message_tracks_num_in_mdata": 23980,
    "message_tracks_num_missing_audio_id": 0,
    "message_tracks_num_parse_error": 0,
    "message_tracks_num_write_error": 0
  },
  {
    "timestamp_utc": "2024-11-22T03:03:34.155Z",
    "context_application_version": "8.9.94.418",
    "context_conn_country": "US",
    "context_device_manufacturer": "apple",
    "context_device_model": "iPad14,4",
    "context_device_type": "tablet",
    "context_os_name": "ios",
    "context_os_version": "18.0.1",
    "context_receiver_service_timestamp": 1732244632177,
    "context_time": 1732244614155,
    "message_episodes_num_added_audio": 0,
    "message_episodes_num_in_mdata": 1226,
    "message_episodes_num_missing_audio_id": 5,
    "message_episodes_num_parse_error": 0,
    "message_episodes_num_write_error": 0,
    "message_tracks_num_added_audio": 0,
    "message_tracks_num_in_mdata": 49442,
    "message_tracks_num_missing_audio_id": 0,
    "message_tracks_num_parse_error": 0,
    "message_tracks_num_write_error": 0
  },
  {
    "timestamp_utc": "2024-10-23T02:37:51.067Z",
    "context_application_version": "8.9.82.628",
    "context_conn_country": "US",
    "context_device_manufacturer": "apple",
    "context_device_model": "iPhone13,4",
    "context_device_type": "mobile",
    "context_os_name": "ios",
    "context_os_version": "18.0.1",
    "context_receiver_service_timestamp": 1729651086786,
    "context_time": 1729651071067,
    "message_episodes_num_added_audio": 0,
    "message_episodes_num_in_mdata": 2851,
    "message_episodes_num_missing_audio_id": 0,
    "message_episodes_num_parse_error": 0,
    "message_episodes_num_write_error": 0,
    "message_tracks_num_added_audio": 0,
    "message_tracks_num_in_mdata": 30178,
    "message_tracks_num_missing_audio_id": 0,
    "message_tracks_num_parse_error": 0,
    "message_tracks_num_write_error": 0
  },
  {
    "timestamp_utc": "2024-09-14T06:51:23.178Z",
    "context_application_version": "8.9.74.535",
    "context_conn_country": "US",
    "context_device_manufacturer": "apple",
    "context_device_model": "iPad14,4",
    "context_device_type": "tablet",
    "context_os_name": "ios",
    "context_os_version": "17.6.1",
    "context_receiver_service_timestamp": 1726296697620,
    "context_time": 1726296683178,
    "message_episodes_num_added_audio": 17,
    "message_episodes_num_in_mdata": 1218,
    "message_episodes_num_missing_audio_id": 5,
    "message_episodes_num_parse_error": 0,
    "message_episodes_num_write_error": 0,
    "message_tracks_num_added_audio": 0,
    "message_tracks_num_in_mdata": 46697,
    "message_tracks_num_missing_audio_id": 0,
    "message_tracks_num_parse_error": 0,
    "message_tracks_num_write_error": 0
  },
  {
    "timestamp_utc": "2024-09-29T00:03:12.952Z",
    "context_application_version": "8.9.76.516",
    "context_conn_country": "US",
    "context_device_manufacturer": "apple",
    "context_device_model": "iPhone13,4",
    "context_device_type": "mobile",
    "context_os_name": "ios",
    "context_os_version": "18.0",
    "context_receiver_service_timestamp": 1727569866069,
    "context_time": 1727568192952,
    "message_episodes_num_added_audio": 0,
    "message_episodes_num_in_mdata": 1129,
    "message_episodes_num_missing_audio_id": 0,
    "message_episodes_num_parse_error": 0,
    "message_episodes_num_write_error": 0,
    "message_tracks_num_added_audio": 0,
    "message_tracks_num_in_mdata": 27841,
    "message_tracks_num_missing_audio_id": 0,
    "message_tracks_num_parse_error": 0,
    "message_tracks_num_write_error": 0
  },
  {
    "timestamp_utc": "2024-10-16T00:20:22.950Z",
    "context_application_version": "8.9.82.628",
    "context_conn_country": "US",
    "context_device_manufacturer": "apple",
    "context_device_model": "iPhone13,4",
    "context_device_type": "mobile",
    "context_os_name": "ios",
    "context_os_version": "18.0.1",
    "context_receiver_service_timestamp": 1729038023725,
    "context_time": 1729038022950,
    "message_episodes_num_added_audio": 0,
    "message_episodes_num_in_mdata": 2851,
    "message_episodes_num_missing_audio_id": 0,
    "message_episodes_num_parse_error": 0,
    "message_episodes_num_write_error": 0,
    "message_tracks_num_added_audio": 0,
    "message_tracks_num_in_mdata": 28983,
    "message_tracks_num_missing_audio_id": 0,
    "message_tracks_num_parse_error": 0,
    "message_tracks_num_write_error": 0
  },
  {
    "timestamp_utc": "2024-11-15T01:24:20.962Z",
    "context_application_version": "8.9.90.84",
    "context_conn_country": "US",
    "context_device_manufacturer": "apple",
    "context_device_model": "iPhone13,4",
    "context_device_type": "mobile",
    "context_os_name": "ios",
    "context_os_version": "18.0.1",
    "context_receiver_service_timestamp": 1731633885911,
    "context_time": 1731633860962,
    "message_episodes_num_added_audio": 0,
    "message_episodes_num_in_mdata": 5309,
    "message_episodes_num_missing_audio_id": 0,
    "message_episodes_num_parse_error": 0,
    "message_episodes_num_write_error": 0,
    "message_tracks_num_added_audio": 0,
    "message_tracks_num_in_mdata": 31403,
    "message_tracks_num_missing_audio_id": 0,
    "message_tracks_num_parse_error": 0,
    "message_tracks_num_write_error": 0
  },
  {
    "timestamp_utc": "2024-08-27T06:39:14.483Z",
    "context_application_version": "8.9.68.490",
    "context_conn_country": "US",
    "context_device_manufacturer": "apple",
    "context_device_model": "iPad14,4",
    "context_device_type": "tablet",
    "context_os_name": "ios",
    "context_os_version": "17.5.1",
    "context_receiver_service_timestamp": 1724740763851,
    "context_time": 1724740754483,
    "message_episodes_num_added_audio": 0,
    "message_episodes_num_in_mdata": 1184,
    "message_episodes_num_missing_audio_id": 5,
    "message_episodes_num_parse_error": 0,
    "message_episodes_num_write_error": 0,
    "message_tracks_num_added_audio": 0,
    "message_tracks_num_in_mdata": 44706,
    "message_tracks_num_missing_audio_id": 0,
    "message_tracks_num_parse_error": 0,
    "message_tracks_num_write_error": 0
  },
  {
    "timestamp_utc": "2024-09-06T23:41:00.329Z",
    "context_application_version": "8.9.70.592",
    "context_conn_country": "US",
    "context_device_manufacturer": "apple",
    "context_device_model": "iPhone13,4",
    "context_device_type": "mobile",
    "context_os_name": "ios",
    "context_os_version": "17.6.1",
    "context_receiver_service_timestamp": 1725666063673,
    "context_time": 1725666060329,
    "message_episodes_num_added_audio": 0,
    "message_episodes_num_in_mdata": 1129,
    "message_episodes_num_missing_audio_id": 0,
    "message_episodes_num_parse_error": 0,
    "message_episodes_num_write_error": 0,
    "message_tracks_num_added_audio": 0,
    "message_tracks_num_in_mdata": 26330,
    "message_tracks_num_missing_audio_id": 0,
    "message_tracks_num_parse_error": 0,
    "message_tracks_num_write_error": 0
  },
  {
    "timestamp_utc": "2024-09-25T08:38:16.513Z",
    "context_application_version": "8.9.76.516",
    "context_conn_country": "US",
    "context_device_manufacturer": "apple",
    "context_device_model": "iPad14,4",
    "context_device_type": "tablet",
    "context_os_name": "ios",
    "context_os_version": "18.0",
    "context_receiver_service_timestamp": 1727253517931,
    "context_time": 1727253496513,
    "message_episodes_num_added_audio": 0,
    "message_episodes_num_in_mdata": 1217,
    "message_episodes_num_missing_audio_id": 5,
    "message_episodes_num_parse_error": 0,
    "message_episodes_num_write_error": 0,
    "message_tracks_num_added_audio": 0,
    "message_tracks_num_in_mdata": 47383,
    "message_tracks_num_missing_audio_id": 0,
    "message_tracks_num_parse_error": 0,
    "message_tracks_num_write_error": 0
  },
  {
    "timestamp_utc": "2024-11-11T05:57:52.862Z",
    "context_application_version": "8.9.90.84",
    "context_conn_country": "US",
    "context_device_manufacturer": "apple",
    "context_device_model": "iPad14,4",
    "context_device_type": "tablet",
    "context_os_name": "ios",
    "context_os_version": "18.0.1",
    "context_receiver_service_timestamp": 1731304681819,
    "context_time": 1731304672862,
    "message_episodes_num_added_audio": 0,
    "message_episodes_num_in_mdata": 1226,
    "message_episodes_num_missing_audio_id": 5,
    "message_episodes_num_parse_error": 0,
    "message_episodes_num_write_error": 0,
    "message_tracks_num_added_audio": 0,
    "message_tracks_num_in_mdata": 49018,
    "message_tracks_num_missing_audio_id": 0,
    "message_tracks_num_parse_error": 0,
    "message_tracks_num_write_error": 0
  },
  {
    "timestamp_utc": "2024-10-17T05:15:53.281Z",
    "context_application_version": "8.9.82.628",
    "context_conn_country": "US",
    "context_device_manufacturer": "apple",
    "context_device_model": "iPad14,4",
    "context_device_type": "tablet",
    "context_os_name": "ios",
    "context_os_version": "18.0.1",
    "context_receiver_service_timestamp": 1729142179454,
    "context_time": 1729142153281,
    "message_episodes_num_added_audio": 9,
    "message_episodes_num_in_mdata": 1226,
    "message_episodes_num_missing_audio_id": 5,
    "message_episodes_num_parse_error": 0,
    "message_episodes_num_write_error": 0,
    "message_tracks_num_added_audio": 0,
    "message_tracks_num_in_mdata": 48536,
    "message_tracks_num_missing_audio_id": 0,
    "message_tracks_num_parse_error": 0,
    "message_tracks_num_write_error": 0
  },
  {
    "timestamp_utc": "2024-09-28T06:58:10.522Z",
    "context_application_version": "8.9.76.516",
    "context_conn_country": "US",
    "context_device_manufacturer": "apple",
    "context_device_model": "iPad14,4",
    "context_device_type": "tablet",
    "context_os_name": "ios",
    "context_os_version": "18.0",
    "context_receiver_service_timestamp": 1727506720409,
    "context_time": 1727506690522,
    "message_episodes_num_added_audio": 0,
    "message_episodes_num_in_mdata": 1217,
    "message_episodes_num_missing_audio_id": 5,
    "message_episodes_num_parse_error": 0,
    "message_episodes_num_write_error": 0,
    "message_tracks_num_added_audio": 0,
    "message_tracks_num_in_mdata": 47414,
    "message_tracks_num_missing_audio_id": 0,
    "message_tracks_num_parse_error": 0,
    "message_tracks_num_write_error": 0
  },
  {
    "timestamp_utc": "2024-09-22T22:58:15.253Z",
    "context_application_version": "8.9.76.516",
    "context_conn_country": "US",
    "context_device_manufacturer": "apple",
    "context_device_model": "iPhone13,4",
    "context_device_type": "mobile",
    "context_os_name": "ios",
    "context_os_version": "17.6.1",
    "context_receiver_service_timestamp": 1727045919898,
    "context_time": 1727045895253,
    "message_episodes_num_added_audio": 1,
    "message_episodes_num_in_mdata": 1130,
    "message_episodes_num_missing_audio_id": 0,
    "message_episodes_num_parse_error": 0,
    "message_episodes_num_write_error": 0,
    "message_tracks_num_added_audio": 0,
    "message_tracks_num_in_mdata": 27469,
    "message_tracks_num_missing_audio_id": 0,
    "message_tracks_num_parse_error": 0,
    "message_tracks_num_write_error": 0
  },
  {
    "timestamp_utc": "2024-09-11T01:11:04.284Z",
    "context_application_version": "8.9.70.592",
    "context_conn_country": "US",
    "context_device_manufacturer": "apple",
    "context_device_model": "iPhone13,4",
    "context_device_type": "mobile",
    "context_os_name": "ios",
    "context_os_version": "17.6.1",
    "context_receiver_service_timestamp": 1726017088324,
    "context_time": 1726017064284,
    "message_episodes_num_added_audio": 0,
    "message_episodes_num_in_mdata": 1129,
    "message_episodes_num_missing_audio_id": 0,
    "message_episodes_num_parse_error": 0,
    "message_episodes_num_write_error": 0,
    "message_tracks_num_added_audio": 0,
    "message_tracks_num_in_mdata": 26490,
    "message_tracks_num_missing_audio_id": 0,
    "message_tracks_num_parse_error": 0,
    "message_tracks_num_write_error": 0
  },
  {
    "timestamp_utc": "2024-10-15T02:21:28.772Z",
    "context_application_version": "8.9.82.628",
    "context_conn_country": "US",
    "context_device_manufacturer": "apple",
    "context_device_model": "iPhone13,4",
    "context_device_type": "mobile",
    "context_os_name": "ios",
    "context_os_version": "18.0.1",
    "context_receiver_service_timestamp": 1728958914528,
    "context_time": 1728958888772,
    "message_episodes_num_added_audio": 26,
    "message_episodes_num_in_mdata": 2851,
    "message_episodes_num_missing_audio_id": 0,
    "message_episodes_num_parse_error": 0,
    "message_episodes_num_write_error": 0,
    "message_tracks_num_added_audio": 0,
    "message_tracks_num_in_mdata": 28939,
    "message_tracks_num_missing_audio_id": 0,
    "message_tracks_num_parse_error": 0,
    "message_tracks_num_write_error": 0
  },
  {
    "timestamp_utc": "2024-09-13T17:50:18.716Z",
    "context_application_version": "8.9.74.535",
    "context_conn_country": "US",
    "context_device_manufacturer": "apple",
    "context_device_model": "iPhone13,4",
    "context_device_type": "mobile",
    "context_os_name": "ios",
    "context_os_version": "17.6.1",
    "context_receiver_service_timestamp": 1726249836917,
    "context_time": 1726249818716,
    "message_episodes_num_added_audio": 0,
    "message_episodes_num_in_mdata": 1129,
    "message_episodes_num_missing_audio_id": 0,
    "message_episodes_num_parse_error": 0,
    "message_episodes_num_write_error": 0,
    "message_tracks_num_added_audio": 0,
    "message_tracks_num_in_mdata": 26510,
    "message_tracks_num_missing_audio_id": 0,
    "message_tracks_num_parse_error": 0,
    "message_tracks_num_write_error": 0
  },
  {
    "timestamp_utc": "2024-10-28T19:46:47.008Z",
    "context_application_version": "8.9.84.543",
    "context_conn_country": "US",
    "context_device_manufacturer": "apple",
    "context_device_model": "iPhone13,4",
    "context_device_type": "mobile",
    "context_os_name": "ios",
    "context_os_version": "18.0.1",
    "context_receiver_service_timestamp": 1730144830121,
    "context_time": 1730144807008,
    "message_episodes_num_added_audio": 0,
    "message_episodes_num_in_mdata": 2851,
    "message_episodes_num_missing_audio_id": 0,
    "message_episodes_num_parse_error": 0,
    "message_episodes_num_write_error": 0,
    "message_tracks_num_added_audio": 0,
    "message_tracks_num_in_mdata": 30245,
    "message_tracks_num_missing_audio_id": 0,
    "message_tracks_num_parse_error": 0,
    "message_tracks_num_write_error": 0
  },
  {
    "timestamp_utc": "2024-10-02T17:12:13.782Z",
    "context_application_version": "1.2.47.364",
    "context_conn_country": "US",
    "context_device_manufacturer": "Apple Inc.",
    "context_device_model": "MacBookPro16,2",
    "context_device_type": "desktop",
    "context_os_name": "osx",
    "context_os_version": "15.0.0",
    "context_receiver_service_timestamp": 1727889148649,
    "context_time": 1727889133782,
    "message_episodes_num_added_audio": 0,
    "message_episodes_num_in_mdata": 121,
    "message_episodes_num_missing_audio_id": 0,
    "message_episodes_num_parse_error": 0,
    "message_episodes_num_write_error": 0,
    "message_tracks_num_added_audio": 0,
    "message_tracks_num_in_mdata": 24038,
    "message_tracks_num_missing_audio_id": 0,
    "message_tracks_num_parse_error": 0,
    "message_tracks_num_write_error": 0
  },
  {
    "timestamp_utc": "2024-09-26T11:37:27.087Z",
    "context_application_version": "8.9.76.516",
    "context_conn_country": "US",
    "context_device_manufacturer": "apple",
    "context_device_model": "iPad14,4",
    "context_device_type": "tablet",
    "context_os_name": "ios",
    "context_os_version": "18.0",
    "context_receiver_service_timestamp": 1727350675532,
    "context_time": 1727350647087,
    "message_episodes_num_added_audio": 0,
    "message_episodes_num_in_mdata": 1217,
    "message_episodes_num_missing_audio_id": 5,
    "message_episodes_num_parse_error": 0,
    "message_episodes_num_write_error": 0,
    "message_tracks_num_added_audio": 0,
    "message_tracks_num_in_mdata": 47406,
    "message_tracks_num_missing_audio_id": 0,
    "message_tracks_num_parse_error": 0,
    "message_tracks_num_write_error": 0
  },
  {
    "timestamp_utc": "2024-10-18T18:06:30.625Z",
    "context_application_version": "8.9.82.628",
    "context_conn_country": "US",
    "context_device_manufacturer": "apple",
    "context_device_model": "iPhone13,4",
    "context_device_type": "mobile",
    "context_os_name": "ios",
    "context_os_version": "18.0.1",
    "context_receiver_service_timestamp": 1729274813600,
    "context_time": 1729274790625,
    "message_episodes_num_added_audio": 0,
    "message_episodes_num_in_mdata": 2851,
    "message_episodes_num_missing_audio_id": 0,
    "message_episodes_num_parse_error": 0,
    "message_episodes_num_write_error": 0,
    "message_tracks_num_added_audio": 0,
    "message_tracks_num_in_mdata": 30055,
    "message_tracks_num_missing_audio_id": 0,
    "message_tracks_num_parse_error": 0,
    "message_tracks_num_write_error": 0
  },
  {
    "timestamp_utc": "2024-10-21T21:54:17.049Z",
    "context_application_version": "1.2.48.405",
    "context_conn_country": "US",
    "context_device_manufacturer": "Apple Inc.",
    "context_device_model": "MacBookPro16,2",
    "context_device_type": "desktop",
    "context_os_name": "osx",
    "context_os_version": "15.0.1",
    "context_receiver_service_timestamp": 1729547666560,
    "context_time": 1729547657049,
    "message_episodes_num_added_audio": 3,
    "message_episodes_num_in_mdata": 124,
    "message_episodes_num_missing_audio_id": 0,
    "message_episodes_num_parse_error": 0,
    "message_episodes_num_write_error": 0,
    "message_tracks_num_added_audio": 0,
    "message_tracks_num_in_mdata": 25294,
    "message_tracks_num_missing_audio_id": 0,
    "message_tracks_num_parse_error": 0,
    "message_tracks_num_write_error": 0
  },
  {
    "timestamp_utc": "2024-10-07T02:18:02.180Z",
    "context_application_version": "8.9.76.516",
    "context_conn_country": "US",
    "context_device_manufacturer": "apple",
    "context_device_model": "iPhone13,4",
    "context_device_type": "mobile",
    "context_os_name": "ios",
    "context_os_version": "18.0.1",
    "context_receiver_service_timestamp": 1728267498094,
    "context_time": 1728267482180,
    "message_episodes_num_added_audio": 0,
    "message_episodes_num_in_mdata": 1129,
    "message_episodes_num_missing_audio_id": 0,
    "message_episodes_num_parse_error": 0,
    "message_episodes_num_write_error": 0,
    "message_tracks_num_added_audio": 0,
    "message_tracks_num_in_mdata": 28129,
    "message_tracks_num_missing_audio_id": 0,
    "message_tracks_num_parse_error": 0,
    "message_tracks_num_write_error": 0
  },
  {
    "timestamp_utc": "2024-09-24T15:05:43.503Z",
    "context_application_version": "8.9.76.516",
    "context_conn_country": "US",
    "context_device_manufacturer": "apple",
    "context_device_model": "iPad14,4",
    "context_device_type": "tablet",
    "context_os_name": "ios",
    "context_os_version": "17.6.1",
    "context_receiver_service_timestamp": 1727190356242,
    "context_time": 1727190343503,
    "message_episodes_num_added_audio": 0,
    "message_episodes_num_in_mdata": 1217,
    "message_episodes_num_missing_audio_id": 5,
    "message_episodes_num_parse_error": 0,
    "message_episodes_num_write_error": 0,
    "message_tracks_num_added_audio": 0,
    "message_tracks_num_in_mdata": 47305,
    "message_tracks_num_missing_audio_id": 0,
    "message_tracks_num_parse_error": 0,
    "message_tracks_num_write_error": 0
  },
  {
    "timestamp_utc": "2024-08-27T00:31:40.308Z",
    "context_application_version": "8.9.68.490",
    "context_conn_country": "US",
    "context_device_manufacturer": "apple",
    "context_device_model": "iPhone13,4",
    "context_device_type": "mobile",
    "context_os_name": "ios",
    "context_os_version": "17.5.1",
    "context_receiver_service_timestamp": 1724718714189,
    "context_time": 1724718700308,
    "message_episodes_num_added_audio": 0,
    "message_episodes_num_in_mdata": 687,
    "message_episodes_num_missing_audio_id": 0,
    "message_episodes_num_parse_error": 0,
    "message_episodes_num_write_error": 0,
    "message_tracks_num_added_audio": 0,
    "message_tracks_num_in_mdata": 25016,
    "message_tracks_num_missing_audio_id": 0,
    "message_tracks_num_parse_error": 0,
    "message_tracks_num_write_error": 0
  },
  {
    "timestamp_utc": "2024-09-21T19:53:38.084Z",
    "context_application_version": "1.2.45.454",
    "context_conn_country": "US",
    "context_device_manufacturer": "Apple Inc.",
    "context_device_model": "MacBookPro16,2",
    "context_device_type": "desktop",
    "context_os_name": "osx",
    "context_os_version": "14.6.1",
    "context_receiver_service_timestamp": 1726948432847,
    "context_time": 1726948418084,
    "message_episodes_num_added_audio": 0,
    "message_episodes_num_in_mdata": 68,
    "message_episodes_num_missing_audio_id": 0,
    "message_episodes_num_parse_error": 0,
    "message_episodes_num_write_error": 0,
    "message_tracks_num_added_audio": 0,
    "message_tracks_num_in_mdata": 22985,
    "message_tracks_num_missing_audio_id": 0,
    "message_tracks_num_parse_error": 0,
    "message_tracks_num_write_error": 0
  },
  {
    "timestamp_utc": "2024-09-17T07:37:59.655Z",
    "context_application_version": "8.9.74.535",
    "context_conn_country": "US",
    "context_device_manufacturer": "apple",
    "context_device_model": "iPad14,4",
    "context_device_type": "tablet",
    "context_os_name": "ios",
    "context_os_version": "17.6.1",
    "context_receiver_service_timestamp": 1726559204945,
    "context_time": 1726558679655,
    "message_episodes_num_added_audio": 0,
    "message_episodes_num_in_mdata": 1218,
    "message_episodes_num_missing_audio_id": 5,
    "message_episodes_num_parse_error": 0,
    "message_episodes_num_write_error": 0,
    "message_tracks_num_added_audio": 0,
    "message_tracks_num_in_mdata": 46820,
    "message_tracks_num_missing_audio_id": 0,
    "message_tracks_num_parse_error": 0,
    "message_tracks_num_write_error": 0
  },
  {
    "timestamp_utc": "2024-10-18T07:04:59.364Z",
    "context_application_version": "8.9.82.628",
    "context_conn_country": "US",
    "context_device_manufacturer": "apple",
    "context_device_model": "iPhone13,4",
    "context_device_type": "mobile",
    "context_os_name": "ios",
    "context_os_version": "18.0.1",
    "context_receiver_service_timestamp": 1729235122547,
    "context_time": 1729235099364,
    "message_episodes_num_added_audio": 0,
    "message_episodes_num_in_mdata": 2851,
    "message_episodes_num_missing_audio_id": 0,
    "message_episodes_num_parse_error": 0,
    "message_episodes_num_write_error": 0,
    "message_tracks_num_added_audio": 0,
    "message_tracks_num_in_mdata": 30052,
    "message_tracks_num_missing_audio_id": 0,
    "message_tracks_num_parse_error": 0,
    "message_tracks_num_write_error": 0
  },
  {
    "timestamp_utc": "2024-10-27T23:40:11.715Z",
    "context_application_version": "8.9.86.419",
    "context_conn_country": "US",
    "context_device_manufacturer": "apple",
    "context_device_model": "iPad14,4",
    "context_device_type": "tablet",
    "context_os_name": "ios",
    "context_os_version": "18.0.1",
    "context_receiver_service_timestamp": 1730072421768,
    "context_time": 1730072411715,
    "message_episodes_num_added_audio": 0,
    "message_episodes_num_in_mdata": 1226,
    "message_episodes_num_missing_audio_id": 5,
    "message_episodes_num_parse_error": 0,
    "message_episodes_num_write_error": 0,
    "message_tracks_num_added_audio": 0,
    "message_tracks_num_in_mdata": 48805,
    "message_tracks_num_missing_audio_id": 0,
    "message_tracks_num_parse_error": 0,
    "message_tracks_num_write_error": 0
  },
  {
    "timestamp_utc": "2024-10-04T01:53:22.098Z",
    "context_application_version": "8.9.76.516",
    "context_conn_country": "US",
    "context_device_manufacturer": "apple",
    "context_device_model": "iPhone13,4",
    "context_device_type": "mobile",
    "context_os_name": "ios",
    "context_os_version": "18.0",
    "context_receiver_service_timestamp": 1728006806708,
    "context_time": 1728006802098,
    "message_episodes_num_added_audio": 0,
    "message_episodes_num_in_mdata": 1129,
    "message_episodes_num_missing_audio_id": 0,
    "message_episodes_num_parse_error": 0,
    "message_episodes_num_write_error": 0,
    "message_tracks_num_added_audio": 0,
    "message_tracks_num_in_mdata": 27980,
    "message_tracks_num_missing_audio_id": 0,
    "message_tracks_num_parse_error": 0,
    "message_tracks_num_write_error": 0
  },
  {
    "timestamp_utc": "2024-11-01T17:03:11.079Z",
    "context_application_version": "8.9.86.419",
    "context_conn_country": "US",
    "context_device_manufacturer": "apple",
    "context_device_model": "iPhone13,4",
    "context_device_type": "mobile",
    "context_os_name": "ios",
    "context_os_version": "18.0.1",
    "context_receiver_service_timestamp": 1730480613120,
    "context_time": 1730480591079,
    "message_episodes_num_added_audio": 0,
    "message_episodes_num_in_mdata": 2851,
    "message_episodes_num_missing_audio_id": 0,
    "message_episodes_num_parse_error": 0,
    "message_episodes_num_write_error": 0,
    "message_tracks_num_added_audio": 0,
    "message_tracks_num_in_mdata": 30542,
    "message_tracks_num_missing_audio_id": 0,
    "message_tracks_num_parse_error": 0,
    "message_tracks_num_write_error": 0
  },
  {
    "timestamp_utc": "2024-11-11T03:52:22.840Z",
    "context_application_version": "1.2.49.439",
    "context_conn_country": "US",
    "context_device_manufacturer": "Apple Inc.",
    "context_device_model": "MacBookPro16,2",
    "context_device_type": "desktop",
    "context_os_name": "osx",
    "context_os_version": "15.0.1",
    "context_receiver_service_timestamp": 1731297151962,
    "context_time": 1731297142840,
    "message_episodes_num_added_audio": 0,
    "message_episodes_num_in_mdata": 124,
    "message_episodes_num_missing_audio_id": 0,
    "message_episodes_num_parse_error": 0,
    "message_episodes_num_write_error": 0,
    "message_tracks_num_added_audio": 0,
    "message_tracks_num_in_mdata": 25584,
    "message_tracks_num_missing_audio_id": 0,
    "message_tracks_num_parse_error": 0,
    "message_tracks_num_write_error": 0
  },
  {
    "timestamp_utc": "2024-09-04T20:32:21.314Z",
    "context_application_version": "8.9.68.490",
    "context_conn_country": "US",
    "context_device_manufacturer": "apple",
    "context_device_model": "iPhone13,4",
    "context_device_type": "mobile",
    "context_os_name": "ios",
    "context_os_version": "17.6.1",
    "context_receiver_service_timestamp": 1725481946211,
    "context_time": 1725481941314,
    "message_episodes_num_added_audio": 0,
    "message_episodes_num_in_mdata": 1129,
    "message_episodes_num_missing_audio_id": 0,
    "message_episodes_num_parse_error": 0,
    "message_episodes_num_write_error": 0,
    "message_tracks_num_added_audio": 0,
    "message_tracks_num_in_mdata": 26222,
    "message_tracks_num_missing_audio_id": 0,
    "message_tracks_num_parse_error": 0,
    "message_tracks_num_write_error": 0
  },
  {
    "timestamp_utc": "2024-10-11T21:27:35.127Z",
    "context_application_version": "1.2.47.364",
    "context_conn_country": "US",
    "context_device_manufacturer": "Apple Inc.",
    "context_device_model": "MacBookPro16,2",
    "context_device_type": "desktop",
    "context_os_name": "osx",
    "context_os_version": "15.0.0",
    "context_receiver_service_timestamp": 1728682066871,
    "context_time": 1728682055127,
    "message_episodes_num_added_audio": 0,
    "message_episodes_num_in_mdata": 121,
    "message_episodes_num_missing_audio_id": 0,
    "message_episodes_num_parse_error": 0,
    "message_episodes_num_write_error": 0,
    "message_tracks_num_added_audio": 0,
    "message_tracks_num_in_mdata": 24091,
    "message_tracks_num_missing_audio_id": 0,
    "message_tracks_num_parse_error": 0,
    "message_tracks_num_write_error": 0
  },
  {
    "timestamp_utc": "2024-10-07T23:43:14.722Z",
    "context_application_version": "8.9.76.516",
    "context_conn_country": "US",
    "context_device_manufacturer": "apple",
    "context_device_model": "iPhone13,4",
    "context_device_type": "mobile",
    "context_os_name": "ios",
    "context_os_version": "18.0.1",
    "context_receiver_service_timestamp": 1728344606681,
    "context_time": 1728344594722,
    "message_episodes_num_added_audio": 0,
    "message_episodes_num_in_mdata": 1129,
    "message_episodes_num_missing_audio_id": 0,
    "message_episodes_num_parse_error": 0,
    "message_episodes_num_write_error": 0,
    "message_tracks_num_added_audio": 0,
    "message_tracks_num_in_mdata": 28171,
    "message_tracks_num_missing_audio_id": 0,
    "message_tracks_num_parse_error": 0,
    "message_tracks_num_write_error": 0
  },
  {
    "timestamp_utc": "2024-11-05T18:38:51.094Z",
    "context_application_version": "1.2.49.439",
    "context_conn_country": "US",
    "context_device_manufacturer": "Apple Inc.",
    "context_device_model": "MacBookPro16,2",
    "context_device_type": "desktop",
    "context_os_name": "osx",
    "context_os_version": "15.0.1",
    "context_receiver_service_timestamp": 1730831940254,
    "context_time": 1730831931094,
    "message_episodes_num_added_audio": 0,
    "message_episodes_num_in_mdata": 124,
    "message_episodes_num_missing_audio_id": 0,
    "message_episodes_num_parse_error": 0,
    "message_episodes_num_write_error": 0,
    "message_tracks_num_added_audio": 0,
    "message_tracks_num_in_mdata": 25433,
    "message_tracks_num_missing_audio_id": 0,
    "message_tracks_num_parse_error": 0,
    "message_tracks_num_write_error": 0
  },
  {
    "timestamp_utc": "2024-11-03T22:20:49.067Z",
    "context_application_version": "8.9.86.419",
    "context_conn_country": "US",
    "context_device_manufacturer": "apple",
    "context_device_model": "iPhone13,4",
    "context_device_type": "mobile",
    "context_os_name": "ios",
    "context_os_version": "18.0.1",
    "context_receiver_service_timestamp": 1730672455407,
    "context_time": 1730672449067,
    "message_episodes_num_added_audio": 0,
    "message_episodes_num_in_mdata": 2851,
    "message_episodes_num_missing_audio_id": 0,
    "message_episodes_num_parse_error": 0,
    "message_episodes_num_write_error": 0,
    "message_tracks_num_added_audio": 0,
    "message_tracks_num_in_mdata": 30839,
    "message_tracks_num_missing_audio_id": 0,
    "message_tracks_num_parse_error": 0,
    "message_tracks_num_write_error": 0
  },
  {
    "timestamp_utc": "2024-09-01T21:17:58.181Z",
    "context_application_version": "8.9.68.490",
    "context_conn_country": "US",
    "context_device_manufacturer": "apple",
    "context_device_model": "iPhone13,4",
    "context_device_type": "mobile",
    "context_os_name": "ios",
    "context_os_version": "17.6.1",
    "context_receiver_service_timestamp": 1725225489289,
    "context_time": 1725225478181,
    "message_episodes_num_added_audio": 0,
    "message_episodes_num_in_mdata": 1004,
    "message_episodes_num_missing_audio_id": 0,
    "message_episodes_num_parse_error": 0,
    "message_episodes_num_write_error": 0,
    "message_tracks_num_added_audio": 0,
    "message_tracks_num_in_mdata": 25539,
    "message_tracks_num_missing_audio_id": 0,
    "message_tracks_num_parse_error": 0,
    "message_tracks_num_write_error": 0
  },
  {
    "timestamp_utc": "2024-10-22T16:59:10.089Z",
    "context_application_version": "8.9.82.628",
    "context_conn_country": "US",
    "context_device_manufacturer": "apple",
    "context_device_model": "iPhone13,4",
    "context_device_type": "mobile",
    "context_os_name": "ios",
    "context_os_version": "18.0.1",
    "context_receiver_service_timestamp": 1729616360567,
    "context_time": 1729616350089,
    "message_episodes_num_added_audio": 0,
    "message_episodes_num_in_mdata": 2851,
    "message_episodes_num_missing_audio_id": 0,
    "message_episodes_num_parse_error": 0,
    "message_episodes_num_write_error": 0,
    "message_tracks_num_added_audio": 0,
    "message_tracks_num_in_mdata": 30172,
    "message_tracks_num_missing_audio_id": 0,
    "message_tracks_num_parse_error": 0,
    "message_tracks_num_write_error": 0
  },
  {
    "timestamp_utc": "2024-08-31T02:52:43.774Z",
    "context_application_version": "8.9.68.490",
    "context_conn_country": "US",
    "context_device_manufacturer": "apple",
    "context_device_model": "iPhone13,4",
    "context_device_type": "mobile",
    "context_os_name": "ios",
    "context_os_version": "17.5.1",
    "context_receiver_service_timestamp": 1725072785972,
    "context_time": 1725072763774,
    "message_episodes_num_added_audio": 0,
    "message_episodes_num_in_mdata": 1004,
    "message_episodes_num_missing_audio_id": 0,
    "message_episodes_num_parse_error": 0,
    "message_episodes_num_write_error": 0,
    "message_tracks_num_added_audio": 0,
    "message_tracks_num_in_mdata": 25539,
    "message_tracks_num_missing_audio_id": 0,
    "message_tracks_num_parse_error": 0,
    "message_tracks_num_write_error": 0
  },
  {
    "timestamp_utc": "2024-09-17T20:00:41.319Z",
    "context_application_version": "8.9.74.535",
    "context_conn_country": "US",
    "context_device_manufacturer": "apple",
    "context_device_model": "iPhone13,4",
    "context_device_type": "mobile",
    "context_os_name": "ios",
    "context_os_version": "17.6.1",
    "context_receiver_service_timestamp": 1726603262630,
    "context_time": 1726603241319,
    "message_episodes_num_added_audio": 0,
    "message_episodes_num_in_mdata": 1129,
    "message_episodes_num_missing_audio_id": 0,
    "message_episodes_num_parse_error": 0,
    "message_episodes_num_write_error": 0,
    "message_tracks_num_added_audio": 0,
    "message_tracks_num_in_mdata": 26708,
    "message_tracks_num_missing_audio_id": 0,
    "message_tracks_num_parse_error": 0,
    "message_tracks_num_write_error": 0
  },
  {
    "timestamp_utc": "2024-09-23T09:39:48.538Z",
    "context_application_version": "1.2.45.454",
    "context_conn_country": "US",
    "context_device_manufacturer": "Apple Inc.",
    "context_device_model": "MacBookPro16,2",
    "context_device_type": "desktop",
    "context_os_name": "osx",
    "context_os_version": "14.6.1",
    "context_receiver_service_timestamp": 1727084417666,
    "context_time": 1727084388538,
    "message_episodes_num_added_audio": 54,
    "message_episodes_num_in_mdata": 122,
    "message_episodes_num_missing_audio_id": 0,
    "message_episodes_num_parse_error": 0,
    "message_episodes_num_write_error": 0,
    "message_tracks_num_added_audio": 0,
    "message_tracks_num_in_mdata": 23428,
    "message_tracks_num_missing_audio_id": 0,
    "message_tracks_num_parse_error": 0,
    "message_tracks_num_write_error": 0
  },
  {
    "timestamp_utc": "2024-08-26T02:11:39.028Z",
    "context_application_version": "8.9.66.462",
    "context_conn_country": "US",
    "context_device_manufacturer": "apple",
    "context_device_model": "iPhone13,4",
    "context_device_type": "mobile",
    "context_os_name": "ios",
    "context_os_version": "17.5.1",
    "context_receiver_service_timestamp": 1724638311134,
    "context_time": 1724638299028,
    "message_episodes_num_added_audio": 0,
    "message_episodes_num_in_mdata": 687,
    "message_episodes_num_missing_audio_id": 0,
    "message_episodes_num_parse_error": 0,
    "message_episodes_num_write_error": 0,
    "message_tracks_num_added_audio": 0,
    "message_tracks_num_in_mdata": 25002,
    "message_tracks_num_missing_audio_id": 0,
    "message_tracks_num_parse_error": 0,
    "message_tracks_num_write_error": 0
  },
  {
    "timestamp_utc": "2024-08-26T06:17:40.214Z",
    "context_application_version": "8.9.66.462",
    "context_conn_country": "US",
    "context_device_manufacturer": "apple",
    "context_device_model": "iPad14,4",
    "context_device_type": "tablet",
    "context_os_name": "ios",
    "context_os_version": "17.5.1",
    "context_receiver_service_timestamp": 1724653082551,
    "context_time": 1724653060214,
    "message_episodes_num_added_audio": 2,
    "message_episodes_num_in_mdata": 1184,
    "message_episodes_num_missing_audio_id": 5,
    "message_episodes_num_parse_error": 0,
    "message_episodes_num_write_error": 0,
    "message_tracks_num_added_audio": 0,
    "message_tracks_num_in_mdata": 44666,
    "message_tracks_num_missing_audio_id": 0,
    "message_tracks_num_parse_error": 0,
    "message_tracks_num_write_error": 0
  },
  {
    "timestamp_utc": "2024-11-05T21:30:17.851Z",
    "context_application_version": "8.9.86.419",
    "context_conn_country": "US",
    "context_device_manufacturer": "apple",
    "context_device_model": "iPhone13,4",
    "context_device_type": "mobile",
    "context_os_name": "ios",
    "context_os_version": "18.0.1",
    "context_receiver_service_timestamp": 1730842244903,
    "context_time": 1730842217851,
    "message_episodes_num_added_audio": 18,
    "message_episodes_num_in_mdata": 2869,
    "message_episodes_num_missing_audio_id": 0,
    "message_episodes_num_parse_error": 0,
    "message_episodes_num_write_error": 0,
    "message_tracks_num_added_audio": 0,
    "message_tracks_num_in_mdata": 30880,
    "message_tracks_num_missing_audio_id": 0,
    "message_tracks_num_parse_error": 0,
    "message_tracks_num_write_error": 0
  },
  {
    "timestamp_utc": "2024-10-09T18:31:48.438Z",
    "context_application_version": "8.9.76.516",
    "context_conn_country": "US",
    "context_device_manufacturer": "apple",
    "context_device_model": "iPhone13,4",
    "context_device_type": "mobile",
    "context_os_name": "ios",
    "context_os_version": "18.0.1",
    "context_receiver_service_timestamp": 1728498737269,
    "context_time": 1728498708438,
    "message_episodes_num_added_audio": 0,
    "message_episodes_num_in_mdata": 1129,
    "message_episodes_num_missing_audio_id": 0,
    "message_episodes_num_parse_error": 0,
    "message_episodes_num_write_error": 0,
    "message_tracks_num_added_audio": 0,
    "message_tracks_num_in_mdata": 28264,
    "message_tracks_num_missing_audio_id": 0,
    "message_tracks_num_parse_error": 0,
    "message_tracks_num_write_error": 0
  },
  {
    "timestamp_utc": "2024-10-18T10:28:06.557Z",
    "context_application_version": "8.9.82.628",
    "context_conn_country": "US",
    "context_device_manufacturer": "apple",
    "context_device_model": "iPad14,4",
    "context_device_type": "tablet",
    "context_os_name": "ios",
    "context_os_version": "18.0.1",
    "context_receiver_service_timestamp": 1729247290622,
    "context_time": 1729247286557,
    "message_episodes_num_added_audio": 0,
    "message_episodes_num_in_mdata": 1226,
    "message_episodes_num_missing_audio_id": 5,
    "message_episodes_num_parse_error": 0,
    "message_episodes_num_write_error": 0,
    "message_tracks_num_added_audio": 0,
    "message_tracks_num_in_mdata": 48574,
    "message_tracks_num_missing_audio_id": 0,
    "message_tracks_num_parse_error": 0,
    "message_tracks_num_write_error": 0
  },
  {
    "timestamp_utc": "2024-09-03T18:52:38.219Z",
    "context_application_version": "8.9.68.490",
    "context_conn_country": "US",
    "context_device_manufacturer": "apple",
    "context_device_model": "iPad14,4",
    "context_device_type": "tablet",
    "context_os_name": "ios",
    "context_os_version": "17.6.1",
    "context_receiver_service_timestamp": 1725389602572,
    "context_time": 1725389558219,
    "message_episodes_num_added_audio": 0,
    "message_episodes_num_in_mdata": 1201,
    "message_episodes_num_missing_audio_id": 5,
    "message_episodes_num_parse_error": 0,
    "message_episodes_num_write_error": 0,
    "message_tracks_num_added_audio": 0,
    "message_tracks_num_in_mdata": 45995,
    "message_tracks_num_missing_audio_id": 0,
    "message_tracks_num_parse_error": 0,
    "message_tracks_num_write_error": 0
  },
  {
    "timestamp_utc": "2024-09-02T21:45:10.049Z",
    "context_application_version": "8.9.68.490",
    "context_conn_country": "US",
    "context_device_manufacturer": "apple",
    "context_device_model": "iPhone13,4",
    "context_device_type": "mobile",
    "context_os_name": "ios",
    "context_os_version": "17.6.1",
    "context_receiver_service_timestamp": 1725313516514,
    "context_time": 1725313510049,
    "message_episodes_num_added_audio": 125,
    "message_episodes_num_in_mdata": 1129,
    "message_episodes_num_missing_audio_id": 0,
    "message_episodes_num_parse_error": 0,
    "message_episodes_num_write_error": 0,
    "message_tracks_num_added_audio": 0,
    "message_tracks_num_in_mdata": 25640,
    "message_tracks_num_missing_audio_id": 0,
    "message_tracks_num_parse_error": 0,
    "message_tracks_num_write_error": 0
  },
  {
    "timestamp_utc": "2024-10-24T05:03:13.872Z",
    "context_application_version": "8.9.84.543",
    "context_conn_country": "US",
    "context_device_manufacturer": "apple",
    "context_device_model": "iPad14,4",
    "context_device_type": "tablet",
    "context_os_name": "ios",
    "context_os_version": "18.0.1",
    "context_receiver_service_timestamp": 1729746219598,
    "context_time": 1729746193872,
    "message_episodes_num_added_audio": 0,
    "message_episodes_num_in_mdata": 1226,
    "message_episodes_num_missing_audio_id": 5,
    "message_episodes_num_parse_error": 0,
    "message_episodes_num_write_error": 0,
    "message_tracks_num_added_audio": 0,
    "message_tracks_num_in_mdata": 48665,
    "message_tracks_num_missing_audio_id": 0,
    "message_tracks_num_parse_error": 0,
    "message_tracks_num_write_error": 0
  },
  {
    "timestamp_utc": "2024-09-06T18:38:08.706Z",
    "context_application_version": "8.9.70.592",
    "context_conn_country": "US",
    "context_device_manufacturer": "apple",
    "context_device_model": "iPhone13,4",
    "context_device_type": "mobile",
    "context_os_name": "ios",
    "context_os_version": "17.6.1",
    "context_receiver_service_timestamp": 1725647907580,
    "context_time": 1725647888706,
    "message_episodes_num_added_audio": 0,
    "message_episodes_num_in_mdata": 1129,
    "message_episodes_num_missing_audio_id": 0,
    "message_episodes_num_parse_error": 0,
    "message_episodes_num_write_error": 0,
    "message_tracks_num_added_audio": 0,
    "message_tracks_num_in_mdata": 26240,
    "message_tracks_num_missing_audio_id": 0,
    "message_tracks_num_parse_error": 0,
    "message_tracks_num_write_error": 0
  },
  {
    "timestamp_utc": "2024-10-18T00:28:20.006Z",
    "context_application_version": "8.9.82.628",
    "context_conn_country": "US",
    "context_device_manufacturer": "apple",
    "context_device_model": "iPhone13,4",
    "context_device_type": "mobile",
    "context_os_name": "ios",
    "context_os_version": "18.0.1",
    "context_receiver_service_timestamp": 1729211320078,
    "context_time": 1729211300006,
    "message_episodes_num_added_audio": 0,
    "message_episodes_num_in_mdata": 2851,
    "message_episodes_num_missing_audio_id": 0,
    "message_episodes_num_parse_error": 0,
    "message_episodes_num_write_error": 0,
    "message_tracks_num_added_audio": 0,
    "message_tracks_num_in_mdata": 30047,
    "message_tracks_num_missing_audio_id": 0,
    "message_tracks_num_parse_error": 0,
    "message_tracks_num_write_error": 0
  },
  {
    "timestamp_utc": "2024-11-08T21:05:00.685Z",
    "context_application_version": "8.9.86.419",
    "context_conn_country": "US",
    "context_device_manufacturer": "apple",
    "context_device_model": "iPhone13,4",
    "context_device_type": "mobile",
    "context_os_name": "ios",
    "context_os_version": "18.0.1",
    "context_receiver_service_timestamp": 1731099909268,
    "context_time": 1731099900685,
    "message_episodes_num_added_audio": 0,
    "message_episodes_num_in_mdata": 2869,
    "message_episodes_num_missing_audio_id": 0,
    "message_episodes_num_parse_error": 0,
    "message_episodes_num_write_error": 0,
    "message_tracks_num_added_audio": 0,
    "message_tracks_num_in_mdata": 31064,
    "message_tracks_num_missing_audio_id": 0,
    "message_tracks_num_parse_error": 0,
    "message_tracks_num_write_error": 0
  },
  {
    "timestamp_utc": "2024-09-18T21:38:16.569Z",
    "context_application_version": "8.9.74.535",
    "context_conn_country": "US",
    "context_device_manufacturer": "apple",
    "context_device_model": "iPhone13,4",
    "context_device_type": "mobile",
    "context_os_name": "ios",
    "context_os_version": "17.6.1",
    "context_receiver_service_timestamp": 1726695513768,
    "context_time": 1726695496569,
    "message_episodes_num_added_audio": 0,
    "message_episodes_num_in_mdata": 1129,
    "message_episodes_num_missing_audio_id": 0,
    "message_episodes_num_parse_error": 0,
    "message_episodes_num_write_error": 0,
    "message_tracks_num_added_audio": 0,
    "message_tracks_num_in_mdata": 26719,
    "message_tracks_num_missing_audio_id": 0,
    "message_tracks_num_parse_error": 0,
    "message_tracks_num_write_error": 0
  },
  {
    "timestamp_utc": "2024-08-29T22:42:59.716Z",
    "context_application_version": "8.9.68.490",
    "context_conn_country": "US",
    "context_device_manufacturer": "apple",
    "context_device_model": "iPhone13,4",
    "context_device_type": "mobile",
    "context_os_name": "ios",
    "context_os_version": "17.5.1",
    "context_receiver_service_timestamp": 1724971392730,
    "context_time": 1724971379716,
    "message_episodes_num_added_audio": 0,
    "message_episodes_num_in_mdata": 1004,
    "message_episodes_num_missing_audio_id": 0,
    "message_episodes_num_parse_error": 0,
    "message_episodes_num_write_error": 0,
    "message_tracks_num_added_audio": 0,
    "message_tracks_num_in_mdata": 25452,
    "message_tracks_num_missing_audio_id": 0,
    "message_tracks_num_parse_error": 0,
    "message_tracks_num_write_error": 0
  },
  {
    "timestamp_utc": "2024-10-19T22:55:31.103Z",
    "context_application_version": "8.9.82.628",
    "context_conn_country": "US",
    "context_device_manufacturer": "apple",
    "context_device_model": "iPad14,4",
    "context_device_type": "tablet",
    "context_os_name": "ios",
    "context_os_version": "18.0.1",
    "context_receiver_service_timestamp": 1729378548939,
    "context_time": 1729378531103,
    "message_episodes_num_added_audio": 0,
    "message_episodes_num_in_mdata": 1226,
    "message_episodes_num_missing_audio_id": 5,
    "message_episodes_num_parse_error": 0,
    "message_episodes_num_write_error": 0,
    "message_tracks_num_added_audio": 0,
    "message_tracks_num_in_mdata": 48606,
    "message_tracks_num_missing_audio_id": 0,
    "message_tracks_num_parse_error": 0,
    "message_tracks_num_write_error": 0
  },
  {
    "timestamp_utc": "2024-10-28T01:41:43.751Z",
    "context_application_version": "1.2.48.405",
    "context_conn_country": "US",
    "context_device_manufacturer": "Apple Inc.",
    "context_device_model": "MacBookPro16,2",
    "context_device_type": "desktop",
    "context_os_name": "osx",
    "context_os_version": "15.0.1",
    "context_receiver_service_timestamp": 1730079712818,
    "context_time": 1730079703751,
    "message_episodes_num_added_audio": 0,
    "message_episodes_num_in_mdata": 124,
    "message_episodes_num_missing_audio_id": 0,
    "message_episodes_num_parse_error": 0,
    "message_episodes_num_write_error": 0,
    "message_tracks_num_added_audio": 0,
    "message_tracks_num_in_mdata": 25331,
    "message_tracks_num_missing_audio_id": 0,
    "message_tracks_num_parse_error": 0,
    "message_tracks_num_write_error": 0
  },
  {
    "timestamp_utc": "2024-09-23T19:58:30.202Z",
    "context_application_version": "8.9.76.516",
    "context_conn_country": "US",
    "context_device_manufacturer": "apple",
    "context_device_model": "iPhone13,4",
    "context_device_type": "mobile",
    "context_os_name": "ios",
    "context_os_version": "17.6.1",
    "context_receiver_service_timestamp": 1727121518329,
    "context_time": 1727121510202,
    "message_episodes_num_added_audio": 0,
    "message_episodes_num_in_mdata": 1129,
    "message_episodes_num_missing_audio_id": 0,
    "message_episodes_num_parse_error": 0,
    "message_episodes_num_write_error": 0,
    "message_tracks_num_added_audio": 0,
    "message_tracks_num_in_mdata": 27728,
    "message_tracks_num_missing_audio_id": 0,
    "message_tracks_num_parse_error": 0,
    "message_tracks_num_write_error": 0
  },
  {
    "timestamp_utc": "2024-09-03T01:52:43.264Z",
    "context_application_version": "8.9.68.490",
    "context_conn_country": "US",
    "context_device_manufacturer": "apple",
    "context_device_model": "iPhone13,4",
    "context_device_type": "mobile",
    "context_os_name": "ios",
    "context_os_version": "17.6.1",
    "context_receiver_service_timestamp": 1725328367871,
    "context_time": 1725328363264,
    "message_episodes_num_added_audio": 0,
    "message_episodes_num_in_mdata": 1129,
    "message_episodes_num_missing_audio_id": 0,
    "message_episodes_num_parse_error": 0,
    "message_episodes_num_write_error": 0,
    "message_tracks_num_added_audio": 0,
    "message_tracks_num_in_mdata": 25653,
    "message_tracks_num_missing_audio_id": 0,
    "message_tracks_num_parse_error": 0,
    "message_tracks_num_write_error": 0
  },
  {
    "timestamp_utc": "2024-09-24T21:56:54.369Z",
    "context_application_version": "1.2.45.454",
    "context_conn_country": "US",
    "context_device_manufacturer": "Apple Inc.",
    "context_device_model": "MacBookPro16,2",
    "context_device_type": "desktop",
    "context_os_name": "osx",
    "context_os_version": "14.6.1",
    "context_receiver_service_timestamp": 1727215033720,
    "context_time": 1727215014369,
    "message_episodes_num_added_audio": 0,
    "message_episodes_num_in_mdata": 121,
    "message_episodes_num_missing_audio_id": 0,
    "message_episodes_num_parse_error": 0,
    "message_episodes_num_write_error": 0,
    "message_tracks_num_added_audio": 0,
    "message_tracks_num_in_mdata": 23662,
    "message_tracks_num_missing_audio_id": 0,
    "message_tracks_num_parse_error": 0,
    "message_tracks_num_write_error": 0
  },
  {
    "timestamp_utc": "2024-09-24T05:58:43.971Z",
    "context_application_version": "8.9.76.516",
    "context_conn_country": "US",
    "context_device_manufacturer": "apple",
    "context_device_model": "iPad14,4",
    "context_device_type": "tablet",
    "context_os_name": "ios",
    "context_os_version": "17.6.1",
    "context_receiver_service_timestamp": 1727157524748,
    "context_time": 1727157523971,
    "message_episodes_num_added_audio": 1,
    "message_episodes_num_in_mdata": 1217,
    "message_episodes_num_missing_audio_id": 5,
    "message_episodes_num_parse_error": 0,
    "message_episodes_num_write_error": 0,
    "message_tracks_num_added_audio": 0,
    "message_tracks_num_in_mdata": 46832,
    "message_tracks_num_missing_audio_id": 0,
    "message_tracks_num_parse_error": 0,
    "message_tracks_num_write_error": 0
  },
  {
    "timestamp_utc": "2024-09-20T19:30:31.402Z",
    "context_application_version": "8.9.76.516",
    "context_conn_country": "US",
    "context_device_manufacturer": "apple",
    "context_device_model": "iPhone13,4",
    "context_device_type": "mobile",
    "context_os_name": "ios",
    "context_os_version": "17.6.1",
    "context_receiver_service_timestamp": 1726860642375,
    "context_time": 1726860631402,
    "message_episodes_num_added_audio": 0,
    "message_episodes_num_in_mdata": 1129,
    "message_episodes_num_missing_audio_id": 0,
    "message_episodes_num_parse_error": 0,
    "message_episodes_num_write_error": 0,
    "message_tracks_num_added_audio": 0,
    "message_tracks_num_in_mdata": 26726,
    "message_tracks_num_missing_audio_id": 0,
    "message_tracks_num_parse_error": 0,
    "message_tracks_num_write_error": 0
  },
  {
    "timestamp_utc": "2024-08-29T03:20:45.471Z",
    "context_application_version": "8.9.68.490",
    "context_conn_country": "US",
    "context_device_manufacturer": "apple",
    "context_device_model": "iPad14,4",
    "context_device_type": "tablet",
    "context_os_name": "ios",
    "context_os_version": "17.5.1",
    "context_receiver_service_timestamp": 1724901657505,
    "context_time": 1724901645471,
    "message_episodes_num_added_audio": 17,
    "message_episodes_num_in_mdata": 1201,
    "message_episodes_num_missing_audio_id": 5,
    "message_episodes_num_parse_error": 0,
    "message_episodes_num_write_error": 0,
    "message_tracks_num_added_audio": 0,
    "message_tracks_num_in_mdata": 45110,
    "message_tracks_num_missing_audio_id": 0,
    "message_tracks_num_parse_error": 0,
    "message_tracks_num_write_error": 0
  },
  {
    "timestamp_utc": "2024-11-16T05:53:54.346Z",
    "context_application_version": "8.9.90.84",
    "context_conn_country": "US",
    "context_device_manufacturer": "apple",
    "context_device_model": "iPad14,4",
    "context_device_type": "tablet",
    "context_os_name": "ios",
    "context_os_version": "18.0.1",
    "context_receiver_service_timestamp": 1731736438901,
    "context_time": 1731736434346,
    "message_episodes_num_added_audio": 0,
    "message_episodes_num_in_mdata": 1226,
    "message_episodes_num_missing_audio_id": 5,
    "message_episodes_num_parse_error": 0,
    "message_episodes_num_write_error": 0,
    "message_tracks_num_added_audio": 0,
    "message_tracks_num_in_mdata": 49114,
    "message_tracks_num_missing_audio_id": 0,
    "message_tracks_num_parse_error": 0,
    "message_tracks_num_write_error": 0
  },
  {
    "timestamp_utc": "2024-08-31T00:27:48.415Z",
    "context_application_version": "8.9.68.490",
    "context_conn_country": "US",
    "context_device_manufacturer": "apple",
    "context_device_model": "iPad14,4",
    "context_device_type": "tablet",
    "context_os_name": "ios",
    "context_os_version": "17.5.1",
    "context_receiver_service_timestamp": 1725064072532,
    "context_time": 1725064068415,
    "message_episodes_num_added_audio": 0,
    "message_episodes_num_in_mdata": 1201,
    "message_episodes_num_missing_audio_id": 5,
    "message_episodes_num_parse_error": 0,
    "message_episodes_num_write_error": 0,
    "message_tracks_num_added_audio": 0,
    "message_tracks_num_in_mdata": 45828,
    "message_tracks_num_missing_audio_id": 0,
    "message_tracks_num_parse_error": 0,
    "message_tracks_num_write_error": 0
  },
  {
    "timestamp_utc": "2024-10-26T00:17:33.501Z",
    "context_application_version": "8.9.84.543",
    "context_conn_country": "US",
    "context_device_manufacturer": "apple",
    "context_device_model": "iPhone13,4",
    "context_device_type": "mobile",
    "context_os_name": "ios",
    "context_os_version": "18.0.1",
    "context_receiver_service_timestamp": 1729901875731,
    "context_time": 1729901853501,
    "message_episodes_num_added_audio": 0,
    "message_episodes_num_in_mdata": 2851,
    "message_episodes_num_missing_audio_id": 0,
    "message_episodes_num_parse_error": 0,
    "message_episodes_num_write_error": 0,
    "message_tracks_num_added_audio": 0,
    "message_tracks_num_in_mdata": 30230,
    "message_tracks_num_missing_audio_id": 0,
    "message_tracks_num_parse_error": 0,
    "message_tracks_num_write_error": 0
  },
  {
    "timestamp_utc": "2024-10-04T21:44:36.289Z",
    "context_application_version": "8.9.76.516",
    "context_conn_country": "US",
    "context_device_manufacturer": "apple",
    "context_device_model": "iPhone13,4",
    "context_device_type": "mobile",
    "context_os_name": "ios",
    "context_os_version": "18.0",
    "context_receiver_service_timestamp": 1728085325848,
    "context_time": 1728078276289,
    "message_episodes_num_added_audio": 0,
    "message_episodes_num_in_mdata": 1129,
    "message_episodes_num_missing_audio_id": 0,
    "message_episodes_num_parse_error": 0,
    "message_episodes_num_write_error": 0,
    "message_tracks_num_added_audio": 0,
    "message_tracks_num_in_mdata": 27990,
    "message_tracks_num_missing_audio_id": 0,
    "message_tracks_num_parse_error": 0,
    "message_tracks_num_write_error": 0
  },
  {
    "timestamp_utc": "2024-10-30T00:33:23.431Z",
    "context_application_version": "8.9.86.419",
    "context_conn_country": "US",
    "context_device_manufacturer": "apple",
    "context_device_model": "iPhone13,4",
    "context_device_type": "mobile",
    "context_os_name": "ios",
    "context_os_version": "18.0.1",
    "context_receiver_service_timestamp": 1730248403972,
    "context_time": 1730248403431,
    "message_episodes_num_added_audio": 0,
    "message_episodes_num_in_mdata": 2851,
    "message_episodes_num_missing_audio_id": 0,
    "message_episodes_num_parse_error": 0,
    "message_episodes_num_write_error": 0,
    "message_tracks_num_added_audio": 0,
    "message_tracks_num_in_mdata": 30473,
    "message_tracks_num_missing_audio_id": 0,
    "message_tracks_num_parse_error": 0,
    "message_tracks_num_write_error": 0
  },
  {
    "timestamp_utc": "2024-10-16T21:25:35.233Z",
    "context_application_version": "8.9.82.628",
    "context_conn_country": "US",
    "context_device_manufacturer": "apple",
    "context_device_model": "iPhone13,4",
    "context_device_type": "mobile",
    "context_os_name": "ios",
    "context_os_version": "18.0.1",
    "context_receiver_service_timestamp": 1729113949179,
    "context_time": 1729113935233,
    "message_episodes_num_added_audio": 0,
    "message_episodes_num_in_mdata": 2851,
    "message_episodes_num_missing_audio_id": 0,
    "message_episodes_num_parse_error": 0,
    "message_episodes_num_write_error": 0,
    "message_tracks_num_added_audio": 0,
    "message_tracks_num_in_mdata": 29780,
    "message_tracks_num_missing_audio_id": 0,
    "message_tracks_num_parse_error": 0,
    "message_tracks_num_write_error": 0
  },
  {
    "timestamp_utc": "2024-10-26T08:37:45.405Z",
    "context_application_version": "8.9.86.419",
    "context_conn_country": "US",
    "context_device_manufacturer": "apple",
    "context_device_model": "iPad14,4",
    "context_device_type": "tablet",
    "context_os_name": "ios",
    "context_os_version": "18.0.1",
    "context_receiver_service_timestamp": 1729931869285,
    "context_time": 1729931865405,
    "message_episodes_num_added_audio": 0,
    "message_episodes_num_in_mdata": 1226,
    "message_episodes_num_missing_audio_id": 5,
    "message_episodes_num_parse_error": 0,
    "message_episodes_num_write_error": 0,
    "message_tracks_num_added_audio": 0,
    "message_tracks_num_in_mdata": 48766,
    "message_tracks_num_missing_audio_id": 0,
    "message_tracks_num_parse_error": 0,
    "message_tracks_num_write_error": 0
  },
  {
    "timestamp_utc": "2024-09-18T18:48:03.630Z",
    "context_application_version": "1.2.45.454",
    "context_conn_country": "US",
    "context_device_manufacturer": "Apple Inc.",
    "context_device_model": "MacBookPro16,2",
    "context_device_type": "desktop",
    "context_os_name": "osx",
    "context_os_version": "14.6.1",
    "context_receiver_service_timestamp": 1726685298259,
    "context_time": 1726685283630,
    "message_episodes_num_added_audio": 0,
    "message_episodes_num_in_mdata": 68,
    "message_episodes_num_missing_audio_id": 0,
    "message_episodes_num_parse_error": 0,
    "message_episodes_num_write_error": 0,
    "message_tracks_num_added_audio": 0,
    "message_tracks_num_in_mdata": 22873,
    "message_tracks_num_missing_audio_id": 0,
    "message_tracks_num_parse_error": 0,
    "message_tracks_num_write_error": 0
  },
  {
    "timestamp_utc": "2024-10-05T23:18:51.649Z",
    "context_application_version": "8.9.76.516",
    "context_conn_country": "US",
    "context_device_manufacturer": "apple",
    "context_device_model": "iPhone13,4",
    "context_device_type": "mobile",
    "context_os_name": "ios",
    "context_os_version": "18.0",
    "context_receiver_service_timestamp": 1728170332546,
    "context_time": 1728170331649,
    "message_episodes_num_added_audio": 0,
    "message_episodes_num_in_mdata": 1129,
    "message_episodes_num_missing_audio_id": 0,
    "message_episodes_num_parse_error": 0,
    "message_episodes_num_write_error": 0,
    "message_tracks_num_added_audio": 0,
    "message_tracks_num_in_mdata": 28033,
    "message_tracks_num_missing_audio_id": 0,
    "message_tracks_num_parse_error": 0,
    "message_tracks_num_write_error": 0
  },
  {
    "timestamp_utc": "2024-09-26T19:32:02.807Z",
    "context_application_version": "1.2.47.364",
    "context_conn_country": "US",
    "context_device_manufacturer": "Apple Inc.",
    "context_device_model": "MacBookPro16,2",
    "context_device_type": "desktop",
    "context_os_name": "osx",
    "context_os_version": "14.6.1",
    "context_receiver_service_timestamp": 1727379132827,
    "context_time": 1727379122807,
    "message_episodes_num_added_audio": 0,
    "message_episodes_num_in_mdata": 121,
    "message_episodes_num_missing_audio_id": 0,
    "message_episodes_num_parse_error": 0,
    "message_episodes_num_write_error": 0,
    "message_tracks_num_added_audio": 0,
    "message_tracks_num_in_mdata": 23890,
    "message_tracks_num_missing_audio_id": 0,
    "message_tracks_num_parse_error": 0,
    "message_tracks_num_write_error": 0
  },
  {
    "timestamp_utc": "2024-10-14T20:06:47.994Z",
    "context_application_version": "8.9.82.628",
    "context_conn_country": "US",
    "context_device_manufacturer": "apple",
    "context_device_model": "iPhone13,4",
    "context_device_type": "mobile",
    "context_os_name": "ios",
    "context_os_version": "18.0.1",
    "context_receiver_service_timestamp": 1728936410186,
    "context_time": 1728936407994,
    "message_episodes_num_added_audio": 7,
    "message_episodes_num_in_mdata": 2825,
    "message_episodes_num_missing_audio_id": 0,
    "message_episodes_num_parse_error": 0,
    "message_episodes_num_write_error": 0,
    "message_tracks_num_added_audio": 0,
    "message_tracks_num_in_mdata": 28609,
    "message_tracks_num_missing_audio_id": 0,
    "message_tracks_num_parse_error": 0,
    "message_tracks_num_write_error": 0
  },
  {
    "timestamp_utc": "2024-10-22T20:55:19.788Z",
    "context_application_version": "8.9.82.628",
    "context_conn_country": "US",
    "context_device_manufacturer": "apple",
    "context_device_model": "iPad14,4",
    "context_device_type": "tablet",
    "context_os_name": "ios",
    "context_os_version": "18.0.1",
    "context_receiver_service_timestamp": 1729630542031,
    "context_time": 1729630519788,
    "message_episodes_num_added_audio": 0,
    "message_episodes_num_in_mdata": 1226,
    "message_episodes_num_missing_audio_id": 5,
    "message_episodes_num_parse_error": 0,
    "message_episodes_num_write_error": 0,
    "message_tracks_num_added_audio": 0,
    "message_tracks_num_in_mdata": 48615,
    "message_tracks_num_missing_audio_id": 0,
    "message_tracks_num_parse_error": 0,
    "message_tracks_num_write_error": 0
  },
  {
    "timestamp_utc": "2024-09-25T18:14:37.649Z",
    "context_application_version": "1.2.47.364",
    "context_conn_country": "US",
    "context_device_manufacturer": "Apple Inc.",
    "context_device_model": "MacBookPro16,2",
    "context_device_type": "desktop",
    "context_os_name": "osx",
    "context_os_version": "14.6.1",
    "context_receiver_service_timestamp": 1727288090506,
    "context_time": 1727288077649,
    "message_episodes_num_added_audio": 0,
    "message_episodes_num_in_mdata": 121,
    "message_episodes_num_missing_audio_id": 0,
    "message_episodes_num_parse_error": 0,
    "message_episodes_num_write_error": 0,
    "message_tracks_num_added_audio": 0,
    "message_tracks_num_in_mdata": 23882,
    "message_tracks_num_missing_audio_id": 0,
    "message_tracks_num_parse_error": 0,
    "message_tracks_num_write_error": 0
  },
  {
    "timestamp_utc": "2024-11-19T00:00:43.953Z",
    "context_application_version": "8.9.90.84",
    "context_conn_country": "US",
    "context_device_manufacturer": "apple",
    "context_device_model": "iPhone13,4",
    "context_device_type": "mobile",
    "context_os_name": "ios",
    "context_os_version": "18.0.1",
    "context_receiver_service_timestamp": 1731974456824,
    "context_time": 1731974443953,
    "message_episodes_num_added_audio": 383,
    "message_episodes_num_in_mdata": 5690,
    "message_episodes_num_missing_audio_id": 0,
    "message_episodes_num_parse_error": 0,
    "message_episodes_num_write_error": 0,
    "message_tracks_num_added_audio": 0,
    "message_tracks_num_in_mdata": 32002,
    "message_tracks_num_missing_audio_id": 0,
    "message_tracks_num_parse_error": 0,
    "message_tracks_num_write_error": 0
  },
  {
    "timestamp_utc": "2024-11-10T01:55:06.302Z",
    "context_application_version": "8.9.86.419",
    "context_conn_country": "US",
    "context_device_manufacturer": "apple",
    "context_device_model": "iPhone13,4",
    "context_device_type": "mobile",
    "context_os_name": "ios",
    "context_os_version": "18.0.1",
    "context_receiver_service_timestamp": 1731203710163,
    "context_time": 1731203706302,
    "message_episodes_num_added_audio": 0,
    "message_episodes_num_in_mdata": 2869,
    "message_episodes_num_missing_audio_id": 0,
    "message_episodes_num_parse_error": 0,
    "message_episodes_num_write_error": 0,
    "message_tracks_num_added_audio": 0,
    "message_tracks_num_in_mdata": 31065,
    "message_tracks_num_missing_audio_id": 0,
    "message_tracks_num_parse_error": 0,
    "message_tracks_num_write_error": 0
  },
  {
    "timestamp_utc": "2024-09-25T19:29:00.541Z",
    "context_application_version": "8.9.76.516",
    "context_conn_country": "US",
    "context_device_manufacturer": "apple",
    "context_device_model": "iPhone13,4",
    "context_device_type": "mobile",
    "context_os_name": "ios",
    "context_os_version": "18.0",
    "context_receiver_service_timestamp": 1727292556394,
    "context_time": 1727292540541,
    "message_episodes_num_added_audio": 0,
    "message_episodes_num_in_mdata": 1129,
    "message_episodes_num_missing_audio_id": 0,
    "message_episodes_num_parse_error": 0,
    "message_episodes_num_write_error": 0,
    "message_tracks_num_added_audio": 0,
    "message_tracks_num_in_mdata": 27767,
    "message_tracks_num_missing_audio_id": 0,
    "message_tracks_num_parse_error": 0,
    "message_tracks_num_write_error": 0
  },
  {
    "timestamp_utc": "2024-08-27T20:16:57.408Z",
    "context_application_version": "8.9.68.490",
    "context_conn_country": "US",
    "context_device_manufacturer": "apple",
    "context_device_model": "iPhone13,4",
    "context_device_type": "mobile",
    "context_os_name": "ios",
    "context_os_version": "17.5.1",
    "context_receiver_service_timestamp": 1724789830549,
    "context_time": 1724789817408,
    "message_episodes_num_added_audio": 0,
    "message_episodes_num_in_mdata": 687,
    "message_episodes_num_missing_audio_id": 0,
    "message_episodes_num_parse_error": 0,
    "message_episodes_num_write_error": 0,
    "message_tracks_num_added_audio": 0,
    "message_tracks_num_in_mdata": 25017,
    "message_tracks_num_missing_audio_id": 0,
    "message_tracks_num_parse_error": 0,
    "message_tracks_num_write_error": 0
  },
  {
    "timestamp_utc": "2024-08-26T18:03:46.113Z",
    "context_application_version": "8.9.66.462",
    "context_conn_country": "US",
    "context_device_manufacturer": "apple",
    "context_device_model": "iPhone13,4",
    "context_device_type": "mobile",
    "context_os_name": "ios",
    "context_os_version": "17.5.1",
    "context_receiver_service_timestamp": 1724695448593,
    "context_time": 1724695426113,
    "message_episodes_num_added_audio": 0,
    "message_episodes_num_in_mdata": 687,
    "message_episodes_num_missing_audio_id": 0,
    "message_episodes_num_parse_error": 0,
    "message_episodes_num_write_error": 0,
    "message_tracks_num_added_audio": 0,
    "message_tracks_num_in_mdata": 25006,
    "message_tracks_num_missing_audio_id": 0,
    "message_tracks_num_parse_error": 0,
    "message_tracks_num_write_error": 0
  },
  {
    "timestamp_utc": "2024-10-11T05:01:25.117Z",
    "context_application_version": "8.9.76.516",
    "context_conn_country": "US",
    "context_device_manufacturer": "apple",
    "context_device_model": "iPad14,4",
    "context_device_type": "tablet",
    "context_os_name": "ios",
    "context_os_version": "18.0.1",
    "context_receiver_service_timestamp": 1728622887104,
    "context_time": 1728622885117,
    "message_episodes_num_added_audio": 0,
    "message_episodes_num_in_mdata": 1217,
    "message_episodes_num_missing_audio_id": 5,
    "message_episodes_num_parse_error": 0,
    "message_episodes_num_write_error": 0,
    "message_tracks_num_added_audio": 0,
    "message_tracks_num_in_mdata": 47490,
    "message_tracks_num_missing_audio_id": 0,
    "message_tracks_num_parse_error": 0,
    "message_tracks_num_write_error": 0
  },
  {
    "timestamp_utc": "2024-11-12T21:45:31.642Z",
    "context_application_version": "8.9.90.84",
    "context_conn_country": "US",
    "context_device_manufacturer": "apple",
    "context_device_model": "iPad14,4",
    "context_device_type": "tablet",
    "context_os_name": "ios",
    "context_os_version": "18.0.1",
    "context_receiver_service_timestamp": 1731447935375,
    "context_time": 1731447931642,
    "message_episodes_num_added_audio": 0,
    "message_episodes_num_in_mdata": 1226,
    "message_episodes_num_missing_audio_id": 5,
    "message_episodes_num_parse_error": 0,
    "message_episodes_num_write_error": 0,
    "message_tracks_num_added_audio": 0,
    "message_tracks_num_in_mdata": 49111,
    "message_tracks_num_missing_audio_id": 0,
    "message_tracks_num_parse_error": 0,
    "message_tracks_num_write_error": 0
  },
  {
    "timestamp_utc": "2024-08-28T19:01:32.409Z",
    "context_application_version": "8.9.68.490",
    "context_conn_country": "US",
    "context_device_manufacturer": "apple",
    "context_device_model": "iPhone13,4",
    "context_device_type": "mobile",
    "context_os_name": "ios",
    "context_os_version": "17.5.1",
    "context_receiver_service_timestamp": 1724871716068,
    "context_time": 1724871692409,
    "message_episodes_num_added_audio": 317,
    "message_episodes_num_in_mdata": 1004,
    "message_episodes_num_missing_audio_id": 0,
    "message_episodes_num_parse_error": 0,
    "message_episodes_num_write_error": 0,
    "message_tracks_num_added_audio": 0,
    "message_tracks_num_in_mdata": 25354,
    "message_tracks_num_missing_audio_id": 0,
    "message_tracks_num_parse_error": 0,
    "message_tracks_num_write_error": 0
  },
  {
    "timestamp_utc": "2024-09-09T18:56:54.906Z",
    "context_application_version": "8.9.70.592",
    "context_conn_country": "US",
    "context_device_manufacturer": "apple",
    "context_device_model": "iPhone13,4",
    "context_device_type": "mobile",
    "context_os_name": "ios",
    "context_os_version": "17.6.1",
    "context_receiver_service_timestamp": 1725908228089,
    "context_time": 1725908214906,
    "message_episodes_num_added_audio": 0,
    "message_episodes_num_in_mdata": 1129,
    "message_episodes_num_missing_audio_id": 0,
    "message_episodes_num_parse_error": 0,
    "message_episodes_num_write_error": 0,
    "message_tracks_num_added_audio": 0,
    "message_tracks_num_in_mdata": 26485,
    "message_tracks_num_missing_audio_id": 0,
    "message_tracks_num_parse_error": 0,
    "message_tracks_num_write_error": 0
  },
  {
    "timestamp_utc": "2024-10-12T00:35:06.683Z",
    "context_application_version": "8.9.82.628",
    "context_conn_country": "US",
    "context_device_manufacturer": "apple",
    "context_device_model": "iPhone13,4",
    "context_device_type": "mobile",
    "context_os_name": "ios",
    "context_os_version": "18.0.1",
    "context_receiver_service_timestamp": 1728693313230,
    "context_time": 1728693306683,
    "message_episodes_num_added_audio": 0,
    "message_episodes_num_in_mdata": 2818,
    "message_episodes_num_missing_audio_id": 0,
    "message_episodes_num_parse_error": 0,
    "message_episodes_num_write_error": 0,
    "message_tracks_num_added_audio": 0,
    "message_tracks_num_in_mdata": 28296,
    "message_tracks_num_missing_audio_id": 0,
    "message_tracks_num_parse_error": 0,
    "message_tracks_num_write_error": 0
  },
  {
    "timestamp_utc": "2024-09-09T01:55:55.188Z",
    "context_application_version": "8.9.70.592",
    "context_conn_country": "US",
    "context_device_manufacturer": "apple",
    "context_device_model": "iPhone13,4",
    "context_device_type": "mobile",
    "context_os_name": "ios",
    "context_os_version": "17.6.1",
    "context_receiver_service_timestamp": 1725846958800,
    "context_time": 1725846955188,
    "message_episodes_num_added_audio": 0,
    "message_episodes_num_in_mdata": 1129,
    "message_episodes_num_missing_audio_id": 0,
    "message_episodes_num_parse_error": 0,
    "message_episodes_num_write_error": 0,
    "message_tracks_num_added_audio": 0,
    "message_tracks_num_in_mdata": 26347,
    "message_tracks_num_missing_audio_id": 0,
    "message_tracks_num_parse_error": 0,
    "message_tracks_num_write_error": 0
  },
  {
    "timestamp_utc": "2024-11-06T11:30:19.058Z",
    "context_application_version": "8.9.86.419",
    "context_conn_country": "US",
    "context_device_manufacturer": "apple",
    "context_device_model": "iPhone13,4",
    "context_device_type": "mobile",
    "context_os_name": "ios",
    "context_os_version": "18.0.1",
    "context_receiver_service_timestamp": 1730892646578,
    "context_time": 1730892619058,
    "message_episodes_num_added_audio": 0,
    "message_episodes_num_in_mdata": 2869,
    "message_episodes_num_missing_audio_id": 0,
    "message_episodes_num_parse_error": 0,
    "message_episodes_num_write_error": 0,
    "message_tracks_num_added_audio": 0,
    "message_tracks_num_in_mdata": 30892,
    "message_tracks_num_missing_audio_id": 0,
    "message_tracks_num_parse_error": 0,
    "message_tracks_num_write_error": 0
  },
  {
    "timestamp_utc": "2024-09-10T20:47:59.321Z",
    "context_application_version": "8.9.70.592",
    "context_conn_country": "US",
    "context_device_manufacturer": "apple",
    "context_device_model": "iPhone13,4",
    "context_device_type": "mobile",
    "context_os_name": "ios",
    "context_os_version": "17.6.1",
    "context_receiver_service_timestamp": 1726001301837,
    "context_time": 1726001279321,
    "message_episodes_num_added_audio": 0,
    "message_episodes_num_in_mdata": 1129,
    "message_episodes_num_missing_audio_id": 0,
    "message_episodes_num_parse_error": 0,
    "message_episodes_num_write_error": 0,
    "message_tracks_num_added_audio": 0,
    "message_tracks_num_in_mdata": 26487,
    "message_tracks_num_missing_audio_id": 0,
    "message_tracks_num_parse_error": 0,
    "message_tracks_num_write_error": 0
  },
  {
    "timestamp_utc": "2024-10-09T02:56:12.474Z",
    "context_application_version": "8.9.76.516",
    "context_conn_country": "US",
    "context_device_manufacturer": "apple",
    "context_device_model": "iPad14,4",
    "context_device_type": "tablet",
    "context_os_name": "ios",
    "context_os_version": "18.0.1",
    "context_receiver_service_timestamp": 1728442596046,
    "context_time": 1728442572474,
    "message_episodes_num_added_audio": 0,
    "message_episodes_num_in_mdata": 1217,
    "message_episodes_num_missing_audio_id": 5,
    "message_episodes_num_parse_error": 0,
    "message_episodes_num_write_error": 0,
    "message_tracks_num_added_audio": 0,
    "message_tracks_num_in_mdata": 47471,
    "message_tracks_num_missing_audio_id": 0,
    "message_tracks_num_parse_error": 0,
    "message_tracks_num_write_error": 0
  },
  {
    "timestamp_utc": "2024-10-11T18:19:04.906Z",
    "context_application_version": "8.9.76.516",
    "context_conn_country": "US",
    "context_device_manufacturer": "apple",
    "context_device_model": "iPhone13,4",
    "context_device_type": "mobile",
    "context_os_name": "ios",
    "context_os_version": "18.0.1",
    "context_receiver_service_timestamp": 1728670760219,
    "context_time": 1728670744906,
    "message_episodes_num_added_audio": 1689,
    "message_episodes_num_in_mdata": 2818,
    "message_episodes_num_missing_audio_id": 0,
    "message_episodes_num_parse_error": 0,
    "message_episodes_num_write_error": 0,
    "message_tracks_num_added_audio": 0,
    "message_tracks_num_in_mdata": 28290,
    "message_tracks_num_missing_audio_id": 0,
    "message_tracks_num_parse_error": 0,
    "message_tracks_num_write_error": 0
  },
  {
    "timestamp_utc": "2024-10-13T19:07:58.262Z",
    "context_application_version": "8.9.82.628",
    "context_conn_country": "US",
    "context_device_manufacturer": "apple",
    "context_device_model": "iPhone13,4",
    "context_device_type": "mobile",
    "context_os_name": "ios",
    "context_os_version": "18.0.1",
    "context_receiver_service_timestamp": 1728846503870,
    "context_time": 1728846478262,
    "message_episodes_num_added_audio": 0,
    "message_episodes_num_in_mdata": 2818,
    "message_episodes_num_missing_audio_id": 0,
    "message_episodes_num_parse_error": 0,
    "message_episodes_num_write_error": 0,
    "message_tracks_num_added_audio": 0,
    "message_tracks_num_in_mdata": 28452,
    "message_tracks_num_missing_audio_id": 0,
    "message_tracks_num_parse_error": 0,
    "message_tracks_num_write_error": 0
  },
  {
    "timestamp_utc": "2024-10-25T21:16:05.912Z",
    "context_application_version": "8.9.84.543",
    "context_conn_country": "US",
    "context_device_manufacturer": "apple",
    "context_device_model": "iPhone13,4",
    "context_device_type": "mobile",
    "context_os_name": "ios",
    "context_os_version": "18.0.1",
    "context_receiver_service_timestamp": 1729890986546,
    "context_time": 1729890965912,
    "message_episodes_num_added_audio": 0,
    "message_episodes_num_in_mdata": 2851,
    "message_episodes_num_missing_audio_id": 0,
    "message_episodes_num_parse_error": 0,
    "message_episodes_num_write_error": 0,
    "message_tracks_num_added_audio": 0,
    "message_tracks_num_in_mdata": 30228,
    "message_tracks_num_missing_audio_id": 0,
    "message_tracks_num_parse_error": 0,
    "message_tracks_num_write_error": 0
  },
  {
    "timestamp_utc": "2024-09-04T16:56:22.160Z",
    "context_application_version": "8.9.68.490",
    "context_conn_country": "US",
    "context_device_manufacturer": "apple",
    "context_device_model": "iPhone13,4",
    "context_device_type": "mobile",
    "context_os_name": "ios",
    "context_os_version": "17.6.1",
    "context_receiver_service_timestamp": 1725468983999,
    "context_time": 1725468982160,
    "message_episodes_num_added_audio": 0,
    "message_episodes_num_in_mdata": 1129,
    "message_episodes_num_missing_audio_id": 0,
    "message_episodes_num_parse_error": 0,
    "message_episodes_num_write_error": 0,
    "message_tracks_num_added_audio": 0,
    "message_tracks_num_in_mdata": 26176,
    "message_tracks_num_missing_audio_id": 0,
    "message_tracks_num_parse_error": 0,
    "message_tracks_num_write_error": 0
  },
  {
    "timestamp_utc": "2024-10-21T16:50:25.282Z",
    "context_application_version": "8.9.82.628",
    "context_conn_country": "US",
    "context_device_manufacturer": "apple",
    "context_device_model": "iPhone13,4",
    "context_device_type": "mobile",
    "context_os_name": "ios",
    "context_os_version": "18.0.1",
    "context_receiver_service_timestamp": 1729529427430,
    "context_time": 1729529425282,
    "message_episodes_num_added_audio": 0,
    "message_episodes_num_in_mdata": 2851,
    "message_episodes_num_missing_audio_id": 0,
    "message_episodes_num_parse_error": 0,
    "message_episodes_num_write_error": 0,
    "message_tracks_num_added_audio": 0,
    "message_tracks_num_in_mdata": 30074,
    "message_tracks_num_missing_audio_id": 0,
    "message_tracks_num_parse_error": 0,
    "message_tracks_num_write_error": 0
  },
  {
    "timestamp_utc": "2024-09-09T05:50:28.409Z",
    "context_application_version": "8.9.70.592",
    "context_conn_country": "US",
    "context_device_manufacturer": "apple",
    "context_device_model": "iPad14,4",
    "context_device_type": "tablet",
    "context_os_name": "ios",
    "context_os_version": "17.6.1",
    "context_receiver_service_timestamp": 1725861036057,
    "context_time": 1725861028409,
    "message_episodes_num_added_audio": 0,
    "message_episodes_num_in_mdata": 1201,
    "message_episodes_num_missing_audio_id": 5,
    "message_episodes_num_parse_error": 0,
    "message_episodes_num_write_error": 0,
    "message_tracks_num_added_audio": 0,
    "message_tracks_num_in_mdata": 46526,
    "message_tracks_num_missing_audio_id": 0,
    "message_tracks_num_parse_error": 0,
    "message_tracks_num_write_error": 0
  },
  {
    "timestamp_utc": "2024-09-11T21:30:30.994Z",
    "context_application_version": "1.2.39.578",
    "context_conn_country": "US",
    "context_device_manufacturer": "Apple Inc.",
    "context_device_model": "MacBookPro16,2",
    "context_device_type": "desktop",
    "context_os_name": "osx",
    "context_os_version": "14.6.1",
    "context_receiver_service_timestamp": 1726090244666,
    "context_time": 1726090230994,
    "message_episodes_num_added_audio": 2,
    "message_episodes_num_in_mdata": 68,
    "message_episodes_num_missing_audio_id": 0,
    "message_episodes_num_parse_error": 0,
    "message_episodes_num_write_error": 0,
    "message_tracks_num_added_audio": 0,
    "message_tracks_num_in_mdata": 22766,
    "message_tracks_num_missing_audio_id": 0,
    "message_tracks_num_parse_error": 0,
    "message_tracks_num_write_error": 0
  },
  {
    "timestamp_utc": "2024-11-17T22:03:35.598Z",
    "context_application_version": "8.9.90.84",
    "context_conn_country": "US",
    "context_device_manufacturer": "apple",
    "context_device_model": "iPhone13,4",
    "context_device_type": "mobile",
    "context_os_name": "ios",
    "context_os_version": "18.0.1",
    "context_receiver_service_timestamp": 1731881031987,
    "context_time": 1731881015598,
    "message_episodes_num_added_audio": 0,
    "message_episodes_num_in_mdata": 5309,
    "message_episodes_num_missing_audio_id": 0,
    "message_episodes_num_parse_error": 0,
    "message_episodes_num_write_error": 0,
    "message_tracks_num_added_audio": 0,
    "message_tracks_num_in_mdata": 31579,
    "message_tracks_num_missing_audio_id": 0,
    "message_tracks_num_parse_error": 0,
    "message_tracks_num_write_error": 0
  },
  {
    "timestamp_utc": "2024-09-25T00:11:36.299Z",
    "context_application_version": "1.2.45.454",
    "context_conn_country": "US",
    "context_device_manufacturer": "Apple Inc.",
    "context_device_model": "MacBookPro16,2",
    "context_device_type": "desktop",
    "context_os_name": "osx",
    "context_os_version": "14.6.1",
    "context_receiver_service_timestamp": 1727223109451,
    "context_time": 1727223096299,
    "message_episodes_num_added_audio": 0,
    "message_episodes_num_in_mdata": 121,
    "message_episodes_num_missing_audio_id": 0,
    "message_episodes_num_parse_error": 0,
    "message_episodes_num_write_error": 0,
    "message_tracks_num_added_audio": 0,
    "message_tracks_num_in_mdata": 23725,
    "message_tracks_num_missing_audio_id": 0,
    "message_tracks_num_parse_error": 0,
    "message_tracks_num_write_error": 0
  },
  {
    "timestamp_utc": "2024-09-20T04:24:18.049Z",
    "context_application_version": "8.9.74.535",
    "context_conn_country": "US",
    "context_device_manufacturer": "apple",
    "context_device_model": "iPad14,4",
    "context_device_type": "tablet",
    "context_os_name": "ios",
    "context_os_version": "17.6.1",
    "context_receiver_service_timestamp": 1726806259831,
    "context_time": 1726806258049,
    "message_episodes_num_added_audio": 0,
    "message_episodes_num_in_mdata": 1218,
    "message_episodes_num_missing_audio_id": 5,
    "message_episodes_num_parse_error": 0,
    "message_episodes_num_write_error": 0,
    "message_tracks_num_added_audio": 0,
    "message_tracks_num_in_mdata": 46821,
    "message_tracks_num_missing_audio_id": 0,
    "message_tracks_num_parse_error": 0,
    "message_tracks_num_write_error": 0
  },
  {
    "timestamp_utc": "2024-11-11T22:45:47.287Z",
    "context_application_version": "8.9.90.84",
    "context_conn_country": "US",
    "context_device_manufacturer": "apple",
    "context_device_model": "iPhone13,4",
    "context_device_type": "mobile",
    "context_os_name": "ios",
    "context_os_version": "18.0.1",
    "context_receiver_service_timestamp": 1731365168299,
    "context_time": 1731365147287,
    "message_episodes_num_added_audio": 2440,
    "message_episodes_num_in_mdata": 5309,
    "message_episodes_num_missing_audio_id": 0,
    "message_episodes_num_parse_error": 0,
    "message_episodes_num_write_error": 0,
    "message_tracks_num_added_audio": 0,
    "message_tracks_num_in_mdata": 31315,
    "message_tracks_num_missing_audio_id": 0,
    "message_tracks_num_parse_error": 0,
    "message_tracks_num_write_error": 0
  },
  {
    "timestamp_utc": "2024-09-13T00:56:27.157Z",
    "context_application_version": "8.9.70.592",
    "context_conn_country": "US",
    "context_device_manufacturer": "apple",
    "context_device_model": "iPhone13,4",
    "context_device_type": "mobile",
    "context_os_name": "ios",
    "context_os_version": "17.6.1",
    "context_receiver_service_timestamp": 1726189003466,
    "context_time": 1726188987157,
    "message_episodes_num_added_audio": 0,
    "message_episodes_num_in_mdata": 1129,
    "message_episodes_num_missing_audio_id": 0,
    "message_episodes_num_parse_error": 0,
    "message_episodes_num_write_error": 0,
    "message_tracks_num_added_audio": 0,
    "message_tracks_num_in_mdata": 26509,
    "message_tracks_num_missing_audio_id": 0,
    "message_tracks_num_parse_error": 0,
    "message_tracks_num_write_error": 0
  },
  {
    "timestamp_utc": "2024-11-02T20:43:00.097Z",
    "context_application_version": "8.9.86.419",
    "context_conn_country": "US",
    "context_device_manufacturer": "apple",
    "context_device_model": "iPhone13,4",
    "context_device_type": "mobile",
    "context_os_name": "ios",
    "context_os_version": "18.0.1",
    "context_receiver_service_timestamp": 1730580207124,
    "context_time": 1730580180097,
    "message_episodes_num_added_audio": 0,
    "message_episodes_num_in_mdata": 2851,
    "message_episodes_num_missing_audio_id": 0,
    "message_episodes_num_parse_error": 0,
    "message_episodes_num_write_error": 0,
    "message_tracks_num_added_audio": 0,
    "message_tracks_num_in_mdata": 30581,
    "message_tracks_num_missing_audio_id": 0,
    "message_tracks_num_parse_error": 0,
    "message_tracks_num_write_error": 0
  },
  {
    "timestamp_utc": "2024-10-01T22:53:16.983Z",
    "context_application_version": "8.9.76.516",
    "context_conn_country": "US",
    "context_device_manufacturer": "apple",
    "context_device_model": "iPhone13,4",
    "context_device_type": "mobile",
    "context_os_name": "ios",
    "context_os_version": "18.0",
    "context_receiver_service_timestamp": 1727823205787,
    "context_time": 1727823196983,
    "message_episodes_num_added_audio": 0,
    "message_episodes_num_in_mdata": 1129,
    "message_episodes_num_missing_audio_id": 0,
    "message_episodes_num_parse_error": 0,
    "message_episodes_num_write_error": 0,
    "message_tracks_num_added_audio": 0,
    "message_tracks_num_in_mdata": 27925,
    "message_tracks_num_missing_audio_id": 0,
    "message_tracks_num_parse_error": 0,
    "message_tracks_num_write_error": 0
  },
  {
    "timestamp_utc": "2024-11-20T21:06:53.477Z",
    "context_application_version": "8.9.90.84",
    "context_conn_country": "US",
    "context_device_manufacturer": "apple",
    "context_device_model": "iPhone13,4",
    "context_device_type": "mobile",
    "context_os_name": "ios",
    "context_os_version": "18.1",
    "context_receiver_service_timestamp": 1732136841898,
    "context_time": 1732136813477,
    "message_episodes_num_added_audio": 0,
    "message_episodes_num_in_mdata": 5690,
    "message_episodes_num_missing_audio_id": 0,
    "message_episodes_num_parse_error": 0,
    "message_episodes_num_write_error": 0,
    "message_tracks_num_added_audio": 0,
    "message_tracks_num_in_mdata": 32085,
    "message_tracks_num_missing_audio_id": 0,
    "message_tracks_num_parse_error": 0,
    "message_tracks_num_write_error": 0
  },
  {
    "timestamp_utc": "2024-10-23T08:28:22.758Z",
    "context_application_version": "8.9.82.628",
    "context_conn_country": "US",
    "context_device_manufacturer": "apple",
    "context_device_model": "iPad14,4",
    "context_device_type": "tablet",
    "context_os_name": "ios",
    "context_os_version": "18.0.1",
    "context_receiver_service_timestamp": 1729672115714,
    "context_time": 1729672102758,
    "message_episodes_num_added_audio": 0,
    "message_episodes_num_in_mdata": 1226,
    "message_episodes_num_missing_audio_id": 5,
    "message_episodes_num_parse_error": 0,
    "message_episodes_num_write_error": 0,
    "message_tracks_num_added_audio": 0,
    "message_tracks_num_in_mdata": 48651,
    "message_tracks_num_missing_audio_id": 0,
    "message_tracks_num_parse_error": 0,
    "message_tracks_num_write_error": 0
  }
]