[
  {
    "timestamp_utc": "2024-11-20T19:07:41.159Z",
    "context_application_version": "8.9.90.84",
    "context_conn_country": "US",
    "context_device_manufacturer": "apple",
    "context_device_model": "iPhone13,4",
    "context_device_type": "mobile",
    "context_os_name": "ios",
    "context_os_version": "18.1",
    "context_receiver_service_timestamp": 1732129662463,
    "context_time": 1732129661159,
    "message_allow_downgrade": true,
    "message_default_play_bitrate_product_state": "",
    "message_play_bitrate_cellular": 320000,
    "message_play_bitrate_wifi": 320000,
    "message_user_selected_play_bitrate_cellular": 320000,
    "message_user_selected_play_bitrate_wifi": 320000
  },
  {
    "timestamp_utc": "2024-09-06T01:06:45.839Z",
    "context_application_version": "8.9.68.490",
    "context_conn_country": "US",
    "context_device_manufacturer": "apple",
    "context_device_model": "iPhone13,4",
    "context_device_type": "mobile",
    "context_os_name": "ios",
    "context_os_version": "17.6.1",
    "context_receiver_service_timestamp": 1725584806316,
    "context_time": 1725584805839,
    "message_allow_downgrade": true,
    "message_default_play_bitrate_product_state": "",
    "message_play_bitrate_cellular": 320000,
    "message_play_bitrate_wifi": 320000,
    "message_user_selected_play_bitrate_cellular": 320000,
    "message_user_selected_play_bitrate_wifi": 320000
  },
  {
    "timestamp_utc": "2024-09-18T18:24:47.562Z",
    "context_application_version": "1.2.45.454",
    "context_conn_country": "US",
    "context_device_manufacturer": "Apple Inc.",
    "context_device_model": "MacBookPro16,2",
    "context_device_type": "desktop",
    "context_os_name": "osx",
    "context_os_version": "14.6.1",
    "context_receiver_service_timestamp": 1726683916660,
    "context_time": 1726683887562,
    "message_allow_downgrade": true,
    "message_default_play_bitrate_product_state": "",
    "message_play_bitrate_cellular": 320000,
    "message_play_bitrate_wifi": 320000,
    "message_user_selected_play_bitrate_cellular": 320000,
    "message_user_selected_play_bitrate_wifi": 320000
  },
  {
    "timestamp_utc": "2024-10-04T03:57:33.404Z",
    "context_application_version": "8.9.76.516",
    "context_conn_country": "US",
    "context_device_manufacturer": "apple",
    "context_device_model": "iPad14,4",
    "context_device_type": "tablet",
    "context_os_name": "ios",
    "context_os_version": "18.0",
    "context_receiver_service_timestamp": 1728014254064,
    "context_time": 1728014253404,
    "message_allow_downgrade": true,
    "message_default_play_bitrate_product_state": "",
    "message_play_bitrate_cellular": 320000,
    "message_play_bitrate_wifi": 320000,
    "message_user_selected_play_bitrate_cellular": 320000,
    "message_user_selected_play_bitrate_wifi": 320000
  },
  {
    "timestamp_utc": "2024-09-04T19:05:51.450Z",
    "context_application_version": "8.9.68.490",
    "context_conn_country": "US",
    "context_device_manufacturer": "apple",
    "context_device_model": "iPhone13,4",
    "context_device_type": "mobile",
    "context_os_name": "ios",
    "context_os_version": "17.6.1",
    "context_receiver_service_timestamp": 1725476752064,
    "context_time": 1725476751450,
    "message_allow_downgrade": true,
    "message_default_play_bitrate_product_state": "",
    "message_play_bitrate_cellular": 320000,
    "message_play_bitrate_wifi": 320000,
    "message_user_selected_play_bitrate_cellular": 320000,
    "message_user_selected_play_bitrate_wifi": 320000
  },
  {
    "timestamp_utc": "2024-09-06T18:00:24Z",
    "context_application_version": "8.9.70.592",
    "context_conn_country": "US",
    "context_device_manufacturer": "apple",
    "context_device_model": "iPhone13,4",
    "context_device_type": "mobile",
    "context_os_name": "ios",
    "context_os_version": "17.6.1",
    "context_receiver_service_timestamp": 1725645625944,
    "context_time": 1725645624000,
    "message_allow_downgrade": true,
    "message_default_play_bitrate_product_state": "",
    "message_play_bitrate_cellular": 320000,
    "message_play_bitrate_wifi": 320000,
    "message_user_selected_play_bitrate_cellular": 320000,
    "message_user_selected_play_bitrate_wifi": 320000
  },
  {
    "timestamp_utc": "2024-09-20T16:25:02.693Z",
    "context_application_version": "8.9.76.516",
    "context_conn_country": "US",
    "context_device_manufacturer": "apple",
    "context_device_model": "iPhone13,4",
    "context_device_type": "mobile",
    "context_os_name": "ios",
    "context_os_version": "17.6.1",
    "context_receiver_service_timestamp": 1726849503687,
    "context_time": 1726849502693,
    "message_allow_downgrade": true,
    "message_default_play_bitrate_product_state": "",
    "message_play_bitrate_cellular": 320000,
    "message_play_bitrate_wifi": 320000,
    "message_user_selected_play_bitrate_cellular": 320000,
    "message_user_selected_play_bitrate_wifi": 320000
  },
  {
    "timestamp_utc": "2024-09-13T16:26:12.371Z",
    "context_application_version": "8.9.74.535",
    "context_conn_country": "US",
    "context_device_manufacturer": "apple",
    "context_device_model": "iPhone13,4",
    "context_device_type": "mobile",
    "context_os_name": "ios",
    "context_os_version": "17.6.1",
    "context_receiver_service_timestamp": 1726244773350,
    "context_time": 1726244772371,
    "message_allow_downgrade": true,
    "message_default_play_bitrate_product_state": "",
    "message_play_bitrate_cellular": 320000,
    "message_play_bitrate_wifi": 320000,
    "message_user_selected_play_bitrate_cellular": 320000,
    "message_user_selected_play_bitrate_wifi": 320000
  },
  {
    "timestamp_utc": "2024-09-08T19:04:03.664Z",
    "context_application_version": "8.9.70.592",
    "context_conn_country": "US",
    "context_device_manufacturer": "apple",
    "context_device_model": "iPhone13,4",
    "context_device_type": "mobile",
    "context_os_name": "ios",
    "context_os_version": "17.6.1",
    "context_receiver_service_timestamp": 1725822245074,
    "context_time": 1725822243664,
    "message_allow_downgrade": true,
    "message_default_play_bitrate_product_state": "",
    "message_play_bitrate_cellular": 320000,
    "message_play_bitrate_wifi": 320000,
    "message_user_selected_play_bitrate_cellular": 320000,
    "message_user_selected_play_bitrate_wifi": 320000
  },
  {
    "timestamp_utc": "2024-09-29T00:32:24.911Z",
    "context_application_version": "8.9.76.516",
    "context_conn_country": "US",
    "context_device_manufacturer": "apple",
    "context_device_model": "iPhone13,4",
    "context_device_type": "mobile",
    "context_os_name": "ios",
    "context_os_version": "18.0",
    "context_receiver_service_timestamp": 1727569949551,
    "context_time": 1727569944911,
    "message_allow_downgrade": true,
    "message_default_play_bitrate_product_state": "",
    "message_play_bitrate_cellular": 320000,
    "message_play_bitrate_wifi": 320000,
    "message_user_selected_play_bitrate_cellular": 320000,
    "message_user_selected_play_bitrate_wifi": 320000
  },
  {
    "timestamp_utc": "2024-09-28T02:17:15.443Z",
    "context_application_version": "8.9.76.516",
    "context_conn_country": "US",
    "context_device_manufacturer": "apple",
    "context_device_model": "iPhone13,4",
    "context_device_type": "mobile",
    "context_os_name": "ios",
    "context_os_version": "18.0",
    "context_receiver_service_timestamp": 1727489836350,
    "context_time": 1727489835443,
    "message_allow_downgrade": true,
    "message_default_play_bitrate_product_state": "",
    "message_play_bitrate_cellular": 320000,
    "message_play_bitrate_wifi": 320000,
    "message_user_selected_play_bitrate_cellular": 320000,
    "message_user_selected_play_bitrate_wifi": 320000
  },
  {
    "timestamp_utc": "2024-10-09T16:45:24.944Z",
    "context_application_version": "8.9.76.516",
    "context_conn_country": "US",
    "context_device_manufacturer": "apple",
    "context_device_model": "iPhone13,4",
    "context_device_type": "mobile",
    "context_os_name": "ios",
    "context_os_version": "18.0.1",
    "context_receiver_service_timestamp": 1728492325680,
    "context_time": 1728492324944,
    "message_allow_downgrade": true,
    "message_default_play_bitrate_product_state": "",
    "message_play_bitrate_cellular": 320000,
    "message_play_bitrate_wifi": 320000,
    "message_user_selected_play_bitrate_cellular": 320000,
    "message_user_selected_play_bitrate_wifi": 320000
  },
  {
    "timestamp_utc": "2024-10-23T07:33:35.664Z",
    "context_application_version": "8.9.82.628",
    "context_conn_country": "US",
    "context_device_manufacturer": "apple",
    "context_device_model": "iPad14,4",
    "context_device_type": "tablet",
    "context_os_name": "ios",
    "context_os_version": "18.0.1",
    "context_receiver_service_timestamp": 1729668816446,
    "context_time": 1729668815664,
    "message_allow_downgrade": true,
    "message_default_play_bitrate_product_state": "",
    "message_play_bitrate_cellular": 320000,
    "message_play_bitrate_wifi": 320000,
    "message_user_selected_play_bitrate_cellular": 320000,
    "message_user_selected_play_bitrate_wifi": 320000
  },
  {
    "timestamp_utc": "2024-11-06T06:03:03.765Z",
    "context_application_version": "8.9.86.419",
    "context_conn_country": "US",
    "context_device_manufacturer": "apple",
    "context_device_model": "iPad14,4",
    "context_device_type": "tablet",
    "context_os_name": "ios",
    "context_os_version": "18.0.1",
    "context_receiver_service_timestamp": 1730872984849,
    "context_time": 1730872983765,
    "message_allow_downgrade": true,
    "message_default_play_bitrate_product_state": "",
    "message_play_bitrate_cellular": 320000,
    "message_play_bitrate_wifi": 320000,
    "message_user_selected_play_bitrate_cellular": 320000,
    "message_user_selected_play_bitrate_wifi": 320000
  },
  {
    "timestamp_utc": "2024-10-31T17:21:02.206Z",
    "context_application_version": "8.9.86.419",
    "context_conn_country": "US",
    "context_device_manufacturer": "apple",
    "context_device_model": "iPhone13,4",
    "context_device_type": "mobile",
    "context_os_name": "ios",
    "context_os_version": "18.0.1",
    "context_receiver_service_timestamp": 1730395262957,
    "context_time": 1730395262206,
    "message_allow_downgrade": true,
    "message_default_play_bitrate_product_state": "",
    "message_play_bitrate_cellular": 320000,
    "message_play_bitrate_wifi": 320000,
    "message_user_selected_play_bitrate_cellular": 320000,
    "message_user_selected_play_bitrate_wifi": 320000
  },
  {
    "timestamp_utc": "2024-10-01T00:12:56.903Z",
    "context_application_version": "8.9.76.516",
    "context_conn_country": "US",
    "context_device_manufacturer": "apple",
    "context_device_model": "iPhone13,4",
    "context_device_type": "mobile",
    "context_os_name": "ios",
    "context_os_version": "18.0",
    "context_receiver_service_timestamp": 1727741578996,
    "context_time": 1727741576903,
    "message_allow_downgrade": true,
    "message_default_play_bitrate_product_state": "",
    "message_play_bitrate_cellular": 320000,
    "message_play_bitrate_wifi": 320000,
    "message_user_selected_play_bitrate_cellular": 320000,
    "message_user_selected_play_bitrate_wifi": 320000
  },
  {
    "timestamp_utc": "2024-09-28T06:06:40.476Z",
    "context_application_version": "8.9.76.516",
    "context_conn_country": "US",
    "context_device_manufacturer": "apple",
    "context_device_model": "iPad14,4",
    "context_device_type": "tablet",
    "context_os_name": "ios",
    "context_os_version": "18.0",
    "context_receiver_service_timestamp": 1727503601265,
    "context_time": 1727503600476,
    "message_allow_downgrade": true,
    "message_default_play_bitrate_product_state": "",
    "message_play_bitrate_cellular": 320000,
    "message_play_bitrate_wifi": 320000,
    "message_user_selected_play_bitrate_cellular": 320000,
    "message_user_selected_play_bitrate_wifi": 320000
  },
  {
    "timestamp_utc": "2024-09-09T01:27:58.782Z",
    "context_application_version": "8.9.70.592",
    "context_conn_country": "US",
    "context_device_manufacturer": "apple",
    "context_device_model": "iPhone13,4",
    "context_device_type": "mobile",
    "context_os_name": "ios",
    "context_os_version": "17.6.1",
    "context_receiver_service_timestamp": 1725845280107,
    "context_time": 1725845278782,
    "message_allow_downgrade": true,
    "message_default_play_bitrate_product_state": "",
    "message_play_bitrate_cellular": 320000,
    "message_play_bitrate_wifi": 320000,
    "message_user_selected_play_bitrate_cellular": 320000,
    "message_user_selected_play_bitrate_wifi": 320000
  },
  {
    "timestamp_utc": "2024-11-22T01:27:13.340Z",
    "context_application_version": "8.9.94.418",
    "context_conn_country": "US",
    "context_device_manufacturer": "apple",
    "context_device_model": "iPhone13,4",
    "context_device_type": "mobile",
    "context_os_name": "ios",
    "context_os_version": "18.1",
    "context_receiver_service_timestamp": 1732238834394,
    "context_time": 1732238833340,
    "message_allow_downgrade": true,
    "message_default_play_bitrate_product_state": "",
    "message_play_bitrate_cellular": 320000,
    "message_play_bitrate_wifi": 320000,
    "message_user_selected_play_bitrate_cellular": 320000,
    "message_user_selected_play_bitrate_wifi": 320000
  },
  {
    "timestamp_utc": "2024-10-18T09:49:50.168Z",
    "context_application_version": "8.9.82.628",
    "context_conn_country": "US",
    "context_device_manufacturer": "apple",
    "context_device_model": "iPad14,4",
    "context_device_type": "tablet",
    "context_os_name": "ios",
    "context_os_version": "18.0.1",
    "context_receiver_service_timestamp": 1729245006215,
    "context_time": 1729244990168,
    "message_allow_downgrade": true,
    "message_default_play_bitrate_product_state": "",
    "message_play_bitrate_cellular": 24000,
    "message_play_bitrate_wifi": 320000,
    "message_user_selected_play_bitrate_cellular": 24000,
    "message_user_selected_play_bitrate_wifi": 320000
  },
  {
    "timestamp_utc": "2024-11-10T03:11:49.451Z",
    "context_application_version": "8.9.90.84",
    "context_conn_country": "US",
    "context_device_manufacturer": "apple",
    "context_device_model": "iPad14,4",
    "context_device_type": "tablet",
    "context_os_name": "ios",
    "context_os_version": "18.0.1",
    "context_receiver_service_timestamp": 1731208310553,
    "context_time": 1731208309451,
    "message_allow_downgrade": true,
    "message_default_play_bitrate_product_state": "",
    "message_play_bitrate_cellular": 320000,
    "message_play_bitrate_wifi": 320000,
    "message_user_selected_play_bitrate_cellular": 320000,
    "message_user_selected_play_bitrate_wifi": 320000
  },
  {
    "timestamp_utc": "2024-10-16T20:51:18.631Z",
    "context_application_version": "8.9.82.628",
    "context_conn_country": "US",
    "context_device_manufacturer": "apple",
    "context_device_model": "iPhone13,4",
    "context_device_type": "mobile",
    "context_os_name": "ios",
    "context_os_version": "18.0.1",
    "context_receiver_service_timestamp": 1729111879113,
    "context_time": 1729111878631,
    "message_allow_downgrade": true,
    "message_default_play_bitrate_product_state": "",
    "message_play_bitrate_cellular": 320000,
    "message_play_bitrate_wifi": 320000,
    "message_user_selected_play_bitrate_cellular": 320000,
    "message_user_selected_play_bitrate_wifi": 320000
  },
  {
    "timestamp_utc": "2024-09-16T18:10:38.857Z",
    "context_application_version": "8.9.74.535",
    "context_conn_country": "US",
    "context_device_manufacturer": "apple",
    "context_device_model": "iPhone13,4",
    "context_device_type": "mobile",
    "context_os_name": "ios",
    "context_os_version": "17.6.1",
    "context_receiver_service_timestamp": 1726510239510,
    "context_time": 1726510238857,
    "message_allow_downgrade": true,
    "message_default_play_bitrate_product_state": "",
    "message_play_bitrate_cellular": 320000,
    "message_play_bitrate_wifi": 320000,
    "message_user_selected_play_bitrate_cellular": 320000,
    "message_user_selected_play_bitrate_wifi": 320000
  },
  {
    "timestamp_utc": "2024-09-30T16:33:34.899Z",
    "context_application_version": "8.9.76.516",
    "context_conn_country": "US",
    "context_device_manufacturer": "apple",
    "context_device_model": "iPhone13,4",
    "context_device_type": "mobile",
    "context_os_name": "ios",
    "context_os_version": "18.0",
    "context_receiver_service_timestamp": 1727714015953,
    "context_time": 1727714014899,
    "message_allow_downgrade": true,
    "message_default_play_bitrate_product_state": "",
    "message_play_bitrate_cellular": 320000,
    "message_play_bitrate_wifi": 320000,
    "message_user_selected_play_bitrate_cellular": 320000,
    "message_user_selected_play_bitrate_wifi": 320000
  },
  {
    "timestamp_utc": "2024-10-17T04:25:19.489Z",
    "context_application_version": "8.9.82.628",
    "context_conn_country": "US",
    "context_device_manufacturer": "apple",
    "context_device_model": "iPad14,4",
    "context_device_type": "tablet",
    "context_os_name": "ios",
    "context_os_version": "18.0.1",
    "context_receiver_service_timestamp": 1729139120255,
    "context_time": 1729139119489,
    "message_allow_downgrade": true,
    "message_default_play_bitrate_product_state": "",
    "message_play_bitrate_cellular": 320000,
    "message_play_bitrate_wifi": 320000,
    "message_user_selected_play_bitrate_cellular": 320000,
    "message_user_selected_play_bitrate_wifi": 320000
  },
  {
    "timestamp_utc": "2024-10-05T19:51:37.843Z",
    "context_application_version": "8.9.76.516",
    "context_conn_country": "US",
    "context_device_manufacturer": "apple",
    "context_device_model": "iPad14,4",
    "context_device_type": "tablet",
    "context_os_name": "ios",
    "context_os_version": "18.0",
    "context_receiver_service_timestamp": 1728157907140,
    "context_time": 1728157897843,
    "message_allow_downgrade": true,
    "message_default_play_bitrate_product_state": "",
    "message_play_bitrate_cellular": 320000,
    "message_play_bitrate_wifi": 320000,
    "message_user_selected_play_bitrate_cellular": 320000,
    "message_user_selected_play_bitrate_wifi": 320000
  },
  {
    "timestamp_utc": "2024-10-29T03:18:23.156Z",
    "context_application_version": "8.9.86.419",
    "context_conn_country": "US",
    "context_device_manufacturer": "apple",
    "context_device_model": "iPhone13,4",
    "context_device_type": "mobile",
    "context_os_name": "ios",
    "context_os_version": "18.0.1",
    "context_receiver_service_timestamp": 1730171912422,
    "context_time": 1730171903156,
    "message_allow_downgrade": true,
    "message_default_play_bitrate_product_state": "",
    "message_play_bitrate_cellular": 320000,
    "message_play_bitrate_wifi": 320000,
    "message_user_selected_play_bitrate_cellular": 320000,
    "message_user_selected_play_bitrate_wifi": 320000
  },
  {
    "timestamp_utc": "2024-11-11T19:33:33.994Z",
    "context_application_version": "8.9.90.84",
    "context_conn_country": "US",
    "context_device_manufacturer": "apple",
    "context_device_model": "iPhone13,4",
    "context_device_type": "mobile",
    "context_os_name": "ios",
    "context_os_version": "18.0.1",
    "context_receiver_service_timestamp": 1731353614318,
    "context_time": 1731353613994,
    "message_allow_downgrade": true,
    "message_default_play_bitrate_product_state": "",
    "message_play_bitrate_cellular": 320000,
    "message_play_bitrate_wifi": 320000,
    "message_user_selected_play_bitrate_cellular": 320000,
    "message_user_selected_play_bitrate_wifi": 320000
  },
  {
    "timestamp_utc": "2024-10-15T22:06:33.422Z",
    "context_application_version": "8.9.82.628",
    "context_conn_country": "US",
    "context_device_manufacturer": "apple",
    "context_device_model": "iPhone13,4",
    "context_device_type": "mobile",
    "context_os_name": "ios",
    "context_os_version": "18.0.1",
    "context_receiver_service_timestamp": 1729029994705,
    "context_time": 1729029993422,
    "message_allow_downgrade": true,
    "message_default_play_bitrate_product_state": "",
    "message_play_bitrate_cellular": 320000,
    "message_play_bitrate_wifi": 320000,
    "message_user_selected_play_bitrate_cellular": 320000,
    "message_user_selected_play_bitrate_wifi": 320000
  },
  {
    "timestamp_utc": "2024-10-21T21:28:25.756Z",
    "context_application_version": "1.2.48.405",
    "context_conn_country": "US",
    "context_device_manufacturer": "Apple Inc.",
    "context_device_model": "MacBookPro16,2",
    "context_device_type": "desktop",
    "context_os_name": "osx",
    "context_os_version": "15.0.1",
    "context_receiver_service_timestamp": 1729546108265,
    "context_time": 1729546105756,
    "message_allow_downgrade": true,
    "message_default_play_bitrate_product_state": "",
    "message_play_bitrate_cellular": 320000,
    "message_play_bitrate_wifi": 320000,
    "message_user_selected_play_bitrate_cellular": 320000,
    "message_user_selected_play_bitrate_wifi": 320000
  },
  {
    "timestamp_utc": "2024-10-11T21:02:45.918Z",
    "context_application_version": "1.2.47.364",
    "context_conn_country": "US",
    "context_device_manufacturer": "Apple Inc.",
    "context_device_model": "MacBookPro16,2",
    "context_device_type": "desktop",
    "context_os_name": "osx",
    "context_os_version": "15.0.0",
    "context_receiver_service_timestamp": 1728680567810,
    "context_time": 1728680565918,
    "message_allow_downgrade": true,
    "message_default_play_bitrate_product_state": "",
    "message_play_bitrate_cellular": 320000,
    "message_play_bitrate_wifi": 320000,
    "message_user_selected_play_bitrate_cellular": 320000,
    "message_user_selected_play_bitrate_wifi": 320000
  },
  {
    "timestamp_utc": "2024-10-18T02:22:00.315Z",
    "context_application_version": "8.9.82.628",
    "context_conn_country": "US",
    "context_device_manufacturer": "apple",
    "context_device_model": "iPad14,4",
    "context_device_type": "tablet",
    "context_os_name": "ios",
    "context_os_version": "18.0.1",
    "context_receiver_service_timestamp": 1729225809793,
    "context_time": 1729218120315,
    "message_allow_downgrade": true,
    "message_default_play_bitrate_product_state": "",
    "message_play_bitrate_cellular": 24000,
    "message_play_bitrate_wifi": 320000,
    "message_user_selected_play_bitrate_cellular": 24000,
    "message_user_selected_play_bitrate_wifi": 320000
  },
  {
    "timestamp_utc": "2024-10-29T03:21:25.667Z",
    "context_application_version": "8.9.86.419",
    "context_conn_country": "US",
    "context_device_manufacturer": "apple",
    "context_device_model": "iPhone13,4",
    "context_device_type": "mobile",
    "context_os_name": "ios",
    "context_os_version": "18.0.1",
    "context_receiver_service_timestamp": 1730172086609,
    "context_time": 1730172085667,
    "message_allow_downgrade": true,
    "message_default_play_bitrate_product_state": "",
    "message_play_bitrate_cellular": 320000,
    "message_play_bitrate_wifi": 320000,
    "message_user_selected_play_bitrate_cellular": 320000,
    "message_user_selected_play_bitrate_wifi": 320000
  },
  {
    "timestamp_utc": "2024-09-03T01:25:17.907Z",
    "context_application_version": "8.9.68.490",
    "context_conn_country": "US",
    "context_device_manufacturer": "apple",
    "context_device_model": "iPhone13,4",
    "context_device_type": "mobile",
    "context_os_name": "ios",
    "context_os_version": "17.6.1",
    "context_receiver_service_timestamp": 1725326718834,
    "context_time": 1725326717907,
    "message_allow_downgrade": true,
    "message_default_play_bitrate_product_state": "",
    "message_play_bitrate_cellular": 320000,
    "message_play_bitrate_wifi": 320000,
    "message_user_selected_play_bitrate_cellular": 320000,
    "message_user_selected_play_bitrate_wifi": 320000
  },
  {
    "timestamp_utc": "2024-11-11T04:57:28.608Z",
    "context_application_version": "8.9.90.84",
    "context_conn_country": "US",
    "context_device_manufacturer": "apple",
    "context_device_model": "iPhone13,4",
    "context_device_type": "mobile",
    "context_os_name": "ios",
    "context_os_version": "18.0.1",
    "context_receiver_service_timestamp": 1731301049397,
    "context_time": 1731301048608,
    "message_allow_downgrade": true,
    "message_default_play_bitrate_product_state": "",
    "message_play_bitrate_cellular": 320000,
    "message_play_bitrate_wifi": 320000,
    "message_user_selected_play_bitrate_cellular": 320000,
    "message_user_selected_play_bitrate_wifi": 320000
  },
  {
    "timestamp_utc": "2024-10-28T01:15:52.498Z",
    "context_application_version": "1.2.48.405",
    "context_conn_country": "US",
    "context_device_manufacturer": "Apple Inc.",
    "context_device_model": "MacBookPro16,2",
    "context_device_type": "desktop",
    "context_os_name": "osx",
    "context_os_version": "15.0.1",
    "context_receiver_service_timestamp": 1730078154637,
    "context_time": 1730078152498,
    "message_allow_downgrade": true,
    "message_default_play_bitrate_product_state": "",
    "message_play_bitrate_cellular": 320000,
    "message_play_bitrate_wifi": 320000,
    "message_user_selected_play_bitrate_cellular": 320000,
    "message_user_selected_play_bitrate_wifi": 320000
  },
  {
    "timestamp_utc": "2024-09-30T18:17:31.514Z",
    "context_application_version": "1.2.47.364",
    "context_conn_country": "US",
    "context_device_manufacturer": "Apple Inc.",
    "context_device_model": "MacBookPro16,2",
    "context_device_type": "desktop",
    "context_os_name": "osx",
    "context_os_version": "15.0.0",
    "context_receiver_service_timestamp": 1727720253102,
    "context_time": 1727720251514,
    "message_allow_downgrade": true,
    "message_default_play_bitrate_product_state": "",
    "message_play_bitrate_cellular": 320000,
    "message_play_bitrate_wifi": 320000,
    "message_user_selected_play_bitrate_cellular": 320000,
    "message_user_selected_play_bitrate_wifi": 320000
  },
  {
    "timestamp_utc": "2024-10-07T01:40:38.187Z",
    "context_application_version": "8.9.76.516",
    "context_conn_country": "US",
    "context_device_manufacturer": "apple",
    "context_device_model": "iPhone13,4",
    "context_device_type": "mobile",
    "context_os_name": "ios",
    "context_os_version": "18.0.1",
    "context_receiver_service_timestamp": 1728265241431,
    "context_time": 1728265238187,
    "message_allow_downgrade": true,
    "message_default_play_bitrate_product_state": "",
    "message_play_bitrate_cellular": 320000,
    "message_play_bitrate_wifi": 320000,
    "message_user_selected_play_bitrate_cellular": 320000,
    "message_user_selected_play_bitrate_wifi": 320000
  },
  {
    "timestamp_utc": "2024-10-22T02:07:37.659Z",
    "context_application_version": "8.9.82.628",
    "context_conn_country": "US",
    "context_device_manufacturer": "apple",
    "context_device_model": "iPhone13,4",
    "context_device_type": "mobile",
    "context_os_name": "ios",
    "context_os_version": "18.0.1",
    "context_receiver_service_timestamp": 1729562858848,
    "context_time": 1729562857659,
    "message_allow_downgrade": true,
    "message_default_play_bitrate_product_state": "",
    "message_play_bitrate_cellular": 320000,
    "message_play_bitrate_wifi": 320000,
    "message_user_selected_play_bitrate_cellular": 320000,
    "message_user_selected_play_bitrate_wifi": 320000
  },
  {
    "timestamp_utc": "2024-11-06T01:35:43.852Z",
    "context_application_version": "8.9.86.419",
    "context_conn_country": "US",
    "context_device_manufacturer": "apple",
    "context_device_model": "iPhone13,4",
    "context_device_type": "mobile",
    "context_os_name": "ios",
    "context_os_version": "18.0.1",
    "context_receiver_service_timestamp": 1730856944317,
    "context_time": 1730856943852,
    "message_allow_downgrade": true,
    "message_default_play_bitrate_product_state": "",
    "message_play_bitrate_cellular": 320000,
    "message_play_bitrate_wifi": 320000,
    "message_user_selected_play_bitrate_cellular": 320000,
    "message_user_selected_play_bitrate_wifi": 320000
  },
  {
    "timestamp_utc": "2024-09-30T19:24:26.091Z",
    "context_application_version": "8.9.76.516",
    "context_conn_country": "US",
    "context_device_manufacturer": "apple",
    "context_device_model": "iPhone13,4",
    "context_device_type": "mobile",
    "context_os_name": "ios",
    "context_os_version": "18.0",
    "context_receiver_service_timestamp": 1727724266626,
    "context_time": 1727724266091,
    "message_allow_downgrade": true,
    "message_default_play_bitrate_product_state": "",
    "message_play_bitrate_cellular": 320000,
    "message_play_bitrate_wifi": 320000,
    "message_user_selected_play_bitrate_cellular": 320000,
    "message_user_selected_play_bitrate_wifi": 320000
  },
  {
    "timestamp_utc": "2024-10-12T00:01:47.246Z",
    "context_application_version": "8.9.82.628",
    "context_conn_country": "US",
    "context_device_manufacturer": "apple",
    "context_device_model": "iPhone13,4",
    "context_device_type": "mobile",
    "context_os_name": "ios",
    "context_os_version": "18.0.1",
    "context_receiver_service_timestamp": 1728691308909,
    "context_time": 1728691307246,
    "message_allow_downgrade": true,
    "message_default_play_bitrate_product_state": "",
    "message_play_bitrate_cellular": 320000,
    "message_play_bitrate_wifi": 320000,
    "message_user_selected_play_bitrate_cellular": 320000,
    "message_user_selected_play_bitrate_wifi": 320000
  },
  {
    "timestamp_utc": "2024-09-23T18:23:17.107Z",
    "context_application_version": "8.9.76.516",
    "context_conn_country": "US",
    "context_device_manufacturer": "apple",
    "context_device_model": "iPhone13,4",
    "context_device_type": "mobile",
    "context_os_name": "ios",
    "context_os_version": "17.6.1",
    "context_receiver_service_timestamp": 1727115798598,
    "context_time": 1727115797107,
    "message_allow_downgrade": true,
    "message_default_play_bitrate_product_state": "",
    "message_play_bitrate_cellular": 320000,
    "message_play_bitrate_wifi": 320000,
    "message_user_selected_play_bitrate_cellular": 320000,
    "message_user_selected_play_bitrate_wifi": 320000
  },
  {
    "timestamp_utc": "2024-09-09T18:21:37.848Z",
    "context_application_version": "8.9.70.592",
    "context_conn_country": "US",
    "context_device_manufacturer": "apple",
    "context_device_model": "iPhone13,4",
    "context_device_type": "mobile",
    "context_os_name": "ios",
    "context_os_version": "17.6.1",
    "context_receiver_service_timestamp": 1725906098860,
    "context_time": 1725906097848,
    "message_allow_downgrade": true,
    "message_default_play_bitrate_product_state": "",
    "message_play_bitrate_cellular": 320000,
    "message_play_bitrate_wifi": 320000,
    "message_user_selected_play_bitrate_cellular": 320000,
    "message_user_selected_play_bitrate_wifi": 320000
  },
  {
    "timestamp_utc": "2024-10-20T00:30:00.936Z",
    "context_application_version": "8.9.82.628",
    "context_conn_country": "US",
    "context_device_manufacturer": "apple",
    "context_device_model": "iPhone13,4",
    "context_device_type": "mobile",
    "context_os_name": "ios",
    "context_os_version": "18.0.1",
    "context_receiver_service_timestamp": 1729384201800,
    "context_time": 1729384200936,
    "message_allow_downgrade": true,
    "message_default_play_bitrate_product_state": "",
    "message_play_bitrate_cellular": 320000,
    "message_play_bitrate_wifi": 320000,
    "message_user_selected_play_bitrate_cellular": 320000,
    "message_user_selected_play_bitrate_wifi": 320000
  },
  {
    "timestamp_utc": "2024-10-23T00:03:56.293Z",
    "context_application_version": "8.9.82.628",
    "context_conn_country": "US",
    "context_device_manufacturer": "apple",
    "context_device_model": "iPhone13,4",
    "context_device_type": "mobile",
    "context_os_name": "ios",
    "context_os_version": "18.0.1",
    "context_receiver_service_timestamp": 1729641837069,
    "context_time": 1729641836293,
    "message_allow_downgrade": true,
    "message_default_play_bitrate_product_state": "",
    "message_play_bitrate_cellular": 320000,
    "message_play_bitrate_wifi": 320000,
    "message_user_selected_play_bitrate_cellular": 320000,
    "message_user_selected_play_bitrate_wifi": 320000
  },
  {
    "timestamp_utc": "2024-09-28T23:20:01.384Z",
    "context_application_version": "8.9.76.516",
    "context_conn_country": "US",
    "context_device_manufacturer": "apple",
    "context_device_model": "iPhone13,4",
    "context_device_type": "mobile",
    "context_os_name": "ios",
    "context_os_version": "18.0",
    "context_receiver_service_timestamp": 1727565602376,
    "context_time": 1727565601384,
    "message_allow_downgrade": true,
    "message_default_play_bitrate_product_state": "",
    "message_play_bitrate_cellular": 320000,
    "message_play_bitrate_wifi": 320000,
    "message_user_selected_play_bitrate_cellular": 320000,
    "message_user_selected_play_bitrate_wifi": 320000
  },
  {
    "timestamp_utc": "2024-09-01T17:10:51.479Z",
    "context_application_version": "8.9.68.490",
    "context_conn_country": "US",
    "context_device_manufacturer": "apple",
    "context_device_model": "iPhone13,4",
    "context_device_type": "mobile",
    "context_os_name": "ios",
    "context_os_version": "17.6.1",
    "context_receiver_service_timestamp": 1725210652595,
    "context_time": 1725210651479,
    "message_allow_downgrade": true,
    "message_default_play_bitrate_product_state": "",
    "message_play_bitrate_cellular": 320000,
    "message_play_bitrate_wifi": 320000,
    "message_user_selected_play_bitrate_cellular": 320000,
    "message_user_selected_play_bitrate_wifi": 320000
  },
  {
    "timestamp_utc": "2024-10-26T07:19:49.314Z",
    "context_application_version": "8.9.86.419",
    "context_conn_country": "US",
    "context_device_manufacturer": "apple",
    "context_device_model": "iPad14,4",
    "context_device_type": "tablet",
    "context_os_name": "ios",
    "context_os_version": "18.0.1",
    "context_receiver_service_timestamp": 1729927190144,
    "context_time": 1729927189314,
    "message_allow_downgrade": true,
    "message_default_play_bitrate_product_state": "",
    "message_play_bitrate_cellular": 320000,
    "message_play_bitrate_wifi": 320000,
    "message_user_selected_play_bitrate_cellular": 320000,
    "message_user_selected_play_bitrate_wifi": 320000
  },
  {
    "timestamp_utc": "2024-09-03T05:43:52.151Z",
    "context_application_version": "8.9.68.490",
    "context_conn_country": "US",
    "context_device_manufacturer": "apple",
    "context_device_model": "iPad14,4",
    "context_device_type": "tablet",
    "context_os_name": "ios",
    "context_os_version": "17.6.1",
    "context_receiver_service_timestamp": 1725342232976,
    "context_time": 1725342232151,
    "message_allow_downgrade": true,
    "message_default_play_bitrate_product_state": "",
    "message_play_bitrate_cellular": 320000,
    "message_play_bitrate_wifi": 320000,
    "message_user_selected_play_bitrate_cellular": 320000,
    "message_user_selected_play_bitrate_wifi": 320000
  },
  {
    "timestamp_utc": "2024-09-14T00:05:32.366Z",
    "context_application_version": "8.9.74.535",
    "context_conn_country": "US",
    "context_device_manufacturer": "apple",
    "context_device_model": "iPad14,4",
    "context_device_type": "tablet",
    "context_os_name": "ios",
    "context_os_version": "17.6.1",
    "context_receiver_service_timestamp": 1726272333489,
    "context_time": 1726272332366,
    "message_allow_downgrade": true,
    "message_default_play_bitrate_product_state": "",
    "message_play_bitrate_cellular": 320000,
    "message_play_bitrate_wifi": 320000,
    "message_user_selected_play_bitrate_cellular": 320000,
    "message_user_selected_play_bitrate_wifi": 320000
  },
  {
    "timestamp_utc": "2024-09-04T16:26:53.488Z",
    "context_application_version": "8.9.68.490",
    "context_conn_country": "US",
    "context_device_manufacturer": "apple",
    "context_device_model": "iPhone13,4",
    "context_device_type": "mobile",
    "context_os_name": "ios",
    "context_os_version": "17.6.1",
    "context_receiver_service_timestamp": 1725467213988,
    "context_time": 1725467213488,
    "message_allow_downgrade": true,
    "message_default_play_bitrate_product_state": "",
    "message_play_bitrate_cellular": 320000,
    "message_play_bitrate_wifi": 320000,
    "message_user_selected_play_bitrate_cellular": 320000,
    "message_user_selected_play_bitrate_wifi": 320000
  },
  {
    "timestamp_utc": "2024-11-06T17:51:13.545Z",
    "context_application_version": "8.9.86.419",
    "context_conn_country": "US",
    "context_device_manufacturer": "apple",
    "context_device_model": "iPhone13,4",
    "context_device_type": "mobile",
    "context_os_name": "ios",
    "context_os_version": "18.0.1",
    "context_receiver_service_timestamp": 1730915474007,
    "context_time": 1730915473545,
    "message_allow_downgrade": true,
    "message_default_play_bitrate_product_state": "",
    "message_play_bitrate_cellular": 320000,
    "message_play_bitrate_wifi": 320000,
    "message_user_selected_play_bitrate_cellular": 320000,
    "message_user_selected_play_bitrate_wifi": 320000
  },
  {
    "timestamp_utc": "2024-09-06T23:13:03.516Z",
    "context_application_version": "8.9.70.592",
    "context_conn_country": "US",
    "context_device_manufacturer": "apple",
    "context_device_model": "iPhone13,4",
    "context_device_type": "mobile",
    "context_os_name": "ios",
    "context_os_version": "17.6.1",
    "context_receiver_service_timestamp": 1725664384004,
    "context_time": 1725664383516,
    "message_allow_downgrade": true,
    "message_default_play_bitrate_product_state": "",
    "message_play_bitrate_cellular": 320000,
    "message_play_bitrate_wifi": 320000,
    "message_user_selected_play_bitrate_cellular": 320000,
    "message_user_selected_play_bitrate_wifi": 320000
  },
  {
    "timestamp_utc": "2024-09-24T23:47:18.477Z",
    "context_application_version": "1.2.45.454",
    "context_conn_country": "US",
    "context_device_manufacturer": "Apple Inc.",
    "context_device_model": "MacBookPro16,2",
    "context_device_type": "desktop",
    "context_os_name": "osx",
    "context_os_version": "14.6.1",
    "context_receiver_service_timestamp": 1727221640316,
    "context_time": 1727221638477,
    "message_allow_downgrade": true,
    "message_default_play_bitrate_product_state": "",
    "message_play_bitrate_cellular": 320000,
    "message_play_bitrate_wifi": 320000,
    "message_user_selected_play_bitrate_cellular": 320000,
    "message_user_selected_play_bitrate_wifi": 320000
  },
  {
    "timestamp_utc": "2024-08-28T05:14:50.166Z",
    "context_application_version": "8.9.68.490",
    "context_conn_country": "US",
    "context_device_manufacturer": "apple",
    "context_device_model": "iPad14,4",
    "context_device_type": "tablet",
    "context_os_name": "ios",
    "context_os_version": "17.5.1",
    "context_receiver_service_timestamp": 1724822091141,
    "context_time": 1724822090166,
    "message_allow_downgrade": true,
    "message_default_play_bitrate_product_state": "",
    "message_play_bitrate_cellular": 320000,
    "message_play_bitrate_wifi": 320000,
    "message_user_selected_play_bitrate_cellular": 320000,
    "message_user_selected_play_bitrate_wifi": 320000
  },
  {
    "timestamp_utc": "2024-09-11T21:07:14.631Z",
    "context_application_version": "1.2.39.578",
    "context_conn_country": "US",
    "context_device_manufacturer": "Apple Inc.",
    "context_device_model": "MacBookPro16,2",
    "context_device_type": "desktop",
    "context_os_name": "osx",
    "context_os_version": "14.6.1",
    "context_receiver_service_timestamp": 1726088864966,
    "context_time": 1726088834631,
    "message_allow_downgrade": true,
    "message_default_play_bitrate_product_state": "",
    "message_play_bitrate_cellular": 320000,
    "message_play_bitrate_wifi": 320000,
    "message_user_selected_play_bitrate_cellular": 320000,
    "message_user_selected_play_bitrate_wifi": 320000
  },
  {
    "timestamp_utc": "2024-10-27T03:43:08.405Z",
    "context_application_version": "8.9.84.543",
    "context_conn_country": "US",
    "context_device_manufacturer": "apple",
    "context_device_model": "iPhone13,4",
    "context_device_type": "mobile",
    "context_os_name": "ios",
    "context_os_version": "18.0.1",
    "context_receiver_service_timestamp": 1730000589276,
    "context_time": 1730000588405,
    "message_allow_downgrade": true,
    "message_default_play_bitrate_product_state": "",
    "message_play_bitrate_cellular": 320000,
    "message_play_bitrate_wifi": 320000,
    "message_user_selected_play_bitrate_cellular": 320000,
    "message_user_selected_play_bitrate_wifi": 320000
  },
  {
    "timestamp_utc": "2024-10-04T19:15:14.318Z",
    "context_application_version": "8.9.76.516",
    "context_conn_country": "US",
    "context_device_manufacturer": "apple",
    "context_device_model": "iPhone13,4",
    "context_device_type": "mobile",
    "context_os_name": "ios",
    "context_os_version": "18.0",
    "context_receiver_service_timestamp": 1728069315193,
    "context_time": 1728069314318,
    "message_allow_downgrade": true,
    "message_default_play_bitrate_product_state": "",
    "message_play_bitrate_cellular": 320000,
    "message_play_bitrate_wifi": 320000,
    "message_user_selected_play_bitrate_cellular": 320000,
    "message_user_selected_play_bitrate_wifi": 320000
  },
  {
    "timestamp_utc": "2024-09-16T16:32:26.750Z",
    "context_application_version": "8.9.74.535",
    "context_conn_country": "US",
    "context_device_manufacturer": "apple",
    "context_device_model": "iPhone13,4",
    "context_device_type": "mobile",
    "context_os_name": "ios",
    "context_os_version": "17.6.1",
    "context_receiver_service_timestamp": 1726504347817,
    "context_time": 1726504346750,
    "message_allow_downgrade": true,
    "message_default_play_bitrate_product_state": "",
    "message_play_bitrate_cellular": 320000,
    "message_play_bitrate_wifi": 320000,
    "message_user_selected_play_bitrate_cellular": 320000,
    "message_user_selected_play_bitrate_wifi": 320000
  },
  {
    "timestamp_utc": "2024-09-24T13:55:26.342Z",
    "context_application_version": "8.9.76.516",
    "context_conn_country": "US",
    "context_device_manufacturer": "apple",
    "context_device_model": "iPad14,4",
    "context_device_type": "tablet",
    "context_os_name": "ios",
    "context_os_version": "17.6.1",
    "context_receiver_service_timestamp": 1727186127299,
    "context_time": 1727186126342,
    "message_allow_downgrade": true,
    "message_default_play_bitrate_product_state": "",
    "message_play_bitrate_cellular": 320000,
    "message_play_bitrate_wifi": 320000,
    "message_user_selected_play_bitrate_cellular": 320000,
    "message_user_selected_play_bitrate_wifi": 320000
  },
  {
    "timestamp_utc": "2024-11-03T21:38:25.183Z",
    "context_application_version": "8.9.86.419",
    "context_conn_country": "US",
    "context_device_manufacturer": "apple",
    "context_device_model": "iPhone13,4",
    "context_device_type": "mobile",
    "context_os_name": "ios",
    "context_os_version": "18.0.1",
    "context_receiver_service_timestamp": 1730669906288,
    "context_time": 1730669905183,
    "message_allow_downgrade": true,
    "message_default_play_bitrate_product_state": "",
    "message_play_bitrate_cellular": 320000,
    "message_play_bitrate_wifi": 320000,
    "message_user_selected_play_bitrate_cellular": 320000,
    "message_user_selected_play_bitrate_wifi": 320000
  },
  {
    "timestamp_utc": "2024-11-16T08:11:35.342Z",
    "context_application_version": "8.9.90.84",
    "context_conn_country": "US",
    "context_device_manufacturer": "apple",
    "context_device_model": "iPhone13,4",
    "context_device_type": "mobile",
    "context_os_name": "ios",
    "context_os_version": "18.0.1",
    "context_receiver_service_timestamp": 1731744696107,
    "context_time": 1731744695342,
    "message_allow_downgrade": true,
    "message_default_play_bitrate_product_state": "",
    "message_play_bitrate_cellular": 320000,
    "message_play_bitrate_wifi": 320000,
    "message_user_selected_play_bitrate_cellular": 320000,
    "message_user_selected_play_bitrate_wifi": 320000
  },
  {
    "timestamp_utc": "2024-10-25T16:47:34.510Z",
    "context_application_version": "8.9.84.543",
    "context_conn_country": "US",
    "context_device_manufacturer": "apple",
    "context_device_model": "iPhone13,4",
    "context_device_type": "mobile",
    "context_os_name": "ios",
    "context_os_version": "18.0.1",
    "context_receiver_service_timestamp": 1729874855590,
    "context_time": 1729874854510,
    "message_allow_downgrade": true,
    "message_default_play_bitrate_product_state": "",
    "message_play_bitrate_cellular": 320000,
    "message_play_bitrate_wifi": 320000,
    "message_user_selected_play_bitrate_cellular": 320000,
    "message_user_selected_play_bitrate_wifi": 320000
  },
  {
    "timestamp_utc": "2024-09-21T19:30:21.997Z",
    "context_application_version": "1.2.45.454",
    "context_conn_country": "US",
    "context_device_manufacturer": "Apple Inc.",
    "context_device_model": "MacBookPro16,2",
    "context_device_type": "desktop",
    "context_os_name": "osx",
    "context_os_version": "14.6.1",
    "context_receiver_service_timestamp": 1726947023803,
    "context_time": 1726947021997,
    "message_allow_downgrade": true,
    "message_default_play_bitrate_product_state": "",
    "message_play_bitrate_cellular": 320000,
    "message_play_bitrate_wifi": 320000,
    "message_user_selected_play_bitrate_cellular": 320000,
    "message_user_selected_play_bitrate_wifi": 320000
  },
  {
    "timestamp_utc": "2024-08-27T10:15:58.692Z",
    "context_application_version": "8.9.68.490",
    "context_conn_country": "US",
    "context_device_manufacturer": "apple",
    "context_device_model": "iPad14,4",
    "context_device_type": "tablet",
    "context_os_name": "ios",
    "context_os_version": "17.5.1",
    "context_receiver_service_timestamp": 1724753759304,
    "context_time": 1724753758692,
    "message_allow_downgrade": true,
    "message_default_play_bitrate_product_state": "",
    "message_play_bitrate_cellular": 320000,
    "message_play_bitrate_wifi": 320000,
    "message_user_selected_play_bitrate_cellular": 320000,
    "message_user_selected_play_bitrate_wifi": 320000
  },
  {
    "timestamp_utc": "2024-08-27T02:08:30.252Z",
    "context_application_version": "8.9.68.490",
    "context_conn_country": "US",
    "context_device_manufacturer": "apple",
    "context_device_model": "iPhone13,4",
    "context_device_type": "mobile",
    "context_os_name": "ios",
    "context_os_version": "17.5.1",
    "context_receiver_service_timestamp": 1724724510855,
    "context_time": 1724724510252,
    "message_allow_downgrade": true,
    "message_default_play_bitrate_product_state": "",
    "message_play_bitrate_cellular": 320000,
    "message_play_bitrate_wifi": 320000,
    "message_user_selected_play_bitrate_cellular": 320000,
    "message_user_selected_play_bitrate_wifi": 320000
  },
  {
    "timestamp_utc": "2024-09-25T17:50:19.436Z",
    "context_application_version": "1.2.47.364",
    "context_conn_country": "US",
    "context_device_manufacturer": "Apple Inc.",
    "context_device_model": "MacBookPro16,2",
    "context_device_type": "desktop",
    "context_os_name": "osx",
    "context_os_version": "14.6.1",
    "context_receiver_service_timestamp": 1727286621125,
    "context_time": 1727286619436,
    "message_allow_downgrade": true,
    "message_default_play_bitrate_product_state": "",
    "message_play_bitrate_cellular": 320000,
    "message_play_bitrate_wifi": 320000,
    "message_user_selected_play_bitrate_cellular": 320000,
    "message_user_selected_play_bitrate_wifi": 320000
  },
  {
    "timestamp_utc": "2024-09-01T20:43:10.609Z",
    "context_application_version": "8.9.68.490",
    "context_conn_country": "US",
    "context_device_manufacturer": "apple",
    "context_device_model": "iPhone13,4",
    "context_device_type": "mobile",
    "context_os_name": "ios",
    "context_os_version": "17.6.1",
    "context_receiver_service_timestamp": 1725223393333,
    "context_time": 1725223390609,
    "message_allow_downgrade": true,
    "message_default_play_bitrate_product_state": "",
    "message_play_bitrate_cellular": 320000,
    "message_play_bitrate_wifi": 320000,
    "message_user_selected_play_bitrate_cellular": 320000,
    "message_user_selected_play_bitrate_wifi": 320000
  },
  {
    "timestamp_utc": "2024-09-10T23:56:41.749Z",
    "context_application_version": "8.9.70.592",
    "context_conn_country": "US",
    "context_device_manufacturer": "apple",
    "context_device_model": "iPhone13,4",
    "context_device_type": "mobile",
    "context_os_name": "ios",
    "context_os_version": "17.6.1",
    "context_receiver_service_timestamp": 1726012602435,
    "context_time": 1726012601749,
    "message_allow_downgrade": true,
    "message_default_play_bitrate_product_state": "",
    "message_play_bitrate_cellular": 320000,
    "message_play_bitrate_wifi": 320000,
    "message_user_selected_play_bitrate_cellular": 320000,
    "message_user_selected_play_bitrate_wifi": 320000
  },
  {
    "timestamp_utc": "2024-09-25T07:49:07.998Z",
    "context_application_version": "8.9.76.516",
    "context_conn_country": "US",
    "context_device_manufacturer": "apple",
    "context_device_model": "iPad14,4",
    "context_device_type": "tablet",
    "context_os_name": "ios",
    "context_os_version": "18.0",
    "context_receiver_service_timestamp": 1727250549235,
    "context_time": 1727250547998,
    "message_allow_downgrade": true,
    "message_default_play_bitrate_product_state": "",
    "message_play_bitrate_cellular": 320000,
    "message_play_bitrate_wifi": 320000,
    "message_user_selected_play_bitrate_cellular": 320000,
    "message_user_selected_play_bitrate_wifi": 320000
  },
  {
    "timestamp_utc": "2024-10-18T15:24:02.590Z",
    "context_application_version": "8.9.82.628",
    "context_conn_country": "US",
    "context_device_manufacturer": "apple",
    "context_device_model": "iPhone13,4",
    "context_device_type": "mobile",
    "context_os_name": "ios",
    "context_os_version": "18.0.1",
    "context_receiver_service_timestamp": 1729265043560,
    "context_time": 1729265042590,
    "message_allow_downgrade": true,
    "message_default_play_bitrate_product_state": "",
    "message_play_bitrate_cellular": 320000,
    "message_play_bitrate_wifi": 320000,
    "message_user_selected_play_bitrate_cellular": 320000,
    "message_user_selected_play_bitrate_wifi": 320000
  },
  {
    "timestamp_utc": "2024-09-25T14:28:52.649Z",
    "context_application_version": "8.9.76.516",
    "context_conn_country": "US",
    "context_device_manufacturer": "apple",
    "context_device_model": "iPhone13,4",
    "context_device_type": "mobile",
    "context_os_name": "ios",
    "context_os_version": "18.0",
    "context_receiver_service_timestamp": 1727274533801,
    "context_time": 1727274532649,
    "message_allow_downgrade": true,
    "message_default_play_bitrate_product_state": "",
    "message_play_bitrate_cellular": 320000,
    "message_play_bitrate_wifi": 320000,
    "message_user_selected_play_bitrate_cellular": 320000,
    "message_user_selected_play_bitrate_wifi": 320000
  },
  {
    "timestamp_utc": "2024-09-12T00:30:15.192Z",
    "context_application_version": "8.9.70.592",
    "context_conn_country": "US",
    "context_device_manufacturer": "apple",
    "context_device_model": "iPhone13,4",
    "context_device_type": "mobile",
    "context_os_name": "ios",
    "context_os_version": "17.6.1",
    "context_receiver_service_timestamp": 1726101015902,
    "context_time": 1726101015192,
    "message_allow_downgrade": true,
    "message_default_play_bitrate_product_state": "",
    "message_play_bitrate_cellular": 320000,
    "message_play_bitrate_wifi": 320000,
    "message_user_selected_play_bitrate_cellular": 320000,
    "message_user_selected_play_bitrate_wifi": 320000
  },
  {
    "timestamp_utc": "2024-09-22T22:29:09.794Z",
    "context_application_version": "8.9.76.516",
    "context_conn_country": "US",
    "context_device_manufacturer": "apple",
    "context_device_model": "iPhone13,4",
    "context_device_type": "mobile",
    "context_os_name": "ios",
    "context_os_version": "17.6.1",
    "context_receiver_service_timestamp": 1727044150235,
    "context_time": 1727044149794,
    "message_allow_downgrade": true,
    "message_default_play_bitrate_product_state": "",
    "message_play_bitrate_cellular": 320000,
    "message_play_bitrate_wifi": 320000,
    "message_user_selected_play_bitrate_cellular": 320000,
    "message_user_selected_play_bitrate_wifi": 320000
  },
  {
    "timestamp_utc": "2024-10-24T23:58:28.374Z",
    "context_application_version": "8.9.86.419",
    "context_conn_country": "US",
    "context_device_manufacturer": "apple",
    "context_device_model": "iPad14,4",
    "context_device_type": "tablet",
    "context_os_name": "ios",
    "context_os_version": "18.0.1",
    "context_receiver_service_timestamp": 1729814310044,
    "context_time": 1729814308374,
    "message_allow_downgrade": true,
    "message_default_play_bitrate_product_state": "",
    "message_play_bitrate_cellular": 320000,
    "message_play_bitrate_wifi": 320000,
    "message_user_selected_play_bitrate_cellular": 320000,
    "message_user_selected_play_bitrate_wifi": 320000
  },
  {
    "timestamp_utc": "2024-10-14T23:16:59.408Z",
    "context_application_version": "8.9.82.628",
    "context_conn_country": "US",
    "context_device_manufacturer": "apple",
    "context_device_model": "iPhone13,4",
    "context_device_type": "mobile",
    "context_os_name": "ios",
    "context_os_version": "18.0.1",
    "context_receiver_service_timestamp": 1728947819735,
    "context_time": 1728947819408,
    "message_allow_downgrade": true,
    "message_default_play_bitrate_product_state": "",
    "message_play_bitrate_cellular": 320000,
    "message_play_bitrate_wifi": 320000,
    "message_user_selected_play_bitrate_cellular": 320000,
    "message_user_selected_play_bitrate_wifi": 320000
  },
  {
    "timestamp_utc": "2024-08-27T04:28:53.942Z",
    "context_application_version": "8.9.68.490",
    "context_conn_country": "US",
    "context_device_manufacturer": "apple",
    "context_device_model": "iPad14,4",
    "context_device_type": "tablet",
    "context_os_name": "ios",
    "context_os_version": "17.5.1",
    "context_receiver_service_timestamp": 1724732934883,
    "context_time": 1724732933942,
    "message_allow_downgrade": true,
    "message_default_play_bitrate_product_state": "",
    "message_play_bitrate_cellular": 320000,
    "message_play_bitrate_wifi": 320000,
    "message_user_selected_play_bitrate_cellular": 320000,
    "message_user_selected_play_bitrate_wifi": 320000
  },
  {
    "timestamp_utc": "2024-08-26T17:32:11.907Z",
    "context_application_version": "8.9.66.462",
    "context_conn_country": "US",
    "context_device_manufacturer": "apple",
    "context_device_model": "iPhone13,4",
    "context_device_type": "mobile",
    "context_os_name": "ios",
    "context_os_version": "17.5.1",
    "context_receiver_service_timestamp": 1724693532920,
    "context_time": 1724693531907,
    "message_allow_downgrade": true,
    "message_default_play_bitrate_product_state": "",
    "message_play_bitrate_cellular": 320000,
    "message_play_bitrate_wifi": 320000,
    "message_user_selected_play_bitrate_cellular": 320000,
    "message_user_selected_play_bitrate_wifi": 320000
  },
  {
    "timestamp_utc": "2024-09-06T05:04:44.978Z",
    "context_application_version": "8.9.70.592",
    "context_conn_country": "US",
    "context_device_manufacturer": "apple",
    "context_device_model": "iPad14,4",
    "context_device_type": "tablet",
    "context_os_name": "ios",
    "context_os_version": "17.6.1",
    "context_receiver_service_timestamp": 1725599086445,
    "context_time": 1725599084978,
    "message_allow_downgrade": true,
    "message_default_play_bitrate_product_state": "",
    "message_play_bitrate_cellular": 320000,
    "message_play_bitrate_wifi": 320000,
    "message_user_selected_play_bitrate_cellular": 320000,
    "message_user_selected_play_bitrate_wifi": 320000
  },
  {
    "timestamp_utc": "2024-11-08T18:57:34.292Z",
    "context_application_version": "8.9.86.419",
    "context_conn_country": "US",
    "context_device_manufacturer": "apple",
    "context_device_model": "iPhone13,4",
    "context_device_type": "mobile",
    "context_os_name": "ios",
    "context_os_version": "18.0.1",
    "context_receiver_service_timestamp": 1731092254712,
    "context_time": 1731092254292,
    "message_allow_downgrade": true,
    "message_default_play_bitrate_product_state": "",
    "message_play_bitrate_cellular": 320000,
    "message_play_bitrate_wifi": 320000,
    "message_user_selected_play_bitrate_cellular": 320000,
    "message_user_selected_play_bitrate_wifi": 320000
  },
  {
    "timestamp_utc": "2024-11-22T19:20:33.840Z",
    "context_application_version": "8.9.94.418",
    "context_conn_country": "US",
    "context_device_manufacturer": "apple",
    "context_device_model": "iPhone13,4",
    "context_device_type": "mobile",
    "context_os_name": "ios",
    "context_os_version": "18.1",
    "context_receiver_service_timestamp": 1732303234896,
    "context_time": 1732303233840,
    "message_allow_downgrade": true,
    "message_default_play_bitrate_product_state": "",
    "message_play_bitrate_cellular": 320000,
    "message_play_bitrate_wifi": 320000,
    "message_user_selected_play_bitrate_cellular": 320000,
    "message_user_selected_play_bitrate_wifi": 320000
  },
  {
    "timestamp_utc": "2024-10-18T06:31:52.150Z",
    "context_application_version": "8.9.82.628",
    "context_conn_country": "US",
    "context_device_manufacturer": "apple",
    "context_device_model": "iPhone13,4",
    "context_device_type": "mobile",
    "context_os_name": "ios",
    "context_os_version": "18.0.1",
    "context_receiver_service_timestamp": 1729233113645,
    "context_time": 1729233112150,
    "message_allow_downgrade": true,
    "message_default_play_bitrate_product_state": "",
    "message_play_bitrate_cellular": 320000,
    "message_play_bitrate_wifi": 320000,
    "message_user_selected_play_bitrate_cellular": 320000,
    "message_user_selected_play_bitrate_wifi": 320000
  },
  {
    "timestamp_utc": "2024-10-07T11:17:22.638Z",
    "context_application_version": "8.9.76.516",
    "context_conn_country": "US",
    "context_device_manufacturer": "apple",
    "context_device_model": "iPad14,4",
    "context_device_type": "tablet",
    "context_os_name": "ios",
    "context_os_version": "18.0.1",
    "context_receiver_service_timestamp": 1728299843835,
    "context_time": 1728299842638,
    "message_allow_downgrade": true,
    "message_default_play_bitrate_product_state": "",
    "message_play_bitrate_cellular": 320000,
    "message_play_bitrate_wifi": 320000,
    "message_user_selected_play_bitrate_cellular": 320000,
    "message_user_selected_play_bitrate_wifi": 320000
  },
  {
    "timestamp_utc": "2024-10-12T09:08:03.192Z",
    "context_application_version": "8.9.82.628",
    "context_conn_country": "US",
    "context_device_manufacturer": "apple",
    "context_device_model": "iPad14,4",
    "context_device_type": "tablet",
    "context_os_name": "ios",
    "context_os_version": "18.0.1",
    "context_receiver_service_timestamp": 1728724084427,
    "context_time": 1728724083192,
    "message_allow_downgrade": true,
    "message_default_play_bitrate_product_state": "",
    "message_play_bitrate_cellular": 320000,
    "message_play_bitrate_wifi": 320000,
    "message_user_selected_play_bitrate_cellular": 320000,
    "message_user_selected_play_bitrate_wifi": 320000
  },
  {
    "timestamp_utc": "2024-11-22T00:56:04.376Z",
    "context_application_version": "8.9.94.418",
    "context_conn_country": "US",
    "context_device_manufacturer": "apple",
    "context_device_model": "iPad14,4",
    "context_device_type": "tablet",
    "context_os_name": "ios",
    "context_os_version": "18.0.1",
    "context_receiver_service_timestamp": 1732236965346,
    "context_time": 1732236964376,
    "message_allow_downgrade": true,
    "message_default_play_bitrate_product_state": "",
    "message_play_bitrate_cellular": 320000,
    "message_play_bitrate_wifi": 320000,
    "message_user_selected_play_bitrate_cellular": 320000,
    "message_user_selected_play_bitrate_wifi": 320000
  },
  {
    "timestamp_utc": "2024-09-18T20:40:48.016Z",
    "context_application_version": "8.9.74.535",
    "context_conn_country": "US",
    "context_device_manufacturer": "apple",
    "context_device_model": "iPhone13,4",
    "context_device_type": "mobile",
    "context_os_name": "ios",
    "context_os_version": "17.6.1",
    "context_receiver_service_timestamp": 1726692048539,
    "context_time": 1726692048016,
    "message_allow_downgrade": true,
    "message_default_play_bitrate_product_state": "",
    "message_play_bitrate_cellular": 320000,
    "message_play_bitrate_wifi": 320000,
    "message_user_selected_play_bitrate_cellular": 320000,
    "message_user_selected_play_bitrate_wifi": 320000
  },
  {
    "timestamp_utc": "2024-10-04T01:12:26.372Z",
    "context_application_version": "8.9.76.516",
    "context_conn_country": "US",
    "context_device_manufacturer": "apple",
    "context_device_model": "iPhone13,4",
    "context_device_type": "mobile",
    "context_os_name": "ios",
    "context_os_version": "18.0",
    "context_receiver_service_timestamp": 1728004347567,
    "context_time": 1728004346372,
    "message_allow_downgrade": true,
    "message_default_play_bitrate_product_state": "",
    "message_play_bitrate_cellular": 320000,
    "message_play_bitrate_wifi": 320000,
    "message_user_selected_play_bitrate_cellular": 320000,
    "message_user_selected_play_bitrate_wifi": 320000
  },
  {
    "timestamp_utc": "2024-10-25T23:43:55.398Z",
    "context_application_version": "8.9.84.543",
    "context_conn_country": "US",
    "context_device_manufacturer": "apple",
    "context_device_model": "iPhone13,4",
    "context_device_type": "mobile",
    "context_os_name": "ios",
    "context_os_version": "18.0.1",
    "context_receiver_service_timestamp": 1729899836152,
    "context_time": 1729899835398,
    "message_allow_downgrade": true,
    "message_default_play_bitrate_product_state": "",
    "message_play_bitrate_cellular": 320000,
    "message_play_bitrate_wifi": 320000,
    "message_user_selected_play_bitrate_cellular": 320000,
    "message_user_selected_play_bitrate_wifi": 320000
  },
  {
    "timestamp_utc": "2024-08-27T00:01:38.917Z",
    "context_application_version": "8.9.68.490",
    "context_conn_country": "US",
    "context_device_manufacturer": "apple",
    "context_device_model": "iPhone13,4",
    "context_device_type": "mobile",
    "context_os_name": "ios",
    "context_os_version": "17.5.1",
    "context_receiver_service_timestamp": 1724716899836,
    "context_time": 1724716898917,
    "message_allow_downgrade": true,
    "message_default_play_bitrate_product_state": "",
    "message_play_bitrate_cellular": 320000,
    "message_play_bitrate_wifi": 320000,
    "message_user_selected_play_bitrate_cellular": 320000,
    "message_user_selected_play_bitrate_wifi": 320000
  },
  {
    "timestamp_utc": "2024-11-08T17:28:50.065Z",
    "context_application_version": "8.9.86.419",
    "context_conn_country": "US",
    "context_device_manufacturer": "apple",
    "context_device_model": "iPhone13,4",
    "context_device_type": "mobile",
    "context_os_name": "ios",
    "context_os_version": "18.0.1",
    "context_receiver_service_timestamp": 1731086931251,
    "context_time": 1731086930065,
    "message_allow_downgrade": true,
    "message_default_play_bitrate_product_state": "",
    "message_play_bitrate_cellular": 320000,
    "message_play_bitrate_wifi": 320000,
    "message_user_selected_play_bitrate_cellular": 320000,
    "message_user_selected_play_bitrate_wifi": 320000
  },
  {
    "timestamp_utc": "2024-08-31T22:26:03.037Z",
    "context_application_version": "8.9.68.490",
    "context_conn_country": "US",
    "context_device_manufacturer": "apple",
    "context_device_model": "iPad14,4",
    "context_device_type": "tablet",
    "context_os_name": "ios",
    "context_os_version": "17.6.1",
    "context_receiver_service_timestamp": 1725143168733,
    "context_time": 1725143163037,
    "message_allow_downgrade": true,
    "message_default_play_bitrate_product_state": "",
    "message_play_bitrate_cellular": 320000,
    "message_play_bitrate_wifi": 320000,
    "message_user_selected_play_bitrate_cellular": 320000,
    "message_user_selected_play_bitrate_wifi": 320000
  },
  {
    "timestamp_utc": "2024-11-19T01:05:26.222Z",
    "context_application_version": "8.9.90.84",
    "context_conn_country": "US",
    "context_device_manufacturer": "apple",
    "context_device_model": "iPhone13,4",
    "context_device_type": "mobile",
    "context_os_name": "ios",
    "context_os_version": "18.0.1",
    "context_receiver_service_timestamp": 1731978327032,
    "context_time": 1731978326222,
    "message_allow_downgrade": true,
    "message_default_play_bitrate_product_state": "",
    "message_play_bitrate_cellular": 320000,
    "message_play_bitrate_wifi": 320000,
    "message_user_selected_play_bitrate_cellular": 320000,
    "message_user_selected_play_bitrate_wifi": 320000
  },
  {
    "timestamp_utc": "2024-09-21T02:45:31.117Z",
    "context_application_version": "8.9.76.516",
    "context_conn_country": "US",
    "context_device_manufacturer": "apple",
    "context_device_model": "iPad14,4",
    "context_device_type": "tablet",
    "context_os_name": "ios",
    "context_os_version": "17.6.1",
    "context_receiver_service_timestamp": 1726886732220,
    "context_time": 1726886731117,
    "message_allow_downgrade": true,
    "message_default_play_bitrate_product_state": "",
    "message_play_bitrate_cellular": 320000,
    "message_play_bitrate_wifi": 320000,
    "message_user_selected_play_bitrate_cellular": 320000,
    "message_user_selected_play_bitrate_wifi": 320000
  },
  {
    "timestamp_utc": "2024-09-22T22:25:19.083Z",
    "context_application_version": "8.9.76.516",
    "context_conn_country": "US",
    "context_device_manufacturer": "apple",
    "context_device_model": "iPhone13,4",
    "context_device_type": "mobile",
    "context_os_name": "ios",
    "context_os_version": "17.6.1",
    "context_receiver_service_timestamp": 1727043922422,
    "context_time": 1727043919083,
    "message_allow_downgrade": true,
    "message_default_play_bitrate_product_state": "",
    "message_play_bitrate_cellular": 320000,
    "message_play_bitrate_wifi": 320000,
    "message_user_selected_play_bitrate_cellular": 320000,
    "message_user_selected_play_bitrate_wifi": 320000
  },
  {
    "timestamp_utc": "2024-10-24T03:58:09.693Z",
    "context_application_version": "8.9.84.543",
    "context_conn_country": "US",
    "context_device_manufacturer": "apple",
    "context_device_model": "iPad14,4",
    "context_device_type": "tablet",
    "context_os_name": "ios",
    "context_os_version": "18.0.1",
    "context_receiver_service_timestamp": 1729742290765,
    "context_time": 1729742289693,
    "message_allow_downgrade": true,
    "message_default_play_bitrate_product_state": "",
    "message_play_bitrate_cellular": 320000,
    "message_play_bitrate_wifi": 320000,
    "message_user_selected_play_bitrate_cellular": 320000,
    "message_user_selected_play_bitrate_wifi": 320000
  },
  {
    "timestamp_utc": "2024-10-07T00:56:05.557Z",
    "context_application_version": "8.9.76.516",
    "context_conn_country": "US",
    "context_device_manufacturer": "apple",
    "context_device_model": "iPhone13,4",
    "context_device_type": "mobile",
    "context_os_name": "ios",
    "context_os_version": "18.0.1",
    "context_receiver_service_timestamp": 1728262570517,
    "context_time": 1728262565557,
    "message_allow_downgrade": true,
    "message_default_play_bitrate_product_state": "",
    "message_play_bitrate_cellular": 320000,
    "message_play_bitrate_wifi": 320000,
    "message_user_selected_play_bitrate_cellular": 320000,
    "message_user_selected_play_bitrate_wifi": 320000
  },
  {
    "timestamp_utc": "2024-08-28T21:46:57.194Z",
    "context_application_version": "8.9.68.490",
    "context_conn_country": "US",
    "context_device_manufacturer": "apple",
    "context_device_model": "iPad14,4",
    "context_device_type": "tablet",
    "context_os_name": "ios",
    "context_os_version": "17.5.1",
    "context_receiver_service_timestamp": 1724881617929,
    "context_time": 1724881617194,
    "message_allow_downgrade": true,
    "message_default_play_bitrate_product_state": "",
    "message_play_bitrate_cellular": 320000,
    "message_play_bitrate_wifi": 320000,
    "message_user_selected_play_bitrate_cellular": 320000,
    "message_user_selected_play_bitrate_wifi": 320000
  },
  {
    "timestamp_utc": "2024-11-02T19:57:57.105Z",
    "context_application_version": "8.9.86.419",
    "context_conn_country": "US",
    "context_device_manufacturer": "apple",
    "context_device_model": "iPhone13,4",
    "context_device_type": "mobile",
    "context_os_name": "ios",
    "context_os_version": "18.0.1",
    "context_receiver_service_timestamp": 1730577477722,
    "context_time": 1730577477105,
    "message_allow_downgrade": true,
    "message_default_play_bitrate_product_state": "",
    "message_play_bitrate_cellular": 320000,
    "message_play_bitrate_wifi": 320000,
    "message_user_selected_play_bitrate_cellular": 320000,
    "message_user_selected_play_bitrate_wifi": 320000
  },
  {
    "timestamp_utc": "2024-11-05T18:12:59.776Z",
    "context_application_version": "1.2.49.439",
    "context_conn_country": "US",
    "context_device_manufacturer": "Apple Inc.",
    "context_device_model": "MacBookPro16,2",
    "context_device_type": "desktop",
    "context_os_name": "osx",
    "context_os_version": "15.0.1",
    "context_receiver_service_timestamp": 1730830381344,
    "context_time": 1730830379776,
    "message_allow_downgrade": true,
    "message_default_play_bitrate_product_state": "",
    "message_play_bitrate_cellular": 320000,
    "message_play_bitrate_wifi": 320000,
    "message_user_selected_play_bitrate_cellular": 320000,
    "message_user_selected_play_bitrate_wifi": 320000
  },
  {
    "timestamp_utc": "2024-09-04T00:36:37.611Z",
    "context_application_version": "8.9.68.490",
    "context_conn_country": "US",
    "context_device_manufacturer": "apple",
    "context_device_model": "iPhone13,4",
    "context_device_type": "mobile",
    "context_os_name": "ios",
    "context_os_version": "17.6.1",
    "context_receiver_service_timestamp": 1725410200987,
    "context_time": 1725410197611,
    "message_allow_downgrade": true,
    "message_default_play_bitrate_product_state": "",
    "message_play_bitrate_cellular": 320000,
    "message_play_bitrate_wifi": 320000,
    "message_user_selected_play_bitrate_cellular": 320000,
    "message_user_selected_play_bitrate_wifi": 320000
  },
  {
    "timestamp_utc": "2024-11-12T08:03:07.425Z",
    "context_application_version": "8.9.90.84",
    "context_conn_country": "US",
    "context_device_manufacturer": "apple",
    "context_device_model": "iPad14,4",
    "context_device_type": "tablet",
    "context_os_name": "ios",
    "context_os_version": "18.0.1",
    "context_receiver_service_timestamp": 1731398588315,
    "context_time": 1731398587425,
    "message_allow_downgrade": true,
    "message_default_play_bitrate_product_state": "",
    "message_play_bitrate_cellular": 320000,
    "message_play_bitrate_wifi": 320000,
    "message_user_selected_play_bitrate_cellular": 320000,
    "message_user_selected_play_bitrate_wifi": 320000
  },
  {
    "timestamp_utc": "2024-11-11T17:14:19.540Z",
    "context_application_version": "8.9.90.84",
    "context_conn_country": "US",
    "context_device_manufacturer": "apple",
    "context_device_model": "iPhone13,4",
    "context_device_type": "mobile",
    "context_os_name": "ios",
    "context_os_version": "18.0.1",
    "context_receiver_service_timestamp": 1731345260383,
    "context_time": 1731345259540,
    "message_allow_downgrade": true,
    "message_default_play_bitrate_product_state": "",
    "message_play_bitrate_cellular": 320000,
    "message_play_bitrate_wifi": 320000,
    "message_user_selected_play_bitrate_cellular": 320000,
    "message_user_selected_play_bitrate_wifi": 320000
  },
  {
    "timestamp_utc": "2024-11-21T00:53:13.612Z",
    "context_application_version": "8.9.90.84",
    "context_conn_country": "US",
    "context_device_manufacturer": "apple",
    "context_device_model": "iPad14,4",
    "context_device_type": "tablet",
    "context_os_name": "ios",
    "context_os_version": "18.0.1",
    "context_receiver_service_timestamp": 1732150394416,
    "context_time": 1732150393612,
    "message_allow_downgrade": true,
    "message_default_play_bitrate_product_state": "",
    "message_play_bitrate_cellular": 320000,
    "message_play_bitrate_wifi": 320000,
    "message_user_selected_play_bitrate_cellular": 320000,
    "message_user_selected_play_bitrate_wifi": 320000
  },
  {
    "timestamp_utc": "2024-10-29T22:21:09.832Z",
    "context_application_version": "8.9.86.419",
    "context_conn_country": "US",
    "context_device_manufacturer": "apple",
    "context_device_model": "iPhone13,4",
    "context_device_type": "mobile",
    "context_os_name": "ios",
    "context_os_version": "18.0.1",
    "context_receiver_service_timestamp": 1730240471012,
    "context_time": 1730240469832,
    "message_allow_downgrade": true,
    "message_default_play_bitrate_product_state": "",
    "message_play_bitrate_cellular": 320000,
    "message_play_bitrate_wifi": 320000,
    "message_user_selected_play_bitrate_cellular": 320000,
    "message_user_selected_play_bitrate_wifi": 320000
  },
  {
    "timestamp_utc": "2024-09-10T07:13:22.093Z",
    "context_application_version": "8.9.70.592",
    "context_conn_country": "US",
    "context_device_manufacturer": "apple",
    "context_device_model": "iPhone13,4",
    "context_device_type": "mobile",
    "context_os_name": "ios",
    "context_os_version": "17.6.1",
    "context_receiver_service_timestamp": 1725952402582,
    "context_time": 1725952402093,
    "message_allow_downgrade": true,
    "message_default_play_bitrate_product_state": "",
    "message_play_bitrate_cellular": 320000,
    "message_play_bitrate_wifi": 320000,
    "message_user_selected_play_bitrate_cellular": 320000,
    "message_user_selected_play_bitrate_wifi": 320000
  },
  {
    "timestamp_utc": "2024-10-23T19:54:42.193Z",
    "context_application_version": "8.9.82.628",
    "context_conn_country": "US",
    "context_device_manufacturer": "apple",
    "context_device_model": "iPhone13,4",
    "context_device_type": "mobile",
    "context_os_name": "ios",
    "context_os_version": "18.0.1",
    "context_receiver_service_timestamp": 1729713282641,
    "context_time": 1729713282193,
    "message_allow_downgrade": true,
    "message_default_play_bitrate_product_state": "",
    "message_play_bitrate_cellular": 320000,
    "message_play_bitrate_wifi": 320000,
    "message_user_selected_play_bitrate_cellular": 320000,
    "message_user_selected_play_bitrate_wifi": 320000
  },
  {
    "timestamp_utc": "2024-10-18T10:39:03.771Z",
    "context_application_version": "8.9.82.628",
    "context_conn_country": "US",
    "context_device_manufacturer": "apple",
    "context_device_model": "iPad14,4",
    "context_device_type": "tablet",
    "context_os_name": "ios",
    "context_os_version": "18.0.1",
    "context_receiver_service_timestamp": 1729310038857,
    "context_time": 1729247943771,
    "message_allow_downgrade": true,
    "message_default_play_bitrate_product_state": "",
    "message_play_bitrate_cellular": 320000,
    "message_play_bitrate_wifi": 320000,
    "message_user_selected_play_bitrate_cellular": 320000,
    "message_user_selected_play_bitrate_wifi": 320000
  },
  {
    "timestamp_utc": "2024-08-29T00:04:18.989Z",
    "context_application_version": "8.9.68.490",
    "context_conn_country": "US",
    "context_device_manufacturer": "apple",
    "context_device_model": "iPhone13,4",
    "context_device_type": "mobile",
    "context_os_name": "ios",
    "context_os_version": "17.5.1",
    "context_receiver_service_timestamp": 1724889859738,
    "context_time": 1724889858989,
    "message_allow_downgrade": true,
    "message_default_play_bitrate_product_state": "",
    "message_play_bitrate_cellular": 320000,
    "message_play_bitrate_wifi": 320000,
    "message_user_selected_play_bitrate_cellular": 320000,
    "message_user_selected_play_bitrate_wifi": 320000
  },
  {
    "timestamp_utc": "2024-09-02T21:08:31.393Z",
    "context_application_version": "8.9.68.490",
    "context_conn_country": "US",
    "context_device_manufacturer": "apple",
    "context_device_model": "iPhone13,4",
    "context_device_type": "mobile",
    "context_os_name": "ios",
    "context_os_version": "17.6.1",
    "context_receiver_service_timestamp": 1725311312190,
    "context_time": 1725311311393,
    "message_allow_downgrade": true,
    "message_default_play_bitrate_product_state": "",
    "message_play_bitrate_cellular": 320000,
    "message_play_bitrate_wifi": 320000,
    "message_user_selected_play_bitrate_cellular": 320000,
    "message_user_selected_play_bitrate_wifi": 320000
  },
  {
    "timestamp_utc": "2024-09-17T05:12:26.551Z",
    "context_application_version": "8.9.74.535",
    "context_conn_country": "US",
    "context_device_manufacturer": "apple",
    "context_device_model": "iPad14,4",
    "context_device_type": "tablet",
    "context_os_name": "ios",
    "context_os_version": "17.6.1",
    "context_receiver_service_timestamp": 1726549947631,
    "context_time": 1726549946551,
    "message_allow_downgrade": true,
    "message_default_play_bitrate_product_state": "",
    "message_play_bitrate_cellular": 320000,
    "message_play_bitrate_wifi": 320000,
    "message_user_selected_play_bitrate_cellular": 320000,
    "message_user_selected_play_bitrate_wifi": 320000
  },
  {
    "timestamp_utc": "2024-09-25T02:40:45.022Z",
    "context_application_version": "8.9.76.516",
    "context_conn_country": "US",
    "context_device_manufacturer": "apple",
    "context_device_model": "iPhone13,4",
    "context_device_type": "mobile",
    "context_os_name": "ios",
    "context_os_version": "17.6.1",
    "context_receiver_service_timestamp": 1727232045549,
    "context_time": 1727232045022,
    "message_allow_downgrade": true,
    "message_default_play_bitrate_product_state": "",
    "message_play_bitrate_cellular": 320000,
    "message_play_bitrate_wifi": 320000,
    "message_user_selected_play_bitrate_cellular": 320000,
    "message_user_selected_play_bitrate_wifi": 320000
  },
  {
    "timestamp_utc": "2024-11-10T01:12:42.306Z",
    "context_application_version": "8.9.86.419",
    "context_conn_country": "US",
    "context_device_manufacturer": "apple",
    "context_device_model": "iPhone13,4",
    "context_device_type": "mobile",
    "context_os_name": "ios",
    "context_os_version": "18.0.1",
    "context_receiver_service_timestamp": 1731201162796,
    "context_time": 1731201162306,
    "message_allow_downgrade": true,
    "message_default_play_bitrate_product_state": "",
    "message_play_bitrate_cellular": 320000,
    "message_play_bitrate_wifi": 320000,
    "message_user_selected_play_bitrate_cellular": 320000,
    "message_user_selected_play_bitrate_wifi": 320000
  },
  {
    "timestamp_utc": "2024-11-19T03:26:51.537Z",
    "context_application_version": "8.9.90.84",
    "context_conn_country": "US",
    "context_device_manufacturer": "apple",
    "context_device_model": "iPhone13,4",
    "context_device_type": "mobile",
    "context_os_name": "ios",
    "context_os_version": "18.1",
    "context_receiver_service_timestamp": 1731986824039,
    "context_time": 1731986811537,
    "message_allow_downgrade": true,
    "message_default_play_bitrate_product_state": "",
    "message_play_bitrate_cellular": 320000,
    "message_play_bitrate_wifi": 320000,
    "message_user_selected_play_bitrate_cellular": 320000,
    "message_user_selected_play_bitrate_wifi": 320000
  },
  {
    "timestamp_utc": "2024-10-19T21:31:13.652Z",
    "context_application_version": "8.9.82.628",
    "context_conn_country": "US",
    "context_device_manufacturer": "apple",
    "context_device_model": "iPhone13,4",
    "context_device_type": "mobile",
    "context_os_name": "ios",
    "context_os_version": "18.0.1",
    "context_receiver_service_timestamp": 1729373474264,
    "context_time": 1729373473652,
    "message_allow_downgrade": true,
    "message_default_play_bitrate_product_state": "",
    "message_play_bitrate_cellular": 320000,
    "message_play_bitrate_wifi": 320000,
    "message_user_selected_play_bitrate_cellular": 320000,
    "message_user_selected_play_bitrate_wifi": 320000
  },
  {
    "timestamp_utc": "2024-10-07T23:05:56.494Z",
    "context_application_version": "8.9.76.516",
    "context_conn_country": "US",
    "context_device_manufacturer": "apple",
    "context_device_model": "iPhone13,4",
    "context_device_type": "mobile",
    "context_os_name": "ios",
    "context_os_version": "18.0.1",
    "context_receiver_service_timestamp": 1728342357474,
    "context_time": 1728342356494,
    "message_allow_downgrade": true,
    "message_default_play_bitrate_product_state": "",
    "message_play_bitrate_cellular": 320000,
    "message_play_bitrate_wifi": 320000,
    "message_user_selected_play_bitrate_cellular": 320000,
    "message_user_selected_play_bitrate_wifi": 320000
  },
  {
    "timestamp_utc": "2024-09-27T00:44:42.867Z",
    "context_application_version": "1.2.47.364",
    "context_conn_country": "US",
    "context_device_manufacturer": "Apple Inc.",
    "context_device_model": "MacBookPro16,2",
    "context_device_type": "desktop",
    "context_os_name": "osx",
    "context_os_version": "15.0.0",
    "context_receiver_service_timestamp": 1727397884755,
    "context_time": 1727397882867,
    "message_allow_downgrade": true,
    "message_default_play_bitrate_product_state": "",
    "message_play_bitrate_cellular": 320000,
    "message_play_bitrate_wifi": 320000,
    "message_user_selected_play_bitrate_cellular": 320000,
    "message_user_selected_play_bitrate_wifi": 320000
  },
  {
    "timestamp_utc": "2024-09-10T03:18:19.526Z",
    "context_application_version": "8.9.70.592",
    "context_conn_country": "US",
    "context_device_manufacturer": "apple",
    "context_device_model": "iPad14,4",
    "context_device_type": "tablet",
    "context_os_name": "ios",
    "context_os_version": "17.6.1",
    "context_receiver_service_timestamp": 1725938300423,
    "context_time": 1725938299526,
    "message_allow_downgrade": true,
    "message_default_play_bitrate_product_state": "",
    "message_play_bitrate_cellular": 320000,
    "message_play_bitrate_wifi": 320000,
    "message_user_selected_play_bitrate_cellular": 320000,
    "message_user_selected_play_bitrate_wifi": 320000
  },
  {
    "timestamp_utc": "2024-11-04T02:10:43.339Z",
    "context_application_version": "1.2.49.439",
    "context_conn_country": "US",
    "context_device_manufacturer": "Apple Inc.",
    "context_device_model": "MacBookPro16,2",
    "context_device_type": "desktop",
    "context_os_name": "osx",
    "context_os_version": "15.0.1",
    "context_receiver_service_timestamp": 1730686245473,
    "context_time": 1730686243339,
    "message_allow_downgrade": true,
    "message_default_play_bitrate_product_state": "",
    "message_play_bitrate_cellular": 320000,
    "message_play_bitrate_wifi": 320000,
    "message_user_selected_play_bitrate_cellular": 320000,
    "message_user_selected_play_bitrate_wifi": 320000
  },
  {
    "timestamp_utc": "2024-10-18T08:15:58.968Z",
    "context_application_version": "8.9.82.628",
    "context_conn_country": "US",
    "context_device_manufacturer": "apple",
    "context_device_model": "iPad14,4",
    "context_device_type": "tablet",
    "context_os_name": "ios",
    "context_os_version": "18.0.1",
    "context_receiver_service_timestamp": 1729244992094,
    "context_time": 1729239358968,
    "message_allow_downgrade": true,
    "message_default_play_bitrate_product_state": "",
    "message_play_bitrate_cellular": 320000,
    "message_play_bitrate_wifi": 320000,
    "message_user_selected_play_bitrate_cellular": 320000,
    "message_user_selected_play_bitrate_wifi": 320000
  },
  {
    "timestamp_utc": "2024-11-06T19:50:14.686Z",
    "context_application_version": "8.9.86.419",
    "context_conn_country": "US",
    "context_device_manufacturer": "apple",
    "context_device_model": "iPhone13,4",
    "context_device_type": "mobile",
    "context_os_name": "ios",
    "context_os_version": "18.0.1",
    "context_receiver_service_timestamp": 1730922615545,
    "context_time": 1730922614686,
    "message_allow_downgrade": true,
    "message_default_play_bitrate_product_state": "",
    "message_play_bitrate_cellular": 320000,
    "message_play_bitrate_wifi": 320000,
    "message_user_selected_play_bitrate_cellular": 320000,
    "message_user_selected_play_bitrate_wifi": 320000
  },
  {
    "timestamp_utc": "2024-11-20T17:36:19.272Z",
    "context_application_version": "8.9.90.84",
    "context_conn_country": "US",
    "context_device_manufacturer": "apple",
    "context_device_model": "iPhone13,4",
    "context_device_type": "mobile",
    "context_os_name": "ios",
    "context_os_version": "18.1",
    "context_receiver_service_timestamp": 1732124189380,
    "context_time": 1732124179272,
    "message_allow_downgrade": true,
    "message_default_play_bitrate_product_state": "",
    "message_play_bitrate_cellular": 320000,
    "message_play_bitrate_wifi": 320000,
    "message_user_selected_play_bitrate_cellular": 320000,
    "message_user_selected_play_bitrate_wifi": 320000
  },
  {
    "timestamp_utc": "2024-10-10T22:12:17.291Z",
    "context_application_version": "8.9.76.516",
    "context_conn_country": "US",
    "context_device_manufacturer": "apple",
    "context_device_model": "iPhone13,4",
    "context_device_type": "mobile",
    "context_os_name": "ios",
    "context_os_version": "18.0.1",
    "context_receiver_service_timestamp": 1728598338040,
    "context_time": 1728598337291,
    "message_allow_downgrade": true,
    "message_default_play_bitrate_product_state": "",
    "message_play_bitrate_cellular": 320000,
    "message_play_bitrate_wifi": 320000,
    "message_user_selected_play_bitrate_cellular": 320000,
    "message_user_selected_play_bitrate_wifi": 320000
  },
  {
    "timestamp_utc": "2024-08-28T18:21:26.600Z",
    "context_application_version": "8.9.68.490",
    "context_conn_country": "US",
    "context_device_manufacturer": "apple",
    "context_device_model": "iPhone13,4",
    "context_device_type": "mobile",
    "context_os_name": "ios",
    "context_os_version": "17.5.1",
    "context_receiver_service_timestamp": 1724869287457,
    "context_time": 1724869286600,
    "message_allow_downgrade": true,
    "message_default_play_bitrate_product_state": "",
    "message_play_bitrate_cellular": 320000,
    "message_play_bitrate_wifi": 320000,
    "message_user_selected_play_bitrate_cellular": 320000,
    "message_user_selected_play_bitrate_wifi": 320000
  },
  {
    "timestamp_utc": "2024-11-11T03:26:31.398Z",
    "context_application_version": "1.2.49.439",
    "context_conn_country": "US",
    "context_device_manufacturer": "Apple Inc.",
    "context_device_model": "MacBookPro16,2",
    "context_device_type": "desktop",
    "context_os_name": "osx",
    "context_os_version": "15.0.1",
    "context_receiver_service_timestamp": 1731295593435,
    "context_time": 1731295591398,
    "message_allow_downgrade": true,
    "message_default_play_bitrate_product_state": "",
    "message_play_bitrate_cellular": 320000,
    "message_play_bitrate_wifi": 320000,
    "message_user_selected_play_bitrate_cellular": 320000,
    "message_user_selected_play_bitrate_wifi": 320000
  },
  {
    "timestamp_utc": "2024-09-23T16:15:37.963Z",
    "context_application_version": "8.9.76.516",
    "context_conn_country": "US",
    "context_device_manufacturer": "apple",
    "context_device_model": "iPhone13,4",
    "context_device_type": "mobile",
    "context_os_name": "ios",
    "context_os_version": "17.6.1",
    "context_receiver_service_timestamp": 1727108138679,
    "context_time": 1727108137963,
    "message_allow_downgrade": true,
    "message_default_play_bitrate_product_state": "",
    "message_play_bitrate_cellular": 320000,
    "message_play_bitrate_wifi": 320000,
    "message_user_selected_play_bitrate_cellular": 320000,
    "message_user_selected_play_bitrate_wifi": 320000
  }
]