[
  {
    "timestamp_utc": "2024-10-30T22:34:28.083Z",
    "context_application_version": "8.9.86.419",
    "context_conn_country": "US",
    "context_device_manufacturer": "apple",
    "context_device_model": "iPad14,4",
    "context_device_type": "tablet",
    "context_os_name": "ios",
    "context_os_version": "18.0.1",
    "context_receiver_service_timestamp": 1730327677589,
    "context_time": 1730327668083,
    "message_additional_data": "",
    "message_driver_name": "AudioUnitDriver2",
    "message_error_code": -50,
    "message_location": "AudioUnitDriver2:722 AudioOutputUnitStart(_outputUnit)"
  },
  {
    "timestamp_utc": "2024-10-19T06:30:06.466Z",
    "context_application_version": "8.9.82.628",
    "context_conn_country": "US",
    "context_device_manufacturer": "apple",
    "context_device_model": "iPad14,4",
    "context_device_type": "tablet",
    "context_os_name": "ios",
    "context_os_version": "18.0.1",
    "context_receiver_service_timestamp": 1729319406857,
    "context_time": 1729319406466,
    "message_additional_data": null,
    "message_driver_name": "AudioUnitDriver2",
    "message_error_code": -50,
    "message_location": "pausePlayback"
  },
  {
    "timestamp_utc": "2024-09-24T02:47:27.201Z",
    "context_application_version": "8.9.76.516",
    "context_conn_country": "US",
    "context_device_manufacturer": "apple",
    "context_device_model": "iPad14,4",
    "context_device_type": "tablet",
    "context_os_name": "ios",
    "context_os_version": "17.6.1",
    "context_receiver_service_timestamp": 1727146082214,
    "context_time": 1727146047201,
    "message_additional_data": "",
    "message_driver_name": "AudioUnitDriver2",
    "message_error_code": 560557684,
    "message_location": "AudioUnitDriver2:617 AudioUnitInitialize(_outputUnit)"
  },
  {
    "timestamp_utc": "2024-10-30T22:34:28.495Z",
    "context_application_version": "8.9.86.419",
    "context_conn_country": "US",
    "context_device_manufacturer": "apple",
    "context_device_model": "iPad14,4",
    "context_device_type": "tablet",
    "context_os_name": "ios",
    "context_os_version": "18.0.1",
    "context_receiver_service_timestamp": 1730327677589,
    "context_time": 1730327668495,
    "message_additional_data": null,
    "message_driver_name": "AudioUnitDriver2",
    "message_error_code": -50,
    "message_location": "pausePlayback"
  },
  {
    "timestamp_utc": "2024-08-30T06:26:38.869Z",
    "context_application_version": "8.9.68.490",
    "context_conn_country": "US",
    "context_device_manufacturer": "apple",
    "context_device_model": "iPad14,4",
    "context_device_type": "tablet",
    "context_os_name": "ios",
    "context_os_version": "17.5.1",
    "context_receiver_service_timestamp": 1724999201315,
    "context_time": 1724999198869,
    "message_additional_data": "",
    "message_driver_name": "AudioUnitDriver2",
    "message_error_code": -50,
    "message_location": "AudioUnitDriver2:728 AudioOutputUnitStart(_outputUnit)"
  },
  {
    "timestamp_utc": "2024-10-19T03:54:00.310Z",
    "context_application_version": "8.9.82.628",
    "context_conn_country": "US",
    "context_device_manufacturer": "apple",
    "context_device_model": "iPad14,4",
    "context_device_type": "tablet",
    "context_os_name": "ios",
    "context_os_version": "18.0.1",
    "context_receiver_service_timestamp": 1729310047447,
    "context_time": 1729310040310,
    "message_additional_data": null,
    "message_driver_name": "AudioUnitDriver2",
    "message_error_code": -50,
    "message_location": "open"
  },
  {
    "timestamp_utc": "2024-10-30T22:34:29.690Z",
    "context_application_version": "8.9.86.419",
    "context_conn_country": "US",
    "context_device_manufacturer": "apple",
    "context_device_model": "iPad14,4",
    "context_device_type": "tablet",
    "context_os_name": "ios",
    "context_os_version": "18.0.1",
    "context_receiver_service_timestamp": 1730327677589,
    "context_time": 1730327669690,
    "message_additional_data": "",
    "message_driver_name": "AudioUnitDriver2",
    "message_error_code": 0,
    "message_location": "AudioUnitDriver2:772 AVAudioSessionMediaServicesWereResetNotification"
  },
  {
    "timestamp_utc": "2024-10-18T09:49:52.239Z",
    "context_application_version": "8.9.82.628",
    "context_conn_country": "US",
    "context_device_manufacturer": "apple",
    "context_device_model": "iPad14,4",
    "context_device_type": "tablet",
    "context_os_name": "ios",
    "context_os_version": "18.0.1",
    "context_receiver_service_timestamp": 1729245006555,
    "context_time": 1729244992239,
    "message_additional_data": "",
    "message_driver_name": "AudioUnitDriver2",
    "message_error_code": -50,
    "message_location": "AudioUnitDriver2:611 AudioUnitInitialize(_outputUnit)"
  },
  {
    "timestamp_utc": "2024-10-12T09:19:10.879Z",
    "context_application_version": "8.9.82.628",
    "context_conn_country": "US",
    "context_device_manufacturer": "apple",
    "context_device_model": "iPad14,4",
    "context_device_type": "tablet",
    "context_os_name": "ios",
    "context_os_version": "18.0.1",
    "context_receiver_service_timestamp": 1728790827033,
    "context_time": 1728724750879,
    "message_additional_data": "",
    "message_driver_name": "AudioUnitDriver2",
    "message_error_code": 0,
    "message_location": "AudioUnitDriver2:772 AVAudioSessionMediaServicesWereResetNotification"
  },
  {
    "timestamp_utc": "2024-11-19T11:43:16.976Z",
    "context_application_version": "8.9.90.84",
    "context_conn_country": "US",
    "context_device_manufacturer": "apple",
    "context_device_model": "iPad14,4",
    "context_device_type": "tablet",
    "context_os_name": "ios",
    "context_os_version": "18.0.1",
    "context_receiver_service_timestamp": 1732016619022,
    "context_time": 1732016596976,
    "message_additional_data": "",
    "message_driver_name": "AudioUnitDriver2",
    "message_error_code": 0,
    "message_location": "AudioUnitDriver2:778 AVAudioSessionMediaServicesWereResetNotification"
  },
  {
    "timestamp_utc": "2024-10-09T02:28:17.415Z",
    "context_application_version": "8.9.76.516",
    "context_conn_country": "US",
    "context_device_manufacturer": "apple",
    "context_device_model": "iPad14,4",
    "context_device_type": "tablet",
    "context_os_name": "ios",
    "context_os_version": "18.0.1",
    "context_receiver_service_timestamp": 1728440915983,
    "context_time": 1728440897415,
    "message_additional_data": null,
    "message_driver_name": "AudioUnitDriver2",
    "message_error_code": -50,
    "message_location": "pausePlayback"
  },
  {
    "timestamp_utc": "2024-10-10T06:29:47.386Z",
    "context_application_version": "8.9.76.516",
    "context_conn_country": "US",
    "context_device_manufacturer": "apple",
    "context_device_model": "iPad14,4",
    "context_device_type": "tablet",
    "context_os_name": "ios",
    "context_os_version": "18.0.1",
    "context_receiver_service_timestamp": 1728541790951,
    "context_time": 1728541787386,
    "message_additional_data": "",
    "message_driver_name": "AudioUnitDriver2",
    "message_error_code": -50,
    "message_location": "AudioUnitDriver2:728 AudioOutputUnitStart(_outputUnit)"
  },
  {
    "timestamp_utc": "2024-11-09T01:30:50.937Z",
    "context_application_version": "8.9.86.419",
    "context_conn_country": "US",
    "context_device_manufacturer": "apple",
    "context_device_model": "iPad14,4",
    "context_device_type": "tablet",
    "context_os_name": "ios",
    "context_os_version": "18.0.1",
    "context_receiver_service_timestamp": 1731115860133,
    "context_time": 1731115850937,
    "message_additional_data": "",
    "message_driver_name": "AudioUnitDriver2",
    "message_error_code": 0,
    "message_location": "AudioUnitDriver2:772 AVAudioSessionMediaServicesWereResetNotification"
  },
  {
    "timestamp_utc": "2024-11-22T11:42:58.513Z",
    "context_application_version": "8.9.94.418",
    "context_conn_country": "US",
    "context_device_manufacturer": "apple",
    "context_device_model": "iPad14,4",
    "context_device_type": "tablet",
    "context_os_name": "ios",
    "context_os_version": "18.0.1",
    "context_receiver_service_timestamp": 1732275782532,
    "context_time": 1732275778513,
    "message_additional_data": "",
    "message_driver_name": "AudioUnitDriver2",
    "message_error_code": 0,
    "message_location": "AudioUnitDriver2:778 AVAudioSessionMediaServicesWereResetNotification"
  },
  {
    "timestamp_utc": "2024-10-13T03:40:26.461Z",
    "context_application_version": "8.9.82.628",
    "context_conn_country": "US",
    "context_device_manufacturer": "apple",
    "context_device_model": "iPad14,4",
    "context_device_type": "tablet",
    "context_os_name": "ios",
    "context_os_version": "18.0.1",
    "context_receiver_service_timestamp": 1728790827677,
    "context_time": 1728790826461,
    "message_additional_data": "",
    "message_driver_name": "AudioUnitDriver2",
    "message_error_code": -50,
    "message_location": "AudioUnitDriver2:611 AudioUnitInitialize(_outputUnit)"
  },
  {
    "timestamp_utc": "2024-10-11T04:47:29.952Z",
    "context_application_version": "8.9.76.516",
    "context_conn_country": "US",
    "context_device_manufacturer": "apple",
    "context_device_model": "iPad14,4",
    "context_device_type": "tablet",
    "context_os_name": "ios",
    "context_os_version": "18.0.1",
    "context_receiver_service_timestamp": 1728622058562,
    "context_time": 1728622049952,
    "message_additional_data": "",
    "message_driver_name": "AudioUnitDriver2",
    "message_error_code": 0,
    "message_location": "AudioUnitDriver2:778 AVAudioSessionMediaServicesWereResetNotification"
  },
  {
    "timestamp_utc": "2024-10-18T09:49:52.734Z",
    "context_application_version": "8.9.82.628",
    "context_conn_country": "US",
    "context_device_manufacturer": "apple",
    "context_device_model": "iPad14,4",
    "context_device_type": "tablet",
    "context_os_name": "ios",
    "context_os_version": "18.0.1",
    "context_receiver_service_timestamp": 1729245006555,
    "context_time": 1729244992734,
    "message_additional_data": "",
    "message_driver_name": "AudioUnitDriver2",
    "message_error_code": -50,
    "message_location": "AudioUnitDriver2:611 AudioUnitInitialize(_outputUnit)"
  },
  {
    "timestamp_utc": "2024-09-15T05:09:42.069Z",
    "context_application_version": "8.9.74.535",
    "context_conn_country": "US",
    "context_device_manufacturer": "apple",
    "context_device_model": "iPad14,4",
    "context_device_type": "tablet",
    "context_os_name": "ios",
    "context_os_version": "17.6.1",
    "context_receiver_service_timestamp": 1726376982839,
    "context_time": 1726376982069,
    "message_additional_data": "",
    "message_driver_name": "AudioUnitDriver2",
    "message_error_code": 0,
    "message_location": "AudioUnitDriver2:778 AVAudioSessionMediaServicesWereResetNotification"
  },
  {
    "timestamp_utc": "2024-11-16T05:04:03.563Z",
    "context_application_version": "8.9.90.84",
    "context_conn_country": "US",
    "context_device_manufacturer": "apple",
    "context_device_model": "iPad14,4",
    "context_device_type": "tablet",
    "context_os_name": "ios",
    "context_os_version": "18.0.1",
    "context_receiver_service_timestamp": 1731733471173,
    "context_time": 1731733443563,
    "message_additional_data": "",
    "message_driver_name": "AudioUnitDriver2",
    "message_error_code": 0,
    "message_location": "AudioUnitDriver2:778 AVAudioSessionMediaServicesWereResetNotification"
  },
  {
    "timestamp_utc": "2024-11-16T05:03:59.910Z",
    "context_application_version": "8.9.90.84",
    "context_conn_country": "US",
    "context_device_manufacturer": "apple",
    "context_device_model": "iPad14,4",
    "context_device_type": "tablet",
    "context_os_name": "ios",
    "context_os_version": "18.0.1",
    "context_receiver_service_timestamp": 1731733441283,
    "context_time": 1731733439910,
    "message_additional_data": null,
    "message_driver_name": "AudioUnitDriver2",
    "message_error_code": -50,
    "message_location": "pausePlayback"
  },
  {
    "timestamp_utc": "2024-10-19T03:53:58.220Z",
    "context_application_version": "8.9.82.628",
    "context_conn_country": "US",
    "context_device_manufacturer": "apple",
    "context_device_model": "iPad14,4",
    "context_device_type": "tablet",
    "context_os_name": "ios",
    "context_os_version": "18.0.1",
    "context_receiver_service_timestamp": 1729310047447,
    "context_time": 1729310038220,
    "message_additional_data": "",
    "message_driver_name": "AudioUnitDriver2",
    "message_error_code": -50,
    "message_location": "AudioUnitDriver2:722 AudioOutputUnitStart(_outputUnit)"
  },
  {
    "timestamp_utc": "2024-10-18T09:49:50.701Z",
    "context_application_version": "8.9.82.628",
    "context_conn_country": "US",
    "context_device_manufacturer": "apple",
    "context_device_model": "iPad14,4",
    "context_device_type": "tablet",
    "context_os_name": "ios",
    "context_os_version": "18.0.1",
    "context_receiver_service_timestamp": 1729245006215,
    "context_time": 1729244990701,
    "message_additional_data": "",
    "message_driver_name": "AudioUnitDriver2",
    "message_error_code": -50,
    "message_location": "AudioUnitDriver2:722 AudioOutputUnitStart(_outputUnit)"
  },
  {
    "timestamp_utc": "2024-10-26T21:49:52.663Z",
    "context_application_version": "8.9.86.419",
    "context_conn_country": "US",
    "context_device_manufacturer": "apple",
    "context_device_model": "iPad14,4",
    "context_device_type": "tablet",
    "context_os_name": "ios",
    "context_os_version": "18.0.1",
    "context_receiver_service_timestamp": 1729979392901,
    "context_time": 1729979392663,
    "message_additional_data": null,
    "message_driver_name": "AudioUnitDriver2",
    "message_error_code": -50,
    "message_location": "pausePlayback"
  },
  {
    "timestamp_utc": "2024-10-18T09:49:51.109Z",
    "context_application_version": "8.9.82.628",
    "context_conn_country": "US",
    "context_device_manufacturer": "apple",
    "context_device_model": "iPad14,4",
    "context_device_type": "tablet",
    "context_os_name": "ios",
    "context_os_version": "18.0.1",
    "context_receiver_service_timestamp": 1729245006215,
    "context_time": 1729244991109,
    "message_additional_data": null,
    "message_driver_name": "AudioUnitDriver2",
    "message_error_code": -50,
    "message_location": "pausePlayback"
  },
  {
    "timestamp_utc": "2024-10-13T03:40:26.462Z",
    "context_application_version": "8.9.82.628",
    "context_conn_country": "US",
    "context_device_manufacturer": "apple",
    "context_device_model": "iPad14,4",
    "context_device_type": "tablet",
    "context_os_name": "ios",
    "context_os_version": "18.0.1",
    "context_receiver_service_timestamp": 1728790827677,
    "context_time": 1728790826462,
    "message_additional_data": null,
    "message_driver_name": "AudioUnitDriver2",
    "message_error_code": -50,
    "message_location": "open"
  },
  {
    "timestamp_utc": "2024-09-28T01:39:21.721Z",
    "context_application_version": "8.9.76.516",
    "context_conn_country": "US",
    "context_device_manufacturer": "apple",
    "context_device_model": "iPad14,4",
    "context_device_type": "tablet",
    "context_os_name": "ios",
    "context_os_version": "18.0",
    "context_receiver_service_timestamp": 1727487562367,
    "context_time": 1727487561721,
    "message_additional_data": "",
    "message_driver_name": "AudioUnitDriver2",
    "message_error_code": -50,
    "message_location": "AudioUnitDriver2:728 AudioOutputUnitStart(_outputUnit)"
  },
  {
    "timestamp_utc": "2024-10-22T07:31:20.695Z",
    "context_application_version": "8.9.82.628",
    "context_conn_country": "US",
    "context_device_manufacturer": "apple",
    "context_device_model": "iPad14,4",
    "context_device_type": "tablet",
    "context_os_name": "ios",
    "context_os_version": "18.0.1",
    "context_receiver_service_timestamp": 1729582291775,
    "context_time": 1729582280695,
    "message_additional_data": null,
    "message_driver_name": "AudioUnitDriver2",
    "message_error_code": -50,
    "message_location": "pausePlayback"
  },
  {
    "timestamp_utc": "2024-10-30T22:34:28.495Z",
    "context_application_version": "8.9.86.419",
    "context_conn_country": "US",
    "context_device_manufacturer": "apple",
    "context_device_model": "iPad14,4",
    "context_device_type": "tablet",
    "context_os_name": "ios",
    "context_os_version": "18.0.1",
    "context_receiver_service_timestamp": 1730327677589,
    "context_time": 1730327668495,
    "message_additional_data": "",
    "message_driver_name": "AudioUnitDriver2",
    "message_error_code": -50,
    "message_location": "AudioUnitDriver2:611 AudioUnitInitialize(_outputUnit)"
  },
  {
    "timestamp_utc": "2024-08-31T00:10:45.452Z",
    "context_application_version": "8.9.68.490",
    "context_conn_country": "US",
    "context_device_manufacturer": "apple",
    "context_device_model": "iPad14,4",
    "context_device_type": "tablet",
    "context_os_name": "ios",
    "context_os_version": "17.5.1",
    "context_receiver_service_timestamp": 1725063052501,
    "context_time": 1725063045452,
    "message_additional_data": "",
    "message_driver_name": "AudioUnitDriver2",
    "message_error_code": -50,
    "message_location": "AudioUnitDriver2:617 AudioUnitInitialize(_outputUnit)"
  },
  {
    "timestamp_utc": "2024-09-05T02:26:26.179Z",
    "context_application_version": "8.9.68.490",
    "context_conn_country": "US",
    "context_device_manufacturer": "apple",
    "context_device_model": "iPhone13,4",
    "context_device_type": "mobile",
    "context_os_name": "ios",
    "context_os_version": "17.6.1",
    "context_receiver_service_timestamp": 1725584806316,
    "context_time": 1725503186179,
    "message_additional_data": "",
    "message_driver_name": "AudioUnitDriver2",
    "message_error_code": 0,
    "message_location": "AudioUnitDriver2:778 AVAudioSessionMediaServicesWereResetNotification"
  },
  {
    "timestamp_utc": "2024-10-26T21:49:52.663Z",
    "context_application_version": "8.9.86.419",
    "context_conn_country": "US",
    "context_device_manufacturer": "apple",
    "context_device_model": "iPad14,4",
    "context_device_type": "tablet",
    "context_os_name": "ios",
    "context_os_version": "18.0.1",
    "context_receiver_service_timestamp": 1729979392901,
    "context_time": 1729979392663,
    "message_additional_data": "",
    "message_driver_name": "AudioUnitDriver2",
    "message_error_code": -50,
    "message_location": "AudioUnitDriver2:611 AudioUnitInitialize(_outputUnit)"
  },
  {
    "timestamp_utc": "2024-10-22T07:31:20.695Z",
    "context_application_version": "8.9.82.628",
    "context_conn_country": "US",
    "context_device_manufacturer": "apple",
    "context_device_model": "iPad14,4",
    "context_device_type": "tablet",
    "context_os_name": "ios",
    "context_os_version": "18.0.1",
    "context_receiver_service_timestamp": 1729582291775,
    "context_time": 1729582280695,
    "message_additional_data": "",
    "message_driver_name": "AudioUnitDriver2",
    "message_error_code": -50,
    "message_location": "AudioUnitDriver2:611 AudioUnitInitialize(_outputUnit)"
  },
  {
    "timestamp_utc": "2024-11-10T14:16:41.221Z",
    "context_application_version": "8.9.90.84",
    "context_conn_country": "US",
    "context_device_manufacturer": "apple",
    "context_device_model": "iPad14,4",
    "context_device_type": "tablet",
    "context_os_name": "ios",
    "context_os_version": "18.0.1",
    "context_receiver_service_timestamp": 1731248201664,
    "context_time": 1731248201221,
    "message_additional_data": null,
    "message_driver_name": "AudioUnitDriver2",
    "message_error_code": -50,
    "message_location": "pausePlayback"
  },
  {
    "timestamp_utc": "2024-11-02T09:55:52.375Z",
    "context_application_version": "8.9.86.419",
    "context_conn_country": "US",
    "context_device_manufacturer": "apple",
    "context_device_model": "iPad14,4",
    "context_device_type": "tablet",
    "context_os_name": "ios",
    "context_os_version": "18.0.1",
    "context_receiver_service_timestamp": 1730543106595,
    "context_time": 1730541352375,
    "message_additional_data": null,
    "message_driver_name": "AudioUnitDriver2",
    "message_error_code": -50,
    "message_location": "open"
  },
  {
    "timestamp_utc": "2024-10-19T06:30:06.053Z",
    "context_application_version": "8.9.82.628",
    "context_conn_country": "US",
    "context_device_manufacturer": "apple",
    "context_device_model": "iPad14,4",
    "context_device_type": "tablet",
    "context_os_name": "ios",
    "context_os_version": "18.0.1",
    "context_receiver_service_timestamp": 1729319406857,
    "context_time": 1729319406053,
    "message_additional_data": "",
    "message_driver_name": "AudioUnitDriver2",
    "message_error_code": -50,
    "message_location": "AudioUnitDriver2:722 AudioOutputUnitStart(_outputUnit)"
  },
  {
    "timestamp_utc": "2024-11-17T03:39:38.497Z",
    "context_application_version": "8.9.90.84",
    "context_conn_country": "US",
    "context_device_manufacturer": "apple",
    "context_device_model": "iPad14,4",
    "context_device_type": "tablet",
    "context_os_name": "ios",
    "context_os_version": "18.0.1",
    "context_receiver_service_timestamp": 1731814802462,
    "context_time": 1731814778497,
    "message_additional_data": null,
    "message_driver_name": "AudioUnitDriver2",
    "message_error_code": -50,
    "message_location": "pausePlayback"
  },
  {
    "timestamp_utc": "2024-11-17T03:39:39.900Z",
    "context_application_version": "8.9.90.84",
    "context_conn_country": "US",
    "context_device_manufacturer": "apple",
    "context_device_model": "iPad14,4",
    "context_device_type": "tablet",
    "context_os_name": "ios",
    "context_os_version": "18.0.1",
    "context_receiver_service_timestamp": 1731814802462,
    "context_time": 1731814779900,
    "message_additional_data": null,
    "message_driver_name": "AudioUnitDriver2",
    "message_error_code": -50,
    "message_location": "open"
  },
  {
    "timestamp_utc": "2024-09-13T02:44:19.104Z",
    "context_application_version": "8.9.70.592",
    "context_conn_country": "US",
    "context_device_manufacturer": "apple",
    "context_device_model": "iPad14,4",
    "context_device_type": "tablet",
    "context_os_name": "ios",
    "context_os_version": "17.6.1",
    "context_receiver_service_timestamp": 1726195459542,
    "context_time": 1726195459104,
    "message_additional_data": null,
    "message_driver_name": "AudioUnitDriver2",
    "message_error_code": -50,
    "message_location": "pausePlayback"
  },
  {
    "timestamp_utc": "2024-10-22T07:31:20.287Z",
    "context_application_version": "8.9.82.628",
    "context_conn_country": "US",
    "context_device_manufacturer": "apple",
    "context_device_model": "iPad14,4",
    "context_device_type": "tablet",
    "context_os_name": "ios",
    "context_os_version": "18.0.1",
    "context_receiver_service_timestamp": 1729582291775,
    "context_time": 1729582280287,
    "message_additional_data": "",
    "message_driver_name": "AudioUnitDriver2",
    "message_error_code": -50,
    "message_location": "AudioUnitDriver2:722 AudioOutputUnitStart(_outputUnit)"
  },
  {
    "timestamp_utc": "2024-10-11T04:47:28.069Z",
    "context_application_version": "8.9.76.516",
    "context_conn_country": "US",
    "context_device_manufacturer": "apple",
    "context_device_model": "iPad14,4",
    "context_device_type": "tablet",
    "context_os_name": "ios",
    "context_os_version": "18.0.1",
    "context_receiver_service_timestamp": 1728622058562,
    "context_time": 1728622048069,
    "message_additional_data": null,
    "message_driver_name": "AudioUnitDriver2",
    "message_error_code": -50,
    "message_location": "pausePlayback"
  },
  {
    "timestamp_utc": "2024-11-21T06:40:57.733Z",
    "context_application_version": "8.9.90.84",
    "context_conn_country": "US",
    "context_device_manufacturer": "apple",
    "context_device_model": "iPad14,4",
    "context_device_type": "tablet",
    "context_os_name": "ios",
    "context_os_version": "18.0.1",
    "context_receiver_service_timestamp": 1732171264014,
    "context_time": 1732171257733,
    "message_additional_data": "",
    "message_driver_name": "AudioUnitDriver2",
    "message_error_code": -50,
    "message_location": "AudioUnitDriver2:728 AudioOutputUnitStart(_outputUnit)"
  },
  {
    "timestamp_utc": "2024-08-31T00:10:45.040Z",
    "context_application_version": "8.9.68.490",
    "context_conn_country": "US",
    "context_device_manufacturer": "apple",
    "context_device_model": "iPad14,4",
    "context_device_type": "tablet",
    "context_os_name": "ios",
    "context_os_version": "17.5.1",
    "context_receiver_service_timestamp": 1725063052501,
    "context_time": 1725063045040,
    "message_additional_data": "",
    "message_driver_name": "AudioUnitDriver2",
    "message_error_code": -50,
    "message_location": "AudioUnitDriver2:728 AudioOutputUnitStart(_outputUnit)"
  },
  {
    "timestamp_utc": "2024-11-02T09:55:52.375Z",
    "context_application_version": "8.9.86.419",
    "context_conn_country": "US",
    "context_device_manufacturer": "apple",
    "context_device_model": "iPad14,4",
    "context_device_type": "tablet",
    "context_os_name": "ios",
    "context_os_version": "18.0.1",
    "context_receiver_service_timestamp": 1730543106595,
    "context_time": 1730541352375,
    "message_additional_data": "",
    "message_driver_name": "AudioUnitDriver2",
    "message_error_code": -50,
    "message_location": "AudioUnitDriver2:611 AudioUnitInitialize(_outputUnit)"
  },
  {
    "timestamp_utc": "2024-10-18T09:49:52.734Z",
    "context_application_version": "8.9.82.628",
    "context_conn_country": "US",
    "context_device_manufacturer": "apple",
    "context_device_model": "iPad14,4",
    "context_device_type": "tablet",
    "context_os_name": "ios",
    "context_os_version": "18.0.1",
    "context_receiver_service_timestamp": 1729245006555,
    "context_time": 1729244992734,
    "message_additional_data": null,
    "message_driver_name": "AudioUnitDriver2",
    "message_error_code": -50,
    "message_location": "open"
  },
  {
    "timestamp_utc": "2024-10-19T03:54:00.309Z",
    "context_application_version": "8.9.82.628",
    "context_conn_country": "US",
    "context_device_manufacturer": "apple",
    "context_device_model": "iPad14,4",
    "context_device_type": "tablet",
    "context_os_name": "ios",
    "context_os_version": "18.0.1",
    "context_receiver_service_timestamp": 1729310047447,
    "context_time": 1729310040309,
    "message_additional_data": "",
    "message_driver_name": "AudioUnitDriver2",
    "message_error_code": -50,
    "message_location": "AudioUnitDriver2:611 AudioUnitInitialize(_outputUnit)"
  },
  {
    "timestamp_utc": "2024-08-31T00:10:45.452Z",
    "context_application_version": "8.9.68.490",
    "context_conn_country": "US",
    "context_device_manufacturer": "apple",
    "context_device_model": "iPad14,4",
    "context_device_type": "tablet",
    "context_os_name": "ios",
    "context_os_version": "17.5.1",
    "context_receiver_service_timestamp": 1725063052501,
    "context_time": 1725063045452,
    "message_additional_data": null,
    "message_driver_name": "AudioUnitDriver2",
    "message_error_code": -50,
    "message_location": "pausePlayback"
  },
  {
    "timestamp_utc": "2024-10-09T02:28:17.008Z",
    "context_application_version": "8.9.76.516",
    "context_conn_country": "US",
    "context_device_manufacturer": "apple",
    "context_device_model": "iPad14,4",
    "context_device_type": "tablet",
    "context_os_name": "ios",
    "context_os_version": "18.0.1",
    "context_receiver_service_timestamp": 1728440915983,
    "context_time": 1728440897008,
    "message_additional_data": "",
    "message_driver_name": "AudioUnitDriver2",
    "message_error_code": -50,
    "message_location": "AudioUnitDriver2:728 AudioOutputUnitStart(_outputUnit)"
  },
  {
    "timestamp_utc": "2024-11-02T09:55:55.611Z",
    "context_application_version": "8.9.86.419",
    "context_conn_country": "US",
    "context_device_manufacturer": "apple",
    "context_device_model": "iPad14,4",
    "context_device_type": "tablet",
    "context_os_name": "ios",
    "context_os_version": "18.0.1",
    "context_receiver_service_timestamp": 1730543106595,
    "context_time": 1730541355611,
    "message_additional_data": "",
    "message_driver_name": "AudioUnitDriver2",
    "message_error_code": 0,
    "message_location": "AudioUnitDriver2:772 AVAudioSessionMediaServicesWereResetNotification"
  },
  {
    "timestamp_utc": "2024-10-11T04:47:27.658Z",
    "context_application_version": "8.9.76.516",
    "context_conn_country": "US",
    "context_device_manufacturer": "apple",
    "context_device_model": "iPad14,4",
    "context_device_type": "tablet",
    "context_os_name": "ios",
    "context_os_version": "18.0.1",
    "context_receiver_service_timestamp": 1728622058562,
    "context_time": 1728622047658,
    "message_additional_data": "",
    "message_driver_name": "AudioUnitDriver2",
    "message_error_code": -50,
    "message_location": "AudioUnitDriver2:728 AudioOutputUnitStart(_outputUnit)"
  },
  {
    "timestamp_utc": "2024-09-28T01:39:23.567Z",
    "context_application_version": "8.9.76.516",
    "context_conn_country": "US",
    "context_device_manufacturer": "apple",
    "context_device_model": "iPad14,4",
    "context_device_type": "tablet",
    "context_os_name": "ios",
    "context_os_version": "18.0",
    "context_receiver_service_timestamp": 1727487578758,
    "context_time": 1727487563567,
    "message_additional_data": "",
    "message_driver_name": "AudioUnitDriver2",
    "message_error_code": 0,
    "message_location": "AudioUnitDriver2:778 AVAudioSessionMediaServicesWereResetNotification"
  },
  {
    "timestamp_utc": "2024-11-22T11:42:58.466Z",
    "context_application_version": "8.9.94.418",
    "context_conn_country": "US",
    "context_device_manufacturer": "apple",
    "context_device_model": "iPad14,4",
    "context_device_type": "tablet",
    "context_os_name": "ios",
    "context_os_version": "18.0.1",
    "context_receiver_service_timestamp": 1732275782532,
    "context_time": 1732275778466,
    "message_additional_data": "",
    "message_driver_name": "AudioUnitDriver2",
    "message_error_code": 561015905,
    "message_location": "AudioUnitDriver2:617 AudioUnitInitialize(_outputUnit)"
  },
  {
    "timestamp_utc": "2024-11-22T11:42:58.466Z",
    "context_application_version": "8.9.94.418",
    "context_conn_country": "US",
    "context_device_manufacturer": "apple",
    "context_device_model": "iPad14,4",
    "context_device_type": "tablet",
    "context_os_name": "ios",
    "context_os_version": "18.0.1",
    "context_receiver_service_timestamp": 1732275782532,
    "context_time": 1732275778466,
    "message_additional_data": null,
    "message_driver_name": "AudioUnitDriver2",
    "message_error_code": 561015905,
    "message_location": "open"
  },
  {
    "timestamp_utc": "2024-09-28T01:39:22.131Z",
    "context_application_version": "8.9.76.516",
    "context_conn_country": "US",
    "context_device_manufacturer": "apple",
    "context_device_model": "iPad14,4",
    "context_device_type": "tablet",
    "context_os_name": "ios",
    "context_os_version": "18.0",
    "context_receiver_service_timestamp": 1727487562367,
    "context_time": 1727487562131,
    "message_additional_data": "",
    "message_driver_name": "AudioUnitDriver2",
    "message_error_code": -50,
    "message_location": "AudioUnitDriver2:617 AudioUnitInitialize(_outputUnit)"
  },
  {
    "timestamp_utc": "2024-11-17T03:39:38.497Z",
    "context_application_version": "8.9.90.84",
    "context_conn_country": "US",
    "context_device_manufacturer": "apple",
    "context_device_model": "iPad14,4",
    "context_device_type": "tablet",
    "context_os_name": "ios",
    "context_os_version": "18.0.1",
    "context_receiver_service_timestamp": 1731814802462,
    "context_time": 1731814778497,
    "message_additional_data": "",
    "message_driver_name": "AudioUnitDriver2",
    "message_error_code": -50,
    "message_location": "AudioUnitDriver2:617 AudioUnitInitialize(_outputUnit)"
  },
  {
    "timestamp_utc": "2024-10-31T21:04:55.368Z",
    "context_application_version": "8.9.86.419",
    "context_conn_country": "US",
    "context_device_manufacturer": "apple",
    "context_device_model": "iPad14,4",
    "context_device_type": "tablet",
    "context_os_name": "ios",
    "context_os_version": "18.0.1",
    "context_receiver_service_timestamp": 1730541354784,
    "context_time": 1730408695368,
    "message_additional_data": "",
    "message_driver_name": "AudioUnitDriver2",
    "message_error_code": 0,
    "message_location": "AudioUnitDriver2:772 AVAudioSessionMediaServicesWereResetNotification"
  },
  {
    "timestamp_utc": "2024-10-11T04:47:28.069Z",
    "context_application_version": "8.9.76.516",
    "context_conn_country": "US",
    "context_device_manufacturer": "apple",
    "context_device_model": "iPad14,4",
    "context_device_type": "tablet",
    "context_os_name": "ios",
    "context_os_version": "18.0.1",
    "context_receiver_service_timestamp": 1728622058562,
    "context_time": 1728622048069,
    "message_additional_data": "",
    "message_driver_name": "AudioUnitDriver2",
    "message_error_code": -50,
    "message_location": "AudioUnitDriver2:617 AudioUnitInitialize(_outputUnit)"
  },
  {
    "timestamp_utc": "2024-11-16T05:03:59.500Z",
    "context_application_version": "8.9.90.84",
    "context_conn_country": "US",
    "context_device_manufacturer": "apple",
    "context_device_model": "iPad14,4",
    "context_device_type": "tablet",
    "context_os_name": "ios",
    "context_os_version": "18.0.1",
    "context_receiver_service_timestamp": 1731733441283,
    "context_time": 1731733439500,
    "message_additional_data": "",
    "message_driver_name": "AudioUnitDriver2",
    "message_error_code": -50,
    "message_location": "AudioUnitDriver2:728 AudioOutputUnitStart(_outputUnit)"
  },
  {
    "timestamp_utc": "2024-10-26T21:49:55.196Z",
    "context_application_version": "8.9.86.419",
    "context_conn_country": "US",
    "context_device_manufacturer": "apple",
    "context_device_model": "iPad14,4",
    "context_device_type": "tablet",
    "context_os_name": "ios",
    "context_os_version": "18.0.1",
    "context_receiver_service_timestamp": 1729979411116,
    "context_time": 1729979395196,
    "message_additional_data": "",
    "message_driver_name": "AudioUnitDriver2",
    "message_error_code": 0,
    "message_location": "AudioUnitDriver2:772 AVAudioSessionMediaServicesWereResetNotification"
  },
  {
    "timestamp_utc": "2024-11-12T21:43:28.050Z",
    "context_application_version": "8.9.90.84",
    "context_conn_country": "US",
    "context_device_manufacturer": "apple",
    "context_device_model": "iPad14,4",
    "context_device_type": "tablet",
    "context_os_name": "ios",
    "context_os_version": "18.0.1",
    "context_receiver_service_timestamp": 1731447815344,
    "context_time": 1731447808050,
    "message_additional_data": "",
    "message_driver_name": "AudioUnitDriver2",
    "message_error_code": -50,
    "message_location": "AudioUnitDriver2:617 AudioUnitInitialize(_outputUnit)"
  },
  {
    "timestamp_utc": "2024-11-10T14:16:42.865Z",
    "context_application_version": "8.9.90.84",
    "context_conn_country": "US",
    "context_device_manufacturer": "apple",
    "context_device_model": "iPad14,4",
    "context_device_type": "tablet",
    "context_os_name": "ios",
    "context_os_version": "18.0.1",
    "context_receiver_service_timestamp": 1731248208778,
    "context_time": 1731248202865,
    "message_additional_data": "",
    "message_driver_name": "AudioUnitDriver2",
    "message_error_code": 0,
    "message_location": "AudioUnitDriver2:778 AVAudioSessionMediaServicesWereResetNotification"
  },
  {
    "timestamp_utc": "2024-10-26T21:49:52.256Z",
    "context_application_version": "8.9.86.419",
    "context_conn_country": "US",
    "context_device_manufacturer": "apple",
    "context_device_model": "iPad14,4",
    "context_device_type": "tablet",
    "context_os_name": "ios",
    "context_os_version": "18.0.1",
    "context_receiver_service_timestamp": 1729979392901,
    "context_time": 1729979392256,
    "message_additional_data": "",
    "message_driver_name": "AudioUnitDriver2",
    "message_error_code": -50,
    "message_location": "AudioUnitDriver2:722 AudioOutputUnitStart(_outputUnit)"
  },
  {
    "timestamp_utc": "2024-10-18T09:49:51.109Z",
    "context_application_version": "8.9.82.628",
    "context_conn_country": "US",
    "context_device_manufacturer": "apple",
    "context_device_model": "iPad14,4",
    "context_device_type": "tablet",
    "context_os_name": "ios",
    "context_os_version": "18.0.1",
    "context_receiver_service_timestamp": 1729245006215,
    "context_time": 1729244991109,
    "message_additional_data": "",
    "message_driver_name": "AudioUnitDriver2",
    "message_error_code": -50,
    "message_location": "AudioUnitDriver2:611 AudioUnitInitialize(_outputUnit)"
  },
  {
    "timestamp_utc": "2024-09-13T02:44:18.696Z",
    "context_application_version": "8.9.70.592",
    "context_conn_country": "US",
    "context_device_manufacturer": "apple",
    "context_device_model": "iPad14,4",
    "context_device_type": "tablet",
    "context_os_name": "ios",
    "context_os_version": "17.6.1",
    "context_receiver_service_timestamp": 1726195459542,
    "context_time": 1726195458696,
    "message_additional_data": "",
    "message_driver_name": "AudioUnitDriver2",
    "message_error_code": -50,
    "message_location": "AudioUnitDriver2:728 AudioOutputUnitStart(_outputUnit)"
  },
  {
    "timestamp_utc": "2024-08-30T06:26:38.371Z",
    "context_application_version": "8.9.68.490",
    "context_conn_country": "US",
    "context_device_manufacturer": "apple",
    "context_device_model": "iPad14,4",
    "context_device_type": "tablet",
    "context_os_name": "ios",
    "context_os_version": "17.5.1",
    "context_receiver_service_timestamp": 1724999201315,
    "context_time": 1724999198371,
    "message_additional_data": "",
    "message_driver_name": "AudioUnitDriver2",
    "message_error_code": 0,
    "message_location": "AudioUnitDriver2:778 AVAudioSessionMediaServicesWereResetNotification"
  },
  {
    "timestamp_utc": "2024-10-10T06:27:47.895Z",
    "context_application_version": "8.9.76.516",
    "context_conn_country": "US",
    "context_device_manufacturer": "apple",
    "context_device_model": "iPad14,4",
    "context_device_type": "tablet",
    "context_os_name": "ios",
    "context_os_version": "18.0.1",
    "context_receiver_service_timestamp": 1728541788123,
    "context_time": 1728541667895,
    "message_additional_data": "",
    "message_driver_name": "AudioUnitDriver2",
    "message_error_code": 0,
    "message_location": "AudioUnitDriver2:778 AVAudioSessionMediaServicesWereResetNotification"
  },
  {
    "timestamp_utc": "2024-08-31T00:10:46.880Z",
    "context_application_version": "8.9.68.490",
    "context_conn_country": "US",
    "context_device_manufacturer": "apple",
    "context_device_model": "iPad14,4",
    "context_device_type": "tablet",
    "context_os_name": "ios",
    "context_os_version": "17.5.1",
    "context_receiver_service_timestamp": 1725063052501,
    "context_time": 1725063046880,
    "message_additional_data": "",
    "message_driver_name": "AudioUnitDriver2",
    "message_error_code": 0,
    "message_location": "AudioUnitDriver2:778 AVAudioSessionMediaServicesWereResetNotification"
  },
  {
    "timestamp_utc": "2024-11-22T11:42:57.095Z",
    "context_application_version": "8.9.94.418",
    "context_conn_country": "US",
    "context_device_manufacturer": "apple",
    "context_device_model": "iPad14,4",
    "context_device_type": "tablet",
    "context_os_name": "ios",
    "context_os_version": "18.0.1",
    "context_receiver_service_timestamp": 1732275782532,
    "context_time": 1732275777095,
    "message_additional_data": "",
    "message_driver_name": "AudioUnitDriver2",
    "message_error_code": -50,
    "message_location": "AudioUnitDriver2:617 AudioUnitInitialize(_outputUnit)"
  },
  {
    "timestamp_utc": "2024-11-17T03:39:40.266Z",
    "context_application_version": "8.9.90.84",
    "context_conn_country": "US",
    "context_device_manufacturer": "apple",
    "context_device_model": "iPad14,4",
    "context_device_type": "tablet",
    "context_os_name": "ios",
    "context_os_version": "18.0.1",
    "context_receiver_service_timestamp": 1731814802462,
    "context_time": 1731814780266,
    "message_additional_data": "",
    "message_driver_name": "AudioUnitDriver2",
    "message_error_code": 0,
    "message_location": "AudioUnitDriver2:778 AVAudioSessionMediaServicesWereResetNotification"
  },
  {
    "timestamp_utc": "2024-09-13T02:44:20.960Z",
    "context_application_version": "8.9.70.592",
    "context_conn_country": "US",
    "context_device_manufacturer": "apple",
    "context_device_model": "iPad14,4",
    "context_device_type": "tablet",
    "context_os_name": "ios",
    "context_os_version": "17.6.1",
    "context_receiver_service_timestamp": 1726195464609,
    "context_time": 1726195460960,
    "message_additional_data": "",
    "message_driver_name": "AudioUnitDriver2",
    "message_error_code": 0,
    "message_location": "AudioUnitDriver2:778 AVAudioSessionMediaServicesWereResetNotification"
  },
  {
    "timestamp_utc": "2024-10-15T04:37:58.645Z",
    "context_application_version": "8.9.82.628",
    "context_conn_country": "US",
    "context_device_manufacturer": "apple",
    "context_device_model": "iPad14,4",
    "context_device_type": "tablet",
    "context_os_name": "ios",
    "context_os_version": "18.0.1",
    "context_receiver_service_timestamp": 1728969996683,
    "context_time": 1728967078645,
    "message_additional_data": "",
    "message_driver_name": "AudioUnitDriver2",
    "message_error_code": 0,
    "message_location": "AudioUnitDriver2:772 AVAudioSessionMediaServicesWereResetNotification"
  },
  {
    "timestamp_utc": "2024-10-09T02:28:18.612Z",
    "context_application_version": "8.9.76.516",
    "context_conn_country": "US",
    "context_device_manufacturer": "apple",
    "context_device_model": "iPad14,4",
    "context_device_type": "tablet",
    "context_os_name": "ios",
    "context_os_version": "18.0.1",
    "context_receiver_service_timestamp": 1728440915983,
    "context_time": 1728440898612,
    "message_additional_data": "",
    "message_driver_name": "AudioUnitDriver2",
    "message_error_code": 0,
    "message_location": "AudioUnitDriver2:778 AVAudioSessionMediaServicesWereResetNotification"
  },
  {
    "timestamp_utc": "2024-11-22T11:42:57.095Z",
    "context_application_version": "8.9.94.418",
    "context_conn_country": "US",
    "context_device_manufacturer": "apple",
    "context_device_model": "iPad14,4",
    "context_device_type": "tablet",
    "context_os_name": "ios",
    "context_os_version": "18.0.1",
    "context_receiver_service_timestamp": 1732275782532,
    "context_time": 1732275777095,
    "message_additional_data": null,
    "message_driver_name": "AudioUnitDriver2",
    "message_error_code": -50,
    "message_location": "pausePlayback"
  },
  {
    "timestamp_utc": "2024-10-19T03:53:58.628Z",
    "context_application_version": "8.9.82.628",
    "context_conn_country": "US",
    "context_device_manufacturer": "apple",
    "context_device_model": "iPad14,4",
    "context_device_type": "tablet",
    "context_os_name": "ios",
    "context_os_version": "18.0.1",
    "context_receiver_service_timestamp": 1729310047447,
    "context_time": 1729310038628,
    "message_additional_data": null,
    "message_driver_name": "AudioUnitDriver2",
    "message_error_code": -50,
    "message_location": "pausePlayback"
  },
  {
    "timestamp_utc": "2024-10-18T09:49:52.239Z",
    "context_application_version": "8.9.82.628",
    "context_conn_country": "US",
    "context_device_manufacturer": "apple",
    "context_device_model": "iPad14,4",
    "context_device_type": "tablet",
    "context_os_name": "ios",
    "context_os_version": "18.0.1",
    "context_receiver_service_timestamp": 1729245006555,
    "context_time": 1729244992239,
    "message_additional_data": null,
    "message_driver_name": "AudioUnitDriver2",
    "message_error_code": -50,
    "message_location": "open"
  },
  {
    "timestamp_utc": "2024-10-19T03:54:00.554Z",
    "context_application_version": "8.9.82.628",
    "context_conn_country": "US",
    "context_device_manufacturer": "apple",
    "context_device_model": "iPad14,4",
    "context_device_type": "tablet",
    "context_os_name": "ios",
    "context_os_version": "18.0.1",
    "context_receiver_service_timestamp": 1729310047447,
    "context_time": 1729310040554,
    "message_additional_data": "",
    "message_driver_name": "AudioUnitDriver2",
    "message_error_code": 0,
    "message_location": "AudioUnitDriver2:772 AVAudioSessionMediaServicesWereResetNotification"
  },
  {
    "timestamp_utc": "2024-10-09T02:28:17.415Z",
    "context_application_version": "8.9.76.516",
    "context_conn_country": "US",
    "context_device_manufacturer": "apple",
    "context_device_model": "iPad14,4",
    "context_device_type": "tablet",
    "context_os_name": "ios",
    "context_os_version": "18.0.1",
    "context_receiver_service_timestamp": 1728440915983,
    "context_time": 1728440897415,
    "message_additional_data": "",
    "message_driver_name": "AudioUnitDriver2",
    "message_error_code": -50,
    "message_location": "AudioUnitDriver2:617 AudioUnitInitialize(_outputUnit)"
  },
  {
    "timestamp_utc": "2024-10-19T06:30:07.729Z",
    "context_application_version": "8.9.82.628",
    "context_conn_country": "US",
    "context_device_manufacturer": "apple",
    "context_device_model": "iPad14,4",
    "context_device_type": "tablet",
    "context_os_name": "ios",
    "context_os_version": "18.0.1",
    "context_receiver_service_timestamp": 1729319435167,
    "context_time": 1729319407729,
    "message_additional_data": "",
    "message_driver_name": "AudioUnitDriver2",
    "message_error_code": 0,
    "message_location": "AudioUnitDriver2:772 AVAudioSessionMediaServicesWereResetNotification"
  },
  {
    "timestamp_utc": "2024-11-12T21:43:28.050Z",
    "context_application_version": "8.9.90.84",
    "context_conn_country": "US",
    "context_device_manufacturer": "apple",
    "context_device_model": "iPad14,4",
    "context_device_type": "tablet",
    "context_os_name": "ios",
    "context_os_version": "18.0.1",
    "context_receiver_service_timestamp": 1731447815344,
    "context_time": 1731447808050,
    "message_additional_data": null,
    "message_driver_name": "AudioUnitDriver2",
    "message_error_code": -50,
    "message_location": "pausePlayback"
  },
  {
    "timestamp_utc": "2024-11-17T03:39:39.900Z",
    "context_application_version": "8.9.90.84",
    "context_conn_country": "US",
    "context_device_manufacturer": "apple",
    "context_device_model": "iPad14,4",
    "context_device_type": "tablet",
    "context_os_name": "ios",
    "context_os_version": "18.0.1",
    "context_receiver_service_timestamp": 1731814802462,
    "context_time": 1731814779900,
    "message_additional_data": "",
    "message_driver_name": "AudioUnitDriver2",
    "message_error_code": -50,
    "message_location": "AudioUnitDriver2:617 AudioUnitInitialize(_outputUnit)"
  },
  {
    "timestamp_utc": "2024-10-18T09:49:52.799Z",
    "context_application_version": "8.9.82.628",
    "context_conn_country": "US",
    "context_device_manufacturer": "apple",
    "context_device_model": "iPad14,4",
    "context_device_type": "tablet",
    "context_os_name": "ios",
    "context_os_version": "18.0.1",
    "context_receiver_service_timestamp": 1729245006555,
    "context_time": 1729244992799,
    "message_additional_data": "",
    "message_driver_name": "AudioUnitDriver2",
    "message_error_code": 0,
    "message_location": "AudioUnitDriver2:772 AVAudioSessionMediaServicesWereResetNotification"
  },
  {
    "timestamp_utc": "2024-09-28T01:39:22.131Z",
    "context_application_version": "8.9.76.516",
    "context_conn_country": "US",
    "context_device_manufacturer": "apple",
    "context_device_model": "iPad14,4",
    "context_device_type": "tablet",
    "context_os_name": "ios",
    "context_os_version": "18.0",
    "context_receiver_service_timestamp": 1727487562367,
    "context_time": 1727487562131,
    "message_additional_data": null,
    "message_driver_name": "AudioUnitDriver2",
    "message_error_code": -50,
    "message_location": "pausePlayback"
  },
  {
    "timestamp_utc": "2024-11-10T14:16:41.221Z",
    "context_application_version": "8.9.90.84",
    "context_conn_country": "US",
    "context_device_manufacturer": "apple",
    "context_device_model": "iPad14,4",
    "context_device_type": "tablet",
    "context_os_name": "ios",
    "context_os_version": "18.0.1",
    "context_receiver_service_timestamp": 1731248201664,
    "context_time": 1731248201221,
    "message_additional_data": "",
    "message_driver_name": "AudioUnitDriver2",
    "message_error_code": -50,
    "message_location": "AudioUnitDriver2:617 AudioUnitInitialize(_outputUnit)"
  },
  {
    "timestamp_utc": "2024-10-19T06:30:06.465Z",
    "context_application_version": "8.9.82.628",
    "context_conn_country": "US",
    "context_device_manufacturer": "apple",
    "context_device_model": "iPad14,4",
    "context_device_type": "tablet",
    "context_os_name": "ios",
    "context_os_version": "18.0.1",
    "context_receiver_service_timestamp": 1729319406857,
    "context_time": 1729319406465,
    "message_additional_data": "",
    "message_driver_name": "AudioUnitDriver2",
    "message_error_code": -50,
    "message_location": "AudioUnitDriver2:611 AudioUnitInitialize(_outputUnit)"
  },
  {
    "timestamp_utc": "2024-11-16T05:03:59.909Z",
    "context_application_version": "8.9.90.84",
    "context_conn_country": "US",
    "context_device_manufacturer": "apple",
    "context_device_model": "iPad14,4",
    "context_device_type": "tablet",
    "context_os_name": "ios",
    "context_os_version": "18.0.1",
    "context_receiver_service_timestamp": 1731733441283,
    "context_time": 1731733439909,
    "message_additional_data": "",
    "message_driver_name": "AudioUnitDriver2",
    "message_error_code": -50,
    "message_location": "AudioUnitDriver2:617 AudioUnitInitialize(_outputUnit)"
  },
  {
    "timestamp_utc": "2024-11-12T21:43:30.273Z",
    "context_application_version": "8.9.90.84",
    "context_conn_country": "US",
    "context_device_manufacturer": "apple",
    "context_device_model": "iPad14,4",
    "context_device_type": "tablet",
    "context_os_name": "ios",
    "context_os_version": "18.0.1",
    "context_receiver_service_timestamp": 1731447815344,
    "context_time": 1731447810273,
    "message_additional_data": "",
    "message_driver_name": "AudioUnitDriver2",
    "message_error_code": 0,
    "message_location": "AudioUnitDriver2:778 AVAudioSessionMediaServicesWereResetNotification"
  },
  {
    "timestamp_utc": "2024-09-13T02:44:19.104Z",
    "context_application_version": "8.9.70.592",
    "context_conn_country": "US",
    "context_device_manufacturer": "apple",
    "context_device_model": "iPad14,4",
    "context_device_type": "tablet",
    "context_os_name": "ios",
    "context_os_version": "17.6.1",
    "context_receiver_service_timestamp": 1726195459542,
    "context_time": 1726195459104,
    "message_additional_data": "",
    "message_driver_name": "AudioUnitDriver2",
    "message_error_code": -50,
    "message_location": "AudioUnitDriver2:617 AudioUnitInitialize(_outputUnit)"
  },
  {
    "timestamp_utc": "2024-11-21T06:40:56.977Z",
    "context_application_version": "8.9.90.84",
    "context_conn_country": "US",
    "context_device_manufacturer": "apple",
    "context_device_model": "iPad14,4",
    "context_device_type": "tablet",
    "context_os_name": "ios",
    "context_os_version": "18.0.1",
    "context_receiver_service_timestamp": 1732171257811,
    "context_time": 1732171256977,
    "message_additional_data": "",
    "message_driver_name": "AudioUnitDriver2",
    "message_error_code": 0,
    "message_location": "AudioUnitDriver2:778 AVAudioSessionMediaServicesWereResetNotification"
  },
  {
    "timestamp_utc": "2024-09-24T02:45:38.432Z",
    "context_application_version": "8.9.76.516",
    "context_conn_country": "US",
    "context_device_manufacturer": "apple",
    "context_device_model": "iPad14,4",
    "context_device_type": "tablet",
    "context_os_name": "ios",
    "context_os_version": "17.6.1",
    "context_receiver_service_timestamp": 1727146047974,
    "context_time": 1727145938432,
    "message_additional_data": "",
    "message_driver_name": "AudioUnitDriver2",
    "message_error_code": 0,
    "message_location": "AudioUnitDriver2:778 AVAudioSessionMediaServicesWereResetNotification"
  },
  {
    "timestamp_utc": "2024-09-24T23:57:43.824Z",
    "context_application_version": "8.9.76.516",
    "context_conn_country": "US",
    "context_device_manufacturer": "apple",
    "context_device_model": "iPad14,4",
    "context_device_type": "tablet",
    "context_os_name": "ios",
    "context_os_version": "17.6.1",
    "context_receiver_service_timestamp": 1727222285644,
    "context_time": 1727222263824,
    "message_additional_data": "",
    "message_driver_name": "AudioUnitDriver2",
    "message_error_code": 0,
    "message_location": "AudioUnitDriver2:778 AVAudioSessionMediaServicesWereResetNotification"
  },
  {
    "timestamp_utc": "2024-11-12T21:43:27.642Z",
    "context_application_version": "8.9.90.84",
    "context_conn_country": "US",
    "context_device_manufacturer": "apple",
    "context_device_model": "iPad14,4",
    "context_device_type": "tablet",
    "context_os_name": "ios",
    "context_os_version": "18.0.1",
    "context_receiver_service_timestamp": 1731447815344,
    "context_time": 1731447807642,
    "message_additional_data": "",
    "message_driver_name": "AudioUnitDriver2",
    "message_error_code": -50,
    "message_location": "AudioUnitDriver2:728 AudioOutputUnitStart(_outputUnit)"
  },
  {
    "timestamp_utc": "2024-11-10T03:44:42.391Z",
    "context_application_version": "8.9.90.84",
    "context_conn_country": "US",
    "context_device_manufacturer": "apple",
    "context_device_model": "iPad14,4",
    "context_device_type": "tablet",
    "context_os_name": "ios",
    "context_os_version": "18.0.1",
    "context_receiver_service_timestamp": 1731238519904,
    "context_time": 1731210282391,
    "message_additional_data": "",
    "message_driver_name": "AudioUnitDriver2",
    "message_error_code": 0,
    "message_location": "AudioUnitDriver2:778 AVAudioSessionMediaServicesWereResetNotification"
  },
  {
    "timestamp_utc": "2024-09-24T02:47:27.201Z",
    "context_application_version": "8.9.76.516",
    "context_conn_country": "US",
    "context_device_manufacturer": "apple",
    "context_device_model": "iPad14,4",
    "context_device_type": "tablet",
    "context_os_name": "ios",
    "context_os_version": "17.6.1",
    "context_receiver_service_timestamp": 1727146082214,
    "context_time": 1727146047201,
    "message_additional_data": null,
    "message_driver_name": "AudioUnitDriver2",
    "message_error_code": 560557684,
    "message_location": "open"
  },
  {
    "timestamp_utc": "2024-11-17T03:39:38.089Z",
    "context_application_version": "8.9.90.84",
    "context_conn_country": "US",
    "context_device_manufacturer": "apple",
    "context_device_model": "iPad14,4",
    "context_device_type": "tablet",
    "context_os_name": "ios",
    "context_os_version": "18.0.1",
    "context_receiver_service_timestamp": 1731814802462,
    "context_time": 1731814778089,
    "message_additional_data": "",
    "message_driver_name": "AudioUnitDriver2",
    "message_error_code": -50,
    "message_location": "AudioUnitDriver2:728 AudioOutputUnitStart(_outputUnit)"
  },
  {
    "timestamp_utc": "2024-10-22T07:31:22.281Z",
    "context_application_version": "8.9.82.628",
    "context_conn_country": "US",
    "context_device_manufacturer": "apple",
    "context_device_model": "iPad14,4",
    "context_device_type": "tablet",
    "context_os_name": "ios",
    "context_os_version": "18.0.1",
    "context_receiver_service_timestamp": 1729582291775,
    "context_time": 1729582282281,
    "message_additional_data": "",
    "message_driver_name": "AudioUnitDriver2",
    "message_error_code": 0,
    "message_location": "AudioUnitDriver2:772 AVAudioSessionMediaServicesWereResetNotification"
  },
  {
    "timestamp_utc": "2024-11-10T14:16:40.817Z",
    "context_application_version": "8.9.90.84",
    "context_conn_country": "US",
    "context_device_manufacturer": "apple",
    "context_device_model": "iPad14,4",
    "context_device_type": "tablet",
    "context_os_name": "ios",
    "context_os_version": "18.0.1",
    "context_receiver_service_timestamp": 1731248201664,
    "context_time": 1731248200817,
    "message_additional_data": "",
    "message_driver_name": "AudioUnitDriver2",
    "message_error_code": -50,
    "message_location": "AudioUnitDriver2:728 AudioOutputUnitStart(_outputUnit)"
  },
  {
    "timestamp_utc": "2024-11-22T11:42:56.677Z",
    "context_application_version": "8.9.94.418",
    "context_conn_country": "US",
    "context_device_manufacturer": "apple",
    "context_device_model": "iPad14,4",
    "context_device_type": "tablet",
    "context_os_name": "ios",
    "context_os_version": "18.0.1",
    "context_receiver_service_timestamp": 1732275782532,
    "context_time": 1732275776677,
    "message_additional_data": "",
    "message_driver_name": "AudioUnitDriver2",
    "message_error_code": -50,
    "message_location": "AudioUnitDriver2:728 AudioOutputUnitStart(_outputUnit)"
  },
  {
    "timestamp_utc": "2024-09-09T03:40:49.184Z",
    "context_application_version": "8.9.70.592",
    "context_conn_country": "US",
    "context_device_manufacturer": "apple",
    "context_device_model": "iPad14,4",
    "context_device_type": "tablet",
    "context_os_name": "ios",
    "context_os_version": "17.6.1",
    "context_receiver_service_timestamp": 1725856371114,
    "context_time": 1725853249184,
    "message_additional_data": "",
    "message_driver_name": "AudioUnitDriver2",
    "message_error_code": 0,
    "message_location": "AudioUnitDriver2:778 AVAudioSessionMediaServicesWereResetNotification"
  },
  {
    "timestamp_utc": "2024-10-19T03:53:58.628Z",
    "context_application_version": "8.9.82.628",
    "context_conn_country": "US",
    "context_device_manufacturer": "apple",
    "context_device_model": "iPad14,4",
    "context_device_type": "tablet",
    "context_os_name": "ios",
    "context_os_version": "18.0.1",
    "context_receiver_service_timestamp": 1729310047447,
    "context_time": 1729310038628,
    "message_additional_data": "",
    "message_driver_name": "AudioUnitDriver2",
    "message_error_code": -50,
    "message_location": "AudioUnitDriver2:611 AudioUnitInitialize(_outputUnit)"
  }
]