[
  {
    "message_device_id": null,
    "timestamp_utc": "2024-11-10T15:28:36.482Z",
    "context_time": 1731252516482,
    "message_client_id": "e9d1d50fa1664f9390a6acf86aa3c46c",
    "message_event_id": "6b89eaae-d0b3-4375-b48c-5ca7d180f1dc",
    "message_redirect_uri": "https://support.spotify.com",
    "message_scope": "transfer-auth-session"
  },
  {
    "message_device_id": null,
    "timestamp_utc": "2024-11-10T15:28:36.508Z",
    "context_time": 1731252516508,
    "message_client_id": "31a0b2b20718446799a0f6adef1f2892",
    "message_event_id": "3f53330c-7a80-4e42-beed-8e5dbf49c2c2",
    "message_redirect_uri": "https://support.spotify.com",
    "message_scope": "user-read-email,user-read-private,user-close-account"
  },
  {
    "message_device_id": null,
    "timestamp_utc": "2024-11-10T15:28:36.504Z",
    "context_time": 1731252516504,
    "message_client_id": "31a0b2b20718446799a0f6adef1f2892",
    "message_event_id": "71472578-b016-47de-a4ba-ae04855917e4",
    "message_redirect_uri": "https://support.spotify.com",
    "message_scope": "user-read-email,user-read-private,user-close-account"
  },
  {
    "message_device_id": null,
    "timestamp_utc": "2024-11-10T15:28:36.509Z",
    "context_time": 1731252516509,
    "message_client_id": "31a0b2b20718446799a0f6adef1f2892",
    "message_event_id": "c0ce9d58-1e71-4610-b92f-4842f419ff66",
    "message_redirect_uri": "https://support.spotify.com",
    "message_scope": "user-read-email,user-read-private,user-close-account"
  },
  {
    "message_device_id": null,
    "timestamp_utc": "2024-11-10T15:28:36.481Z",
    "context_time": 1731252516481,
    "message_client_id": "e9d1d50fa1664f9390a6acf86aa3c46c",
    "message_event_id": "a0254c7c-877c-40ce-aae8-d6df4aadd8a4",
    "message_redirect_uri": "https://support.spotify.com",
    "message_scope": "transfer-auth-session"
  }
]