[
  {
    "message_ip": "66.102.6.45",
    "message_referrer": "",
    "message_uri": "/v1/me/following?limit=50&type=artist",
    "message_user_agent": "Google-Personal-Assistant",
    "timestamp_utc": "2024-11-03T20:27:21.462Z",
    "context_time": 1730665641462,
    "message_country": "VN",
    "message_domain": "guc3.spotify.net",
    "message_method": "GET",
    "message_ms_latency": 20,
    "message_product": "premium",
    "message_status_code": "200"
  },
  {
    "message_ip": "66.249.83.45",
    "message_referrer": "",
    "message_uri": "/v1/me/following?limit=50&type=artist",
    "message_user_agent": "Google-Personal-Assistant",
    "timestamp_utc": "2024-11-05T07:03:39.846Z",
    "context_time": 1730790219846,
    "message_country": "VN",
    "message_domain": "gue1.spotify.net",
    "message_method": "GET",
    "message_ms_latency": 10,
    "message_product": "premium",
    "message_status_code": "200"
  },
  {
    "message_ip": "66.102.6.45",
    "message_referrer": "",
    "message_uri": "/v1/me",
    "message_user_agent": "Google-Personal-Assistant",
    "timestamp_utc": "2024-11-17T21:26:39.905Z",
    "context_time": 1731878799905,
    "message_country": "VN",
    "message_domain": "guc3.spotify.net",
    "message_method": "GET",
    "message_ms_latency": 22,
    "message_product": "premium",
    "message_status_code": "200"
  },
  {
    "message_ip": "66.102.6.45",
    "message_referrer": "",
    "message_uri": "/v1/me/following?limit=50&type=artist",
    "message_user_agent": "Google-Personal-Assistant",
    "timestamp_utc": "2024-11-16T14:38:54.079Z",
    "context_time": 1731767934079,
    "message_country": "VN",
    "message_domain": "guc3.spotify.net",
    "message_method": "GET",
    "message_ms_latency": 49,
    "message_product": "premium",
    "message_status_code": "200"
  },
  {
    "message_ip": "66.102.6.45",
    "message_referrer": "",
    "message_uri": "/v1/me",
    "message_user_agent": "Google-Personal-Assistant",
    "timestamp_utc": "2024-10-30T09:44:55.593Z",
    "context_time": 1730281495593,
    "message_country": "VN",
    "message_domain": "guc3.spotify.net",
    "message_method": "GET",
    "message_ms_latency": 29,
    "message_product": "premium",
    "message_status_code": "200"
  },
  {
    "message_ip": "66.249.83.45",
    "message_referrer": "",
    "message_uri": "/v1/me",
    "message_user_agent": "Google-Personal-Assistant",
    "timestamp_utc": "2024-11-05T07:03:39.478Z",
    "context_time": 1730790219478,
    "message_country": "VN",
    "message_domain": "gue1.spotify.net",
    "message_method": "GET",
    "message_ms_latency": 56,
    "message_product": "premium",
    "message_status_code": "200"
  },
  {
    "message_ip": "66.249.83.35",
    "message_referrer": "",
    "message_uri": "/v1/me/following?limit=50&type=artist",
    "message_user_agent": "Google-Personal-Assistant",
    "timestamp_utc": "2024-10-25T15:36:22.352Z",
    "context_time": 1729870582352,
    "message_country": "VN",
    "message_domain": "gue1.spotify.net",
    "message_method": "GET",
    "message_ms_latency": 14,
    "message_product": "premium",
    "message_status_code": "200"
  },
  {
    "message_ip": "66.102.6.45",
    "message_referrer": "",
    "message_uri": "/v1/me",
    "message_user_agent": "Google-Personal-Assistant",
    "timestamp_utc": "2024-11-16T00:56:42.019Z",
    "context_time": 1731718602019,
    "message_country": "VN",
    "message_domain": "guc3.spotify.net",
    "message_method": "GET",
    "message_ms_latency": 37,
    "message_product": "premium",
    "message_status_code": "200"
  },
  {
    "message_ip": "66.249.83.35",
    "message_referrer": "",
    "message_uri": "/v1/me",
    "message_user_agent": "Google-Personal-Assistant",
    "timestamp_utc": "2024-10-25T15:36:21.982Z",
    "context_time": 1729870581982,
    "message_country": "VN",
    "message_domain": "gue1.spotify.net",
    "message_method": "GET",
    "message_ms_latency": 49,
    "message_product": "premium",
    "message_status_code": "200"
  },
  {
    "message_ip": "66.249.83.45",
    "message_referrer": "",
    "message_uri": "/v1/me",
    "message_user_agent": "Google-Personal-Assistant",
    "timestamp_utc": "2024-11-14T13:36:23.124Z",
    "context_time": 1731591383124,
    "message_country": "VN",
    "message_domain": "gue1.spotify.net",
    "message_method": "GET",
    "message_ms_latency": 46,
    "message_product": "premium",
    "message_status_code": "200"
  },
  {
    "message_ip": "66.102.6.45",
    "message_referrer": "",
    "message_uri": "/v1/me",
    "message_user_agent": "Google-Personal-Assistant",
    "timestamp_utc": "2024-11-09T14:21:05.384Z",
    "context_time": 1731162065384,
    "message_country": "VN",
    "message_domain": "guc3.spotify.net",
    "message_method": "GET",
    "message_ms_latency": 32,
    "message_product": "premium",
    "message_status_code": "200"
  },
  {
    "message_ip": "66.249.83.35",
    "message_referrer": "",
    "message_uri": "/v1/me/following?limit=50&type=artist",
    "message_user_agent": "Google-Personal-Assistant",
    "timestamp_utc": "2024-11-10T03:09:22.528Z",
    "context_time": 1731208162528,
    "message_country": "VN",
    "message_domain": "gue1.spotify.net",
    "message_method": "GET",
    "message_ms_latency": 147,
    "message_product": "premium",
    "message_status_code": "200"
  },
  {
    "message_ip": "66.102.6.32",
    "message_referrer": "",
    "message_uri": "/v1/me/following?limit=50&type=artist",
    "message_user_agent": "Google-Personal-Assistant",
    "timestamp_utc": "2024-10-30T09:44:55.740Z",
    "context_time": 1730281495740,
    "message_country": "VN",
    "message_domain": "guc3.spotify.net",
    "message_method": "GET",
    "message_ms_latency": 13,
    "message_product": "premium",
    "message_status_code": "200"
  },
  {
    "message_ip": "66.102.6.45",
    "message_referrer": "",
    "message_uri": "/v1/me",
    "message_user_agent": "Google-Personal-Assistant",
    "timestamp_utc": "2024-11-11T05:24:52.029Z",
    "context_time": 1731302692029,
    "message_country": "VN",
    "message_domain": "guc3.spotify.net",
    "message_method": "GET",
    "message_ms_latency": 32,
    "message_product": "premium",
    "message_status_code": "200"
  },
  {
    "message_ip": "66.102.6.45",
    "message_referrer": "",
    "message_uri": "/v1/me",
    "message_user_agent": "Google-Personal-Assistant",
    "timestamp_utc": "2024-10-28T09:51:28.190Z",
    "context_time": 1730109088190,
    "message_country": "VN",
    "message_domain": "guc3.spotify.net",
    "message_method": "GET",
    "message_ms_latency": 39,
    "message_product": "premium",
    "message_status_code": "200"
  },
  {
    "message_ip": "66.249.83.45",
    "message_referrer": "",
    "message_uri": "/v1/me/following?limit=50&type=artist",
    "message_user_agent": "Google-Personal-Assistant",
    "timestamp_utc": "2024-11-14T13:36:23.553Z",
    "context_time": 1731591383553,
    "message_country": "VN",
    "message_domain": "gue1.spotify.net",
    "message_method": "GET",
    "message_ms_latency": 55,
    "message_product": "premium",
    "message_status_code": "200"
  },
  {
    "message_ip": "66.102.6.45",
    "message_referrer": "",
    "message_uri": "/v1/me/following?limit=50&type=artist",
    "message_user_agent": "Google-Personal-Assistant",
    "timestamp_utc": "2024-11-03T02:46:44.840Z",
    "context_time": 1730602004840,
    "message_country": "VN",
    "message_domain": "guc3.spotify.net",
    "message_method": "GET",
    "message_ms_latency": 12,
    "message_product": "premium",
    "message_status_code": "200"
  },
  {
    "message_ip": "66.102.6.45",
    "message_referrer": "",
    "message_uri": "/v1/me/following?limit=50&type=artist",
    "message_user_agent": "Google-Personal-Assistant",
    "timestamp_utc": "2024-11-23T02:33:45.595Z",
    "context_time": 1732329225595,
    "message_country": "VN",
    "message_domain": "guc3.spotify.net",
    "message_method": "GET",
    "message_ms_latency": 71,
    "message_product": "premium",
    "message_status_code": "200"
  },
  {
    "message_ip": "2601:205:4780:4190:854:5be4:5b95:c83d",
    "message_referrer": "https://support.spotify.com/",
    "message_uri": "/v1/me",
    "message_user_agent": "Mozilla/5.0 (iPad; CPU OS 18_0_1 like Mac OS X) AppleWebKit/605.1.15 (KHTML, like Gecko) Mobile/15E148",
    "timestamp_utc": "2024-11-10T15:28:37.053Z",
    "context_time": 1731252517053,
    "message_country": "VN",
    "message_domain": "guc3.spotify.net",
    "message_method": "GET",
    "message_ms_latency": 25,
    "message_product": "premium",
    "message_status_code": "200"
  },
  {
    "message_ip": "66.102.6.45",
    "message_referrer": "",
    "message_uri": "/v1/me",
    "message_user_agent": "Google-Personal-Assistant",
    "timestamp_utc": "2024-11-18T11:05:22.522Z",
    "context_time": 1731927922522,
    "message_country": "VN",
    "message_domain": "guc3.spotify.net",
    "message_method": "GET",
    "message_ms_latency": 51,
    "message_product": "premium",
    "message_status_code": "200"
  },
  {
    "message_ip": "66.102.6.45",
    "message_referrer": "",
    "message_uri": "/v1/me/following?limit=50&type=artist",
    "message_user_agent": "Google-Personal-Assistant",
    "timestamp_utc": "2024-11-18T11:05:22.741Z",
    "context_time": 1731927922741,
    "message_country": "VN",
    "message_domain": "guc3.spotify.net",
    "message_method": "GET",
    "message_ms_latency": 70,
    "message_product": "premium",
    "message_status_code": "200"
  },
  {
    "message_ip": "142.250.32.41",
    "message_referrer": "",
    "message_uri": "/v1/me/following?limit=50&type=artist",
    "message_user_agent": "Google-Personal-Assistant",
    "timestamp_utc": "2024-11-21T18:14:10.513Z",
    "context_time": 1732212850513,
    "message_country": "VN",
    "message_domain": "gew1.spotify.net",
    "message_method": "GET",
    "message_ms_latency": 69,
    "message_product": "premium",
    "message_status_code": "200"
  },
  {
    "message_ip": "66.102.6.45",
    "message_referrer": "",
    "message_uri": "/v1/me",
    "message_user_agent": "Google-Personal-Assistant",
    "timestamp_utc": "2024-11-03T02:46:44.687Z",
    "context_time": 1730602004687,
    "message_country": "VN",
    "message_domain": "guc3.spotify.net",
    "message_method": "GET",
    "message_ms_latency": 32,
    "message_product": "premium",
    "message_status_code": "200"
  },
  {
    "message_ip": "66.102.6.45",
    "message_referrer": "",
    "message_uri": "/v1/me/following?limit=50&type=artist",
    "message_user_agent": "Google-Personal-Assistant",
    "timestamp_utc": "2024-11-09T00:33:56.780Z",
    "context_time": 1731112436780,
    "message_country": "VN",
    "message_domain": "guc3.spotify.net",
    "message_method": "GET",
    "message_ms_latency": 46,
    "message_product": "premium",
    "message_status_code": "200"
  },
  {
    "message_ip": "66.102.6.32",
    "message_referrer": "",
    "message_uri": "/v1/me",
    "message_user_agent": "Google-Personal-Assistant",
    "timestamp_utc": "2024-11-06T09:48:09.478Z",
    "context_time": 1730886489478,
    "message_country": "VN",
    "message_domain": "guc3.spotify.net",
    "message_method": "GET",
    "message_ms_latency": 78,
    "message_product": "premium",
    "message_status_code": "200"
  },
  {
    "message_ip": "66.102.6.45",
    "message_referrer": "",
    "message_uri": "/v1/me/following?limit=50&type=artist",
    "message_user_agent": "Google-Personal-Assistant",
    "timestamp_utc": "2024-11-22T09:40:36.688Z",
    "context_time": 1732268436688,
    "message_country": "VN",
    "message_domain": "guc3.spotify.net",
    "message_method": "GET",
    "message_ms_latency": 57,
    "message_product": "premium",
    "message_status_code": "200"
  },
  {
    "message_ip": "66.249.83.35",
    "message_referrer": "",
    "message_uri": "/v1/me",
    "message_user_agent": "Google-Personal-Assistant",
    "timestamp_utc": "2024-11-10T03:09:22.042Z",
    "context_time": 1731208162042,
    "message_country": "VN",
    "message_domain": "gue1.spotify.net",
    "message_method": "GET",
    "message_ms_latency": 47,
    "message_product": "premium",
    "message_status_code": "200"
  },
  {
    "message_ip": "66.102.6.45",
    "message_referrer": "",
    "message_uri": "/v1/me/following?limit=50&type=artist",
    "message_user_agent": "Google-Personal-Assistant",
    "timestamp_utc": "2024-10-29T07:51:08.490Z",
    "context_time": 1730188268490,
    "message_country": "VN",
    "message_domain": "guc3.spotify.net",
    "message_method": "GET",
    "message_ms_latency": 12,
    "message_product": "premium",
    "message_status_code": "200"
  },
  {
    "message_ip": "66.102.6.102",
    "message_referrer": "",
    "message_uri": "/v1/me/following?limit=50&type=artist",
    "message_user_agent": "Google-Personal-Assistant",
    "timestamp_utc": "2024-10-26T22:57:56.568Z",
    "context_time": 1729983476568,
    "message_country": "VN",
    "message_domain": "guc3.spotify.net",
    "message_method": "GET",
    "message_ms_latency": 15,
    "message_product": "premium",
    "message_status_code": "200"
  },
  {
    "message_ip": "66.102.6.45",
    "message_referrer": "",
    "message_uri": "/v1/me",
    "message_user_agent": "Google-Personal-Assistant",
    "timestamp_utc": "2024-11-19T00:25:25.388Z",
    "context_time": 1731975925388,
    "message_country": "VN",
    "message_domain": "guc3.spotify.net",
    "message_method": "GET",
    "message_ms_latency": 42,
    "message_product": "premium",
    "message_status_code": "200"
  },
  {
    "message_ip": "66.102.6.32",
    "message_referrer": "",
    "message_uri": "/v1/me",
    "message_user_agent": "Google-Personal-Assistant",
    "timestamp_utc": "2024-11-09T00:33:56.601Z",
    "context_time": 1731112436601,
    "message_country": "VN",
    "message_domain": "guc3.spotify.net",
    "message_method": "GET",
    "message_ms_latency": 37,
    "message_product": "premium",
    "message_status_code": "200"
  },
  {
    "message_ip": "66.102.6.45",
    "message_referrer": "",
    "message_uri": "/v1/me",
    "message_user_agent": "Google-Personal-Assistant",
    "timestamp_utc": "2024-11-07T19:20:35.452Z",
    "context_time": 1731007235452,
    "message_country": "VN",
    "message_domain": "guc3.spotify.net",
    "message_method": "GET",
    "message_ms_latency": 71,
    "message_product": "premium",
    "message_status_code": "200"
  },
  {
    "message_ip": "66.102.6.45",
    "message_referrer": "",
    "message_uri": "/v1/me/following?limit=50&type=artist",
    "message_user_agent": "Google-Personal-Assistant",
    "timestamp_utc": "2024-11-09T14:21:05.719Z",
    "context_time": 1731162065719,
    "message_country": "VN",
    "message_domain": "guc3.spotify.net",
    "message_method": "GET",
    "message_ms_latency": 52,
    "message_product": "premium",
    "message_status_code": "200"
  },
  {
    "message_ip": "66.102.6.45",
    "message_referrer": "",
    "message_uri": "/v1/me",
    "message_user_agent": "Google-Personal-Assistant",
    "timestamp_utc": "2024-11-20T08:25:35.935Z",
    "context_time": 1732091135935,
    "message_country": "VN",
    "message_domain": "guc3.spotify.net",
    "message_method": "GET",
    "message_ms_latency": 32,
    "message_product": "premium",
    "message_status_code": "200"
  },
  {
    "message_ip": "66.102.6.45",
    "message_referrer": "",
    "message_uri": "/v1/me",
    "message_user_agent": "Google-Personal-Assistant",
    "timestamp_utc": "2024-11-13T13:42:40.043Z",
    "context_time": 1731505360043,
    "message_country": "VN",
    "message_domain": "guc3.spotify.net",
    "message_method": "GET",
    "message_ms_latency": 142,
    "message_product": "premium",
    "message_status_code": "200"
  },
  {
    "message_ip": "66.102.6.102",
    "message_referrer": "",
    "message_uri": "/v1/me",
    "message_user_agent": "Google-Personal-Assistant",
    "timestamp_utc": "2024-10-26T22:57:56.434Z",
    "context_time": 1729983476434,
    "message_country": "VN",
    "message_domain": "guc3.spotify.net",
    "message_method": "GET",
    "message_ms_latency": 31,
    "message_product": "premium",
    "message_status_code": "200"
  },
  {
    "message_ip": "66.102.6.45",
    "message_referrer": "",
    "message_uri": "/v1/me/following?limit=50&type=artist",
    "message_user_agent": "Google-Personal-Assistant",
    "timestamp_utc": "2024-10-28T09:51:28.374Z",
    "context_time": 1730109088374,
    "message_country": "VN",
    "message_domain": "guc3.spotify.net",
    "message_method": "GET",
    "message_ms_latency": 26,
    "message_product": "premium",
    "message_status_code": "200"
  },
  {
    "message_ip": "66.102.6.45",
    "message_referrer": "",
    "message_uri": "/v1/me/following?limit=50&type=artist",
    "message_user_agent": "Google-Personal-Assistant",
    "timestamp_utc": "2024-11-13T13:42:40.253Z",
    "context_time": 1731505360253,
    "message_country": "VN",
    "message_domain": "guc3.spotify.net",
    "message_method": "GET",
    "message_ms_latency": 98,
    "message_product": "premium",
    "message_status_code": "200"
  },
  {
    "message_ip": "66.102.6.45",
    "message_referrer": "",
    "message_uri": "/v1/me/following?limit=50&type=artist",
    "message_user_agent": "Google-Personal-Assistant",
    "timestamp_utc": "2024-11-17T21:26:40.133Z",
    "context_time": 1731878800133,
    "message_country": "VN",
    "message_domain": "guc3.spotify.net",
    "message_method": "GET",
    "message_ms_latency": 91,
    "message_product": "premium",
    "message_status_code": "200"
  },
  {
    "message_ip": "66.249.83.45",
    "message_referrer": "",
    "message_uri": "/v1/me",
    "message_user_agent": "Google-Personal-Assistant",
    "timestamp_utc": "2024-10-31T18:14:25.270Z",
    "context_time": 1730398465270,
    "message_country": "VN",
    "message_domain": "gue1.spotify.net",
    "message_method": "GET",
    "message_ms_latency": 50,
    "message_product": "premium",
    "message_status_code": "200"
  },
  {
    "message_ip": "66.102.6.103",
    "message_referrer": "",
    "message_uri": "/v1/me/following?limit=50&type=artist",
    "message_user_agent": "Google-Personal-Assistant",
    "timestamp_utc": "2024-10-27T13:03:51.278Z",
    "context_time": 1730034231278,
    "message_country": "VN",
    "message_domain": "guc3.spotify.net",
    "message_method": "GET",
    "message_ms_latency": 13,
    "message_product": "premium",
    "message_status_code": "200"
  },
  {
    "message_ip": "66.102.6.101",
    "message_referrer": "",
    "message_uri": "/v1/me",
    "message_user_agent": "Google-Personal-Assistant",
    "timestamp_utc": "2024-10-27T13:03:51.123Z",
    "context_time": 1730034231123,
    "message_country": "VN",
    "message_domain": "guc3.spotify.net",
    "message_method": "GET",
    "message_ms_latency": 34,
    "message_product": "premium",
    "message_status_code": "200"
  },
  {
    "message_ip": "66.102.6.45",
    "message_referrer": "",
    "message_uri": "/v1/me",
    "message_user_agent": "Google-Personal-Assistant",
    "timestamp_utc": "2024-11-12T05:52:15.452Z",
    "context_time": 1731390735452,
    "message_country": "VN",
    "message_domain": "guc3.spotify.net",
    "message_method": "GET",
    "message_ms_latency": 43,
    "message_product": "premium",
    "message_status_code": "200"
  },
  {
    "message_ip": "66.102.6.45",
    "message_referrer": "",
    "message_uri": "/v1/me/following?limit=50&type=artist",
    "message_user_agent": "Google-Personal-Assistant",
    "timestamp_utc": "2024-11-12T17:52:43.754Z",
    "context_time": 1731433963754,
    "message_country": "VN",
    "message_domain": "guc3.spotify.net",
    "message_method": "GET",
    "message_ms_latency": 155,
    "message_product": "premium",
    "message_status_code": "200"
  },
  {
    "message_ip": "2601:205:4780:4190:854:5be4:5b95:c83d",
    "message_referrer": "https://support.spotify.com/",
    "message_uri": "/v1/me",
    "message_user_agent": "Mozilla/5.0 (iPad; CPU OS 18_0_1 like Mac OS X) AppleWebKit/605.1.15 (KHTML, like Gecko) Mobile/15E148",
    "timestamp_utc": "2024-11-10T15:28:37.084Z",
    "context_time": 1731252517084,
    "message_country": "VN",
    "message_domain": "guc3.spotify.net",
    "message_method": "GET",
    "message_ms_latency": 54,
    "message_product": "premium",
    "message_status_code": "200"
  },
  {
    "message_ip": "66.102.6.45",
    "message_referrer": "",
    "message_uri": "/v1/me",
    "message_user_agent": "Google-Personal-Assistant",
    "timestamp_utc": "2024-11-22T09:40:36.533Z",
    "context_time": 1732268436533,
    "message_country": "VN",
    "message_domain": "guc3.spotify.net",
    "message_method": "GET",
    "message_ms_latency": 31,
    "message_product": "premium",
    "message_status_code": "200"
  },
  {
    "message_ip": "66.102.6.45",
    "message_referrer": "",
    "message_uri": "/v1/me/following?limit=50&type=artist",
    "message_user_agent": "Google-Personal-Assistant",
    "timestamp_utc": "2024-11-02T00:12:24.149Z",
    "context_time": 1730506344149,
    "message_country": "VN",
    "message_domain": "guc3.spotify.net",
    "message_method": "GET",
    "message_ms_latency": 12,
    "message_product": "premium",
    "message_status_code": "200"
  },
  {
    "message_ip": "66.102.6.45",
    "message_referrer": "",
    "message_uri": "/v1/me",
    "message_user_agent": "Google-Personal-Assistant",
    "timestamp_utc": "2024-10-29T07:51:08.314Z",
    "context_time": 1730188268314,
    "message_country": "VN",
    "message_domain": "guc3.spotify.net",
    "message_method": "GET",
    "message_ms_latency": 31,
    "message_product": "premium",
    "message_status_code": "200"
  },
  {
    "message_ip": "142.250.32.41",
    "message_referrer": "",
    "message_uri": "/v1/me",
    "message_user_agent": "Google-Personal-Assistant",
    "timestamp_utc": "2024-11-21T18:14:10.140Z",
    "context_time": 1732212850140,
    "message_country": "VN",
    "message_domain": "gew1.spotify.net",
    "message_method": "GET",
    "message_ms_latency": 46,
    "message_product": "premium",
    "message_status_code": "200"
  },
  {
    "message_ip": "66.102.6.45",
    "message_referrer": "",
    "message_uri": "/v1/me",
    "message_user_agent": "Google-Personal-Assistant",
    "timestamp_utc": "2024-11-16T14:38:53.920Z",
    "context_time": 1731767933920,
    "message_country": "VN",
    "message_domain": "guc3.spotify.net",
    "message_method": "GET",
    "message_ms_latency": 46,
    "message_product": "premium",
    "message_status_code": "200"
  },
  {
    "message_ip": "66.102.6.45",
    "message_referrer": "",
    "message_uri": "/v1/me/following?limit=50&type=artist",
    "message_user_agent": "Google-Personal-Assistant",
    "timestamp_utc": "2024-11-19T00:25:25.596Z",
    "context_time": 1731975925596,
    "message_country": "VN",
    "message_domain": "guc3.spotify.net",
    "message_method": "GET",
    "message_ms_latency": 61,
    "message_product": "premium",
    "message_status_code": "200"
  },
  {
    "message_ip": "66.102.6.32",
    "message_referrer": "",
    "message_uri": "/v1/me",
    "message_user_agent": "Google-Personal-Assistant",
    "timestamp_utc": "2024-11-03T20:27:21.308Z",
    "context_time": 1730665641308,
    "message_country": "VN",
    "message_domain": "guc3.spotify.net",
    "message_method": "GET",
    "message_ms_latency": 38,
    "message_product": "premium",
    "message_status_code": "200"
  },
  {
    "message_ip": "66.102.6.45",
    "message_referrer": "",
    "message_uri": "/v1/me/following?limit=50&type=artist",
    "message_user_agent": "Google-Personal-Assistant",
    "timestamp_utc": "2024-11-07T19:20:35.633Z",
    "context_time": 1731007235633,
    "message_country": "VN",
    "message_domain": "guc3.spotify.net",
    "message_method": "GET",
    "message_ms_latency": 53,
    "message_product": "premium",
    "message_status_code": "200"
  },
  {
    "message_ip": "66.102.6.32",
    "message_referrer": "",
    "message_uri": "/v1/me/following?limit=50&type=artist",
    "message_user_agent": "Google-Personal-Assistant",
    "timestamp_utc": "2024-11-11T05:24:52.409Z",
    "context_time": 1731302692409,
    "message_country": "VN",
    "message_domain": "guc3.spotify.net",
    "message_method": "GET",
    "message_ms_latency": 87,
    "message_product": "premium",
    "message_status_code": "200"
  },
  {
    "message_ip": "66.102.6.45",
    "message_referrer": "",
    "message_uri": "/v1/me/following?limit=50&type=artist",
    "message_user_agent": "Google-Personal-Assistant",
    "timestamp_utc": "2024-11-16T00:56:42.188Z",
    "context_time": 1731718602188,
    "message_country": "VN",
    "message_domain": "guc3.spotify.net",
    "message_method": "GET",
    "message_ms_latency": 63,
    "message_product": "premium",
    "message_status_code": "200"
  },
  {
    "message_ip": "66.102.6.45",
    "message_referrer": "",
    "message_uri": "/v1/me",
    "message_user_agent": "Google-Personal-Assistant",
    "timestamp_utc": "2024-11-02T00:12:24.023Z",
    "context_time": 1730506344023,
    "message_country": "VN",
    "message_domain": "guc3.spotify.net",
    "message_method": "GET",
    "message_ms_latency": 42,
    "message_product": "premium",
    "message_status_code": "200"
  },
  {
    "message_ip": "66.249.83.45",
    "message_referrer": "",
    "message_uri": "/v1/me/following?limit=50&type=artist",
    "message_user_agent": "Google-Personal-Assistant",
    "timestamp_utc": "2024-10-31T18:14:25.714Z",
    "context_time": 1730398465714,
    "message_country": "VN",
    "message_domain": "gue1.spotify.net",
    "message_method": "GET",
    "message_ms_latency": 97,
    "message_product": "premium",
    "message_status_code": "200"
  },
  {
    "message_ip": "66.102.6.45",
    "message_referrer": "",
    "message_uri": "/v1/me/following?limit=50&type=artist",
    "message_user_agent": "Google-Personal-Assistant",
    "timestamp_utc": "2024-11-20T08:25:36.115Z",
    "context_time": 1732091136115,
    "message_country": "VN",
    "message_domain": "guc3.spotify.net",
    "message_method": "GET",
    "message_ms_latency": 75,
    "message_product": "premium",
    "message_status_code": "200"
  },
  {
    "message_ip": "66.102.6.45",
    "message_referrer": "",
    "message_uri": "/v1/me",
    "message_user_agent": "Google-Personal-Assistant",
    "timestamp_utc": "2024-11-12T17:52:43.458Z",
    "context_time": 1731433963458,
    "message_country": "VN",
    "message_domain": "guc3.spotify.net",
    "message_method": "GET",
    "message_ms_latency": 53,
    "message_product": "premium",
    "message_status_code": "200"
  },
  {
    "message_ip": "66.102.6.32",
    "message_referrer": "",
    "message_uri": "/v1/me/following?limit=50&type=artist",
    "message_user_agent": "Google-Personal-Assistant",
    "timestamp_utc": "2024-11-12T05:52:15.686Z",
    "context_time": 1731390735686,
    "message_country": "VN",
    "message_domain": "guc3.spotify.net",
    "message_method": "GET",
    "message_ms_latency": 82,
    "message_product": "premium",
    "message_status_code": "200"
  },
  {
    "message_ip": "66.102.6.32",
    "message_referrer": "",
    "message_uri": "/v1/me/following?limit=50&type=artist",
    "message_user_agent": "Google-Personal-Assistant",
    "timestamp_utc": "2024-11-06T09:48:09.820Z",
    "context_time": 1730886489820,
    "message_country": "VN",
    "message_domain": "guc3.spotify.net",
    "message_method": "GET",
    "message_ms_latency": 197,
    "message_product": "premium",
    "message_status_code": "200"
  },
  {
    "message_ip": "66.102.6.45",
    "message_referrer": "",
    "message_uri": "/v1/me",
    "message_user_agent": "Google-Personal-Assistant",
    "timestamp_utc": "2024-11-23T02:33:45.378Z",
    "context_time": 1732329225378,
    "message_country": "VN",
    "message_domain": "guc3.spotify.net",
    "message_method": "GET",
    "message_ms_latency": 50,
    "message_product": "premium",
    "message_status_code": "200"
  }
]