[
  {
    "timestamp_utc": "2024-10-27T22:05:03.677Z",
    "context_application_version": "8.9.86.419",
    "context_conn_country": "US",
    "context_device_manufacturer": "apple",
    "context_device_model": "iPad14,4",
    "context_device_type": "tablet",
    "context_os_name": "ios",
    "context_os_version": "18.0.1",
    "context_receiver_service_timestamp": 1730066713938,
    "context_time": 1730066703677,
    "message_error_code": 8,
    "message_id": "http_error_fail,0,0-9437184,https://audio-cf-del-574.spotifycdn.com/audio/76d0e4c2e75394e6e312fb24efbe2d41b9077e63?verify=1730153103-bUgrXLZ%2BJ7trr0DxWshrEhTbQU2x%2FmryNr9GXDqrIig%3D",
    "message_playback_id": "AAAAAAAAAAAAAAAAAAAAAA==",
    "message_type": "cdn"
  },
  {
    "timestamp_utc": "2024-10-28T06:35:25.951Z",
    "context_application_version": "1.2.48.405",
    "context_conn_country": "US",
    "context_device_manufacturer": "Apple Inc.",
    "context_device_model": "MacBookPro16,2",
    "context_device_type": "desktop",
    "context_os_name": "osx",
    "context_os_version": "15.0.1",
    "context_receiver_service_timestamp": 1730097342179,
    "context_time": 1730097325951,
    "message_error_code": 8,
    "message_id": "http_error_fail,0,0-9437184,https://audio-cf-del-574.spotifycdn.com/audio/77af0a602630a91036138bc5a6c1b3149a102f04?verify=1730183725-0GiKPdBS%2B8FgkoSAhKFopg%2BbvJqMs5GpqoXPvfch8v8%3D",
    "message_playback_id": "AAAAAAAAAAAAAAAAAAAAAA==",
    "message_type": "cdn"
  },
  {
    "timestamp_utc": "2024-11-01T16:41:01.152Z",
    "context_application_version": "8.9.86.419",
    "context_conn_country": "US",
    "context_device_manufacturer": "apple",
    "context_device_model": "iPhone13,4",
    "context_device_type": "mobile",
    "context_os_name": "ios",
    "context_os_version": "18.0.1",
    "context_receiver_service_timestamp": 1730479262965,
    "context_time": 1730479261152,
    "message_error_code": 7,
    "message_id": "http_error_timeout,0,0-9437184,https://audio-cf-del-574.spotifycdn.com/audio/8cf6e1403de22436a326b2a0c693e8869deb3179?verify=1730565640-821kQMikKQsKFUHx3Iaei9mfYiB8PXRREWcXpoDmA%2BU%3D",
    "message_playback_id": "AAAAAAAAAAAAAAAAAAAAAA==",
    "message_type": "cdn"
  },
  {
    "timestamp_utc": "2024-10-27T22:05:02.443Z",
    "context_application_version": "8.9.86.419",
    "context_conn_country": "US",
    "context_device_manufacturer": "apple",
    "context_device_model": "iPad14,4",
    "context_device_type": "tablet",
    "context_os_name": "ios",
    "context_os_version": "18.0.1",
    "context_receiver_service_timestamp": 1730066713938,
    "context_time": 1730066702443,
    "message_error_code": 8,
    "message_id": "http_error_fail,0,0-9437184,https://audio-cf-del-574.spotifycdn.com/audio/a0e26d28b6a0309c46503b0938bbca08fb5c6913?verify=1730153102-V8rUE6CTuiFV882oBy5hXkFU6OlCWN8a2o0Lz2GqBkc%3D",
    "message_playback_id": "AAAAAAAAAAAAAAAAAAAAAA==",
    "message_type": "cdn"
  },
  {
    "timestamp_utc": "2024-11-02T09:55:53.559Z",
    "context_application_version": "8.9.86.419",
    "context_conn_country": "US",
    "context_device_manufacturer": "apple",
    "context_device_model": "iPad14,4",
    "context_device_type": "tablet",
    "context_os_name": "ios",
    "context_os_version": "18.0.1",
    "context_receiver_service_timestamp": 1730543106595,
    "context_time": 1730541353559,
    "message_error_code": 15,
    "message_id": "download_http_forbidden,403,1212416-8813636,https://audio-ak-spotify-com.akamaized.net/audio/e06554fa48a92dee9f00b9aed7b4ee2401875364?__token__=exp=1730495097~hmac=6888153e8a802a61a3d8e3eed0494aca96a56b92da3199f7f6b89214c21dc72f",
    "message_playback_id": "AAAAAAAAAAAAAAAAAAAAAA==",
    "message_type": "cdn"
  },
  {
    "timestamp_utc": "2024-10-14T23:34:13.460Z",
    "context_application_version": "8.9.82.628",
    "context_conn_country": "US",
    "context_device_manufacturer": "apple",
    "context_device_model": "iPhone13,4",
    "context_device_type": "mobile",
    "context_os_name": "ios",
    "context_os_version": "18.0.1",
    "context_receiver_service_timestamp": 1728948869505,
    "context_time": 1728948853460,
    "message_error_code": 7,
    "message_id": "http_error_timeout,0,2457600-3111488,https://audio-ak-spotify-com.akamaized.net/audio/9498dc7621349f9a329f941ce682f2df6d3ccb64?__token__=exp=1729035193~hmac=f859fa7ef1402317c0e9ed37f9c2307d9a8dac3af7002b4c0bcdbe0e175053ab",
    "message_playback_id": "AAAAAAAAAAAAAAAAAAAAAA==",
    "message_type": "cdn"
  },
  {
    "timestamp_utc": "2024-11-19T00:16:35.658Z",
    "context_application_version": "8.9.90.84",
    "context_conn_country": "US",
    "context_device_manufacturer": "apple",
    "context_device_model": "iPhone13,4",
    "context_device_type": "mobile",
    "context_os_name": "ios",
    "context_os_version": "18.0.1",
    "context_receiver_service_timestamp": 1731975422365,
    "context_time": 1731975395658,
    "message_error_code": 7,
    "message_id": "http_error_timeout,0,0-7216753,https://audio-ak-spotify-com.akamaized.net/audio/edd368a1f1391c69918b5127946c97ecefaf838c?__token__=exp=1732061775~hmac=e8be61055805801f71cebc8607e9f0d46d42f5b6413f3c841c37b4420b6c0799",
    "message_playback_id": "AAAAAAAAAAAAAAAAAAAAAA==",
    "message_type": "cdn"
  },
  {
    "timestamp_utc": "2024-10-18T04:53:02.781Z",
    "context_application_version": "8.9.82.628",
    "context_conn_country": "US",
    "context_device_manufacturer": "apple",
    "context_device_model": "iPad14,4",
    "context_device_type": "tablet",
    "context_os_name": "ios",
    "context_os_version": "18.0.1",
    "context_receiver_service_timestamp": 1729227191071,
    "context_time": 1729227182781,
    "message_error_code": 7,
    "message_id": "http_error_timeout,0,0-7155223,https://audio-ak-spotify-com.akamaized.net/audio/5005d4ce6a8bd72effcf03446e72cd7103df87b6?__token__=exp=1729313562~hmac=cf5664b5d173cf7945b3a2973f9cb996a28087c2e78cbeecf447fb2c5e4edce2",
    "message_playback_id": "AAAAAAAAAAAAAAAAAAAAAA==",
    "message_type": "cdn"
  },
  {
    "timestamp_utc": "2024-11-02T09:55:51.792Z",
    "context_application_version": "8.9.86.419",
    "context_conn_country": "US",
    "context_device_manufacturer": "apple",
    "context_device_model": "iPad14,4",
    "context_device_type": "tablet",
    "context_os_name": "ios",
    "context_os_version": "18.0.1",
    "context_receiver_service_timestamp": 1730543106595,
    "context_time": 1730541351792,
    "message_error_code": 7,
    "message_id": "http_error_timeout,0,0-8813636,https://audio-cf-del-574.spotifycdn.com/audio/e06554fa48a92dee9f00b9aed7b4ee2401875364?verify=1730495097-sOJEqTl1srAQG%2BYRihkcVr2HafyIX3W7PQeQ8CMW2VM%3D",
    "message_playback_id": "AAAAAAAAAAAAAAAAAAAAAA==",
    "message_type": "cdn"
  },
  {
    "timestamp_utc": "2024-10-16T19:40:06.642Z",
    "context_application_version": "8.9.82.628",
    "context_conn_country": "US",
    "context_device_manufacturer": "apple",
    "context_device_model": "iPhone13,4",
    "context_device_type": "mobile",
    "context_os_name": "ios",
    "context_os_version": "18.0.1",
    "context_receiver_service_timestamp": 1729107620385,
    "context_time": 1729107606642,
    "message_error_code": 13,
    "message_id": "download_timeout,0,0-3145728,https://audio-fa.scdn.co/audio/68c198ea1ebd2ad1dea5213815f7af59af798a32?1729194001_DQ3S4Rd_-Ag1rY9wnVPP31mAKaMBNoUSADCZ9P2WgjA=",
    "message_playback_id": "8KjEcVMZoLw92PyreF94jg==",
    "message_type": "cdn"
  },
  {
    "timestamp_utc": "2024-11-19T00:22:22.039Z",
    "context_application_version": "8.9.90.84",
    "context_conn_country": "US",
    "context_device_manufacturer": "apple",
    "context_device_model": "iPhone13,4",
    "context_device_type": "mobile",
    "context_os_name": "ios",
    "context_os_version": "18.0.1",
    "context_receiver_service_timestamp": 1731975752462,
    "context_time": 1731975742039,
    "message_error_code": 7,
    "message_id": "http_error_timeout,0,12943360-16809984,https://audio-ak-spotify-com.akamaized.net/audio/507555a0366662cdf21c99e446600ecf4f24481d?__token__=exp=1732061959~hmac=a2f77200401461bd75f143882aacbb89a47172df4516ad86fab3207b54df7222",
    "message_playback_id": "AAAAAAAAAAAAAAAAAAAAAA==",
    "message_type": "cdn"
  },
  {
    "timestamp_utc": "2024-10-18T04:43:09.969Z",
    "context_application_version": "8.9.82.628",
    "context_conn_country": "US",
    "context_device_manufacturer": "apple",
    "context_device_model": "iPad14,4",
    "context_device_type": "tablet",
    "context_os_name": "ios",
    "context_os_version": "18.0.1",
    "context_receiver_service_timestamp": 1729226590914,
    "context_time": 1729226589969,
    "message_error_code": 7,
    "message_id": "http_error_timeout,0,0-8071480,https://audio-ak-spotify-com.akamaized.net/audio/7671d117ed37f9d3cbcca31590b071033624a98a?__token__=exp=1729312970~hmac=24d95255d45bb3e711828bf879b6f4f186b049e1b93f38c03cc2bbc41045234c",
    "message_playback_id": "AAAAAAAAAAAAAAAAAAAAAA==",
    "message_type": "cdn"
  },
  {
    "timestamp_utc": "2024-09-06T22:18:13.960Z",
    "context_application_version": "8.9.70.592",
    "context_conn_country": "US",
    "context_device_manufacturer": "apple",
    "context_device_model": "iPhone13,4",
    "context_device_type": "mobile",
    "context_os_name": "ios",
    "context_os_version": "17.6.1",
    "context_receiver_service_timestamp": 1725661118952,
    "context_time": 1725661093960,
    "message_error_code": 7,
    "message_id": "http_error_timeout,0,0-3145728,https://audio-ak-spotify-com.akamaized.net/audio/ad2d561c8becd556d4695e348c5808c6be5388b4?__token__=exp=1725747473~hmac=fcdd4e868e409822477674be7cf52b9fc373a55bef58d6ff29f5714ed0a0d81e",
    "message_playback_id": "CcTQg4zpDQ6sEIeYrHf8ZA==",
    "message_type": "cdn"
  },
  {
    "timestamp_utc": "2024-11-19T00:22:01.658Z",
    "context_application_version": "8.9.90.84",
    "context_conn_country": "US",
    "context_device_manufacturer": "apple",
    "context_device_model": "iPhone13,4",
    "context_device_type": "mobile",
    "context_os_name": "ios",
    "context_os_version": "18.0.1",
    "context_receiver_service_timestamp": 1731975722307,
    "context_time": 1731975721658,
    "message_error_code": 7,
    "message_id": "http_error_timeout,0,8421376-16809984,https://audio4-fa.scdn.co/audio/507555a0366662cdf21c99e446600ecf4f24481d?1732061959_QVZhWylXe-mWtwFDWEvsgCjhCewUvaRbuoNf1dcUllU=",
    "message_playback_id": "AAAAAAAAAAAAAAAAAAAAAA==",
    "message_type": "cdn"
  },
  {
    "timestamp_utc": "2024-11-14T03:23:39.347Z",
    "context_application_version": "8.9.90.84",
    "context_conn_country": "US",
    "context_device_manufacturer": "apple",
    "context_device_model": "iPad14,4",
    "context_device_type": "tablet",
    "context_os_name": "ios",
    "context_os_version": "18.0.1",
    "context_receiver_service_timestamp": 1731733440965,
    "context_time": 1731554619347,
    "message_error_code": 7,
    "message_id": "http_error_timeout,0,0-8235132,https://audio-ak-spotify-com.akamaized.net/audio/551caedde9136630142ace82e0ba9911e888e293?__token__=exp=1731640623~hmac=dfde0b8ea6744109c4c281ecadfd595beaf0bc3916693b8bfb345d2c6523fb2f",
    "message_playback_id": "AAAAAAAAAAAAAAAAAAAAAA==",
    "message_type": "cdn"
  },
  {
    "timestamp_utc": "2024-09-06T22:22:05.603Z",
    "context_application_version": "8.9.70.592",
    "context_conn_country": "US",
    "context_device_manufacturer": "apple",
    "context_device_model": "iPhone13,4",
    "context_device_type": "mobile",
    "context_os_name": "ios",
    "context_os_version": "17.6.1",
    "context_receiver_service_timestamp": 1725661342193,
    "context_time": 1725661325603,
    "message_error_code": 7,
    "message_id": "http_error_timeout,0,12795904-13732516,https://audio4-fa.scdn.co/audio/684b39de47f06adf01c5bc92ebaf1210d6fbd18a?1725747684_P_u4YFYFaNjux4qzTKS7jRGIZR6xLkZnud6tiVnibfk=",
    "message_playback_id": "kojCcGJLk2iwOjDsHmsWvw==",
    "message_type": "cdn"
  },
  {
    "timestamp_utc": "2024-09-06T22:19:07.368Z",
    "context_application_version": "8.9.70.592",
    "context_conn_country": "US",
    "context_device_manufacturer": "apple",
    "context_device_model": "iPhone13,4",
    "context_device_type": "mobile",
    "context_os_name": "ios",
    "context_os_version": "17.6.1",
    "context_receiver_service_timestamp": 1725661148865,
    "context_time": 1725661147368,
    "message_error_code": 7,
    "message_id": "http_error_timeout,0,0-9437184,https://audio-ak-spotify-com.akamaized.net/audio/8b5eb4782cc2c9a700effa0f186712f3cd985f79?__token__=exp=1725747526~hmac=dce092f3d24ca54fb6d2b8cc0e582982a7f187f02b0981e40ec41e90df42fdd2",
    "message_playback_id": "AAAAAAAAAAAAAAAAAAAAAA==",
    "message_type": "cdn"
  },
  {
    "timestamp_utc": "2024-11-19T00:14:20.083Z",
    "context_application_version": "8.9.90.84",
    "context_conn_country": "US",
    "context_device_manufacturer": "apple",
    "context_device_model": "iPhone13,4",
    "context_device_type": "mobile",
    "context_os_name": "ios",
    "context_os_version": "18.0.1",
    "context_receiver_service_timestamp": 1731975272284,
    "context_time": 1731975260083,
    "message_error_code": 7,
    "message_id": "http_error_timeout,0,15761408-16809984,https://audio-ak-spotify-com.akamaized.net/audio/4fb0f032f996d86ae8314662f1473db82e51a970?__token__=exp=1732061558~hmac=1555ab5a4853d8341cea84b996627cc631111440de0bab9a0641cc625a41148a",
    "message_playback_id": "AAAAAAAAAAAAAAAAAAAAAA==",
    "message_type": "cdn"
  },
  {
    "timestamp_utc": "2024-10-09T21:22:04.784Z",
    "context_application_version": "8.9.76.516",
    "context_conn_country": "US",
    "context_device_manufacturer": "apple",
    "context_device_model": "iPhone13,4",
    "context_device_type": "mobile",
    "context_os_name": "ios",
    "context_os_version": "18.0.1",
    "context_receiver_service_timestamp": 1728508951307,
    "context_time": 1728508924784,
    "message_error_code": 7,
    "message_id": "http_error_timeout,0,0-7724616,https://audio-ak-spotify-com.akamaized.net/audio/da8d60bf706c77e439d10a125cdc4f68d28f6c4a?__token__=exp=1728595304~hmac=65fbb246308ad9756bd1fca87a04196b74e71338cd34178c7ce5906ae03ddaff",
    "message_playback_id": "AAAAAAAAAAAAAAAAAAAAAA==",
    "message_type": "cdn"
  },
  {
    "timestamp_utc": "2024-09-03T22:01:35.665Z",
    "context_application_version": "8.9.68.490",
    "context_conn_country": "US",
    "context_device_manufacturer": "apple",
    "context_device_model": "iPhone13,4",
    "context_device_type": "mobile",
    "context_os_name": "ios",
    "context_os_version": "17.6.1",
    "context_receiver_service_timestamp": 1725400920170,
    "context_time": 1725400895665,
    "message_error_code": 7,
    "message_id": "http_error_timeout,0,3719168-9722385,https://audio4-fa.scdn.co/audio/052d4419daf3ac4d665156bd62cb25bfac0d5b12?1725487254_CiV3a5rYAYKchxtd0a3EyQZsN9MhAClABus5d0ayfA0=",
    "message_playback_id": "AAAAAAAAAAAAAAAAAAAAAA==",
    "message_type": "cdn"
  },
  {
    "timestamp_utc": "2024-10-27T23:47:09.747Z",
    "context_application_version": "8.9.86.419",
    "context_conn_country": "US",
    "context_device_manufacturer": "apple",
    "context_device_model": "iPad14,4",
    "context_device_type": "tablet",
    "context_os_name": "ios",
    "context_os_version": "18.0.1",
    "context_receiver_service_timestamp": 1730072841737,
    "context_time": 1730072829747,
    "message_error_code": 8,
    "message_id": "http_error_fail,0,0-9437184,https://audio-cf-del-574.spotifycdn.com/audio/057ce9c8fa24ea703af0fff853413439c0b4a92a?verify=1730159229-TXOi2RMKpToDaRw1lKn767GCQwhXWJFGc4NIIaYY%2Fcc%3D",
    "message_playback_id": "AAAAAAAAAAAAAAAAAAAAAA==",
    "message_type": "cdn"
  },
  {
    "timestamp_utc": "2024-09-06T22:01:13.570Z",
    "context_application_version": "8.9.70.592",
    "context_conn_country": "US",
    "context_device_manufacturer": "apple",
    "context_device_model": "iPhone13,4",
    "context_device_type": "mobile",
    "context_os_name": "ios",
    "context_os_version": "17.6.1",
    "context_receiver_service_timestamp": 1725660087561,
    "context_time": 1725660073570,
    "message_error_code": 8,
    "message_id": "http_error_fail,0,6291456-9437184,https://audio-ak-spotify-com.akamaized.net/audio/5511ed62964f15155ec255d999063b1dfa8c4fec?__token__=exp=1725746448~hmac=b03d10a97d67d145dbd21675a943ba2861ee47f9482d291a1bf7f59e119dfee9",
    "message_playback_id": "Fs6uUGH1Ncqfokh9t5zZ9w==",
    "message_type": "cdn"
  },
  {
    "timestamp_utc": "2024-11-19T00:21:41.475Z",
    "context_application_version": "8.9.90.84",
    "context_conn_country": "US",
    "context_device_manufacturer": "apple",
    "context_device_model": "iPhone13,4",
    "context_device_type": "mobile",
    "context_os_name": "ios",
    "context_os_version": "18.0.1",
    "context_receiver_service_timestamp": 1731975722307,
    "context_time": 1731975701475,
    "message_error_code": 7,
    "message_id": "http_error_timeout,0,8110080-16809984,https://audio-ak-spotify-com.akamaized.net/audio/507555a0366662cdf21c99e446600ecf4f24481d?__token__=exp=1732061959~hmac=a2f77200401461bd75f143882aacbb89a47172df4516ad86fab3207b54df7222",
    "message_playback_id": "AAAAAAAAAAAAAAAAAAAAAA==",
    "message_type": "cdn"
  },
  {
    "timestamp_utc": "2024-09-20T19:56:34.686Z",
    "context_application_version": "8.9.76.516",
    "context_conn_country": "US",
    "context_device_manufacturer": "apple",
    "context_device_model": "iPhone13,4",
    "context_device_type": "mobile",
    "context_os_name": "ios",
    "context_os_version": "17.6.1",
    "context_receiver_service_timestamp": 1726862202402,
    "context_time": 1726862194686,
    "message_error_code": 7,
    "message_id": "http_error_timeout,0,0-7798256,https://audio-ak-spotify-com.akamaized.net/audio/c96b2f40c81613be85521b01ac71668c8efcc4f2?__token__=exp=1726948574~hmac=4adef9a847266178928fd30c0d5d2185d1decb68b0f0f085a216377159f873e3",
    "message_playback_id": "AAAAAAAAAAAAAAAAAAAAAA==",
    "message_type": "cdn"
  },
  {
    "timestamp_utc": "2024-11-18T23:41:51.224Z",
    "context_application_version": "8.9.90.84",
    "context_conn_country": "US",
    "context_device_manufacturer": "apple",
    "context_device_model": "iPhone13,4",
    "context_device_type": "mobile",
    "context_os_name": "ios",
    "context_os_version": "18.0.1",
    "context_receiver_service_timestamp": 1731973322312,
    "context_time": 1731973311224,
    "message_error_code": 7,
    "message_id": "http_error_timeout,0,0-9437184,https://audio-ak-spotify-com.akamaized.net/audio/5972d2137434c7537e0c4f337fa25b1724027912?__token__=exp=1732059691~hmac=df5f3746f347114c5da650e0db8daa2f553aaada8be62c56902be6acd841e73d",
    "message_playback_id": "AAAAAAAAAAAAAAAAAAAAAA==",
    "message_type": "cdn"
  },
  {
    "timestamp_utc": "2024-11-19T00:13:39.148Z",
    "context_application_version": "8.9.90.84",
    "context_conn_country": "US",
    "context_device_manufacturer": "apple",
    "context_device_model": "iPhone13,4",
    "context_device_type": "mobile",
    "context_os_name": "ios",
    "context_os_version": "18.0.1",
    "context_receiver_service_timestamp": 1731975242554,
    "context_time": 1731975219148,
    "message_error_code": 7,
    "message_id": "http_error_timeout,0,5701632-15138816,https://audio-ak-spotify-com.akamaized.net/audio/4fb0f032f996d86ae8314662f1473db82e51a970?__token__=exp=1732061558~hmac=1555ab5a4853d8341cea84b996627cc631111440de0bab9a0641cc625a41148a",
    "message_playback_id": "AAAAAAAAAAAAAAAAAAAAAA==",
    "message_type": "cdn"
  },
  {
    "timestamp_utc": "2024-10-05T22:54:51.935Z",
    "context_application_version": "8.9.76.516",
    "context_conn_country": "US",
    "context_device_manufacturer": "apple",
    "context_device_model": "iPhone13,4",
    "context_device_type": "mobile",
    "context_os_name": "ios",
    "context_os_version": "18.0",
    "context_receiver_service_timestamp": 1728168892530,
    "context_time": 1728168891935,
    "message_error_code": 7,
    "message_id": "http_error_timeout,0,131072-3276800,https://audio-ak-spotify-com.akamaized.net/audio/3e9e7fb2bd5df110d333bbbb135235ecc513b778?__token__=exp=1728255271~hmac=bc589afd543ea015affb205ecaa6530f110f6646f6ad36e493c658bbf99a1187",
    "message_playback_id": "+qGqDaBa+eERwt9TOqGXTA==",
    "message_type": "cdn"
  },
  {
    "timestamp_utc": "2024-10-09T21:22:24.878Z",
    "context_application_version": "8.9.76.516",
    "context_conn_country": "US",
    "context_device_manufacturer": "apple",
    "context_device_model": "iPhone13,4",
    "context_device_type": "mobile",
    "context_os_name": "ios",
    "context_os_version": "18.0.1",
    "context_receiver_service_timestamp": 1728508951307,
    "context_time": 1728508944878,
    "message_error_code": 7,
    "message_id": "http_error_timeout,0,3964928-7724616,https://audio4-fa.scdn.co/audio/da8d60bf706c77e439d10a125cdc4f68d28f6c4a?1728595304_kdQ8FVTW6OEJ4xl_SsHY9Ne_9sSoGP-yJYFwoIRs1jk=",
    "message_playback_id": "AAAAAAAAAAAAAAAAAAAAAA==",
    "message_type": "cdn"
  },
  {
    "timestamp_utc": "2024-10-27T23:51:10.328Z",
    "context_application_version": "8.9.86.419",
    "context_conn_country": "US",
    "context_device_manufacturer": "apple",
    "context_device_model": "iPad14,4",
    "context_device_type": "tablet",
    "context_os_name": "ios",
    "context_os_version": "18.0.1",
    "context_receiver_service_timestamp": 1730073081746,
    "context_time": 1730073070328,
    "message_error_code": 8,
    "message_id": "http_error_fail,0,0-9437184,https://audio-cf-del-574.spotifycdn.com/audio/41f54c40594fdaf24aa63b7568baeb0dabdc2437?verify=1730159470-teHOmL3MR18mXP439Hvzmk5iwK1SN0t2BWWqJGN4Nj8%3D",
    "message_playback_id": "AAAAAAAAAAAAAAAAAAAAAA==",
    "message_type": "cdn"
  },
  {
    "timestamp_utc": "2024-08-27T21:19:51.005Z",
    "context_application_version": "8.9.68.490",
    "context_conn_country": "US",
    "context_device_manufacturer": "apple",
    "context_device_model": "iPhone13,4",
    "context_device_type": "mobile",
    "context_os_name": "ios",
    "context_os_version": "17.5.1",
    "context_receiver_service_timestamp": 1724793591904,
    "context_time": 1724793591005,
    "message_error_code": 7,
    "message_id": "http_error_timeout,0,2211840-6419792,https://audio4-fa.scdn.co/audio/6ec0fe356711a23e2955490580a35aafe2897c3f?1724879949_q1n6o9ynwXFj2jz-egdgw5dHsAPzoaPitOm1uy7OyEc=",
    "message_playback_id": "AAAAAAAAAAAAAAAAAAAAAA==",
    "message_type": "cdn"
  },
  {
    "timestamp_utc": "2024-09-06T22:22:17.015Z",
    "context_application_version": "8.9.70.592",
    "context_conn_country": "US",
    "context_device_manufacturer": "apple",
    "context_device_model": "iPhone13,4",
    "context_device_type": "mobile",
    "context_os_name": "ios",
    "context_os_version": "17.6.1",
    "context_receiver_service_timestamp": 1725661342193,
    "context_time": 1725661337015,
    "message_error_code": 8,
    "message_id": "http_error_fail,0,13500416-13732516,https://audio4-fa.scdn.co/audio/684b39de47f06adf01c5bc92ebaf1210d6fbd18a?1725747684_P_u4YFYFaNjux4qzTKS7jRGIZR6xLkZnud6tiVnibfk=",
    "message_playback_id": "kojCcGJLk2iwOjDsHmsWvw==",
    "message_type": "cdn"
  },
  {
    "timestamp_utc": "2024-11-18T23:58:36.225Z",
    "context_application_version": "8.9.90.84",
    "context_conn_country": "US",
    "context_device_manufacturer": "apple",
    "context_device_model": "iPhone13,4",
    "context_device_type": "mobile",
    "context_os_name": "ios",
    "context_os_version": "18.0.1",
    "context_receiver_service_timestamp": 1731974342350,
    "context_time": 1731974316225,
    "message_error_code": 7,
    "message_id": "http_error_timeout,0,0-2855448,https://audio-ak-spotify-com.akamaized.net/audio/df558106a4ae927a52fb6ad6dd42deb011d02bf8?__token__=exp=1732060696~hmac=08482a669541eaf91e99225b0460b1ab28105fba1340ec03ada5865183847176",
    "message_playback_id": "AAAAAAAAAAAAAAAAAAAAAA==",
    "message_type": "cdn"
  },
  {
    "timestamp_utc": "2024-10-06T13:44:13.757Z",
    "context_application_version": "8.9.76.516",
    "context_conn_country": "US",
    "context_device_manufacturer": "apple",
    "context_device_model": "iPad14,4",
    "context_device_type": "tablet",
    "context_os_name": "ios",
    "context_os_version": "18.0",
    "context_receiver_service_timestamp": 1728299843835,
    "context_time": 1728222253757,
    "message_error_code": 7,
    "message_id": "http_error_timeout,0,0-6837977,https://audio-ak-spotify-com.akamaized.net/audio/d66d69f462f23f99cd2e15b16855da021a7b296d?__token__=exp=1728279677~hmac=7235f116dc045e96703959bca63bda5283a5796b35fa3bf7a164fd951dc2293c",
    "message_playback_id": "AAAAAAAAAAAAAAAAAAAAAA==",
    "message_type": "cdn"
  },
  {
    "timestamp_utc": "2024-10-28T00:22:09.842Z",
    "context_application_version": "8.9.86.419",
    "context_conn_country": "US",
    "context_device_manufacturer": "apple",
    "context_device_model": "iPad14,4",
    "context_device_type": "tablet",
    "context_os_name": "ios",
    "context_os_version": "18.0.1",
    "context_receiver_service_timestamp": 1730074947932,
    "context_time": 1730074929842,
    "message_error_code": 8,
    "message_id": "http_error_fail,0,131072-3276800,https://audio-cf-del-574.spotifycdn.com/audio/53a3664b79ba8c05ae81414204772d7386ee3bc2?verify=1730161329-VRQHhgGsfIF9eqlNdjqrplAHD4QFzI4eEpppdBJTwd8%3D",
    "message_playback_id": "73LFSjOaMNteb8wYLX5/Ig==",
    "message_type": "cdn"
  },
  {
    "timestamp_utc": "2024-10-18T04:43:29.976Z",
    "context_application_version": "8.9.82.628",
    "context_conn_country": "US",
    "context_device_manufacturer": "apple",
    "context_device_model": "iPad14,4",
    "context_device_type": "tablet",
    "context_os_name": "ios",
    "context_os_version": "18.0.1",
    "context_receiver_service_timestamp": 1729226620915,
    "context_time": 1729226609976,
    "message_error_code": 7,
    "message_id": "http_error_timeout,0,1687552-8071480,https://audio4-fa.scdn.co/audio/7671d117ed37f9d3cbcca31590b071033624a98a?1729312970_2xxNUuIcyGaBKXo8U7Z8ToHpjLq73iDCHhlh8Yk6jP8=",
    "message_playback_id": "AAAAAAAAAAAAAAAAAAAAAA==",
    "message_type": "cdn"
  },
  {
    "timestamp_utc": "2024-11-19T00:19:39.555Z",
    "context_application_version": "8.9.90.84",
    "context_conn_country": "US",
    "context_device_manufacturer": "apple",
    "context_device_model": "iPhone13,4",
    "context_device_type": "mobile",
    "context_os_name": "ios",
    "context_os_version": "18.0.1",
    "context_receiver_service_timestamp": 1731975602338,
    "context_time": 1731975579555,
    "message_error_code": 7,
    "message_id": "http_error_timeout,0,0-9437184,https://audio-ak-spotify-com.akamaized.net/audio/507555a0366662cdf21c99e446600ecf4f24481d?__token__=exp=1732061959~hmac=a2f77200401461bd75f143882aacbb89a47172df4516ad86fab3207b54df7222",
    "message_playback_id": "AAAAAAAAAAAAAAAAAAAAAA==",
    "message_type": "cdn"
  },
  {
    "timestamp_utc": "2024-10-27T23:54:03.264Z",
    "context_application_version": "8.9.86.419",
    "context_conn_country": "US",
    "context_device_manufacturer": "apple",
    "context_device_model": "iPad14,4",
    "context_device_type": "tablet",
    "context_os_name": "ios",
    "context_os_version": "18.0.1",
    "context_receiver_service_timestamp": 1730073261705,
    "context_time": 1730073243264,
    "message_error_code": 8,
    "message_id": "http_error_fail,0,0-9437184,https://audio-cf-del-574.spotifycdn.com/audio/e391614e9869aa9145f9f3e63621c0c42b22fec4?verify=1730159643-hiZCrI1THZm1xKujU%2FtCKhYh95OM1ENUoH7ILFNnJVw%3D",
    "message_playback_id": "AAAAAAAAAAAAAAAAAAAAAA==",
    "message_type": "cdn"
  },
  {
    "timestamp_utc": "2024-11-19T00:21:00.888Z",
    "context_application_version": "8.9.90.84",
    "context_conn_country": "US",
    "context_device_manufacturer": "apple",
    "context_device_model": "iPhone13,4",
    "context_device_type": "mobile",
    "context_os_name": "ios",
    "context_os_version": "18.0.1",
    "context_receiver_service_timestamp": 1731975662564,
    "context_time": 1731975660888,
    "message_error_code": 7,
    "message_id": "http_error_timeout,0,5685248-15122432,https://audio-ak-spotify-com.akamaized.net/audio/507555a0366662cdf21c99e446600ecf4f24481d?__token__=exp=1732061959~hmac=a2f77200401461bd75f143882aacbb89a47172df4516ad86fab3207b54df7222",
    "message_playback_id": "AAAAAAAAAAAAAAAAAAAAAA==",
    "message_type": "cdn"
  },
  {
    "timestamp_utc": "2024-11-19T00:07:10.741Z",
    "context_application_version": "8.9.90.84",
    "context_conn_country": "US",
    "context_device_manufacturer": "apple",
    "context_device_model": "iPhone13,4",
    "context_device_type": "mobile",
    "context_os_name": "ios",
    "context_os_version": "18.0.1",
    "context_receiver_service_timestamp": 1731974852338,
    "context_time": 1731974830741,
    "message_error_code": 7,
    "message_id": "http_error_timeout,0,0-5792464,https://audio-ak-spotify-com.akamaized.net/audio/fed6766ac74e368144ffeb9662581083c2eaf0d7?__token__=exp=1732061210~hmac=fd722ed80d91ec374628028d848a862ed5e378887999a1eaa31223bf713d618b",
    "message_playback_id": "AAAAAAAAAAAAAAAAAAAAAA==",
    "message_type": "cdn"
  },
  {
    "timestamp_utc": "2024-10-27T23:43:57.983Z",
    "context_application_version": "8.9.86.419",
    "context_conn_country": "US",
    "context_device_manufacturer": "apple",
    "context_device_model": "iPad14,4",
    "context_device_type": "tablet",
    "context_os_name": "ios",
    "context_os_version": "18.0.1",
    "context_receiver_service_timestamp": 1730072661798,
    "context_time": 1730072637983,
    "message_error_code": 8,
    "message_id": "http_error_fail,0,0-9437184,https://audio-cf-del-574.spotifycdn.com/audio/bca217360468ad094af066fecfe290d27a69bca6?verify=1730159037-NpjJ27lCzBjCrFKGu%2F1tHm7G0sTWJFwnLS%2FCXu5CXIc%3D",
    "message_playback_id": "AAAAAAAAAAAAAAAAAAAAAA==",
    "message_type": "cdn"
  },
  {
    "timestamp_utc": "2024-11-19T00:21:21.135Z",
    "context_application_version": "8.9.90.84",
    "context_conn_country": "US",
    "context_device_manufacturer": "apple",
    "context_device_model": "iPhone13,4",
    "context_device_type": "mobile",
    "context_os_name": "ios",
    "context_os_version": "18.0.1",
    "context_receiver_service_timestamp": 1731975692290,
    "context_time": 1731975681135,
    "message_error_code": 7,
    "message_id": "http_error_timeout,0,5865472-15302656,https://audio4-fa.scdn.co/audio/507555a0366662cdf21c99e446600ecf4f24481d?1732061959_QVZhWylXe-mWtwFDWEvsgCjhCewUvaRbuoNf1dcUllU=",
    "message_playback_id": "AAAAAAAAAAAAAAAAAAAAAA==",
    "message_type": "cdn"
  },
  {
    "timestamp_utc": "2024-10-16T19:39:53.547Z",
    "context_application_version": "8.9.82.628",
    "context_conn_country": "US",
    "context_device_manufacturer": "apple",
    "context_device_model": "iPhone13,4",
    "context_device_type": "mobile",
    "context_os_name": "ios",
    "context_os_version": "18.0.1",
    "context_receiver_service_timestamp": 1729107620385,
    "context_time": 1729107593547,
    "message_error_code": 13,
    "message_id": "download_timeout,0,0-9437184,https://audio-fa.scdn.co/audio/0364258a47196337cd33f2d092407d5b4b1d11b6?1729193980_jP9tDkBk5DzZgo8XlMXD7azHeske8tMeh8nudXylwhs=",
    "message_playback_id": "AAAAAAAAAAAAAAAAAAAAAA==",
    "message_type": "cdn"
  },
  {
    "timestamp_utc": "2024-10-28T00:28:11.696Z",
    "context_application_version": "8.9.86.419",
    "context_conn_country": "US",
    "context_device_manufacturer": "apple",
    "context_device_model": "iPad14,4",
    "context_device_type": "tablet",
    "context_os_name": "ios",
    "context_os_version": "18.0.1",
    "context_receiver_service_timestamp": 1730075301718,
    "context_time": 1730075291696,
    "message_error_code": 8,
    "message_id": "http_error_fail,0,0-9437184,https://audio-cf-del-574.spotifycdn.com/audio/0198b06584ec37c35460adecca53dbe7361a2c44?verify=1730161691-NaKiBB4ZzIy9NKYHNiEi14ijx1EVwmaRcDdvpqF%2B2ys%3D",
    "message_playback_id": "AAAAAAAAAAAAAAAAAAAAAA==",
    "message_type": "cdn"
  },
  {
    "timestamp_utc": "2024-10-27T21:20:54.057Z",
    "context_application_version": "8.9.86.419",
    "context_conn_country": "US",
    "context_device_manufacturer": "apple",
    "context_device_model": "iPad14,4",
    "context_device_type": "tablet",
    "context_os_name": "ios",
    "context_os_version": "18.0.1",
    "context_receiver_service_timestamp": 1730064073812,
    "context_time": 1730064054057,
    "message_error_code": 8,
    "message_id": "http_error_fail,0,0-3145728,https://audio-cf-del-574.spotifycdn.com/audio/61a2865e69e0133c7af488d6af02428545a37635?verify=1730150453-hx85SUhmgzYME8cUeXuIet%2FgiCeSDibCEjLXxJ4qNVk%3D",
    "message_playback_id": "minZU4VRTgr2emhTzK63rw==",
    "message_type": "cdn"
  },
  {
    "timestamp_utc": "2024-10-27T22:04:51.545Z",
    "context_application_version": "8.9.86.419",
    "context_conn_country": "US",
    "context_device_manufacturer": "apple",
    "context_device_model": "iPad14,4",
    "context_device_type": "tablet",
    "context_os_name": "ios",
    "context_os_version": "18.0.1",
    "context_receiver_service_timestamp": 1730066713938,
    "context_time": 1730066691545,
    "message_error_code": 8,
    "message_id": "http_error_fail,0,0-9437184,https://audio-cf-del-574.spotifycdn.com/audio/b3ee9ff5d951f3f9474c28081d22724bde851015?verify=1730153091-e%2B%2FnZ3tVd%2BHn260EjRXRN3jdavXwQxvxELiOtgcw0jY%3D",
    "message_playback_id": "AAAAAAAAAAAAAAAAAAAAAA==",
    "message_type": "cdn"
  },
  {
    "timestamp_utc": "2024-11-19T00:23:58.860Z",
    "context_application_version": "8.9.90.84",
    "context_conn_country": "US",
    "context_device_manufacturer": "apple",
    "context_device_model": "iPhone13,4",
    "context_device_type": "mobile",
    "context_os_name": "ios",
    "context_os_version": "18.0.1",
    "context_receiver_service_timestamp": 1731975842350,
    "context_time": 1731975838860,
    "message_error_code": 13,
    "message_id": "download_timeout,0,16809984-19063428,https://audio-ak-spotify-com.akamaized.net/audio/4fb0f032f996d86ae8314662f1473db82e51a970?__token__=exp=1732062233~hmac=4f1b725a12631a0a0a01fbb04c77c4f074b089e2ab44952e732b2febfa9435a1",
    "message_playback_id": "d9XJ2Mo4MBaIWAislJL3ew==",
    "message_type": "cdn"
  },
  {
    "timestamp_utc": "2024-09-17T22:13:49.158Z",
    "context_application_version": "8.9.74.535",
    "context_conn_country": "US",
    "context_device_manufacturer": "apple",
    "context_device_model": "iPhone13,4",
    "context_device_type": "mobile",
    "context_os_name": "ios",
    "context_os_version": "17.6.1",
    "context_receiver_service_timestamp": 1726611253148,
    "context_time": 1726611229158,
    "message_error_code": 7,
    "message_id": "http_error_timeout,0,0-6084284,https://audio-ak-spotify-com.akamaized.net/audio/4d74c5dfc598a16f79b76f79bdb1a8c960491ea8?__token__=exp=1726697608~hmac=0d00d2b9c902abb806f48bf7168ecb2eb882a7caee03d2785be1641ff2ffa3f9",
    "message_playback_id": "AAAAAAAAAAAAAAAAAAAAAA==",
    "message_type": "cdn"
  },
  {
    "timestamp_utc": "2024-10-27T23:40:45.740Z",
    "context_application_version": "8.9.86.419",
    "context_conn_country": "US",
    "context_device_manufacturer": "apple",
    "context_device_model": "iPad14,4",
    "context_device_type": "tablet",
    "context_os_name": "ios",
    "context_os_version": "18.0.1",
    "context_receiver_service_timestamp": 1730072451746,
    "context_time": 1730072445740,
    "message_error_code": 8,
    "message_id": "http_error_fail,0,0-9437184,https://audio-cf-del-574.spotifycdn.com/audio/c622ae0b7ed2d6a5596ead7f2c8d5c5779380400?verify=1730158845-mXhVcfIT2xfl56z9T%2FSJvsEK%2FDRahl%2FOxVh1cGEcSUo%3D",
    "message_playback_id": "AAAAAAAAAAAAAAAAAAAAAA==",
    "message_type": "cdn"
  },
  {
    "timestamp_utc": "2024-11-19T00:16:56.476Z",
    "context_application_version": "8.9.90.84",
    "context_conn_country": "US",
    "context_device_manufacturer": "apple",
    "context_device_model": "iPhone13,4",
    "context_device_type": "mobile",
    "context_os_name": "ios",
    "context_os_version": "18.0.1",
    "context_receiver_service_timestamp": 1731975422365,
    "context_time": 1731975416476,
    "message_error_code": 7,
    "message_id": "http_error_timeout,0,507904-7216753,https://audio4-fa.scdn.co/audio/edd368a1f1391c69918b5127946c97ecefaf838c?1732061775_8FqfuFs0_JrR-soPBmWYeKUIwXWt4mnncKHHTYmYsdg=",
    "message_playback_id": "AAAAAAAAAAAAAAAAAAAAAA==",
    "message_type": "cdn"
  },
  {
    "timestamp_utc": "2024-10-27T23:36:54.390Z",
    "context_application_version": "8.9.86.419",
    "context_conn_country": "US",
    "context_device_manufacturer": "apple",
    "context_device_model": "iPad14,4",
    "context_device_type": "tablet",
    "context_os_name": "ios",
    "context_os_version": "18.0.1",
    "context_receiver_service_timestamp": 1730072241854,
    "context_time": 1730072214390,
    "message_error_code": 8,
    "message_id": "http_error_fail,0,0-9437184,https://audio-cf-del-574.spotifycdn.com/audio/84b9324f1ad47961dfe5338124fc8ab326923e61?verify=1730158614-h%2B4tQyoniUy%2FnXOvE%2BZ4rqwbX%2FFCTG4ZW5zay5e9lyM%3D",
    "message_playback_id": "AAAAAAAAAAAAAAAAAAAAAA==",
    "message_type": "cdn"
  },
  {
    "timestamp_utc": "2024-09-20T22:16:01.828Z",
    "context_application_version": "8.9.76.516",
    "context_conn_country": "US",
    "context_device_manufacturer": "apple",
    "context_device_model": "iPhone13,4",
    "context_device_type": "mobile",
    "context_os_name": "ios",
    "context_os_version": "17.6.1",
    "context_receiver_service_timestamp": 1726870580355,
    "context_time": 1726870561828,
    "message_error_code": 7,
    "message_id": "http_error_timeout,0,0-6079388,https://audio-ak-spotify-com.akamaized.net/audio/9b90d6bd6178ece119d0350ba783daa49b939fe6?__token__=exp=1726956941~hmac=234c944e765f534d22805108ae98e92cc2d787a0cefa7b25306f261155fefbda",
    "message_playback_id": "AAAAAAAAAAAAAAAAAAAAAA==",
    "message_type": "cdn"
  },
  {
    "timestamp_utc": "2024-11-19T00:01:42.833Z",
    "context_application_version": "8.9.90.84",
    "context_conn_country": "US",
    "context_device_manufacturer": "apple",
    "context_device_model": "iPhone13,4",
    "context_device_type": "mobile",
    "context_os_name": "ios",
    "context_os_version": "18.0.1",
    "context_receiver_service_timestamp": 1731974522616,
    "context_time": 1731974502833,
    "message_error_code": 7,
    "message_id": "http_error_timeout,0,5341184-12266825,https://audio4-fa.scdn.co/audio/c55ff25949199433103e089a93317dc70a00e707?1732060861_Y_LmwbiglR3ld7x2-yNRrPR8yHTs1O7hHxHrVBa5AVc=",
    "message_playback_id": "AAAAAAAAAAAAAAAAAAAAAA==",
    "message_type": "cdn"
  },
  {
    "timestamp_utc": "2024-09-18T02:50:17.885Z",
    "context_application_version": "8.9.74.535",
    "context_conn_country": "US",
    "context_device_manufacturer": "apple",
    "context_device_model": "iPhone13,4",
    "context_device_type": "mobile",
    "context_os_name": "ios",
    "context_os_version": "17.6.1",
    "context_receiver_service_timestamp": 1726627827329,
    "context_time": 1726627817885,
    "message_error_code": 8,
    "message_id": "http_error_fail,0,0-9437184,https://audio-ak-spotify-com.akamaized.net/audio/85c8587611a2c03e8432fcc4daaac50d9f4192a2?__token__=exp=1726714217~hmac=8ceb87aa71ea70cb57ecb7f7eb53e1624b848ca23991e1a0049d239a751b3fec",
    "message_playback_id": "AAAAAAAAAAAAAAAAAAAAAA==",
    "message_type": "cdn"
  },
  {
    "timestamp_utc": "2024-11-19T00:17:16.610Z",
    "context_application_version": "8.9.90.84",
    "context_conn_country": "US",
    "context_device_manufacturer": "apple",
    "context_device_model": "iPhone13,4",
    "context_device_type": "mobile",
    "context_os_name": "ios",
    "context_os_version": "18.0.1",
    "context_receiver_service_timestamp": 1731975452401,
    "context_time": 1731975436610,
    "message_error_code": 7,
    "message_id": "http_error_timeout,0,4685824-7216753,https://audio-ak-spotify-com.akamaized.net/audio/edd368a1f1391c69918b5127946c97ecefaf838c?__token__=exp=1732061775~hmac=e8be61055805801f71cebc8607e9f0d46d42f5b6413f3c841c37b4420b6c0799",
    "message_playback_id": "AAAAAAAAAAAAAAAAAAAAAA==",
    "message_type": "cdn"
  },
  {
    "timestamp_utc": "2024-10-28T01:32:23.522Z",
    "context_application_version": "1.2.48.405",
    "context_conn_country": "US",
    "context_device_manufacturer": "Apple Inc.",
    "context_device_model": "MacBookPro16,2",
    "context_device_type": "desktop",
    "context_os_name": "osx",
    "context_os_version": "15.0.1",
    "context_receiver_service_timestamp": 1730079172854,
    "context_time": 1730079143522,
    "message_error_code": 8,
    "message_id": "http_error_fail,0,0-9437184,https://audio-cf-del-574.spotifycdn.com/audio/b6b88a8dd67e9d49b66a146ae2915aa983e9346c?verify=1730165543-Y4RCVEC6u68Kx5Eebn9aMxcrNkLf28I%2F2ClzgxZPKOQ%3D",
    "message_playback_id": "AAAAAAAAAAAAAAAAAAAAAA==",
    "message_type": "cdn"
  },
  {
    "timestamp_utc": "2024-10-27T22:56:53.478Z",
    "context_application_version": "8.9.86.419",
    "context_conn_country": "US",
    "context_device_manufacturer": "apple",
    "context_device_model": "iPad14,4",
    "context_device_type": "tablet",
    "context_os_name": "ios",
    "context_os_version": "18.0.1",
    "context_receiver_service_timestamp": 1730069841774,
    "context_time": 1730069813478,
    "message_error_code": 8,
    "message_id": "http_error_fail,0,0-9437184,https://audio-cf-del-574.spotifycdn.com/audio/2d600165091600fd26614c557d54f145bed6159e?verify=1730156213-G%2B4QDTnMT6sUtUpkTTDghrOCbjooa4L1LhTy6a%2BUK3Q%3D",
    "message_playback_id": "AAAAAAAAAAAAAAAAAAAAAA==",
    "message_type": "cdn"
  },
  {
    "timestamp_utc": "2024-10-08T00:43:05.511Z",
    "context_application_version": "8.9.76.516",
    "context_conn_country": "US",
    "context_device_manufacturer": "apple",
    "context_device_model": "iPhone13,4",
    "context_device_type": "mobile",
    "context_os_name": "ios",
    "context_os_version": "18.0.1",
    "context_receiver_service_timestamp": 1728348194148,
    "context_time": 1728348185511,
    "message_error_code": 7,
    "message_id": "http_error_timeout,0,0-8342828,https://audio-ak-spotify-com.akamaized.net/audio/ea7eb78a3e26564362191a4999394b21eca5e771?__token__=exp=1728434565~hmac=cea93685a2e139a9a7e0f09bb1d83b069bf26e36d322274b2661ce17de56ea9e",
    "message_playback_id": "AAAAAAAAAAAAAAAAAAAAAA==",
    "message_type": "cdn"
  },
  {
    "timestamp_utc": "2024-08-28T22:12:59.416Z",
    "context_application_version": "8.9.68.490",
    "context_conn_country": "US",
    "context_device_manufacturer": "apple",
    "context_device_model": "iPad14,4",
    "context_device_type": "tablet",
    "context_os_name": "ios",
    "context_os_version": "17.5.1",
    "context_receiver_service_timestamp": 1724883207123,
    "context_time": 1724883179416,
    "message_error_code": 2,
    "message_id": "download_http_error,502,0-9437184,https://audio-ak-spotify-com.akamaized.net/audio/3f33437303919059b60789e38c8f47b3bf2fb4dc?__token__=exp=1724969579~hmac=259251e2179654bb0da34c07598b109601cfedfe58a5a0605f894e65b0e3d894",
    "message_playback_id": "AAAAAAAAAAAAAAAAAAAAAA==",
    "message_type": "cdn"
  },
  {
    "timestamp_utc": "2024-11-19T11:43:14.676Z",
    "context_application_version": "8.9.90.84",
    "context_conn_country": "US",
    "context_device_manufacturer": "apple",
    "context_device_model": "iPad14,4",
    "context_device_type": "tablet",
    "context_os_name": "ios",
    "context_os_version": "18.0.1",
    "context_receiver_service_timestamp": 1732016619022,
    "context_time": 1732016594676,
    "message_error_code": 7,
    "message_id": "http_error_timeout,0,0-8277004,https://audio-ak-spotify-com.akamaized.net/audio/8172dc9e150bf0181a9099902f74568ee9df0ecb?__token__=exp=1731921269~hmac=9ac1eaad20cf723ef05c575c0252586182919128d096f5bc5328e7fc5b5182fa",
    "message_playback_id": "AAAAAAAAAAAAAAAAAAAAAA==",
    "message_type": "cdn"
  },
  {
    "timestamp_utc": "2024-10-28T00:17:32.700Z",
    "context_application_version": "8.9.86.419",
    "context_conn_country": "US",
    "context_device_manufacturer": "apple",
    "context_device_model": "iPad14,4",
    "context_device_type": "tablet",
    "context_os_name": "ios",
    "context_os_version": "18.0.1",
    "context_receiver_service_timestamp": 1730074666348,
    "context_time": 1730074652700,
    "message_error_code": 8,
    "message_id": "http_error_fail,0,0-3145728,https://audio-cf-del-574.spotifycdn.com/audio/ff30068afdf0d099a43f795543d647fbdbe16bc3?verify=1730161052-ztUfBi7ub%2FgLCz5J9AeyFwH%2FJ6XyFWW9TGWT37jobpg%3D",
    "message_playback_id": "fbOyuxmcjy2p0/tMdPUSaQ==",
    "message_type": "cdn"
  },
  {
    "timestamp_utc": "2024-10-27T23:38:55.341Z",
    "context_application_version": "8.9.86.419",
    "context_conn_country": "US",
    "context_device_manufacturer": "apple",
    "context_device_model": "iPad14,4",
    "context_device_type": "tablet",
    "context_os_name": "ios",
    "context_os_version": "18.0.1",
    "context_receiver_service_timestamp": 1730072361756,
    "context_time": 1730072335341,
    "message_error_code": 8,
    "message_id": "http_error_fail,0,0-9437184,https://audio-cf-del-574.spotifycdn.com/audio/b626d76309c81a70c479fa49df4ca226c217d9d3?verify=1730158735-GZw4z0nm%2BW1OflfIV5UrnAOyR5R6uvPO1oslc4h5M%2Fo%3D",
    "message_playback_id": "AAAAAAAAAAAAAAAAAAAAAA==",
    "message_type": "cdn"
  },
  {
    "timestamp_utc": "2024-09-13T18:02:20.544Z",
    "context_application_version": "8.9.74.535",
    "context_conn_country": "US",
    "context_device_manufacturer": "apple",
    "context_device_model": "iPhone13,4",
    "context_device_type": "mobile",
    "context_os_name": "ios",
    "context_os_version": "17.6.1",
    "context_receiver_service_timestamp": 1726250560588,
    "context_time": 1726250540544,
    "message_error_code": 7,
    "message_id": "http_error_timeout,0,0-8838132,https://audio-ak-spotify-com.akamaized.net/audio/a6c5e961d28c266bdeb204e360668795b34a7cf5?__token__=exp=1726336920~hmac=0ef56cca2c0a9a8e009980e86a67b6609ae478a10c118e4bff16027f22318def",
    "message_playback_id": "AAAAAAAAAAAAAAAAAAAAAA==",
    "message_type": "cdn"
  },
  {
    "timestamp_utc": "2024-11-16T05:03:59.107Z",
    "context_application_version": "8.9.90.84",
    "context_conn_country": "US",
    "context_device_manufacturer": "apple",
    "context_device_model": "iPad14,4",
    "context_device_type": "tablet",
    "context_os_name": "ios",
    "context_os_version": "18.0.1",
    "context_receiver_service_timestamp": 1731733441283,
    "context_time": 1731733439107,
    "message_error_code": 7,
    "message_id": "http_error_timeout,0,0-5244492,https://audio-ak-spotify-com.akamaized.net/audio/1ffaac8a1b37a7ff754f27e15442e4d501269759?__token__=exp=1731641021~hmac=4788ded3a689b2b88d0b8936f73da051cbcd903b420f349e7a744d7dcf9164c4",
    "message_playback_id": "AAAAAAAAAAAAAAAAAAAAAA==",
    "message_type": "cdn"
  },
  {
    "timestamp_utc": "2024-10-28T02:08:58.971Z",
    "context_application_version": "1.2.48.405",
    "context_conn_country": "US",
    "context_device_manufacturer": "Apple Inc.",
    "context_device_model": "MacBookPro16,2",
    "context_device_type": "desktop",
    "context_os_name": "osx",
    "context_os_version": "15.0.1",
    "context_receiver_service_timestamp": 1730081362745,
    "context_time": 1730081338971,
    "message_error_code": 8,
    "message_id": "http_error_fail,0,0-9437184,https://audio-cf-del-574.spotifycdn.com/audio/9db5b436faea9748cf231e69d1591433f2c82d86?verify=1730167738-Ax1WwAC%2BUYl506NI%2FZLn4tRW8BzBpHizdYl4%2FQTll5U%3D",
    "message_playback_id": "AAAAAAAAAAAAAAAAAAAAAA==",
    "message_type": "cdn"
  },
  {
    "timestamp_utc": "2024-10-27T22:58:49.827Z",
    "context_application_version": "8.9.86.419",
    "context_conn_country": "US",
    "context_device_manufacturer": "apple",
    "context_device_model": "iPad14,4",
    "context_device_type": "tablet",
    "context_os_name": "ios",
    "context_os_version": "18.0.1",
    "context_receiver_service_timestamp": 1730069931874,
    "context_time": 1730069929827,
    "message_error_code": 8,
    "message_id": "http_error_fail,0,0-9437184,https://audio-cf-del-574.spotifycdn.com/audio/01230f386883b77d9579d87eae41c998ec6f4199?verify=1730156329-W%2FJZtR4ZLIlMdL2tsZxHLQKxfwPjSapl%2FH%2F7%2FZ%2FILiQ%3D",
    "message_playback_id": "AAAAAAAAAAAAAAAAAAAAAA==",
    "message_type": "cdn"
  },
  {
    "timestamp_utc": "2024-10-27T23:33:54.731Z",
    "context_application_version": "8.9.86.419",
    "context_conn_country": "US",
    "context_device_manufacturer": "apple",
    "context_device_model": "iPad14,4",
    "context_device_type": "tablet",
    "context_os_name": "ios",
    "context_os_version": "18.0.1",
    "context_receiver_service_timestamp": 1730072061735,
    "context_time": 1730072034731,
    "message_error_code": 8,
    "message_id": "http_error_fail,0,0-9437184,https://audio-cf-del-574.spotifycdn.com/audio/ca5d181764b849ee2364499813d32aa7019fc4bc?verify=1730158434-lRyTwETGXdvWs5%2FWmmvCdhst9lXjRRGucJWxsYAINLs%3D",
    "message_playback_id": "AAAAAAAAAAAAAAAAAAAAAA==",
    "message_type": "cdn"
  },
  {
    "timestamp_utc": "2024-09-01T03:02:13.380Z",
    "context_application_version": "8.9.68.490",
    "context_conn_country": "US",
    "context_device_manufacturer": "apple",
    "context_device_model": "iPad14,4",
    "context_device_type": "tablet",
    "context_os_name": "ios",
    "context_os_version": "17.6.1",
    "context_receiver_service_timestamp": 1725159746818,
    "context_time": 1725159733380,
    "message_error_code": 7,
    "message_id": "http_error_timeout,0,0-6694024,https://audio-cf-del-574.spotifycdn.com/audio/b9bfa5a44bf536f0d3128d79d8abbf9af8b96400?verify=1725229592-zsoEbZLLPbrBhnMrPbfJ%2B4w9oYiBGu3FzVOvmq7rt4I%3D",
    "message_playback_id": "AAAAAAAAAAAAAAAAAAAAAA==",
    "message_type": "cdn"
  },
  {
    "timestamp_utc": "2024-09-13T18:03:28.410Z",
    "context_application_version": "8.9.74.535",
    "context_conn_country": "US",
    "context_device_manufacturer": "apple",
    "context_device_model": "iPhone13,4",
    "context_device_type": "mobile",
    "context_os_name": "ios",
    "context_os_version": "17.6.1",
    "context_receiver_service_timestamp": 1726250621022,
    "context_time": 1726250608410,
    "message_error_code": 7,
    "message_id": "http_error_timeout,0,0-9437184,https://audio-ak-spotify-com.akamaized.net/audio/0a1f9339139262fe67e3dbcb002f93203199ba5a?__token__=exp=1726336987~hmac=a7dd9fe320ea5b53c8f4cfbd8de5e6fccf206440a9526a2b41163fb675e655d8",
    "message_playback_id": "AAAAAAAAAAAAAAAAAAAAAA==",
    "message_type": "cdn"
  },
  {
    "timestamp_utc": "2024-10-16T19:52:20.632Z",
    "context_application_version": "8.9.82.628",
    "context_conn_country": "US",
    "context_device_manufacturer": "apple",
    "context_device_model": "iPhone13,4",
    "context_device_type": "mobile",
    "context_os_name": "ios",
    "context_os_version": "18.0.1",
    "context_receiver_service_timestamp": 1729108370319,
    "context_time": 1729108340632,
    "message_error_code": 7,
    "message_id": "http_error_timeout,0,3145728-6291456,https://audio-fa.scdn.co/audio/bdbfa688e4d871ccd18ada64f386de18b41641ae?1729194718_xUGqiZv9OGtMGfT1H3dIEICX_JJ7YB_1GYpIHy9fp9k=",
    "message_playback_id": "omzmYkENoRzuSkyPwZ0g+A==",
    "message_type": "cdn"
  },
  {
    "timestamp_utc": "2024-10-05T22:55:13.474Z",
    "context_application_version": "8.9.76.516",
    "context_conn_country": "US",
    "context_device_manufacturer": "apple",
    "context_device_model": "iPhone13,4",
    "context_device_type": "mobile",
    "context_os_name": "ios",
    "context_os_version": "18.0",
    "context_receiver_service_timestamp": 1728169247426,
    "context_time": 1728168913474,
    "message_error_code": 7,
    "message_id": "http_error_timeout,0,2506752-4278228,https://audio4-fa.scdn.co/audio/3e9e7fb2bd5df110d333bbbb135235ecc513b778?1728255271_Y664bjsJ0ZiWlP9tAur7I19M60VapTwf6d1rQmUDooc=",
    "message_playback_id": "+qGqDaBa+eERwt9TOqGXTA==",
    "message_type": "cdn"
  },
  {
    "timestamp_utc": "2024-10-28T01:29:10.059Z",
    "context_application_version": "1.2.48.405",
    "context_conn_country": "US",
    "context_device_manufacturer": "Apple Inc.",
    "context_device_model": "MacBookPro16,2",
    "context_device_type": "desktop",
    "context_os_name": "osx",
    "context_os_version": "15.0.1",
    "context_receiver_service_timestamp": 1730078962783,
    "context_time": 1730078950059,
    "message_error_code": 8,
    "message_id": "http_error_fail,0,0-9437184,https://audio-cf-del-574.spotifycdn.com/audio/b8ac6bd7e2abee04178e04a6bf84201ae8410b2c?verify=1730165349-ztVGJg%2BIwtyowYFpiE%2BFyiAvHVSkteMPNY%2F7CReIdW0%3D",
    "message_playback_id": "AAAAAAAAAAAAAAAAAAAAAA==",
    "message_type": "cdn"
  },
  {
    "timestamp_utc": "2024-10-14T23:33:33.337Z",
    "context_application_version": "8.9.82.628",
    "context_conn_country": "US",
    "context_device_manufacturer": "apple",
    "context_device_model": "iPhone13,4",
    "context_device_type": "mobile",
    "context_os_name": "ios",
    "context_os_version": "18.0.1",
    "context_receiver_service_timestamp": 1728948843955,
    "context_time": 1728948813337,
    "message_error_code": 7,
    "message_id": "http_error_timeout,0,0-3111488,https://audio-ak-spotify-com.akamaized.net/audio/9498dc7621349f9a329f941ce682f2df6d3ccb64?__token__=exp=1729035193~hmac=f859fa7ef1402317c0e9ed37f9c2307d9a8dac3af7002b4c0bcdbe0e175053ab",
    "message_playback_id": "AAAAAAAAAAAAAAAAAAAAAA==",
    "message_type": "cdn"
  },
  {
    "timestamp_utc": "2024-11-19T00:28:03.299Z",
    "context_application_version": "8.9.90.84",
    "context_conn_country": "US",
    "context_device_manufacturer": "apple",
    "context_device_model": "iPhone13,4",
    "context_device_type": "mobile",
    "context_os_name": "ios",
    "context_os_version": "18.0.1",
    "context_receiver_service_timestamp": 1731976188361,
    "context_time": 1731976083299,
    "message_error_code": 7,
    "message_id": "http_error_timeout,0,0-5184216,https://audio-ak-spotify-com.akamaized.net/audio/176748904d7660be7917f4a58e6bf39aad0fc713?__token__=exp=1732062463~hmac=485f9eba6136b2cc129111727fc9e301eaca4bbcd6fdc11c00eb5046e1dc8e11",
    "message_playback_id": "AAAAAAAAAAAAAAAAAAAAAA==",
    "message_type": "cdn"
  },
  {
    "timestamp_utc": "2024-10-28T02:03:37.256Z",
    "context_application_version": "1.2.48.405",
    "context_conn_country": "US",
    "context_device_manufacturer": "Apple Inc.",
    "context_device_model": "MacBookPro16,2",
    "context_device_type": "desktop",
    "context_os_name": "osx",
    "context_os_version": "15.0.1",
    "context_receiver_service_timestamp": 1730081032749,
    "context_time": 1730081017256,
    "message_error_code": 8,
    "message_id": "http_error_fail,0,0-9437184,https://audio-cf-del-574.spotifycdn.com/audio/111e502c1bd72b825265ad560fb8b010b7248b31?verify=1730167417-7SNWi%2F%2FCkLHQeYciyQKGIsQsPBRZH4RiO9HdkU1oBgo%3D",
    "message_playback_id": "AAAAAAAAAAAAAAAAAAAAAA==",
    "message_type": "cdn"
  },
  {
    "timestamp_utc": "2024-11-19T00:05:49.038Z",
    "context_application_version": "8.9.90.84",
    "context_conn_country": "US",
    "context_device_manufacturer": "apple",
    "context_device_model": "iPhone13,4",
    "context_device_type": "mobile",
    "context_os_name": "ios",
    "context_os_version": "18.0.1",
    "context_receiver_service_timestamp": 1731974762434,
    "context_time": 1731974749038,
    "message_error_code": 7,
    "message_id": "http_error_timeout,0,0-7280724,https://audio-ak-spotify-com.akamaized.net/audio/9b154758bbec6a101647f8b23021873d24aca7e9?__token__=exp=1732061128~hmac=7046d00b4e6406944094185787615561cac60507bf7bc7d90187b418b8cf4cd1",
    "message_playback_id": "AAAAAAAAAAAAAAAAAAAAAA==",
    "message_type": "cdn"
  },
  {
    "timestamp_utc": "2024-11-19T11:43:15.641Z",
    "context_application_version": "8.9.90.84",
    "context_conn_country": "US",
    "context_device_manufacturer": "apple",
    "context_device_model": "iPad14,4",
    "context_device_type": "tablet",
    "context_os_name": "ios",
    "context_os_version": "18.0.1",
    "context_receiver_service_timestamp": 1732016619022,
    "context_time": 1732016595641,
    "message_error_code": 15,
    "message_id": "download_http_forbidden,403,196608-8277004,https://audio4-fa.scdn.co/audio/8172dc9e150bf0181a9099902f74568ee9df0ecb?1731921269_kEfdPa_yNbHZ5mFxy49NUrup6pZjIKRt6Xgy5cpZsLM=",
    "message_playback_id": "AAAAAAAAAAAAAAAAAAAAAA==",
    "message_type": "cdn"
  },
  {
    "timestamp_utc": "2024-11-19T00:06:09.154Z",
    "context_application_version": "8.9.90.84",
    "context_conn_country": "US",
    "context_device_manufacturer": "apple",
    "context_device_model": "iPhone13,4",
    "context_device_type": "mobile",
    "context_os_name": "ios",
    "context_os_version": "18.0.1",
    "context_receiver_service_timestamp": 1731974792318,
    "context_time": 1731974769154,
    "message_error_code": 7,
    "message_id": "http_error_timeout,0,1392640-7280724,https://audio4-fa.scdn.co/audio/9b154758bbec6a101647f8b23021873d24aca7e9?1732061128_mX6Fa4pm_Dwon1VhYYFkS6ZMpxnYi90eiQ2lMU7rYT0=",
    "message_playback_id": "AAAAAAAAAAAAAAAAAAAAAA==",
    "message_type": "cdn"
  },
  {
    "timestamp_utc": "2024-10-27T22:05:02.927Z",
    "context_application_version": "8.9.86.419",
    "context_conn_country": "US",
    "context_device_manufacturer": "apple",
    "context_device_model": "iPad14,4",
    "context_device_type": "tablet",
    "context_os_name": "ios",
    "context_os_version": "18.0.1",
    "context_receiver_service_timestamp": 1730066713938,
    "context_time": 1730066702927,
    "message_error_code": 8,
    "message_id": "http_error_fail,0,0-9437184,https://audio-cf-del-574.spotifycdn.com/audio/e3dc1a3ed91d6fd01f55b88f51eb11d1a1c4f420?verify=1730153102-lPmWaNRPVaWKsnXgM8I7WBc7poLBX5TQigZ3S4dV%2BS0%3D",
    "message_playback_id": "AAAAAAAAAAAAAAAAAAAAAA==",
    "message_type": "cdn"
  },
  {
    "timestamp_utc": "2024-09-04T17:59:31.278Z",
    "context_application_version": "8.9.68.490",
    "context_conn_country": "US",
    "context_device_manufacturer": "apple",
    "context_device_model": "iPhone13,4",
    "context_device_type": "mobile",
    "context_os_name": "ios",
    "context_os_version": "17.6.1",
    "context_receiver_service_timestamp": 1725472799152,
    "context_time": 1725472771278,
    "message_error_code": 8,
    "message_id": "http_error_fail,0,180224-3325952,https://audio-ak-spotify-com.akamaized.net/audio/7e79322f0b27b8fcdc1ac7e164fd30ba9a6ef198?__token__=exp=1725559165~hmac=d4bb07a46731942fb5bb43d16088d5269227e831e0112278eef7c5d8f3bc2249",
    "message_playback_id": "h91Ahi79yBouvitlK/lEBQ==",
    "message_type": "cdn"
  },
  {
    "timestamp_utc": "2024-11-19T00:13:19.036Z",
    "context_application_version": "8.9.90.84",
    "context_conn_country": "US",
    "context_device_manufacturer": "apple",
    "context_device_model": "iPhone13,4",
    "context_device_type": "mobile",
    "context_os_name": "ios",
    "context_os_version": "18.0.1",
    "context_receiver_service_timestamp": 1731975212309,
    "context_time": 1731975199036,
    "message_error_code": 7,
    "message_id": "http_error_timeout,0,1998848-11436032,https://audio4-fa.scdn.co/audio/4fb0f032f996d86ae8314662f1473db82e51a970?1732061558_AB_6p_BbZl7H0tVv4sRTQ8JkOtNbnUPhQ1yk0c9ZoTY=",
    "message_playback_id": "AAAAAAAAAAAAAAAAAAAAAA==",
    "message_type": "cdn"
  },
  {
    "timestamp_utc": "2024-10-28T02:26:40.398Z",
    "context_application_version": "1.2.48.405",
    "context_conn_country": "US",
    "context_device_manufacturer": "Apple Inc.",
    "context_device_model": "MacBookPro16,2",
    "context_device_type": "desktop",
    "context_os_name": "osx",
    "context_os_version": "15.0.1",
    "context_receiver_service_timestamp": 1730082412712,
    "context_time": 1730082400398,
    "message_error_code": 8,
    "message_id": "http_error_fail,0,0-9437184,https://audio-cf-del-574.spotifycdn.com/audio/1abbde9f4b4ccc8dbbccdc879a967314fcff7931?verify=1730168800-uBkA14uO%2FAgoQyT2%2BNRgZ7XlXqNdVy08196JqHAVTAs%3D",
    "message_playback_id": "AAAAAAAAAAAAAAAAAAAAAA==",
    "message_type": "cdn"
  },
  {
    "timestamp_utc": "2024-09-11T01:18:42.610Z",
    "context_application_version": "8.9.70.592",
    "context_conn_country": "US",
    "context_device_manufacturer": "apple",
    "context_device_model": "iPhone13,4",
    "context_device_type": "mobile",
    "context_os_name": "ios",
    "context_os_version": "17.6.1",
    "context_receiver_service_timestamp": 1726017538511,
    "context_time": 1726017522610,
    "message_error_code": 7,
    "message_id": "http_error_timeout,0,0-5246964,https://audio-ak-spotify-com.akamaized.net/audio/4ef6b1b90de2f4f3d37c3c545947bdf57ae5b73f?__token__=exp=1726103902~hmac=48f75cc8381bce766abe9abd6653c2efd3a757fa6f30b1ab821583174f9ea74d",
    "message_playback_id": "AAAAAAAAAAAAAAAAAAAAAA==",
    "message_type": "cdn"
  },
  {
    "timestamp_utc": "2024-10-28T02:02:23.269Z",
    "context_application_version": "1.2.48.405",
    "context_conn_country": "US",
    "context_device_manufacturer": "Apple Inc.",
    "context_device_model": "MacBookPro16,2",
    "context_device_type": "desktop",
    "context_os_name": "osx",
    "context_os_version": "15.0.1",
    "context_receiver_service_timestamp": 1730080972837,
    "context_time": 1730080943269,
    "message_error_code": 8,
    "message_id": "http_error_fail,0,0-3145728,https://audio-cf-del-574.spotifycdn.com/audio/0ada67554414cdc5f4a8b2cc70a88c3d5408e32e?verify=1730167343-nDNEqvAy4GS9z8Yz2nkZ1rjGyeioKxZV3AMwhPHseec%3D",
    "message_playback_id": "XjehSj3ldOjrIs4btVqkxw==",
    "message_type": "cdn"
  },
  {
    "timestamp_utc": "2024-11-09T01:30:57.705Z",
    "context_application_version": "8.9.86.419",
    "context_conn_country": "US",
    "context_device_manufacturer": "apple",
    "context_device_model": "iPad14,4",
    "context_device_type": "tablet",
    "context_os_name": "ios",
    "context_os_version": "18.0.1",
    "context_receiver_service_timestamp": 1731115860133,
    "context_time": 1731115857705,
    "message_error_code": 8,
    "message_id": "http_error_fail,0,0-9437184,https://audio-cf-del-574.spotifycdn.com/audio/76e310919c14382bb1fc062b632e9bfd165d745b?verify=1731202256-h1mXVIrHYQ%2BqX8ZcNfUJIdRXb8HAIVJ%2BpNptpRgrJfo%3D",
    "message_playback_id": "AAAAAAAAAAAAAAAAAAAAAA==",
    "message_type": "cdn"
  },
  {
    "timestamp_utc": "2024-10-28T02:20:50.640Z",
    "context_application_version": "1.2.48.405",
    "context_conn_country": "US",
    "context_device_manufacturer": "Apple Inc.",
    "context_device_model": "MacBookPro16,2",
    "context_device_type": "desktop",
    "context_os_name": "osx",
    "context_os_version": "15.0.1",
    "context_receiver_service_timestamp": 1730082052718,
    "context_time": 1730082050640,
    "message_error_code": 8,
    "message_id": "http_error_fail,0,0-9437184,https://audio-cf-del-574.spotifycdn.com/audio/2c64f4f1dfaa416c7b567b3e3547bc0fd3b834c8?verify=1730168450-xMw%2FZIW9eS%2Btk8uU5WpXLnJI2O4wJirB1s%2Bcarhfl5M%3D",
    "message_playback_id": "AAAAAAAAAAAAAAAAAAAAAA==",
    "message_type": "cdn"
  },
  {
    "timestamp_utc": "2024-10-28T00:01:07.912Z",
    "context_application_version": "8.9.86.419",
    "context_conn_country": "US",
    "context_device_manufacturer": "apple",
    "context_device_model": "iPad14,4",
    "context_device_type": "tablet",
    "context_os_name": "ios",
    "context_os_version": "18.0.1",
    "context_receiver_service_timestamp": 1730073681773,
    "context_time": 1730073667912,
    "message_error_code": 8,
    "message_id": "http_error_fail,0,0-9437184,https://audio-cf-del-574.spotifycdn.com/audio/9df0b75aa080750cabb5bc335b3d5d8963ef1eec?verify=1730160067-xgrii7WxDaPSSG9pscHkRU%2FXSVWOqXKAnbZCbqwlCng%3D",
    "message_playback_id": "AAAAAAAAAAAAAAAAAAAAAA==",
    "message_type": "cdn"
  },
  {
    "timestamp_utc": "2024-11-16T05:03:59.635Z",
    "context_application_version": "8.9.90.84",
    "context_conn_country": "US",
    "context_device_manufacturer": "apple",
    "context_device_model": "iPad14,4",
    "context_device_type": "tablet",
    "context_os_name": "ios",
    "context_os_version": "18.0.1",
    "context_receiver_service_timestamp": 1731733441283,
    "context_time": 1731733439635,
    "message_error_code": 15,
    "message_id": "download_http_forbidden,403,2916352-5244492,https://audio4-fa.scdn.co/audio/1ffaac8a1b37a7ff754f27e15442e4d501269759?1731641021_2zI1j6muux6THOf9N9HykAyQOqxCweJPkv4K4qfOZ6s=",
    "message_playback_id": "AAAAAAAAAAAAAAAAAAAAAA==",
    "message_type": "cdn"
  },
  {
    "timestamp_utc": "2024-09-09T16:36:46.740Z",
    "context_application_version": "8.9.70.592",
    "context_conn_country": "US",
    "context_device_manufacturer": "apple",
    "context_device_model": "iPhone13,4",
    "context_device_type": "mobile",
    "context_os_name": "ios",
    "context_os_version": "17.6.1",
    "context_receiver_service_timestamp": 1725899822544,
    "context_time": 1725899806740,
    "message_error_code": 7,
    "message_id": "http_error_timeout,0,0-8666864,https://audio-ak-spotify-com.akamaized.net/audio/fe8b3a2adc8a4411ad13c5860389b94cfc34ebc2?__token__=exp=1725986186~hmac=15f71c2bbac19e63329421beca29a9eef6e1c985e36a01cf3e3e75ed861a57fe",
    "message_playback_id": "AAAAAAAAAAAAAAAAAAAAAA==",
    "message_type": "cdn"
  },
  {
    "timestamp_utc": "2024-10-18T04:38:47.929Z",
    "context_application_version": "8.9.82.628",
    "context_conn_country": "US",
    "context_device_manufacturer": "apple",
    "context_device_model": "iPad14,4",
    "context_device_type": "tablet",
    "context_os_name": "ios",
    "context_os_version": "18.0.1",
    "context_receiver_service_timestamp": 1729226350996,
    "context_time": 1729226327929,
    "message_error_code": 7,
    "message_id": "http_error_timeout,0,0-5672723,https://audio-ak-spotify-com.akamaized.net/audio/2163cecf69784315f7738cd567599fefce0f72d7?__token__=exp=1729312707~hmac=5f3a57b03fad02b98dbfb917246047273cd4cc6e6ba68def87b3fc3ccfe11d38",
    "message_playback_id": "AAAAAAAAAAAAAAAAAAAAAA==",
    "message_type": "cdn"
  },
  {
    "timestamp_utc": "2024-10-27T22:05:03.346Z",
    "context_application_version": "8.9.86.419",
    "context_conn_country": "US",
    "context_device_manufacturer": "apple",
    "context_device_model": "iPad14,4",
    "context_device_type": "tablet",
    "context_os_name": "ios",
    "context_os_version": "18.0.1",
    "context_receiver_service_timestamp": 1730066713938,
    "context_time": 1730066703346,
    "message_error_code": 8,
    "message_id": "http_error_fail,0,0-9437184,https://audio-cf-del-574.spotifycdn.com/audio/a31817fb0da7d38edbfa1725947f32ec48df258e?verify=1730153103-4YiwL8MhcNg2dKrlwpA%2BOUNp%2BuoYeZGlDBxsVfkT3VQ%3D",
    "message_playback_id": "AAAAAAAAAAAAAAAAAAAAAA==",
    "message_type": "cdn"
  },
  {
    "timestamp_utc": "2024-11-19T00:20:19.805Z",
    "context_application_version": "8.9.90.84",
    "context_conn_country": "US",
    "context_device_manufacturer": "apple",
    "context_device_model": "iPhone13,4",
    "context_device_type": "mobile",
    "context_os_name": "ios",
    "context_os_version": "18.0.1",
    "context_receiver_service_timestamp": 1731975632425,
    "context_time": 1731975619805,
    "message_error_code": 7,
    "message_id": "http_error_timeout,0,2244608-11681792,https://audio-ak-spotify-com.akamaized.net/audio/507555a0366662cdf21c99e446600ecf4f24481d?__token__=exp=1732061959~hmac=a2f77200401461bd75f143882aacbb89a47172df4516ad86fab3207b54df7222",
    "message_playback_id": "AAAAAAAAAAAAAAAAAAAAAA==",
    "message_type": "cdn"
  },
  {
    "timestamp_utc": "2024-10-14T23:33:53.432Z",
    "context_application_version": "8.9.82.628",
    "context_conn_country": "US",
    "context_device_manufacturer": "apple",
    "context_device_model": "iPhone13,4",
    "context_device_type": "mobile",
    "context_os_name": "ios",
    "context_os_version": "18.0.1",
    "context_receiver_service_timestamp": 1728948843955,
    "context_time": 1728948833432,
    "message_error_code": 7,
    "message_id": "http_error_timeout,0,2031616-3111488,https://audio4-fa.scdn.co/audio/9498dc7621349f9a329f941ce682f2df6d3ccb64?1729035193_GadsVnFNXsu6-8w9phuBizkMvhzQGzbcIay6yLaL0Bs=",
    "message_playback_id": "AAAAAAAAAAAAAAAAAAAAAA==",
    "message_type": "cdn"
  },
  {
    "timestamp_utc": "2024-11-19T00:19:59.674Z",
    "context_application_version": "8.9.90.84",
    "context_conn_country": "US",
    "context_device_manufacturer": "apple",
    "context_device_model": "iPhone13,4",
    "context_device_type": "mobile",
    "context_os_name": "ios",
    "context_os_version": "18.0.1",
    "context_receiver_service_timestamp": 1731975602338,
    "context_time": 1731975599674,
    "message_error_code": 7,
    "message_id": "http_error_timeout,0,262144-9699328,https://audio4-fa.scdn.co/audio/507555a0366662cdf21c99e446600ecf4f24481d?1732061959_QVZhWylXe-mWtwFDWEvsgCjhCewUvaRbuoNf1dcUllU=",
    "message_playback_id": "AAAAAAAAAAAAAAAAAAAAAA==",
    "message_type": "cdn"
  },
  {
    "timestamp_utc": "2024-10-28T02:02:28.461Z",
    "context_application_version": "1.2.48.405",
    "context_conn_country": "US",
    "context_device_manufacturer": "Apple Inc.",
    "context_device_model": "MacBookPro16,2",
    "context_device_type": "desktop",
    "context_os_name": "osx",
    "context_os_version": "15.0.1",
    "context_receiver_service_timestamp": 1730080972837,
    "context_time": 1730080948461,
    "message_error_code": 8,
    "message_id": "http_error_fail,0,0-9437184,https://audio-cf-del-574.spotifycdn.com/audio/5c7fcaa6f213b1ea7f5fc448213a6fc6b0503971?verify=1730167348-5%2FoBR1J8d7nWETOwu0vTRXfduzjFS5KpLNMedye65Ko%3D",
    "message_playback_id": "AAAAAAAAAAAAAAAAAAAAAA==",
    "message_type": "cdn"
  },
  {
    "timestamp_utc": "2024-10-01T00:13:53.446Z",
    "context_application_version": "8.9.76.516",
    "context_conn_country": "US",
    "context_device_manufacturer": "apple",
    "context_device_model": "iPhone13,4",
    "context_device_type": "mobile",
    "context_os_name": "ios",
    "context_os_version": "18.0",
    "context_receiver_service_timestamp": 1727741638135,
    "context_time": 1727741633446,
    "message_error_code": 7,
    "message_id": "http_error_timeout,0,2293760-8426133,https://audio4-fa.scdn.co/audio/1395a547c66c15e128d5d86d95814f66daab9f20?1727827991_IDF5DjjurijZIWdPqn2i5UQ9EOj-CzCGgmwqvCDyYac=",
    "message_playback_id": "AAAAAAAAAAAAAAAAAAAAAA==",
    "message_type": "cdn"
  },
  {
    "timestamp_utc": "2024-11-19T11:43:15.918Z",
    "context_application_version": "8.9.90.84",
    "context_conn_country": "US",
    "context_device_manufacturer": "apple",
    "context_device_model": "iPad14,4",
    "context_device_type": "tablet",
    "context_os_name": "ios",
    "context_os_version": "18.0.1",
    "context_receiver_service_timestamp": 1732016619022,
    "context_time": 1732016595918,
    "message_error_code": 15,
    "message_id": "download_http_forbidden,403,196608-8277004,https://audio-ak-spotify-com.akamaized.net/audio/8172dc9e150bf0181a9099902f74568ee9df0ecb?__token__=exp=1731921269~hmac=9ac1eaad20cf723ef05c575c0252586182919128d096f5bc5328e7fc5b5182fa",
    "message_playback_id": "AAAAAAAAAAAAAAAAAAAAAA==",
    "message_type": "cdn"
  },
  {
    "timestamp_utc": "2024-10-27T22:05:01.740Z",
    "context_application_version": "8.9.86.419",
    "context_conn_country": "US",
    "context_device_manufacturer": "apple",
    "context_device_model": "iPad14,4",
    "context_device_type": "tablet",
    "context_os_name": "ios",
    "context_os_version": "18.0.1",
    "context_receiver_service_timestamp": 1730066713938,
    "context_time": 1730066701740,
    "message_error_code": 8,
    "message_id": "http_error_fail,0,0-9437184,https://audio-cf-del-574.spotifycdn.com/audio/ec9ad145d58c0c0091e3c932af636246ac58b128?verify=1730153101-%2FbBAc70woLV34kF7ECYtcWmCTf5JNSqVNmCdcRnMg1I%3D",
    "message_playback_id": "AAAAAAAAAAAAAAAAAAAAAA==",
    "message_type": "cdn"
  },
  {
    "timestamp_utc": "2024-10-28T02:12:09.570Z",
    "context_application_version": "1.2.48.405",
    "context_conn_country": "US",
    "context_device_manufacturer": "Apple Inc.",
    "context_device_model": "MacBookPro16,2",
    "context_device_type": "desktop",
    "context_os_name": "osx",
    "context_os_version": "15.0.1",
    "context_receiver_service_timestamp": 1730081542737,
    "context_time": 1730081529570,
    "message_error_code": 8,
    "message_id": "http_error_fail,0,0-9437184,https://audio-cf-del-574.spotifycdn.com/audio/3b08c8638c74592e37b672e5cb4139ca4b6e6f5a?verify=1730167929-9QN%2BDqaVyacDrXefYw%2Bg7OKRcxSOrQ%2BKahdAWL2Ad9s%3D",
    "message_playback_id": "AAAAAAAAAAAAAAAAAAAAAA==",
    "message_type": "cdn"
  },
  {
    "timestamp_utc": "2024-11-02T09:55:53.990Z",
    "context_application_version": "8.9.86.419",
    "context_conn_country": "US",
    "context_device_manufacturer": "apple",
    "context_device_model": "iPad14,4",
    "context_device_type": "tablet",
    "context_os_name": "ios",
    "context_os_version": "18.0.1",
    "context_receiver_service_timestamp": 1730543106595,
    "context_time": 1730541353990,
    "message_error_code": 15,
    "message_id": "download_http_forbidden,403,1212416-8813636,https://audio4-fa.scdn.co/audio/e06554fa48a92dee9f00b9aed7b4ee2401875364?1730495097_aPA7ya-2hPZTO47MhplGQvbL07wRlnq9K1B6QxrfKXE=",
    "message_playback_id": "AAAAAAAAAAAAAAAAAAAAAA==",
    "message_type": "cdn"
  },
  {
    "timestamp_utc": "2024-10-01T00:13:32.465Z",
    "context_application_version": "8.9.76.516",
    "context_conn_country": "US",
    "context_device_manufacturer": "apple",
    "context_device_model": "iPhone13,4",
    "context_device_type": "mobile",
    "context_os_name": "ios",
    "context_os_version": "18.0",
    "context_receiver_service_timestamp": 1727741626467,
    "context_time": 1727741612465,
    "message_error_code": 7,
    "message_id": "http_error_timeout,0,0-8426133,https://audio-ak-spotify-com.akamaized.net/audio/1395a547c66c15e128d5d86d95814f66daab9f20?__token__=exp=1727827991~hmac=ace3f0490f7861f1d6cdf7f926fcdd2077c1ff93f5d1c581f1f9b5c5fc4b585b",
    "message_playback_id": "AAAAAAAAAAAAAAAAAAAAAA==",
    "message_type": "cdn"
  },
  {
    "timestamp_utc": "2024-10-28T01:23:11.679Z",
    "context_application_version": "1.2.48.405",
    "context_conn_country": "US",
    "context_device_manufacturer": "Apple Inc.",
    "context_device_model": "MacBookPro16,2",
    "context_device_type": "desktop",
    "context_os_name": "osx",
    "context_os_version": "15.0.1",
    "context_receiver_service_timestamp": 1730078602784,
    "context_time": 1730078591679,
    "message_error_code": 8,
    "message_id": "http_error_fail,0,0-9437184,https://audio-cf-del-574.spotifycdn.com/audio/db0ad234445fa01ecf5a4b4312042e1b3b6d8826?verify=1730164991-EB4MgnlBrO9A9LKJnu%2FXnbgwHPNHcCJseOB9DCyC4FA%3D",
    "message_playback_id": "AAAAAAAAAAAAAAAAAAAAAA==",
    "message_type": "cdn"
  },
  {
    "timestamp_utc": "2024-10-21T20:11:26.258Z",
    "context_application_version": "8.9.82.628",
    "context_conn_country": "US",
    "context_device_manufacturer": "apple",
    "context_device_model": "iPhone13,4",
    "context_device_type": "mobile",
    "context_os_name": "ios",
    "context_os_version": "18.0.1",
    "context_receiver_service_timestamp": 1729541503885,
    "context_time": 1729541486258,
    "message_error_code": 13,
    "message_id": "download_timeout,0,0-3145728,https://audio-cf-del-574.spotifycdn.com/audio/458c73670065c27310e6de182f77fc86194c7a08?verify=1729627881-jRUc7BG%2BzxPC5dYKbjPweF71qdwWqoGV2zUrMBQK04c%3D",
    "message_playback_id": "4sV1NQR7iaHZiY8DKpkwtw==",
    "message_type": "cdn"
  },
  {
    "timestamp_utc": "2024-11-16T05:03:59.837Z",
    "context_application_version": "8.9.90.84",
    "context_conn_country": "US",
    "context_device_manufacturer": "apple",
    "context_device_model": "iPad14,4",
    "context_device_type": "tablet",
    "context_os_name": "ios",
    "context_os_version": "18.0.1",
    "context_receiver_service_timestamp": 1731733441283,
    "context_time": 1731733439837,
    "message_error_code": 15,
    "message_id": "download_http_forbidden,403,2916352-5244492,https://audio-ak-spotify-com.akamaized.net/audio/1ffaac8a1b37a7ff754f27e15442e4d501269759?__token__=exp=1731641021~hmac=4788ded3a689b2b88d0b8936f73da051cbcd903b420f349e7a744d7dcf9164c4",
    "message_playback_id": "AAAAAAAAAAAAAAAAAAAAAA==",
    "message_type": "cdn"
  },
  {
    "timestamp_utc": "2024-09-03T22:01:15.587Z",
    "context_application_version": "8.9.68.490",
    "context_conn_country": "US",
    "context_device_manufacturer": "apple",
    "context_device_model": "iPhone13,4",
    "context_device_type": "mobile",
    "context_os_name": "ios",
    "context_os_version": "17.6.1",
    "context_receiver_service_timestamp": 1725400890203,
    "context_time": 1725400875587,
    "message_error_code": 7,
    "message_id": "http_error_timeout,0,0-9437184,https://audio-ak-spotify-com.akamaized.net/audio/052d4419daf3ac4d665156bd62cb25bfac0d5b12?__token__=exp=1725487254~hmac=dd67ebb7adf93d5944f2f002cebab642106ee0c6034ddd81834e7b54612372fe",
    "message_playback_id": "AAAAAAAAAAAAAAAAAAAAAA==",
    "message_type": "cdn"
  },
  {
    "timestamp_utc": "2024-10-27T22:04:52.296Z",
    "context_application_version": "8.9.86.419",
    "context_conn_country": "US",
    "context_device_manufacturer": "apple",
    "context_device_model": "iPad14,4",
    "context_device_type": "tablet",
    "context_os_name": "ios",
    "context_os_version": "18.0.1",
    "context_receiver_service_timestamp": 1730066713938,
    "context_time": 1730066692296,
    "message_error_code": 8,
    "message_id": "http_error_fail,0,0-9437184,https://audio-cf-del-574.spotifycdn.com/audio/7618bf6e42f34dab6b5835f579b3922ce3707e79?verify=1730153092-b4MWf4w06vGsW%2Bj6L%2BxNIdAIIATX22FzTMsTB2E04OU%3D",
    "message_playback_id": "AAAAAAAAAAAAAAAAAAAAAA==",
    "message_type": "cdn"
  },
  {
    "timestamp_utc": "2024-11-19T00:20:40.534Z",
    "context_application_version": "8.9.90.84",
    "context_conn_country": "US",
    "context_device_manufacturer": "apple",
    "context_device_model": "iPhone13,4",
    "context_device_type": "mobile",
    "context_os_name": "ios",
    "context_os_version": "18.0.1",
    "context_receiver_service_timestamp": 1731975662564,
    "context_time": 1731975640534,
    "message_error_code": 7,
    "message_id": "http_error_timeout,0,2555904-11993088,https://audio4-fa.scdn.co/audio/507555a0366662cdf21c99e446600ecf4f24481d?1732061959_QVZhWylXe-mWtwFDWEvsgCjhCewUvaRbuoNf1dcUllU=",
    "message_playback_id": "AAAAAAAAAAAAAAAAAAAAAA==",
    "message_type": "cdn"
  },
  {
    "timestamp_utc": "2024-09-01T20:50:51.238Z",
    "context_application_version": "8.9.68.490",
    "context_conn_country": "US",
    "context_device_manufacturer": "apple",
    "context_device_model": "iPhone13,4",
    "context_device_type": "mobile",
    "context_os_name": "ios",
    "context_os_version": "17.6.1",
    "context_receiver_service_timestamp": 1725223870945,
    "context_time": 1725223851238,
    "message_error_code": 7,
    "message_id": "http_error_timeout,0,0-6599893,https://audio-ak-spotify-com.akamaized.net/audio/21de3cf9bd4a27fa3ae516ece8a943e9129123ab?__token__=exp=1725310231~hmac=1e5cbdcb2eb4c6492168191fcac13ed2ce10298267b6d32748f7871a546eeece",
    "message_playback_id": "AAAAAAAAAAAAAAAAAAAAAA==",
    "message_type": "cdn"
  },
  {
    "timestamp_utc": "2024-10-18T04:52:37.765Z",
    "context_application_version": "8.9.82.628",
    "context_conn_country": "US",
    "context_device_manufacturer": "apple",
    "context_device_model": "iPad14,4",
    "context_device_type": "tablet",
    "context_os_name": "ios",
    "context_os_version": "18.0.1",
    "context_receiver_service_timestamp": 1729227160992,
    "context_time": 1729227157765,
    "message_error_code": 7,
    "message_id": "http_error_timeout,0,0-8277553,https://audio-ak-spotify-com.akamaized.net/audio/4d14b38d8c80a2028e0edf99cae6959f8a8e8692?__token__=exp=1729313537~hmac=f8f2053654a924c7ac8521114543d8905c06405e03074ed3afc535c6b79ccb07",
    "message_playback_id": "AAAAAAAAAAAAAAAAAAAAAA==",
    "message_type": "cdn"
  },
  {
    "timestamp_utc": "2024-10-05T23:00:44.927Z",
    "context_application_version": "8.9.76.516",
    "context_conn_country": "US",
    "context_device_manufacturer": "apple",
    "context_device_model": "iPhone13,4",
    "context_device_type": "mobile",
    "context_os_name": "ios",
    "context_os_version": "18.0",
    "context_receiver_service_timestamp": 1728169252494,
    "context_time": 1728169244927,
    "message_error_code": 13,
    "message_id": "download_timeout,0,3653632-4278228,https://audio-ak-spotify-com.akamaized.net/audio/3e9e7fb2bd5df110d333bbbb135235ecc513b778?__token__=exp=1728255271~hmac=bc589afd543ea015affb205ecaa6530f110f6646f6ad36e493c658bbf99a1187",
    "message_playback_id": "+qGqDaBa+eERwt9TOqGXTA==",
    "message_type": "cdn"
  },
  {
    "timestamp_utc": "2024-10-14T23:32:16.117Z",
    "context_application_version": "8.9.82.628",
    "context_conn_country": "US",
    "context_device_manufacturer": "apple",
    "context_device_model": "iPhone13,4",
    "context_device_type": "mobile",
    "context_os_name": "ios",
    "context_os_version": "18.0.1",
    "context_receiver_service_timestamp": 1728948749419,
    "context_time": 1728948736117,
    "message_error_code": 7,
    "message_id": "http_error_timeout,0,0-6675588,https://audio-ak-spotify-com.akamaized.net/audio/b569e0b47bed424e2f8b55a451ae77a72b59b387?__token__=exp=1729035115~hmac=d85855faecbea7644bc0ba2ea62eb97383beef3e6fbc98104b181af44f785504",
    "message_playback_id": "AAAAAAAAAAAAAAAAAAAAAA==",
    "message_type": "cdn"
  },
  {
    "timestamp_utc": "2024-10-27T22:05:01.359Z",
    "context_application_version": "8.9.86.419",
    "context_conn_country": "US",
    "context_device_manufacturer": "apple",
    "context_device_model": "iPad14,4",
    "context_device_type": "tablet",
    "context_os_name": "ios",
    "context_os_version": "18.0.1",
    "context_receiver_service_timestamp": 1730066713938,
    "context_time": 1730066701359,
    "message_error_code": 8,
    "message_id": "http_error_fail,0,0-9437184,https://audio-cf-del-574.spotifycdn.com/audio/ae54b883a643bc17334cb09fcf2fadd65c23c770?verify=1730153101-8U5D%2F174cEuet9kteIFjOvvE795hUSwW6TGK3%2BaDf%2FU%3D",
    "message_playback_id": "AAAAAAAAAAAAAAAAAAAAAA==",
    "message_type": "cdn"
  },
  {
    "timestamp_utc": "2024-09-18T03:12:04.611Z",
    "context_application_version": "8.9.74.535",
    "context_conn_country": "US",
    "context_device_manufacturer": "apple",
    "context_device_model": "iPhone13,4",
    "context_device_type": "mobile",
    "context_os_name": "ios",
    "context_os_version": "17.6.1",
    "context_receiver_service_timestamp": 1726629148179,
    "context_time": 1726629124611,
    "message_error_code": 7,
    "message_id": "http_error_timeout,0,0-8646117,https://audio-ak-spotify-com.akamaized.net/audio/427d2661db45590ba3699c74c6da3441ba8a9b46?__token__=exp=1726715503~hmac=5c71b843061568013b2f8c5b2f2928f034aae610ad2cfd718c3252486463ad8c",
    "message_playback_id": "AAAAAAAAAAAAAAAAAAAAAA==",
    "message_type": "cdn"
  },
  {
    "timestamp_utc": "2024-11-19T00:24:18.904Z",
    "context_application_version": "8.9.90.84",
    "context_conn_country": "US",
    "context_device_manufacturer": "apple",
    "context_device_model": "iPhone13,4",
    "context_device_type": "mobile",
    "context_os_name": "ios",
    "context_os_version": "18.0.1",
    "context_receiver_service_timestamp": 1731975872366,
    "context_time": 1731975858904,
    "message_error_code": 7,
    "message_id": "http_error_timeout,0,16809984-19063428,https://audio4-fa.scdn.co/audio/4fb0f032f996d86ae8314662f1473db82e51a970?1732062233_Ta_YZGxtuDO44DPPzjq4L1AuhJIcwsAyiNy0Vw_Ysls=",
    "message_playback_id": "d9XJ2Mo4MBaIWAislJL3ew==",
    "message_type": "cdn"
  },
  {
    "timestamp_utc": "2024-09-09T18:22:35.675Z",
    "context_application_version": "8.9.70.592",
    "context_conn_country": "US",
    "context_device_manufacturer": "apple",
    "context_device_model": "iPhone13,4",
    "context_device_type": "mobile",
    "context_os_name": "ios",
    "context_os_version": "17.6.1",
    "context_receiver_service_timestamp": 1725906158838,
    "context_time": 1725906155675,
    "message_error_code": 7,
    "message_id": "http_error_timeout,0,0-7207978,https://audio-ak-spotify-com.akamaized.net/audio/8db11fb56ce4539a4885c5a9d7f76d22a54aaa7c?__token__=exp=1725992535~hmac=93e46c13a24463c57a1ea2d74a0f642991e3211ba0e2376a425b8274cf4ec213",
    "message_playback_id": "AAAAAAAAAAAAAAAAAAAAAA==",
    "message_type": "cdn"
  },
  {
    "timestamp_utc": "2024-11-01T18:09:41.980Z",
    "context_application_version": "8.9.86.419",
    "context_conn_country": "US",
    "context_device_manufacturer": "apple",
    "context_device_model": "iPhone13,4",
    "context_device_type": "mobile",
    "context_os_name": "ios",
    "context_os_version": "18.0.1",
    "context_receiver_service_timestamp": 1730484603085,
    "context_time": 1730484581980,
    "message_error_code": 7,
    "message_id": "http_error_timeout,0,0-9437184,https://audio-cf-del-574.spotifycdn.com/audio/5c40c030aed5e192b72a90eaf3dc566ae62e3fec?verify=1730570961-dKOtgbMYmTqi80ST2YTa%2FnRbMBFsVpW5U08CBD3PafQ%3D",
    "message_playback_id": "AAAAAAAAAAAAAAAAAAAAAA==",
    "message_type": "cdn"
  },
  {
    "timestamp_utc": "2024-09-04T17:59:21.447Z",
    "context_application_version": "8.9.68.490",
    "context_conn_country": "US",
    "context_device_manufacturer": "apple",
    "context_device_model": "iPhone13,4",
    "context_device_type": "mobile",
    "context_os_name": "ios",
    "context_os_version": "17.6.1",
    "context_receiver_service_timestamp": 1725472769442,
    "context_time": 1725472761447,
    "message_error_code": 7,
    "message_id": "http_error_timeout,0,0-9437184,https://audio-ak-spotify-com.akamaized.net/audio/1513814abc69ef91634a458ce58ed63b0bcc6242?__token__=exp=1725559141~hmac=d9f0d61b28dd4809ed3fd61eb6846e4db70c4c70712e8d58c84dd439efcb6893",
    "message_playback_id": "AAAAAAAAAAAAAAAAAAAAAA==",
    "message_type": "cdn"
  },
  {
    "timestamp_utc": "2024-09-06T22:22:16.991Z",
    "context_application_version": "8.9.70.592",
    "context_conn_country": "US",
    "context_device_manufacturer": "apple",
    "context_device_model": "iPhone13,4",
    "context_device_type": "mobile",
    "context_os_name": "ios",
    "context_os_version": "17.6.1",
    "context_receiver_service_timestamp": 1725661342193,
    "context_time": 1725661336991,
    "message_error_code": 8,
    "message_id": "http_error_fail,0,13107200-13732516,https://audio-ak-spotify-com.akamaized.net/audio/684b39de47f06adf01c5bc92ebaf1210d6fbd18a?__token__=exp=1725747684~hmac=2de5c5fde886e1b76bd7399ee37928d562e3517618d904f7eecf687910f593a5",
    "message_playback_id": "kojCcGJLk2iwOjDsHmsWvw==",
    "message_type": "cdn"
  },
  {
    "timestamp_utc": "2024-08-27T21:19:30.886Z",
    "context_application_version": "8.9.68.490",
    "context_conn_country": "US",
    "context_device_manufacturer": "apple",
    "context_device_model": "iPhone13,4",
    "context_device_type": "mobile",
    "context_os_name": "ios",
    "context_os_version": "17.5.1",
    "context_receiver_service_timestamp": 1724793591904,
    "context_time": 1724793570886,
    "message_error_code": 7,
    "message_id": "http_error_timeout,0,0-6419792,https://audio-ak-spotify-com.akamaized.net/audio/6ec0fe356711a23e2955490580a35aafe2897c3f?__token__=exp=1724879949~hmac=62b4a151536d947c531bce6635aa3d4c987b234fb61c6169c3f4d06a53ce10e3",
    "message_playback_id": "AAAAAAAAAAAAAAAAAAAAAA==",
    "message_type": "cdn"
  },
  {
    "timestamp_utc": "2024-09-04T06:27:04.571Z",
    "context_application_version": "8.9.68.490",
    "context_conn_country": "US",
    "context_device_manufacturer": "apple",
    "context_device_model": "iPad14,4",
    "context_device_type": "tablet",
    "context_os_name": "ios",
    "context_os_version": "17.6.1",
    "context_receiver_service_timestamp": 1725431232064,
    "context_time": 1725431224571,
    "message_error_code": 13,
    "message_id": "download_timeout,0,9437184-9663636,https://audio-ak-spotify-com.akamaized.net/audio/4b84c8279e200ac48259c014afdf1d268380fd0b?__token__=exp=1725477241~hmac=8c0d7348c43e371ab3bece23ab0c54db9dd6f6dbdf6a0f198fd575c3ebfd090d",
    "message_playback_id": "AAAAAAAAAAAAAAAAAAAAAA==",
    "message_type": "cdn"
  },
  {
    "timestamp_utc": "2024-11-19T00:12:58.477Z",
    "context_application_version": "8.9.90.84",
    "context_conn_country": "US",
    "context_device_manufacturer": "apple",
    "context_device_model": "iPhone13,4",
    "context_device_type": "mobile",
    "context_os_name": "ios",
    "context_os_version": "18.0.1",
    "context_receiver_service_timestamp": 1731975182348,
    "context_time": 1731975178477,
    "message_error_code": 7,
    "message_id": "http_error_timeout,0,0-9437184,https://audio-ak-spotify-com.akamaized.net/audio/4fb0f032f996d86ae8314662f1473db82e51a970?__token__=exp=1732061558~hmac=1555ab5a4853d8341cea84b996627cc631111440de0bab9a0641cc625a41148a",
    "message_playback_id": "AAAAAAAAAAAAAAAAAAAAAA==",
    "message_type": "cdn"
  },
  {
    "timestamp_utc": "2024-10-28T02:05:52.759Z",
    "context_application_version": "1.2.48.405",
    "context_conn_country": "US",
    "context_device_manufacturer": "Apple Inc.",
    "context_device_model": "MacBookPro16,2",
    "context_device_type": "desktop",
    "context_os_name": "osx",
    "context_os_version": "15.0.1",
    "context_receiver_service_timestamp": 1730081182781,
    "context_time": 1730081152759,
    "message_error_code": 8,
    "message_id": "http_error_fail,0,0-9437184,https://audio-cf-del-574.spotifycdn.com/audio/dd713d7b0a164645da2b103f36f9b367a624abb3?verify=1730167552-L1JtW3gO4H2VcJSvwiyyS7GXlUFImeBIjsdLFApbOD4%3D",
    "message_playback_id": "AAAAAAAAAAAAAAAAAAAAAA==",
    "message_type": "cdn"
  },
  {
    "timestamp_utc": "2024-11-02T09:55:54.367Z",
    "context_application_version": "8.9.86.419",
    "context_conn_country": "US",
    "context_device_manufacturer": "apple",
    "context_device_model": "iPad14,4",
    "context_device_type": "tablet",
    "context_os_name": "ios",
    "context_os_version": "18.0.1",
    "context_receiver_service_timestamp": 1730543106595,
    "context_time": 1730541354367,
    "message_error_code": 15,
    "message_id": "download_http_forbidden,403,1212416-8813636,https://audio-cf-del-574.spotifycdn.com/audio/e06554fa48a92dee9f00b9aed7b4ee2401875364?verify=1730495097-sOJEqTl1srAQG%2BYRihkcVr2HafyIX3W7PQeQ8CMW2VM%3D",
    "message_playback_id": "AAAAAAAAAAAAAAAAAAAAAA==",
    "message_type": "cdn"
  },
  {
    "timestamp_utc": "2024-09-06T22:21:45.138Z",
    "context_application_version": "8.9.70.592",
    "context_conn_country": "US",
    "context_device_manufacturer": "apple",
    "context_device_model": "iPhone13,4",
    "context_device_type": "mobile",
    "context_os_name": "ios",
    "context_os_version": "17.6.1",
    "context_receiver_service_timestamp": 1725661342193,
    "context_time": 1725661305138,
    "message_error_code": 7,
    "message_id": "http_error_timeout,0,12582912-13732516,https://audio-ak-spotify-com.akamaized.net/audio/684b39de47f06adf01c5bc92ebaf1210d6fbd18a?__token__=exp=1725747684~hmac=2de5c5fde886e1b76bd7399ee37928d562e3517618d904f7eecf687910f593a5",
    "message_playback_id": "kojCcGJLk2iwOjDsHmsWvw==",
    "message_type": "cdn"
  },
  {
    "timestamp_utc": "2024-11-18T23:55:01.591Z",
    "context_application_version": "8.9.90.84",
    "context_conn_country": "US",
    "context_device_manufacturer": "apple",
    "context_device_model": "iPhone13,4",
    "context_device_type": "mobile",
    "context_os_name": "ios",
    "context_os_version": "18.0.1",
    "context_receiver_service_timestamp": 1731974102406,
    "context_time": 1731974101591,
    "message_error_code": 7,
    "message_id": "http_error_timeout,0,0-9437184,https://audio-ak-spotify-com.akamaized.net/audio/690dd51992fcc30e347e26a34a4375e1feb21309?__token__=exp=1732060481~hmac=8bc4237fc77e421ea823c3b9ae8495c5c89d9e471baa01e3de2545fc1883b596",
    "message_playback_id": "AAAAAAAAAAAAAAAAAAAAAA==",
    "message_type": "cdn"
  },
  {
    "timestamp_utc": "2024-11-19T00:24:38.914Z",
    "context_application_version": "8.9.90.84",
    "context_conn_country": "US",
    "context_device_manufacturer": "apple",
    "context_device_model": "iPhone13,4",
    "context_device_type": "mobile",
    "context_os_name": "ios",
    "context_os_version": "18.0.1",
    "context_receiver_service_timestamp": 1731975902299,
    "context_time": 1731975878914,
    "message_error_code": 7,
    "message_id": "http_error_timeout,0,18104320-19063428,https://audio-ak-spotify-com.akamaized.net/audio/4fb0f032f996d86ae8314662f1473db82e51a970?__token__=exp=1732062233~hmac=4f1b725a12631a0a0a01fbb04c77c4f074b089e2ab44952e732b2febfa9435a1",
    "message_playback_id": "d9XJ2Mo4MBaIWAislJL3ew==",
    "message_type": "cdn"
  },
  {
    "timestamp_utc": "2024-11-19T00:01:22.528Z",
    "context_application_version": "8.9.90.84",
    "context_conn_country": "US",
    "context_device_manufacturer": "apple",
    "context_device_model": "iPhone13,4",
    "context_device_type": "mobile",
    "context_os_name": "ios",
    "context_os_version": "18.0.1",
    "context_receiver_service_timestamp": 1731974492413,
    "context_time": 1731974482528,
    "message_error_code": 7,
    "message_id": "http_error_timeout,0,0-9437184,https://audio-ak-spotify-com.akamaized.net/audio/c55ff25949199433103e089a93317dc70a00e707?__token__=exp=1732060861~hmac=87ddaceec36c35de6fadbb3a3b7587e4a6058f97d94795661031ec5c13ee1b5f",
    "message_playback_id": "AAAAAAAAAAAAAAAAAAAAAA==",
    "message_type": "cdn"
  },
  {
    "timestamp_utc": "2024-09-04T19:31:45.665Z",
    "context_application_version": "8.9.68.490",
    "context_conn_country": "US",
    "context_device_manufacturer": "apple",
    "context_device_model": "iPhone13,4",
    "context_device_type": "mobile",
    "context_os_name": "ios",
    "context_os_version": "17.6.1",
    "context_receiver_service_timestamp": 1725478311559,
    "context_time": 1725478305665,
    "message_error_code": 7,
    "message_id": "http_error_timeout,0,0-8034920,https://audio-ak-spotify-com.akamaized.net/audio/57af266a691f67f8b2460508f73bad9b7ccfd81f?__token__=exp=1725564685~hmac=4937826aa12d920ecbe3abb357a3988eae7f8c8043e6818e508ed4d248774d85",
    "message_playback_id": "AAAAAAAAAAAAAAAAAAAAAA==",
    "message_type": "cdn"
  },
  {
    "timestamp_utc": "2024-10-28T01:25:19.874Z",
    "context_application_version": "1.2.48.405",
    "context_conn_country": "US",
    "context_device_manufacturer": "Apple Inc.",
    "context_device_model": "MacBookPro16,2",
    "context_device_type": "desktop",
    "context_os_name": "osx",
    "context_os_version": "15.0.1",
    "context_receiver_service_timestamp": 1730078722811,
    "context_time": 1730078719874,
    "message_error_code": 8,
    "message_id": "http_error_fail,0,0-9437184,https://audio-cf-del-574.spotifycdn.com/audio/844939ba6b88753bfb93edf8b6dd8720c3e4cc0c?verify=1730165119-KYe9PT9MZh6ZjXuXdesFe1Wzhv04ZkMPZeF5QBbWmJM%3D",
    "message_playback_id": "AAAAAAAAAAAAAAAAAAAAAA==",
    "message_type": "cdn"
  },
  {
    "timestamp_utc": "2024-10-27T23:09:52.522Z",
    "context_application_version": "8.9.86.419",
    "context_conn_country": "US",
    "context_device_manufacturer": "apple",
    "context_device_model": "iPad14,4",
    "context_device_type": "tablet",
    "context_os_name": "ios",
    "context_os_version": "18.0.1",
    "context_receiver_service_timestamp": 1730070621819,
    "context_time": 1730070592522,
    "message_error_code": 8,
    "message_id": "http_error_fail,0,0-9437184,https://audio-cf-del-574.spotifycdn.com/audio/b6395b6bc10d2b69de6ffb8a1fa0487d6d435da4?verify=1730156992-u9BjuQpiuaKNEJ%2BBry4dsXzl3VWCr0HEZb3KsrIz7G0%3D",
    "message_playback_id": "AAAAAAAAAAAAAAAAAAAAAA==",
    "message_type": "cdn"
  },
  {
    "timestamp_utc": "2024-11-19T00:13:59.527Z",
    "context_application_version": "8.9.90.84",
    "context_conn_country": "US",
    "context_device_manufacturer": "apple",
    "context_device_model": "iPhone13,4",
    "context_device_type": "mobile",
    "context_os_name": "ios",
    "context_os_version": "18.0.1",
    "context_receiver_service_timestamp": 1731975242554,
    "context_time": 1731975239527,
    "message_error_code": 7,
    "message_id": "http_error_timeout,0,9142272-16809984,https://audio4-fa.scdn.co/audio/4fb0f032f996d86ae8314662f1473db82e51a970?1732061558_AB_6p_BbZl7H0tVv4sRTQ8JkOtNbnUPhQ1yk0c9ZoTY=",
    "message_playback_id": "AAAAAAAAAAAAAAAAAAAAAA==",
    "message_type": "cdn"
  },
  {
    "timestamp_utc": "2024-10-28T00:18:07.039Z",
    "context_application_version": "8.9.86.419",
    "context_conn_country": "US",
    "context_device_manufacturer": "apple",
    "context_device_model": "iPad14,4",
    "context_device_type": "tablet",
    "context_os_name": "ios",
    "context_os_version": "18.0.1",
    "context_receiver_service_timestamp": 1730074696956,
    "context_time": 1730074687039,
    "message_error_code": 8,
    "message_id": "http_error_fail,0,0-9437184,https://audio-cf-del-574.spotifycdn.com/audio/6ed50d6c56789f3326aafdc8b501d94935765519?verify=1730161087-rGAiWfChhu6EFFguD2VKtr5v1Y%2FtQalAGKVjIYm8M4o%3D",
    "message_playback_id": "AAAAAAAAAAAAAAAAAAAAAA==",
    "message_type": "cdn"
  },
  {
    "timestamp_utc": "2024-10-28T00:17:15.145Z",
    "context_application_version": "8.9.86.419",
    "context_conn_country": "US",
    "context_device_manufacturer": "apple",
    "context_device_model": "iPad14,4",
    "context_device_type": "tablet",
    "context_os_name": "ios",
    "context_os_version": "18.0.1",
    "context_receiver_service_timestamp": 1730074635526,
    "context_time": 1730074635145,
    "message_error_code": 8,
    "message_id": "http_error_fail,0,131072-3276800,https://audio-cf-del-574.spotifycdn.com/audio/96aa5963308f1571952a33d16e611438132ac03a?verify=1730161035-yHCoBpPPiL%2BQPJTuBasHJBf7PSV4lRCb8tuoqnCkwaA%3D",
    "message_playback_id": "0nwyN8h0YBDsgbBbjlgo5g==",
    "message_type": "cdn"
  },
  {
    "timestamp_utc": "2024-09-06T22:22:22.019Z",
    "context_application_version": "8.9.70.592",
    "context_conn_country": "US",
    "context_device_manufacturer": "apple",
    "context_device_model": "iPhone13,4",
    "context_device_type": "mobile",
    "context_os_name": "ios",
    "context_os_version": "17.6.1",
    "context_receiver_service_timestamp": 1725661389504,
    "context_time": 1725661342019,
    "message_error_code": 13,
    "message_id": "download_timeout,0,13500416-13732516,https://audio-ak-spotify-com.akamaized.net/audio/684b39de47f06adf01c5bc92ebaf1210d6fbd18a?__token__=exp=1725747684~hmac=2de5c5fde886e1b76bd7399ee37928d562e3517618d904f7eecf687910f593a5",
    "message_playback_id": "kojCcGJLk2iwOjDsHmsWvw==",
    "message_type": "cdn"
  }
]