[
  {
    "message_cache_path": "/var/mobile/Containers/Data/Application/C6576A08-6287-4735-A812-B63575EF9839/Library/Application Support/PersistentCache/Storage/",
    "timestamp_utc": "2024-10-07T11:17:28.453Z",
    "context_application_version": "8.9.76.516",
    "context_conn_country": "US",
    "context_device_manufacturer": "apple",
    "context_device_model": "iPad14,4",
    "context_device_type": "tablet",
    "context_os_name": "ios",
    "context_os_version": "18.0.1",
    "context_receiver_service_timestamp": 1728299936519,
    "context_time": 1728299848453,
    "message_error_code": 44,
    "message_file_id": "q2dhbQAAHgIDpwcuSp5STHr5Ads=",
    "message_num_errors": 1,
    "message_os_error_code": 0,
    "message_range_end": 0,
    "message_range_start": 0,
    "message_realm": "image",
    "message_size": 36172
  },
  {
    "message_cache_path": "/var/mobile/Containers/Data/Application/571D7A62-2C14-42AF-8B77-319667702C42/Library/Application Support/PersistentCache/Storage/",
    "timestamp_utc": "2024-11-20T19:07:46.158Z",
    "context_application_version": "8.9.90.84",
    "context_conn_country": "US",
    "context_device_manufacturer": "apple",
    "context_device_model": "iPhone13,4",
    "context_device_type": "mobile",
    "context_os_name": "ios",
    "context_os_version": "18.1",
    "context_receiver_service_timestamp": 1732129672861,
    "context_time": 1732129666158,
    "message_error_code": 11,
    "message_file_id": "Zh3cqTYByTRYaofh7uI95WTPjj0=",
    "message_num_errors": 1,
    "message_os_error_code": 0,
    "message_range_end": 0,
    "message_range_start": 0,
    "message_realm": "unknown",
    "message_size": 3846038254
  }
]