[
  {
    "timestamp_utc": "2024-11-01T17:05:54.380Z",
    "context_application_version": "8.9.86.419",
    "context_conn_country": "US",
    "context_device_manufacturer": "apple",
    "context_device_model": "iPhone13,4",
    "context_device_type": "mobile",
    "context_os_name": "ios",
    "context_os_version": "18.0.1",
    "context_receiver_service_timestamp": 1730480760881,
    "context_time": 1730480754380,
    "message_cmp_message_type": "LOCAL",
    "message_discard_details": "",
    "message_discard_reason": "",
    "message_local_message_identifier": "com.spotify.service.connect.notifications_connect-is-active-connectToDevice-tooltip",
    "message_locale": "en",
    "message_message_creative_campaign_id": 0,
    "message_message_creative_id": 0,
    "message_message_creative_template_id": 0,
    "message_message_creative_version": "",
    "message_message_format": "TOOLTIP",
    "message_message_id": 0,
    "message_message_uuid": "5756E3A7-3B7F-491F-941A-BCC1FE21039F",
    "message_opportunity_id": "28e7c8dc-29e1-406e-836b-1eaaa24a69a4",
    "message_success": true,
    "message_trigger": "connect-is-active"
  },
  {
    "timestamp_utc": "2024-10-13T18:57:19.499Z",
    "context_application_version": "8.9.82.628",
    "context_conn_country": "US",
    "context_device_manufacturer": "apple",
    "context_device_model": "iPhone13,4",
    "context_device_type": "mobile",
    "context_os_name": "ios",
    "context_os_version": "18.0.1",
    "context_receiver_service_timestamp": 1728845844226,
    "context_time": 1728845839499,
    "message_cmp_message_type": "LOCAL",
    "message_discard_details": "",
    "message_discard_reason": "",
    "message_local_message_identifier": "watch-feed-entrypoints_watchfeed-entityexplorer-tooltip",
    "message_locale": "en",
    "message_message_creative_campaign_id": 0,
    "message_message_creative_id": 0,
    "message_message_creative_template_id": 0,
    "message_message_creative_version": "",
    "message_message_format": "TOOLTIP",
    "message_message_id": 0,
    "message_message_uuid": "023D691C-6337-4804-BDEB-058999000408",
    "message_opportunity_id": "1fe3b03a-a4f5-4f82-9a9c-2ebbfe10aa86",
    "message_success": true,
    "message_trigger": "watch-feed-tooltip-requested"
  },
  {
    "timestamp_utc": "2024-10-20T00:16:33.215Z",
    "context_application_version": "8.9.82.628",
    "context_conn_country": "US",
    "context_device_manufacturer": "apple",
    "context_device_model": "iPhone13,4",
    "context_device_type": "mobile",
    "context_os_name": "ios",
    "context_os_version": "18.0.1",
    "context_receiver_service_timestamp": 1729384201800,
    "context_time": 1729383393215,
    "message_cmp_message_type": "LOCAL",
    "message_discard_details": "",
    "message_discard_reason": "",
    "message_local_message_identifier": "com.spotify.service.connect.notifications_connect-is-active-attach-tooltip",
    "message_locale": "en",
    "message_message_creative_campaign_id": 0,
    "message_message_creative_id": 0,
    "message_message_creative_template_id": 0,
    "message_message_creative_version": "",
    "message_message_format": "TOOLTIP",
    "message_message_id": 0,
    "message_message_uuid": "1AE202F2-02E0-4C8F-894D-9AAC8033D039",
    "message_opportunity_id": "12896a8d-71e5-4cc2-9c54-3884441299ec",
    "message_success": true,
    "message_trigger": "connect-is-active"
  },
  {
    "timestamp_utc": "2024-10-13T18:50:59.948Z",
    "context_application_version": "8.9.82.628",
    "context_conn_country": "US",
    "context_device_manufacturer": "apple",
    "context_device_model": "iPhone13,4",
    "context_device_type": "mobile",
    "context_os_name": "ios",
    "context_os_version": "18.0.1",
    "context_receiver_service_timestamp": 1728845483906,
    "context_time": 1728845459948,
    "message_cmp_message_type": null,
    "message_discard_details": "Car is connected",
    "message_discard_reason": "CAR_CONNECTED",
    "message_local_message_identifier": null,
    "message_locale": "en",
    "message_message_creative_campaign_id": 0,
    "message_message_creative_id": 0,
    "message_message_creative_template_id": 0,
    "message_message_creative_version": "",
    "message_message_format": "TOOLTIP",
    "message_message_id": 0,
    "message_message_uuid": "F7E24962-B5BC-492E-BE4A-A040975AF27B",
    "message_opportunity_id": "a07c5a3b-ecac-4adf-8cf4-7671124c56fb",
    "message_success": false,
    "message_trigger": "watch-feed-tooltip-requested"
  },
  {
    "timestamp_utc": "2024-10-24T06:52:54.907Z",
    "context_application_version": "8.9.82.628",
    "context_conn_country": "US",
    "context_device_manufacturer": "apple",
    "context_device_model": "iPhone13,4",
    "context_device_type": "mobile",
    "context_os_name": "ios",
    "context_os_version": "18.0.1",
    "context_receiver_service_timestamp": 1729752792467,
    "context_time": 1729752774907,
    "message_cmp_message_type": "LOCAL",
    "message_discard_details": "",
    "message_discard_reason": "",
    "message_local_message_identifier": "com.spotify.service.connect.notifications_connect-is-active-connectToDevice-tooltip",
    "message_locale": "en",
    "message_message_creative_campaign_id": 0,
    "message_message_creative_id": 0,
    "message_message_creative_template_id": 0,
    "message_message_creative_version": "",
    "message_message_format": "TOOLTIP",
    "message_message_id": 0,
    "message_message_uuid": "532A061A-A150-4B82-A465-AED21038FFDF",
    "message_opportunity_id": "0eea328d-3e93-4ab0-bdaa-31b75909d78b",
    "message_success": true,
    "message_trigger": "connect-is-active"
  },
  {
    "timestamp_utc": "2024-10-13T18:40:46.027Z",
    "context_application_version": "8.9.82.628",
    "context_conn_country": "US",
    "context_device_manufacturer": "apple",
    "context_device_model": "iPhone13,4",
    "context_device_type": "mobile",
    "context_os_name": "ios",
    "context_os_version": "18.0.1",
    "context_receiver_service_timestamp": 1728844850758,
    "context_time": 1728844846027,
    "message_cmp_message_type": null,
    "message_discard_details": "Car is connected",
    "message_discard_reason": "CAR_CONNECTED",
    "message_local_message_identifier": null,
    "message_locale": "en",
    "message_message_creative_campaign_id": 0,
    "message_message_creative_id": 0,
    "message_message_creative_template_id": 0,
    "message_message_creative_version": "",
    "message_message_format": "TOOLTIP",
    "message_message_id": 0,
    "message_message_uuid": "2BEE7BB4-F61A-437C-B442-7F414F66D398",
    "message_opportunity_id": "bcf7f1b2-519c-4f03-9561-d50eff6fce1a",
    "message_success": false,
    "message_trigger": "watch-feed-tooltip-requested"
  },
  {
    "timestamp_utc": "2024-11-05T03:48:57.990Z",
    "context_application_version": "8.9.86.419",
    "context_conn_country": "US",
    "context_device_manufacturer": "apple",
    "context_device_model": "iPhone13,4",
    "context_device_type": "mobile",
    "context_os_name": "ios",
    "context_os_version": "18.0.1",
    "context_receiver_service_timestamp": 1730778546625,
    "context_time": 1730778537990,
    "message_cmp_message_type": "LOCAL",
    "message_discard_details": "",
    "message_discard_reason": "",
    "message_local_message_identifier": "com.spotify.service.connect.notifications_connect-is-active-connectToDevice-tooltip",
    "message_locale": "en",
    "message_message_creative_campaign_id": 0,
    "message_message_creative_id": 0,
    "message_message_creative_template_id": 0,
    "message_message_creative_version": "",
    "message_message_format": "TOOLTIP",
    "message_message_id": 0,
    "message_message_uuid": "6564D94F-5ED4-4FEE-8F56-BA789E4BE42E",
    "message_opportunity_id": "11911de2-f61b-4c95-bbc5-646036436fe8",
    "message_success": true,
    "message_trigger": "connect-is-active"
  },
  {
    "timestamp_utc": "2024-06-14T23:35:43.213Z",
    "context_application_version": "8.9.44.362",
    "context_conn_country": "US",
    "context_device_manufacturer": "apple",
    "context_device_model": "iPad14,4",
    "context_device_type": "tablet",
    "context_os_name": "ios",
    "context_os_version": "17.5.1",
    "context_receiver_service_timestamp": 1718408159023,
    "context_time": 1718408143213,
    "message_cmp_message_type": null,
    "message_discard_details": "The original context from which the message was requested changed",
    "message_discard_reason": "CONTEXT_SWITCHED",
    "message_local_message_identifier": null,
    "message_locale": "en",
    "message_message_creative_campaign_id": 82834,
    "message_message_creative_id": 17960248,
    "message_message_creative_template_id": 70875,
    "message_message_creative_version": "cards/V2",
    "message_message_format": "MODAL",
    "message_message_id": 146097,
    "message_message_uuid": "47036C07-3572-4019-A958-BEBB3EE4670C",
    "message_opportunity_id": "47036C07-3572-4019-A958-BEBB3EE4670C",
    "message_success": false,
    "message_trigger": "spotify:home"
  },
  {
    "timestamp_utc": "2024-07-23T03:01:19.102Z",
    "context_application_version": "8.9.54.343",
    "context_conn_country": "US",
    "context_device_manufacturer": "apple",
    "context_device_model": "iPhone13,4",
    "context_device_type": "mobile",
    "context_os_name": "ios",
    "context_os_version": "17.5.1",
    "context_receiver_service_timestamp": 1721703684046,
    "context_time": 1721703679102,
    "message_cmp_message_type": null,
    "message_discard_details": "",
    "message_discard_reason": "",
    "message_local_message_identifier": null,
    "message_locale": "en",
    "message_message_creative_campaign_id": 84241,
    "message_message_creative_id": 18027502,
    "message_message_creative_template_id": 74991,
    "message_message_creative_version": "cards/V2",
    "message_message_format": "MODAL",
    "message_message_id": 150987,
    "message_message_uuid": "6f49cea1-927a-4a74-b514-2e1d2daab6b5",
    "message_opportunity_id": "6f49cea1-927a-4a74-b514-2e1d2daab6b5",
    "message_success": true,
    "message_trigger": "spotify:home"
  },
  {
    "timestamp_utc": "2024-09-26T20:30:19.478Z",
    "context_application_version": "8.9.76.516",
    "context_conn_country": "US",
    "context_device_manufacturer": "apple",
    "context_device_model": "iPad14,4",
    "context_device_type": "tablet",
    "context_os_name": "ios",
    "context_os_version": "18.0",
    "context_receiver_service_timestamp": 1727382636710,
    "context_time": 1727382619478,
    "message_cmp_message_type": null,
    "message_discard_details": "TOOLTIP",
    "message_discard_reason": "CONFLICTING_MESSAGE_PRESENTING",
    "message_local_message_identifier": null,
    "message_locale": "en",
    "message_message_creative_campaign_id": 84429,
    "message_message_creative_id": 18053354,
    "message_message_creative_template_id": 75775,
    "message_message_creative_version": "cards/V2",
    "message_message_format": "FULLSCREEN",
    "message_message_id": 151880,
    "message_message_uuid": "50867fac-174e-4357-80ef-975515ac0509",
    "message_opportunity_id": "50867fac-174e-4357-80ef-975515ac0509",
    "message_success": false,
    "message_trigger": "spotify:home"
  },
  {
    "timestamp_utc": "2024-10-12T00:26:26.830Z",
    "context_application_version": "8.9.82.628",
    "context_conn_country": "US",
    "context_device_manufacturer": "apple",
    "context_device_model": "iPhone13,4",
    "context_device_type": "mobile",
    "context_os_name": "ios",
    "context_os_version": "18.0.1",
    "context_receiver_service_timestamp": 1728692802670,
    "context_time": 1728692786830,
    "message_cmp_message_type": null,
    "message_discard_details": "Car is connected",
    "message_discard_reason": "CAR_CONNECTED",
    "message_local_message_identifier": null,
    "message_locale": "en",
    "message_message_creative_campaign_id": 0,
    "message_message_creative_id": 0,
    "message_message_creative_template_id": 0,
    "message_message_creative_version": "",
    "message_message_format": "TOOLTIP",
    "message_message_id": 0,
    "message_message_uuid": "651C4FA0-B87B-4BED-86D8-8CAF0F4B398B",
    "message_opportunity_id": "a0eeeb70-6790-41f0-a9d6-e16a81252397",
    "message_success": false,
    "message_trigger": "watch-feed-tooltip-requested"
  },
  {
    "timestamp_utc": "2024-10-13T18:40:54.355Z",
    "context_application_version": "8.9.82.628",
    "context_conn_country": "US",
    "context_device_manufacturer": "apple",
    "context_device_model": "iPhone13,4",
    "context_device_type": "mobile",
    "context_os_name": "ios",
    "context_os_version": "18.0.1",
    "context_receiver_service_timestamp": 1728844873625,
    "context_time": 1728844854355,
    "message_cmp_message_type": null,
    "message_discard_details": "Car is connected",
    "message_discard_reason": "CAR_CONNECTED",
    "message_local_message_identifier": null,
    "message_locale": "en",
    "message_message_creative_campaign_id": 0,
    "message_message_creative_id": 0,
    "message_message_creative_template_id": 0,
    "message_message_creative_version": "",
    "message_message_format": "TOOLTIP",
    "message_message_id": 0,
    "message_message_uuid": "0990231F-A63A-4036-9631-125AF41EE14E",
    "message_opportunity_id": "695c41be-0dc1-4195-9945-a5816cff4a0c",
    "message_success": false,
    "message_trigger": "watch-feed-tooltip-requested"
  },
  {
    "timestamp_utc": "2024-11-19T01:05:28.521Z",
    "context_application_version": "8.9.90.84",
    "context_conn_country": "US",
    "context_device_manufacturer": "apple",
    "context_device_model": "iPhone13,4",
    "context_device_type": "mobile",
    "context_os_name": "ios",
    "context_os_version": "18.0.1",
    "context_receiver_service_timestamp": 1731978343340,
    "context_time": 1731978328521,
    "message_cmp_message_type": "JIT",
    "message_discard_details": "",
    "message_discard_reason": "",
    "message_local_message_identifier": null,
    "message_locale": "en",
    "message_message_creative_campaign_id": 87174,
    "message_message_creative_id": 18268336,
    "message_message_creative_template_id": 84417,
    "message_message_creative_version": "cards/V2",
    "message_message_format": "MODAL",
    "message_message_id": 162161,
    "message_message_uuid": "49417760-962a-4068-aa8f-c536da4893c2",
    "message_opportunity_id": "49417760-962a-4068-aa8f-c536da4893c2",
    "message_success": true,
    "message_trigger": "spotify:home"
  },
  {
    "timestamp_utc": "2024-07-27T23:55:02.453Z",
    "context_application_version": "8.9.58.473",
    "context_conn_country": "US",
    "context_device_manufacturer": "apple",
    "context_device_model": "iPhone13,4",
    "context_device_type": "mobile",
    "context_os_name": "ios",
    "context_os_version": "17.5.1",
    "context_receiver_service_timestamp": 1722124512922,
    "context_time": 1722124502453,
    "message_cmp_message_type": null,
    "message_discard_details": "The operation couldn’t be completed. (com.spotify.connectivity.oauth error 5.)",
    "message_discard_reason": "BACKEND_ERROR",
    "message_local_message_identifier": null,
    "message_locale": "",
    "message_message_creative_campaign_id": 0,
    "message_message_creative_id": 0,
    "message_message_creative_template_id": 0,
    "message_message_creative_version": "",
    "message_message_format": "unknown",
    "message_message_id": 0,
    "message_message_uuid": "0",
    "message_opportunity_id": "183391bf-25bf-4139-a68b-8c6073f9771a",
    "message_success": false,
    "message_trigger": "spotify:home"
  },
  {
    "timestamp_utc": "2024-10-30T16:21:56.614Z",
    "context_application_version": "8.9.86.419",
    "context_conn_country": "US",
    "context_device_manufacturer": "apple",
    "context_device_model": "iPhone13,4",
    "context_device_type": "mobile",
    "context_os_name": "ios",
    "context_os_version": "18.0.1",
    "context_receiver_service_timestamp": 1730305322739,
    "context_time": 1730305316614,
    "message_cmp_message_type": "LOCAL",
    "message_discard_details": "",
    "message_discard_reason": "",
    "message_local_message_identifier": "com.spotify.service.connect.notifications_connect-is-active-connectToDevice-tooltip",
    "message_locale": "en",
    "message_message_creative_campaign_id": 0,
    "message_message_creative_id": 0,
    "message_message_creative_template_id": 0,
    "message_message_creative_version": "",
    "message_message_format": "TOOLTIP",
    "message_message_id": 0,
    "message_message_uuid": "4E23E9BD-3ED4-434F-B781-3DB0E9EF713F",
    "message_opportunity_id": "d0975c92-9bca-421a-a6d6-c15a4f078d65",
    "message_success": true,
    "message_trigger": "connect-is-active"
  },
  {
    "timestamp_utc": "2024-09-25T07:49:09.099Z",
    "context_application_version": "8.9.76.516",
    "context_conn_country": "US",
    "context_device_manufacturer": "apple",
    "context_device_model": "iPad14,4",
    "context_device_type": "tablet",
    "context_os_name": "ios",
    "context_os_version": "18.0",
    "context_receiver_service_timestamp": 1727250577991,
    "context_time": 1727250549099,
    "message_cmp_message_type": "LOCAL",
    "message_discard_details": "",
    "message_discard_reason": "",
    "message_local_message_identifier": "com.spotify.service.accountswitching.accountswitchingmessaging_show-account-switch-helper-tooltip",
    "message_locale": "en",
    "message_message_creative_campaign_id": 0,
    "message_message_creative_id": 0,
    "message_message_creative_template_id": 0,
    "message_message_creative_version": "",
    "message_message_format": "TOOLTIP",
    "message_message_id": 0,
    "message_message_uuid": "F394040B-8074-404F-84EB-3E07FEDC5621",
    "message_opportunity_id": "726db000-e22f-4b85-aab2-04c01c0768c6",
    "message_success": true,
    "message_trigger": "show-account-switch-helper-tooltip"
  },
  {
    "timestamp_utc": "2024-10-13T18:51:00.214Z",
    "context_application_version": "8.9.82.628",
    "context_conn_country": "US",
    "context_device_manufacturer": "apple",
    "context_device_model": "iPhone13,4",
    "context_device_type": "mobile",
    "context_os_name": "ios",
    "context_os_version": "18.0.1",
    "context_receiver_service_timestamp": 1728845483906,
    "context_time": 1728845460214,
    "message_cmp_message_type": null,
    "message_discard_details": "Car is connected",
    "message_discard_reason": "CAR_CONNECTED",
    "message_local_message_identifier": null,
    "message_locale": "en",
    "message_message_creative_campaign_id": 0,
    "message_message_creative_id": 0,
    "message_message_creative_template_id": 0,
    "message_message_creative_version": "",
    "message_message_format": "TOOLTIP",
    "message_message_id": 0,
    "message_message_uuid": "DE77E1B1-DD34-4234-A526-FDE2C6031902",
    "message_opportunity_id": "681b3f44-977a-422e-a431-05e8d0d08add",
    "message_success": false,
    "message_trigger": "watch-feed-tooltip-requested"
  },
  {
    "timestamp_utc": "2024-09-25T16:19:53.615Z",
    "context_application_version": "8.9.76.516",
    "context_conn_country": "US",
    "context_device_manufacturer": "apple",
    "context_device_model": "iPhone13,4",
    "context_device_type": "mobile",
    "context_os_name": "ios",
    "context_os_version": "18.0",
    "context_receiver_service_timestamp": 1727281213465,
    "context_time": 1727281193615,
    "message_cmp_message_type": null,
    "message_discard_details": "TOOLTIP",
    "message_discard_reason": "CONFLICTING_MESSAGE_PRESENTING",
    "message_local_message_identifier": null,
    "message_locale": "en",
    "message_message_creative_campaign_id": 84429,
    "message_message_creative_id": 18053354,
    "message_message_creative_template_id": 75775,
    "message_message_creative_version": "cards/V2",
    "message_message_format": "FULLSCREEN",
    "message_message_id": 151880,
    "message_message_uuid": "bb2f6973-71b6-45e3-93f4-ef24230e9610",
    "message_opportunity_id": "bb2f6973-71b6-45e3-93f4-ef24230e9610",
    "message_success": false,
    "message_trigger": "spotify:home"
  },
  {
    "timestamp_utc": "2024-09-30T19:24:27.651Z",
    "context_application_version": "8.9.76.516",
    "context_conn_country": "US",
    "context_device_manufacturer": "apple",
    "context_device_model": "iPhone13,4",
    "context_device_type": "mobile",
    "context_os_name": "ios",
    "context_os_version": "18.0",
    "context_receiver_service_timestamp": 1727724296219,
    "context_time": 1727724267651,
    "message_cmp_message_type": "LOCAL",
    "message_discard_details": "",
    "message_discard_reason": "",
    "message_local_message_identifier": "com.spotify.service.connect.notifications_connect-is-active-attach-tooltip",
    "message_locale": "en",
    "message_message_creative_campaign_id": 0,
    "message_message_creative_id": 0,
    "message_message_creative_template_id": 0,
    "message_message_creative_version": "",
    "message_message_format": "TOOLTIP",
    "message_message_id": 0,
    "message_message_uuid": "C18BFE34-1157-46B6-9924-91E498FA164E",
    "message_opportunity_id": "e9309038-8613-4708-8c10-a7318c2fa68a",
    "message_success": true,
    "message_trigger": "connect-is-active"
  },
  {
    "timestamp_utc": "2024-10-16T21:19:40.638Z",
    "context_application_version": "8.9.82.628",
    "context_conn_country": "US",
    "context_device_manufacturer": "apple",
    "context_device_model": "iPhone13,4",
    "context_device_type": "mobile",
    "context_os_name": "ios",
    "context_os_version": "18.0.1",
    "context_receiver_service_timestamp": 1729113589090,
    "context_time": 1729113580638,
    "message_cmp_message_type": "LOCAL",
    "message_discard_details": "",
    "message_discard_reason": "",
    "message_local_message_identifier": "com.spotify.service.connect.notifications_connect-is-active-connectToDevice-tooltip",
    "message_locale": "en",
    "message_message_creative_campaign_id": 0,
    "message_message_creative_id": 0,
    "message_message_creative_template_id": 0,
    "message_message_creative_version": "",
    "message_message_format": "TOOLTIP",
    "message_message_id": 0,
    "message_message_uuid": "621ED42F-3C91-4A57-A11F-6FA22D957E1F",
    "message_opportunity_id": "31b4282b-e49a-448c-930f-2d6b18cab41f",
    "message_success": true,
    "message_trigger": "connect-is-active"
  },
  {
    "timestamp_utc": "2024-10-13T18:41:06.729Z",
    "context_application_version": "8.9.82.628",
    "context_conn_country": "US",
    "context_device_manufacturer": "apple",
    "context_device_model": "iPhone13,4",
    "context_device_type": "mobile",
    "context_os_name": "ios",
    "context_os_version": "18.0.1",
    "context_receiver_service_timestamp": 1728844873887,
    "context_time": 1728844866729,
    "message_cmp_message_type": null,
    "message_discard_details": "Car is connected",
    "message_discard_reason": "CAR_CONNECTED",
    "message_local_message_identifier": null,
    "message_locale": "en",
    "message_message_creative_campaign_id": 0,
    "message_message_creative_id": 0,
    "message_message_creative_template_id": 0,
    "message_message_creative_version": "",
    "message_message_format": "TOOLTIP",
    "message_message_id": 0,
    "message_message_uuid": "964E62C0-1DFE-4B5C-AA01-005C2A397A76",
    "message_opportunity_id": "cb44eb4c-c0ca-46ea-944f-48d48e4a583f",
    "message_success": false,
    "message_trigger": "watch-feed-tooltip-requested"
  },
  {
    "timestamp_utc": "2024-07-08T18:56:52.858Z",
    "context_application_version": "8.9.50.491",
    "context_conn_country": "US",
    "context_device_manufacturer": "apple",
    "context_device_model": "iPhone13,4",
    "context_device_type": "mobile",
    "context_os_name": "ios",
    "context_os_version": "17.5.1",
    "context_receiver_service_timestamp": 1720466806023,
    "context_time": 1720465012858,
    "message_cmp_message_type": null,
    "message_discard_details": "The operation couldn’t be completed. (com.spotify.connectivity.oauth error 5.)",
    "message_discard_reason": "BACKEND_ERROR",
    "message_local_message_identifier": null,
    "message_locale": "",
    "message_message_creative_campaign_id": 0,
    "message_message_creative_id": 0,
    "message_message_creative_template_id": 0,
    "message_message_creative_version": "",
    "message_message_format": "unknown",
    "message_message_id": 0,
    "message_message_uuid": "0",
    "message_opportunity_id": "6dc4f86a-2765-4fdb-8f12-ae894b85e89d",
    "message_success": false,
    "message_trigger": "spotify:home"
  },
  {
    "timestamp_utc": "2024-10-12T00:22:04Z",
    "context_application_version": "8.9.82.628",
    "context_conn_country": "US",
    "context_device_manufacturer": "apple",
    "context_device_model": "iPhone13,4",
    "context_device_type": "mobile",
    "context_os_name": "ios",
    "context_os_version": "18.0.1",
    "context_receiver_service_timestamp": 1728692537320,
    "context_time": 1728692524000,
    "message_cmp_message_type": null,
    "message_discard_details": "Car is connected",
    "message_discard_reason": "CAR_CONNECTED",
    "message_local_message_identifier": null,
    "message_locale": "en",
    "message_message_creative_campaign_id": 0,
    "message_message_creative_id": 0,
    "message_message_creative_template_id": 0,
    "message_message_creative_version": "",
    "message_message_format": "TOOLTIP",
    "message_message_id": 0,
    "message_message_uuid": "1A99E3AA-669A-4FA0-8BA9-98E22A9A2E00",
    "message_opportunity_id": "527e74c8-08ab-4912-8595-bacac45ca0bb",
    "message_success": false,
    "message_trigger": "watch-feed-tooltip-requested"
  },
  {
    "timestamp_utc": "2024-10-12T00:22:03.928Z",
    "context_application_version": "8.9.82.628",
    "context_conn_country": "US",
    "context_device_manufacturer": "apple",
    "context_device_model": "iPhone13,4",
    "context_device_type": "mobile",
    "context_os_name": "ios",
    "context_os_version": "18.0.1",
    "context_receiver_service_timestamp": 1728692537320,
    "context_time": 1728692523928,
    "message_cmp_message_type": null,
    "message_discard_details": "Car is connected",
    "message_discard_reason": "CAR_CONNECTED",
    "message_local_message_identifier": null,
    "message_locale": "en",
    "message_message_creative_campaign_id": 0,
    "message_message_creative_id": 0,
    "message_message_creative_template_id": 0,
    "message_message_creative_version": "",
    "message_message_format": "TOOLTIP",
    "message_message_id": 0,
    "message_message_uuid": "690D5847-4226-4108-AB0B-ECAA2593E8D6",
    "message_opportunity_id": "8575f570-e3af-4bdc-b172-8956c8791978",
    "message_success": false,
    "message_trigger": "watch-feed-tooltip-requested"
  },
  {
    "timestamp_utc": "2024-10-18T06:31:55.848Z",
    "context_application_version": "8.9.82.628",
    "context_conn_country": "US",
    "context_device_manufacturer": "apple",
    "context_device_model": "iPhone13,4",
    "context_device_type": "mobile",
    "context_os_name": "ios",
    "context_os_version": "18.0.1",
    "context_receiver_service_timestamp": 1729233117816,
    "context_time": 1729233115848,
    "message_cmp_message_type": "LOCAL",
    "message_discard_details": "",
    "message_discard_reason": "",
    "message_local_message_identifier": "com.spotify.service.connect.notifications_connect-is-active-connectToDevice-tooltip",
    "message_locale": "en",
    "message_message_creative_campaign_id": 0,
    "message_message_creative_id": 0,
    "message_message_creative_template_id": 0,
    "message_message_creative_version": "",
    "message_message_format": "TOOLTIP",
    "message_message_id": 0,
    "message_message_uuid": "F942A18B-D6F7-4EEA-9CFB-CF08062E5BA0",
    "message_opportunity_id": "fa7c6963-3e0a-4746-9ad9-27526d4a8cab",
    "message_success": true,
    "message_trigger": "connect-is-active"
  },
  {
    "timestamp_utc": "2024-10-17T04:25:23.401Z",
    "context_application_version": "8.9.82.628",
    "context_conn_country": "US",
    "context_device_manufacturer": "apple",
    "context_device_model": "iPad14,4",
    "context_device_type": "tablet",
    "context_os_name": "ios",
    "context_os_version": "18.0.1",
    "context_receiver_service_timestamp": 1729139126915,
    "context_time": 1729139123401,
    "message_cmp_message_type": "LOCAL",
    "message_discard_details": "",
    "message_discard_reason": "",
    "message_local_message_identifier": "watch-feed-entrypoints_watchfeed-entityexplorer-tooltip",
    "message_locale": "en",
    "message_message_creative_campaign_id": 0,
    "message_message_creative_id": 0,
    "message_message_creative_template_id": 0,
    "message_message_creative_version": "",
    "message_message_format": "TOOLTIP",
    "message_message_id": 0,
    "message_message_uuid": "1984300C-FFC9-417A-878C-D3DE48719B63",
    "message_opportunity_id": "1917ff60-9158-4f0a-a152-e7d80618ff75",
    "message_success": true,
    "message_trigger": "watch-feed-tooltip-requested"
  },
  {
    "timestamp_utc": "2024-10-27T03:43:13.456Z",
    "context_application_version": "8.9.84.543",
    "context_conn_country": "US",
    "context_device_manufacturer": "apple",
    "context_device_model": "iPhone13,4",
    "context_device_type": "mobile",
    "context_os_name": "ios",
    "context_os_version": "18.0.1",
    "context_receiver_service_timestamp": 1730000618440,
    "context_time": 1730000593456,
    "message_cmp_message_type": "LOCAL",
    "message_discard_details": "",
    "message_discard_reason": "",
    "message_local_message_identifier": "com.spotify.service.connect.notifications_connect-is-active-connectToDevice-tooltip",
    "message_locale": "en",
    "message_message_creative_campaign_id": 0,
    "message_message_creative_id": 0,
    "message_message_creative_template_id": 0,
    "message_message_creative_version": "",
    "message_message_format": "TOOLTIP",
    "message_message_id": 0,
    "message_message_uuid": "D3B3BEE7-8162-47F2-91BD-5705CD385A4D",
    "message_opportunity_id": "da0c9d29-c2c6-49ad-acc8-ee85b4aa1f0c",
    "message_success": true,
    "message_trigger": "connect-is-active"
  },
  {
    "timestamp_utc": "2024-10-30T01:50:06.823Z",
    "context_application_version": "8.9.86.419",
    "context_conn_country": "US",
    "context_device_manufacturer": "apple",
    "context_device_model": "iPhone13,4",
    "context_device_type": "mobile",
    "context_os_name": "ios",
    "context_os_version": "18.0.1",
    "context_receiver_service_timestamp": 1730253011154,
    "context_time": 1730253006823,
    "message_cmp_message_type": "LOCAL",
    "message_discard_details": "",
    "message_discard_reason": "",
    "message_local_message_identifier": "com.spotify.service.connect.notifications_connect-is-active-connectToDevice-tooltip",
    "message_locale": "en",
    "message_message_creative_campaign_id": 0,
    "message_message_creative_id": 0,
    "message_message_creative_template_id": 0,
    "message_message_creative_version": "",
    "message_message_format": "TOOLTIP",
    "message_message_id": 0,
    "message_message_uuid": "A96AB3E6-1351-45FD-A197-2865CE436A34",
    "message_opportunity_id": "8baf0fde-5132-45e5-b0db-ba0c00ff8e8b",
    "message_success": true,
    "message_trigger": "connect-is-active"
  },
  {
    "timestamp_utc": "2024-09-25T14:28:53.844Z",
    "context_application_version": "8.9.76.516",
    "context_conn_country": "US",
    "context_device_manufacturer": "apple",
    "context_device_model": "iPhone13,4",
    "context_device_type": "mobile",
    "context_os_name": "ios",
    "context_os_version": "18.0",
    "context_receiver_service_timestamp": 1727278029942,
    "context_time": 1727274533844,
    "message_cmp_message_type": "LOCAL",
    "message_discard_details": "",
    "message_discard_reason": "",
    "message_local_message_identifier": "com.spotify.service.accountswitching.accountswitchingmessaging_show-account-switch-helper-tooltip",
    "message_locale": "en",
    "message_message_creative_campaign_id": 0,
    "message_message_creative_id": 0,
    "message_message_creative_template_id": 0,
    "message_message_creative_version": "",
    "message_message_format": "TOOLTIP",
    "message_message_id": 0,
    "message_message_uuid": "7F79BB4F-74CB-4E9A-83FC-66E062DB1D42",
    "message_opportunity_id": "ea45646f-690f-40d3-b237-2b65e671e84a",
    "message_success": true,
    "message_trigger": "show-account-switch-helper-tooltip"
  },
  {
    "timestamp_utc": "2024-10-24T06:52:54.800Z",
    "context_application_version": "8.9.82.628",
    "context_conn_country": "US",
    "context_device_manufacturer": "apple",
    "context_device_model": "iPhone13,4",
    "context_device_type": "mobile",
    "context_os_name": "ios",
    "context_os_version": "18.0.1",
    "context_receiver_service_timestamp": 1729752792467,
    "context_time": 1729752774800,
    "message_cmp_message_type": null,
    "message_discard_details": "Inflight selected formats: TOOLTIP (oppId: 0eea328d-3e93-4ab0-bdaa-31b75909d78b)",
    "message_discard_reason": "CONFLICTING_MESSAGE_PRESENTING",
    "message_local_message_identifier": null,
    "message_locale": "en",
    "message_message_creative_campaign_id": 0,
    "message_message_creative_id": 0,
    "message_message_creative_template_id": 0,
    "message_message_creative_version": "",
    "message_message_format": "TOOLTIP",
    "message_message_id": 0,
    "message_message_uuid": "CBD323BF-B51C-4144-AFF5-B00291D68933",
    "message_opportunity_id": "46fefd5d-b303-49e2-8c97-05146ec6572c",
    "message_success": false,
    "message_trigger": "connect-is-active"
  },
  {
    "timestamp_utc": "2024-07-27T23:55:02.454Z",
    "context_application_version": "8.9.58.473",
    "context_conn_country": "US",
    "context_device_manufacturer": "apple",
    "context_device_model": "iPhone13,4",
    "context_device_type": "mobile",
    "context_os_name": "ios",
    "context_os_version": "17.5.1",
    "context_receiver_service_timestamp": 1722124512922,
    "context_time": 1722124502454,
    "message_cmp_message_type": null,
    "message_discard_details": "The operation couldn’t be completed. (com.spotify.connectivity.oauth error 5.)",
    "message_discard_reason": "BACKEND_ERROR",
    "message_local_message_identifier": null,
    "message_locale": "",
    "message_message_creative_campaign_id": 0,
    "message_message_creative_id": 0,
    "message_message_creative_template_id": 0,
    "message_message_creative_version": "",
    "message_message_format": "unknown",
    "message_message_id": 0,
    "message_message_uuid": "0",
    "message_opportunity_id": "6020edb0-906b-4c5c-bce4-8fdf2fa707ac",
    "message_success": false,
    "message_trigger": "spotify:playlist:37i9dQZF1DXcBWIGoYBM5M"
  },
  {
    "timestamp_utc": "2024-09-23T18:23:28.772Z",
    "context_application_version": "8.9.76.516",
    "context_conn_country": "US",
    "context_device_manufacturer": "apple",
    "context_device_model": "iPhone13,4",
    "context_device_type": "mobile",
    "context_os_name": "ios",
    "context_os_version": "17.6.1",
    "context_receiver_service_timestamp": 1727115827096,
    "context_time": 1727115808772,
    "message_cmp_message_type": "LOCAL",
    "message_discard_details": "",
    "message_discard_reason": "",
    "message_local_message_identifier": "com.spotify.service.connect.notifications_connect-is-active-attach-tooltip",
    "message_locale": "en",
    "message_message_creative_campaign_id": 0,
    "message_message_creative_id": 0,
    "message_message_creative_template_id": 0,
    "message_message_creative_version": "",
    "message_message_format": "TOOLTIP",
    "message_message_id": 0,
    "message_message_uuid": "61EDBF98-B195-49E6-A3DC-C03675169815",
    "message_opportunity_id": "38c14aa8-371e-4b4f-b3df-83c706d1a84f",
    "message_success": true,
    "message_trigger": "connect-is-active"
  },
  {
    "timestamp_utc": "2024-10-12T00:26:34.534Z",
    "context_application_version": "8.9.82.628",
    "context_conn_country": "US",
    "context_device_manufacturer": "apple",
    "context_device_model": "iPhone13,4",
    "context_device_type": "mobile",
    "context_os_name": "ios",
    "context_os_version": "18.0.1",
    "context_receiver_service_timestamp": 1728692802670,
    "context_time": 1728692794534,
    "message_cmp_message_type": null,
    "message_discard_details": "Car is connected",
    "message_discard_reason": "CAR_CONNECTED",
    "message_local_message_identifier": null,
    "message_locale": "en",
    "message_message_creative_campaign_id": 0,
    "message_message_creative_id": 0,
    "message_message_creative_template_id": 0,
    "message_message_creative_version": "",
    "message_message_format": "TOOLTIP",
    "message_message_id": 0,
    "message_message_uuid": "7FA6177A-09F3-447A-ADB0-34043D309288",
    "message_opportunity_id": "eab03a72-54b2-40d4-90f0-60107cb38e80",
    "message_success": false,
    "message_trigger": "watch-feed-tooltip-requested"
  },
  {
    "timestamp_utc": "2024-10-13T18:57:14.293Z",
    "context_application_version": "8.9.82.628",
    "context_conn_country": "US",
    "context_device_manufacturer": "apple",
    "context_device_model": "iPhone13,4",
    "context_device_type": "mobile",
    "context_os_name": "ios",
    "context_os_version": "18.0.1",
    "context_receiver_service_timestamp": 1728845844226,
    "context_time": 1728845834293,
    "message_cmp_message_type": null,
    "message_discard_details": "Car is connected",
    "message_discard_reason": "CAR_CONNECTED",
    "message_local_message_identifier": null,
    "message_locale": "en",
    "message_message_creative_campaign_id": 0,
    "message_message_creative_id": 0,
    "message_message_creative_template_id": 0,
    "message_message_creative_version": "",
    "message_message_format": "TOOLTIP",
    "message_message_id": 0,
    "message_message_uuid": "C750C0DE-A665-496A-A7C6-2DAF011696D0",
    "message_opportunity_id": "72f5dffc-8e79-41c7-b40f-c9e1aab9ad0d",
    "message_success": false,
    "message_trigger": "watch-feed-tooltip-requested"
  },
  {
    "timestamp_utc": "2024-10-16T00:45:43.589Z",
    "context_application_version": "8.9.82.628",
    "context_conn_country": "US",
    "context_device_manufacturer": "apple",
    "context_device_model": "iPhone13,4",
    "context_device_type": "mobile",
    "context_os_name": "ios",
    "context_os_version": "18.0.1",
    "context_receiver_service_timestamp": 1729040221087,
    "context_time": 1729039543589,
    "message_cmp_message_type": "LOCAL",
    "message_discard_details": "",
    "message_discard_reason": "",
    "message_local_message_identifier": "com.spotify.service.connect.notifications_connect-is-active-connectToDevice-tooltip",
    "message_locale": "en",
    "message_message_creative_campaign_id": 0,
    "message_message_creative_id": 0,
    "message_message_creative_template_id": 0,
    "message_message_creative_version": "",
    "message_message_format": "TOOLTIP",
    "message_message_id": 0,
    "message_message_uuid": "2ACE0153-69D9-4907-9017-33467E610694",
    "message_opportunity_id": "9cdcf3fc-7a6e-4f98-80e8-1a296bdc3044",
    "message_success": true,
    "message_trigger": "connect-is-active"
  },
  {
    "timestamp_utc": "2024-10-13T18:54:09.569Z",
    "context_application_version": "8.9.82.628",
    "context_conn_country": "US",
    "context_device_manufacturer": "apple",
    "context_device_model": "iPhone13,4",
    "context_device_type": "mobile",
    "context_os_name": "ios",
    "context_os_version": "18.0.1",
    "context_receiver_service_timestamp": 1728845663967,
    "context_time": 1728845649569,
    "message_cmp_message_type": null,
    "message_discard_details": "Car is connected",
    "message_discard_reason": "CAR_CONNECTED",
    "message_local_message_identifier": null,
    "message_locale": "en",
    "message_message_creative_campaign_id": 0,
    "message_message_creative_id": 0,
    "message_message_creative_template_id": 0,
    "message_message_creative_version": "",
    "message_message_format": "TOOLTIP",
    "message_message_id": 0,
    "message_message_uuid": "21DDC0A9-9631-4429-910C-7A420CB9F8E1",
    "message_opportunity_id": "034ab172-e7c9-41f6-a38a-b2f413dabe60",
    "message_success": false,
    "message_trigger": "watch-feed-tooltip-requested"
  },
  {
    "timestamp_utc": "2024-10-09T19:39:39.495Z",
    "context_application_version": "8.9.76.516",
    "context_conn_country": "US",
    "context_device_manufacturer": "apple",
    "context_device_model": "iPhone13,4",
    "context_device_type": "mobile",
    "context_os_name": "ios",
    "context_os_version": "18.0.1",
    "context_receiver_service_timestamp": 1728502787132,
    "context_time": 1728502779495,
    "message_cmp_message_type": "JIT",
    "message_discard_details": "",
    "message_discard_reason": "",
    "message_local_message_identifier": null,
    "message_locale": "en",
    "message_message_creative_campaign_id": 85554,
    "message_message_creative_id": 18136608,
    "message_message_creative_template_id": 78842,
    "message_message_creative_version": "cards/V2",
    "message_message_format": "FULLSCREEN",
    "message_message_id": 155624,
    "message_message_uuid": "2b91b236-f6b9-4594-af02-fdb98f42ceec",
    "message_opportunity_id": "2b91b236-f6b9-4594-af02-fdb98f42ceec",
    "message_success": true,
    "message_trigger": "spotify:home"
  },
  {
    "timestamp_utc": "2024-10-12T00:26:33.017Z",
    "context_application_version": "8.9.82.628",
    "context_conn_country": "US",
    "context_device_manufacturer": "apple",
    "context_device_model": "iPhone13,4",
    "context_device_type": "mobile",
    "context_os_name": "ios",
    "context_os_version": "18.0.1",
    "context_receiver_service_timestamp": 1728692802670,
    "context_time": 1728692793017,
    "message_cmp_message_type": null,
    "message_discard_details": "Car is connected",
    "message_discard_reason": "CAR_CONNECTED",
    "message_local_message_identifier": null,
    "message_locale": "en",
    "message_message_creative_campaign_id": 0,
    "message_message_creative_id": 0,
    "message_message_creative_template_id": 0,
    "message_message_creative_version": "",
    "message_message_format": "TOOLTIP",
    "message_message_id": 0,
    "message_message_uuid": "8FDD334E-1083-4BD5-BFFF-5DEFECA0982B",
    "message_opportunity_id": "e24cd714-c290-4fef-8c63-ecf9837c8816",
    "message_success": false,
    "message_trigger": "watch-feed-tooltip-requested"
  },
  {
    "timestamp_utc": "2024-06-09T21:25:31.873Z",
    "context_application_version": "8.9.42.597",
    "context_conn_country": "US",
    "context_device_manufacturer": "apple",
    "context_device_model": "iPad14,4",
    "context_device_type": "tablet",
    "context_os_name": "ios",
    "context_os_version": "17.5.1",
    "context_receiver_service_timestamp": 1717968360396,
    "context_time": 1717968331873,
    "message_cmp_message_type": null,
    "message_discard_details": "",
    "message_discard_reason": "",
    "message_local_message_identifier": null,
    "message_locale": "en",
    "message_message_creative_campaign_id": 82834,
    "message_message_creative_id": 17960289,
    "message_message_creative_template_id": 70897,
    "message_message_creative_version": "cards/V2",
    "message_message_format": "MODAL",
    "message_message_id": 146120,
    "message_message_uuid": "54F618C6-E0A6-44FB-A2ED-301BB827A8C5",
    "message_opportunity_id": "54F618C6-E0A6-44FB-A2ED-301BB827A8C5",
    "message_success": true,
    "message_trigger": "spotify:home"
  },
  {
    "timestamp_utc": "2024-09-09T19:55:19.586Z",
    "context_application_version": "8.9.70.592",
    "context_conn_country": "US",
    "context_device_manufacturer": "apple",
    "context_device_model": "iPhone13,4",
    "context_device_type": "mobile",
    "context_os_name": "ios",
    "context_os_version": "17.6.1",
    "context_receiver_service_timestamp": 1725911732652,
    "context_time": 1725911719586,
    "message_cmp_message_type": "LOCAL",
    "message_discard_details": "",
    "message_discard_reason": "",
    "message_local_message_identifier": "com.spotify.service.connect.notifications_connect-is-active-connectToDevice-tooltip",
    "message_locale": "en",
    "message_message_creative_campaign_id": 0,
    "message_message_creative_id": 0,
    "message_message_creative_template_id": 0,
    "message_message_creative_version": "",
    "message_message_format": "TOOLTIP",
    "message_message_id": 0,
    "message_message_uuid": "C38901CB-76B1-4D5D-A1EF-651BD02D9395",
    "message_opportunity_id": "cfe865be-9c9c-49b2-a5f1-db490d6aed71",
    "message_success": true,
    "message_trigger": "connect-is-active"
  },
  {
    "timestamp_utc": "2024-08-27T07:18:57.897Z",
    "context_application_version": "8.9.68.490",
    "context_conn_country": "US",
    "context_device_manufacturer": "apple",
    "context_device_model": "iPad14,4",
    "context_device_type": "tablet",
    "context_os_name": "ios",
    "context_os_version": "17.5.1",
    "context_receiver_service_timestamp": 1724743163804,
    "context_time": 1724743137897,
    "message_cmp_message_type": null,
    "message_discard_details": "",
    "message_discard_reason": "",
    "message_local_message_identifier": null,
    "message_locale": "en",
    "message_message_creative_campaign_id": 84848,
    "message_message_creative_id": 18075265,
    "message_message_creative_template_id": 76898,
    "message_message_creative_version": "cards/V2",
    "message_message_format": "FULLSCREEN",
    "message_message_id": 153252,
    "message_message_uuid": "e05448c4-f82a-426a-8926-803f62598eca",
    "message_opportunity_id": "e05448c4-f82a-426a-8926-803f62598eca",
    "message_success": true,
    "message_trigger": "spotify:home"
  },
  {
    "timestamp_utc": "2024-10-12T00:05:52.640Z",
    "context_application_version": "8.9.82.628",
    "context_conn_country": "US",
    "context_device_manufacturer": "apple",
    "context_device_model": "iPhone13,4",
    "context_device_type": "mobile",
    "context_os_name": "ios",
    "context_os_version": "18.0.1",
    "context_receiver_service_timestamp": 1728691560100,
    "context_time": 1728691552640,
    "message_cmp_message_type": null,
    "message_discard_details": "Car is connected",
    "message_discard_reason": "CAR_CONNECTED",
    "message_local_message_identifier": null,
    "message_locale": "en",
    "message_message_creative_campaign_id": 0,
    "message_message_creative_id": 0,
    "message_message_creative_template_id": 0,
    "message_message_creative_version": "",
    "message_message_format": "TOOLTIP",
    "message_message_id": 0,
    "message_message_uuid": "18DBC2EF-679E-46AE-9ED0-2F9B305A7E10",
    "message_opportunity_id": "91100417-48f5-44c2-aedf-00dd1ade79d4",
    "message_success": false,
    "message_trigger": "watch-feed-tooltip-requested"
  },
  {
    "timestamp_utc": "2024-10-13T18:40:54.415Z",
    "context_application_version": "8.9.82.628",
    "context_conn_country": "US",
    "context_device_manufacturer": "apple",
    "context_device_model": "iPhone13,4",
    "context_device_type": "mobile",
    "context_os_name": "ios",
    "context_os_version": "18.0.1",
    "context_receiver_service_timestamp": 1728844873625,
    "context_time": 1728844854415,
    "message_cmp_message_type": null,
    "message_discard_details": "Car is connected",
    "message_discard_reason": "CAR_CONNECTED",
    "message_local_message_identifier": null,
    "message_locale": "en",
    "message_message_creative_campaign_id": 0,
    "message_message_creative_id": 0,
    "message_message_creative_template_id": 0,
    "message_message_creative_version": "",
    "message_message_format": "TOOLTIP",
    "message_message_id": 0,
    "message_message_uuid": "808075AB-2FFD-48DC-8382-5B096FCF6E1E",
    "message_opportunity_id": "e10ce71a-7942-423d-8e76-28a501bb55f1",
    "message_success": false,
    "message_trigger": "watch-feed-tooltip-requested"
  },
  {
    "timestamp_utc": "2024-09-28T02:17:17.292Z",
    "context_application_version": "8.9.76.516",
    "context_conn_country": "US",
    "context_device_manufacturer": "apple",
    "context_device_model": "iPhone13,4",
    "context_device_type": "mobile",
    "context_os_name": "ios",
    "context_os_version": "18.0",
    "context_receiver_service_timestamp": 1727565601951,
    "context_time": 1727489837292,
    "message_cmp_message_type": "LOCAL",
    "message_discard_details": "",
    "message_discard_reason": "",
    "message_local_message_identifier": "com.spotify.service.connect.notifications_connect-is-active-attach-tooltip",
    "message_locale": "en",
    "message_message_creative_campaign_id": 0,
    "message_message_creative_id": 0,
    "message_message_creative_template_id": 0,
    "message_message_creative_version": "",
    "message_message_format": "TOOLTIP",
    "message_message_id": 0,
    "message_message_uuid": "5EBB586F-8893-4D86-9758-4CAADB372CC6",
    "message_opportunity_id": "aeb9facf-96c4-4fe8-8378-88c2d199c5b6",
    "message_success": true,
    "message_trigger": "connect-is-active"
  },
  {
    "timestamp_utc": "2024-10-21T20:02:31.426Z",
    "context_application_version": "8.9.82.628",
    "context_conn_country": "US",
    "context_device_manufacturer": "apple",
    "context_device_model": "iPhone13,4",
    "context_device_type": "mobile",
    "context_os_name": "ios",
    "context_os_version": "18.0.1",
    "context_receiver_service_timestamp": 1729540959705,
    "context_time": 1729540951426,
    "message_cmp_message_type": null,
    "message_discard_details": "Inflight selected formats: TOOLTIP (oppId: 582a4531-c5e3-4f23-b10c-b1e6b8a78b23)",
    "message_discard_reason": "CONFLICTING_MESSAGE_PRESENTING",
    "message_local_message_identifier": null,
    "message_locale": "en",
    "message_message_creative_campaign_id": 0,
    "message_message_creative_id": 0,
    "message_message_creative_template_id": 0,
    "message_message_creative_version": "",
    "message_message_format": "TOOLTIP",
    "message_message_id": 0,
    "message_message_uuid": "CE570F89-BFE4-4275-AA1A-A591DF629653",
    "message_opportunity_id": "2c788859-e26f-441a-9879-91eff088ec3e",
    "message_success": false,
    "message_trigger": "watch-feed-tooltip-requested"
  },
  {
    "timestamp_utc": "2024-10-21T20:02:31.726Z",
    "context_application_version": "8.9.82.628",
    "context_conn_country": "US",
    "context_device_manufacturer": "apple",
    "context_device_model": "iPhone13,4",
    "context_device_type": "mobile",
    "context_os_name": "ios",
    "context_os_version": "18.0.1",
    "context_receiver_service_timestamp": 1729540959705,
    "context_time": 1729540951726,
    "message_cmp_message_type": "LOCAL",
    "message_discard_details": "",
    "message_discard_reason": "",
    "message_local_message_identifier": "watch-feed-entrypoints_watchfeed-entityexplorer-tooltip",
    "message_locale": "en",
    "message_message_creative_campaign_id": 0,
    "message_message_creative_id": 0,
    "message_message_creative_template_id": 0,
    "message_message_creative_version": "",
    "message_message_format": "TOOLTIP",
    "message_message_id": 0,
    "message_message_uuid": "90D58DAD-394A-491B-87EB-7BA7645A4CF8",
    "message_opportunity_id": "582a4531-c5e3-4f23-b10c-b1e6b8a78b23",
    "message_success": true,
    "message_trigger": "watch-feed-tooltip-requested"
  },
  {
    "timestamp_utc": "2024-09-09T05:47:09.318Z",
    "context_application_version": "8.9.70.592",
    "context_conn_country": "US",
    "context_device_manufacturer": "apple",
    "context_device_model": "iPhone13,4",
    "context_device_type": "mobile",
    "context_os_name": "ios",
    "context_os_version": "17.6.1",
    "context_receiver_service_timestamp": 1725860838866,
    "context_time": 1725860829318,
    "message_cmp_message_type": "LOCAL",
    "message_discard_details": "",
    "message_discard_reason": "",
    "message_local_message_identifier": "com.spotify.service.connect.notifications_connect-is-active-attach-tooltip",
    "message_locale": "en",
    "message_message_creative_campaign_id": 0,
    "message_message_creative_id": 0,
    "message_message_creative_template_id": 0,
    "message_message_creative_version": "",
    "message_message_format": "TOOLTIP",
    "message_message_id": 0,
    "message_message_uuid": "6C689DAA-6C6C-4321-A9EE-ACA56B0B20D3",
    "message_opportunity_id": "25fd9534-0107-41e8-ab9e-5b148123b56d",
    "message_success": true,
    "message_trigger": "connect-is-active"
  },
  {
    "timestamp_utc": "2024-06-14T21:05:31.695Z",
    "context_application_version": "8.9.44.362",
    "context_conn_country": "US",
    "context_device_manufacturer": "apple",
    "context_device_model": "iPhone13,4",
    "context_device_type": "mobile",
    "context_os_name": "ios",
    "context_os_version": "17.5.1",
    "context_receiver_service_timestamp": 1718399147210,
    "context_time": 1718399131695,
    "message_cmp_message_type": null,
    "message_discard_details": "",
    "message_discard_reason": "",
    "message_local_message_identifier": null,
    "message_locale": "en",
    "message_message_creative_campaign_id": 78366,
    "message_message_creative_id": 17690049,
    "message_message_creative_template_id": 59728,
    "message_message_creative_version": "banners/V2",
    "message_message_format": "BANNER",
    "message_message_id": 132696,
    "message_message_uuid": "D3A0726D-3C38-4710-AB38-F1B4B14B17C1",
    "message_opportunity_id": "D3A0726D-3C38-4710-AB38-F1B4B14B17C1",
    "message_success": true,
    "message_trigger": "spotify:playlist:3J7mtpBF025R7W3m3UA0HH"
  },
  {
    "timestamp_utc": "2024-10-12T00:21:57.232Z",
    "context_application_version": "8.9.82.628",
    "context_conn_country": "US",
    "context_device_manufacturer": "apple",
    "context_device_model": "iPhone13,4",
    "context_device_type": "mobile",
    "context_os_name": "ios",
    "context_os_version": "18.0.1",
    "context_receiver_service_timestamp": 1728692537320,
    "context_time": 1728692517232,
    "message_cmp_message_type": null,
    "message_discard_details": "Car is connected",
    "message_discard_reason": "CAR_CONNECTED",
    "message_local_message_identifier": null,
    "message_locale": "en",
    "message_message_creative_campaign_id": 0,
    "message_message_creative_id": 0,
    "message_message_creative_template_id": 0,
    "message_message_creative_version": "",
    "message_message_format": "TOOLTIP",
    "message_message_id": 0,
    "message_message_uuid": "D6370B83-1464-49F8-80B2-284A14357944",
    "message_opportunity_id": "9e86c8d1-0002-4aab-bba2-2994a9e93edd",
    "message_success": false,
    "message_trigger": "watch-feed-tooltip-requested"
  },
  {
    "timestamp_utc": "2024-06-02T04:16:30.265Z",
    "context_application_version": "8.9.42.597",
    "context_conn_country": "US",
    "context_device_manufacturer": "apple",
    "context_device_model": "iPad14,4",
    "context_device_type": "tablet",
    "context_os_name": "ios",
    "context_os_version": "17.5.1",
    "context_receiver_service_timestamp": 1717301792696,
    "context_time": 1717301790265,
    "message_cmp_message_type": null,
    "message_discard_details": "",
    "message_discard_reason": "",
    "message_local_message_identifier": null,
    "message_locale": "en",
    "message_message_creative_campaign_id": 82834,
    "message_message_creative_id": 17960220,
    "message_message_creative_template_id": 70862,
    "message_message_creative_version": "cards/V2",
    "message_message_format": "MODAL",
    "message_message_id": 146083,
    "message_message_uuid": "037ac8fc-3443-41a0-a84e-e796fd8595b5",
    "message_opportunity_id": "037AC8FC-3443-41A0-A84E-E796FD8595B5",
    "message_success": true,
    "message_trigger": "spotify:home"
  },
  {
    "timestamp_utc": "2024-10-12T00:01:57.058Z",
    "context_application_version": "8.9.82.628",
    "context_conn_country": "US",
    "context_device_manufacturer": "apple",
    "context_device_model": "iPhone13,4",
    "context_device_type": "mobile",
    "context_os_name": "ios",
    "context_os_version": "18.0.1",
    "context_receiver_service_timestamp": 1728691337252,
    "context_time": 1728691317058,
    "message_cmp_message_type": null,
    "message_discard_details": "Car is connected",
    "message_discard_reason": "CAR_CONNECTED",
    "message_local_message_identifier": null,
    "message_locale": "en",
    "message_message_creative_campaign_id": 0,
    "message_message_creative_id": 0,
    "message_message_creative_template_id": 0,
    "message_message_creative_version": "",
    "message_message_format": "TOOLTIP",
    "message_message_id": 0,
    "message_message_uuid": "10F3BE69-DD20-4F87-A2BF-0A07D4C29FA9",
    "message_opportunity_id": "771e16cd-310c-4a55-b1e2-09bffa7d4f16",
    "message_success": false,
    "message_trigger": "watch-feed-tooltip-requested"
  },
  {
    "timestamp_utc": "2024-09-28T06:06:41.885Z",
    "context_application_version": "8.9.76.516",
    "context_conn_country": "US",
    "context_device_manufacturer": "apple",
    "context_device_model": "iPad14,4",
    "context_device_type": "tablet",
    "context_os_name": "ios",
    "context_os_version": "18.0",
    "context_receiver_service_timestamp": 1727503607108,
    "context_time": 1727503601885,
    "message_cmp_message_type": "JIT",
    "message_discard_details": "",
    "message_discard_reason": "",
    "message_local_message_identifier": null,
    "message_locale": "en",
    "message_message_creative_campaign_id": 84429,
    "message_message_creative_id": 18053354,
    "message_message_creative_template_id": 75775,
    "message_message_creative_version": "cards/V2",
    "message_message_format": "FULLSCREEN",
    "message_message_id": 151880,
    "message_message_uuid": "5b45ded3-30a2-4d73-914e-a2e6426aa065",
    "message_opportunity_id": "5b45ded3-30a2-4d73-914e-a2e6426aa065",
    "message_success": true,
    "message_trigger": "spotify:home"
  },
  {
    "timestamp_utc": "2024-09-12T00:30:16.445Z",
    "context_application_version": "8.9.70.592",
    "context_conn_country": "US",
    "context_device_manufacturer": "apple",
    "context_device_model": "iPhone13,4",
    "context_device_type": "mobile",
    "context_os_name": "ios",
    "context_os_version": "17.6.1",
    "context_receiver_service_timestamp": 1726101045610,
    "context_time": 1726101016445,
    "message_cmp_message_type": "JIT",
    "message_discard_details": "",
    "message_discard_reason": "",
    "message_local_message_identifier": null,
    "message_locale": "en",
    "message_message_creative_campaign_id": 78417,
    "message_message_creative_id": 18141078,
    "message_message_creative_template_id": 78999,
    "message_message_creative_version": "banners/V2",
    "message_message_format": "BANNER",
    "message_message_id": 155795,
    "message_message_uuid": "d87a5744-cae8-4269-a528-baec2d1d2ff1",
    "message_opportunity_id": "d87a5744-cae8-4269-a528-baec2d1d2ff1",
    "message_success": true,
    "message_trigger": "spotify:home"
  },
  {
    "timestamp_utc": "2024-09-25T03:19:32.517Z",
    "context_application_version": "8.9.76.516",
    "context_conn_country": "US",
    "context_device_manufacturer": "apple",
    "context_device_model": "iPhone13,4",
    "context_device_type": "mobile",
    "context_os_name": "ios",
    "context_os_version": "17.6.1",
    "context_receiver_service_timestamp": 1727274533801,
    "context_time": 1727234372517,
    "message_cmp_message_type": "LOCAL",
    "message_discard_details": "",
    "message_discard_reason": "",
    "message_local_message_identifier": "com.spotify.service.connect.notifications_connect-is-active-attach-tooltip",
    "message_locale": "en",
    "message_message_creative_campaign_id": 0,
    "message_message_creative_id": 0,
    "message_message_creative_template_id": 0,
    "message_message_creative_version": "",
    "message_message_format": "TOOLTIP",
    "message_message_id": 0,
    "message_message_uuid": "F4475936-492B-4048-9161-4DED986997EE",
    "message_opportunity_id": "a948a31b-6ed5-471e-8738-95afe9e3df6c",
    "message_success": true,
    "message_trigger": "connect-is-active"
  },
  {
    "timestamp_utc": "2024-10-12T00:21:55.697Z",
    "context_application_version": "8.9.82.628",
    "context_conn_country": "US",
    "context_device_manufacturer": "apple",
    "context_device_model": "iPhone13,4",
    "context_device_type": "mobile",
    "context_os_name": "ios",
    "context_os_version": "18.0.1",
    "context_receiver_service_timestamp": 1728692517271,
    "context_time": 1728692515697,
    "message_cmp_message_type": null,
    "message_discard_details": "Car is connected",
    "message_discard_reason": "CAR_CONNECTED",
    "message_local_message_identifier": null,
    "message_locale": "en",
    "message_message_creative_campaign_id": 0,
    "message_message_creative_id": 0,
    "message_message_creative_template_id": 0,
    "message_message_creative_version": "",
    "message_message_format": "TOOLTIP",
    "message_message_id": 0,
    "message_message_uuid": "621297BE-2D88-4813-9B62-C2A0B942792C",
    "message_opportunity_id": "8ad4034f-f067-4863-8de0-bf192c9ccda6",
    "message_success": false,
    "message_trigger": "watch-feed-tooltip-requested"
  },
  {
    "timestamp_utc": "2024-10-13T18:56:29.585Z",
    "context_application_version": "8.9.82.628",
    "context_conn_country": "US",
    "context_device_manufacturer": "apple",
    "context_device_model": "iPhone13,4",
    "context_device_type": "mobile",
    "context_os_name": "ios",
    "context_os_version": "18.0.1",
    "context_receiver_service_timestamp": 1728845813878,
    "context_time": 1728845789585,
    "message_cmp_message_type": null,
    "message_discard_details": "Car is connected",
    "message_discard_reason": "CAR_CONNECTED",
    "message_local_message_identifier": null,
    "message_locale": "en",
    "message_message_creative_campaign_id": 0,
    "message_message_creative_id": 0,
    "message_message_creative_template_id": 0,
    "message_message_creative_version": "",
    "message_message_format": "TOOLTIP",
    "message_message_id": 0,
    "message_message_uuid": "D7ECBF62-5E1E-4FFB-9D10-23697D1F8B4F",
    "message_opportunity_id": "d4880885-1cc7-4270-b096-79af623ad301",
    "message_success": false,
    "message_trigger": "watch-feed-tooltip-requested"
  },
  {
    "timestamp_utc": "2024-07-05T01:47:56.927Z",
    "context_application_version": "8.9.50.491",
    "context_conn_country": "US",
    "context_device_manufacturer": "apple",
    "context_device_model": "iPhone13,4",
    "context_device_type": "mobile",
    "context_os_name": "ios",
    "context_os_version": "17.5.1",
    "context_receiver_service_timestamp": 1720144097701,
    "context_time": 1720144076927,
    "message_cmp_message_type": null,
    "message_discard_details": "The Internet connection appears to be offline.",
    "message_discard_reason": "BACKEND_ERROR",
    "message_local_message_identifier": null,
    "message_locale": "",
    "message_message_creative_campaign_id": 0,
    "message_message_creative_id": 0,
    "message_message_creative_template_id": 0,
    "message_message_creative_version": "",
    "message_message_format": "unknown",
    "message_message_id": 0,
    "message_message_uuid": "0",
    "message_opportunity_id": "016e870e-d3e6-4355-b6b0-9f165b023279",
    "message_success": false,
    "message_trigger": "spotify:track:1a9dUxIQ2ehPH3992H9uPe"
  },
  {
    "timestamp_utc": "2024-08-26T07:04:10.732Z",
    "context_application_version": "8.9.66.462",
    "context_conn_country": "US",
    "context_device_manufacturer": "apple",
    "context_device_model": "iPhone13,4",
    "context_device_type": "mobile",
    "context_os_name": "ios",
    "context_os_version": "17.5.1",
    "context_receiver_service_timestamp": 1724655859218,
    "context_time": 1724655850732,
    "message_cmp_message_type": null,
    "message_discard_details": "",
    "message_discard_reason": "",
    "message_local_message_identifier": null,
    "message_locale": "en",
    "message_message_creative_campaign_id": 0,
    "message_message_creative_id": 0,
    "message_message_creative_template_id": 0,
    "message_message_creative_version": "",
    "message_message_format": "TOOLTIP",
    "message_message_id": 0,
    "message_message_uuid": "B3E5DADA-5D01-432A-BE21-168F23434DFA",
    "message_opportunity_id": "65f4c2cf-833c-4445-b0b8-bba05bfe9463",
    "message_success": true,
    "message_trigger": "connect-is-active"
  },
  {
    "timestamp_utc": "2024-08-28T22:16:40.692Z",
    "context_application_version": "8.9.68.490",
    "context_conn_country": "US",
    "context_device_manufacturer": "apple",
    "context_device_model": "iPhone13,4",
    "context_device_type": "mobile",
    "context_os_name": "ios",
    "context_os_version": "17.5.1",
    "context_receiver_service_timestamp": 1724883419077,
    "context_time": 1724883400692,
    "message_cmp_message_type": null,
    "message_discard_details": "",
    "message_discard_reason": "",
    "message_local_message_identifier": null,
    "message_locale": "en",
    "message_message_creative_campaign_id": 0,
    "message_message_creative_id": 0,
    "message_message_creative_template_id": 0,
    "message_message_creative_version": "",
    "message_message_format": "TOOLTIP",
    "message_message_id": 0,
    "message_message_uuid": "90BE176E-E2DC-45E8-9C87-EC4B8CBC2E26",
    "message_opportunity_id": "1ecba502-91bc-4477-acd6-aea62a0f65d6",
    "message_success": true,
    "message_trigger": "connect-is-active"
  },
  {
    "timestamp_utc": "2024-09-28T02:17:17.292Z",
    "context_application_version": "8.9.76.516",
    "context_conn_country": "US",
    "context_device_manufacturer": "apple",
    "context_device_model": "iPhone13,4",
    "context_device_type": "mobile",
    "context_os_name": "ios",
    "context_os_version": "18.0",
    "context_receiver_service_timestamp": 1727489843301,
    "context_time": 1727489837292,
    "message_cmp_message_type": "LOCAL",
    "message_discard_details": "",
    "message_discard_reason": "",
    "message_local_message_identifier": "com.spotify.service.connect.notifications_connect-is-active-attach-tooltip",
    "message_locale": "en",
    "message_message_creative_campaign_id": 0,
    "message_message_creative_id": 0,
    "message_message_creative_template_id": 0,
    "message_message_creative_version": "",
    "message_message_format": "TOOLTIP",
    "message_message_id": 0,
    "message_message_uuid": "5EBB586F-8893-4D86-9758-4CAADB372CC6",
    "message_opportunity_id": "aeb9facf-96c4-4fe8-8378-88c2d199c5b6",
    "message_success": true,
    "message_trigger": "connect-is-active"
  },
  {
    "timestamp_utc": "2024-10-13T18:40:54.337Z",
    "context_application_version": "8.9.82.628",
    "context_conn_country": "US",
    "context_device_manufacturer": "apple",
    "context_device_model": "iPhone13,4",
    "context_device_type": "mobile",
    "context_os_name": "ios",
    "context_os_version": "18.0.1",
    "context_receiver_service_timestamp": 1728844873625,
    "context_time": 1728844854337,
    "message_cmp_message_type": null,
    "message_discard_details": "Car is connected",
    "message_discard_reason": "CAR_CONNECTED",
    "message_local_message_identifier": null,
    "message_locale": "en",
    "message_message_creative_campaign_id": 0,
    "message_message_creative_id": 0,
    "message_message_creative_template_id": 0,
    "message_message_creative_version": "",
    "message_message_format": "TOOLTIP",
    "message_message_id": 0,
    "message_message_uuid": "F2E0D8EA-4E81-4BFE-90C6-3F5548E5341C",
    "message_opportunity_id": "38ee606f-1491-4224-a6a2-3ca012b9d73d",
    "message_success": false,
    "message_trigger": "watch-feed-tooltip-requested"
  },
  {
    "timestamp_utc": "2024-10-16T00:22:42.493Z",
    "context_application_version": "8.9.82.628",
    "context_conn_country": "US",
    "context_device_manufacturer": "apple",
    "context_device_model": "iPhone13,4",
    "context_device_type": "mobile",
    "context_os_name": "ios",
    "context_os_version": "18.0.1",
    "context_receiver_service_timestamp": 1729038167675,
    "context_time": 1729038162493,
    "message_cmp_message_type": "LOCAL",
    "message_discard_details": "",
    "message_discard_reason": "",
    "message_local_message_identifier": "com.spotify.service.connect.notifications_connect-is-active-connectToDevice-tooltip",
    "message_locale": "en",
    "message_message_creative_campaign_id": 0,
    "message_message_creative_id": 0,
    "message_message_creative_template_id": 0,
    "message_message_creative_version": "",
    "message_message_format": "TOOLTIP",
    "message_message_id": 0,
    "message_message_uuid": "D69631DD-6C70-4010-8E69-7E8B6D691A6B",
    "message_opportunity_id": "b4b0354b-b7cc-4d0c-8999-54251dde2b4a",
    "message_success": true,
    "message_trigger": "connect-is-active"
  },
  {
    "timestamp_utc": "2024-10-12T00:21:57.644Z",
    "context_application_version": "8.9.82.628",
    "context_conn_country": "US",
    "context_device_manufacturer": "apple",
    "context_device_model": "iPhone13,4",
    "context_device_type": "mobile",
    "context_os_name": "ios",
    "context_os_version": "18.0.1",
    "context_receiver_service_timestamp": 1728692537320,
    "context_time": 1728692517644,
    "message_cmp_message_type": null,
    "message_discard_details": "Car is connected",
    "message_discard_reason": "CAR_CONNECTED",
    "message_local_message_identifier": null,
    "message_locale": "en",
    "message_message_creative_campaign_id": 0,
    "message_message_creative_id": 0,
    "message_message_creative_template_id": 0,
    "message_message_creative_version": "",
    "message_message_format": "TOOLTIP",
    "message_message_id": 0,
    "message_message_uuid": "8F9424E6-2EB5-4BEE-BE59-BA91E7131EE9",
    "message_opportunity_id": "63044ef3-21f2-4f9e-9c2f-4b1eab825d50",
    "message_success": false,
    "message_trigger": "watch-feed-tooltip-requested"
  },
  {
    "timestamp_utc": "2024-06-11T20:32:24.361Z",
    "context_application_version": "8.9.44.362",
    "context_conn_country": "US",
    "context_device_manufacturer": "apple",
    "context_device_model": "iPhone13,4",
    "context_device_type": "mobile",
    "context_os_name": "ios",
    "context_os_version": "17.5.1",
    "context_receiver_service_timestamp": 1718137971982,
    "context_time": 1718137944361,
    "message_cmp_message_type": null,
    "message_discard_details": "The original context from which the message was requested changed",
    "message_discard_reason": "CONTEXT_SWITCHED",
    "message_local_message_identifier": null,
    "message_locale": "en",
    "message_message_creative_campaign_id": 82834,
    "message_message_creative_id": 17960220,
    "message_message_creative_template_id": 70862,
    "message_message_creative_version": "cards/V2",
    "message_message_format": "MODAL",
    "message_message_id": 146083,
    "message_message_uuid": "C614F007-96AC-45DA-94E8-CC5CE692448E",
    "message_opportunity_id": "C614F007-96AC-45DA-94E8-CC5CE692448E",
    "message_success": false,
    "message_trigger": "spotify:home"
  },
  {
    "timestamp_utc": "2024-10-25T00:08:13.056Z",
    "context_application_version": "8.9.86.419",
    "context_conn_country": "US",
    "context_device_manufacturer": "apple",
    "context_device_model": "iPad14,4",
    "context_device_type": "tablet",
    "context_os_name": "ios",
    "context_os_version": "18.0.1",
    "context_receiver_service_timestamp": 1729814908406,
    "context_time": 1729814893056,
    "message_cmp_message_type": "LOCAL",
    "message_discard_details": "",
    "message_discard_reason": "",
    "message_local_message_identifier": "watch-feed-entrypoints_watchfeed-entityexplorer-tooltip",
    "message_locale": "en",
    "message_message_creative_campaign_id": 0,
    "message_message_creative_id": 0,
    "message_message_creative_template_id": 0,
    "message_message_creative_version": "",
    "message_message_format": "TOOLTIP",
    "message_message_id": 0,
    "message_message_uuid": "5A4DEA07-6EE0-463C-A632-E91C3ABA9FBC",
    "message_opportunity_id": "efebf14e-84fb-4c9a-abd8-5425cb68ae32",
    "message_success": true,
    "message_trigger": "watch-feed-tooltip-requested"
  },
  {
    "timestamp_utc": "2024-08-29T22:24:49.495Z",
    "context_application_version": "8.9.68.490",
    "context_conn_country": "US",
    "context_device_manufacturer": "apple",
    "context_device_model": "iPhone13,4",
    "context_device_type": "mobile",
    "context_os_name": "ios",
    "context_os_version": "17.5.1",
    "context_receiver_service_timestamp": 1724970883404,
    "context_time": 1724970289495,
    "message_cmp_message_type": null,
    "message_discard_details": "",
    "message_discard_reason": "",
    "message_local_message_identifier": null,
    "message_locale": "en",
    "message_message_creative_campaign_id": 0,
    "message_message_creative_id": 0,
    "message_message_creative_template_id": 0,
    "message_message_creative_version": "",
    "message_message_format": "TOOLTIP",
    "message_message_id": 0,
    "message_message_uuid": "80F51CB1-C0EF-43EE-ACA5-1813A4DA352D",
    "message_opportunity_id": "012fa846-02c6-4928-94b5-db68f89922a6",
    "message_success": true,
    "message_trigger": "connect-is-active"
  },
  {
    "timestamp_utc": "2024-09-26T20:30:19.472Z",
    "context_application_version": "8.9.76.516",
    "context_conn_country": "US",
    "context_device_manufacturer": "apple",
    "context_device_model": "iPad14,4",
    "context_device_type": "tablet",
    "context_os_name": "ios",
    "context_os_version": "18.0",
    "context_receiver_service_timestamp": 1727382636710,
    "context_time": 1727382619472,
    "message_cmp_message_type": "LOCAL",
    "message_discard_details": "",
    "message_discard_reason": "",
    "message_local_message_identifier": "com.spotify.service.accountswitching.accountswitchingmessaging_show-account-switch-helper-tooltip",
    "message_locale": "en",
    "message_message_creative_campaign_id": 0,
    "message_message_creative_id": 0,
    "message_message_creative_template_id": 0,
    "message_message_creative_version": "",
    "message_message_format": "TOOLTIP",
    "message_message_id": 0,
    "message_message_uuid": "3A342961-19D4-4C5B-B6BB-55546B791690",
    "message_opportunity_id": "67d9a87e-848e-4de2-9d26-291f985d16ca",
    "message_success": true,
    "message_trigger": "show-account-switch-helper-tooltip"
  },
  {
    "timestamp_utc": "2024-09-25T16:19:53.398Z",
    "context_application_version": "8.9.76.516",
    "context_conn_country": "US",
    "context_device_manufacturer": "apple",
    "context_device_model": "iPhone13,4",
    "context_device_type": "mobile",
    "context_os_name": "ios",
    "context_os_version": "18.0",
    "context_receiver_service_timestamp": 1727281213465,
    "context_time": 1727281193398,
    "message_cmp_message_type": "LOCAL",
    "message_discard_details": "",
    "message_discard_reason": "",
    "message_local_message_identifier": "com.spotify.service.accountswitching.accountswitchingmessaging_show-account-switch-helper-tooltip",
    "message_locale": "en",
    "message_message_creative_campaign_id": 0,
    "message_message_creative_id": 0,
    "message_message_creative_template_id": 0,
    "message_message_creative_version": "",
    "message_message_format": "TOOLTIP",
    "message_message_id": 0,
    "message_message_uuid": "9A463193-ACE8-4516-B523-AAF10600AA97",
    "message_opportunity_id": "f9be3715-dd77-4dd2-92b9-b58b7f824509",
    "message_success": true,
    "message_trigger": "show-account-switch-helper-tooltip"
  },
  {
    "timestamp_utc": "2024-10-13T18:51:14.622Z",
    "context_application_version": "8.9.82.628",
    "context_conn_country": "US",
    "context_device_manufacturer": "apple",
    "context_device_model": "iPhone13,4",
    "context_device_type": "mobile",
    "context_os_name": "ios",
    "context_os_version": "18.0.1",
    "context_receiver_service_timestamp": 1728845483906,
    "context_time": 1728845474622,
    "message_cmp_message_type": null,
    "message_discard_details": "Car is connected",
    "message_discard_reason": "CAR_CONNECTED",
    "message_local_message_identifier": null,
    "message_locale": "en",
    "message_message_creative_campaign_id": 0,
    "message_message_creative_id": 0,
    "message_message_creative_template_id": 0,
    "message_message_creative_version": "",
    "message_message_format": "TOOLTIP",
    "message_message_id": 0,
    "message_message_uuid": "64446E59-4B4A-40A7-A53E-D44DEBBFB6A8",
    "message_opportunity_id": "e96b917b-d168-4462-b097-90cf05b6bf92",
    "message_success": false,
    "message_trigger": "watch-feed-tooltip-requested"
  },
  {
    "timestamp_utc": "2024-10-12T00:21:55.706Z",
    "context_application_version": "8.9.82.628",
    "context_conn_country": "US",
    "context_device_manufacturer": "apple",
    "context_device_model": "iPhone13,4",
    "context_device_type": "mobile",
    "context_os_name": "ios",
    "context_os_version": "18.0.1",
    "context_receiver_service_timestamp": 1728692517271,
    "context_time": 1728692515706,
    "message_cmp_message_type": null,
    "message_discard_details": "Car is connected",
    "message_discard_reason": "CAR_CONNECTED",
    "message_local_message_identifier": null,
    "message_locale": "en",
    "message_message_creative_campaign_id": 0,
    "message_message_creative_id": 0,
    "message_message_creative_template_id": 0,
    "message_message_creative_version": "",
    "message_message_format": "TOOLTIP",
    "message_message_id": 0,
    "message_message_uuid": "2D129E3D-7466-4DA3-B7FE-C25DC14C26E2",
    "message_opportunity_id": "784d7fbd-8f7a-406b-a348-ca9ac453a530",
    "message_success": false,
    "message_trigger": "watch-feed-tooltip-requested"
  },
  {
    "timestamp_utc": "2024-09-09T20:22:44.373Z",
    "context_application_version": "8.9.70.592",
    "context_conn_country": "US",
    "context_device_manufacturer": "apple",
    "context_device_model": "iPhone13,4",
    "context_device_type": "mobile",
    "context_os_name": "ios",
    "context_os_version": "17.6.1",
    "context_receiver_service_timestamp": 1725913382365,
    "context_time": 1725913364373,
    "message_cmp_message_type": "LOCAL",
    "message_discard_details": "",
    "message_discard_reason": "",
    "message_local_message_identifier": "com.spotify.service.connect.notifications_connect-is-active-connectToDevice-tooltip",
    "message_locale": "en",
    "message_message_creative_campaign_id": 0,
    "message_message_creative_id": 0,
    "message_message_creative_template_id": 0,
    "message_message_creative_version": "",
    "message_message_format": "TOOLTIP",
    "message_message_id": 0,
    "message_message_uuid": "D678EA7D-B158-49A8-8FD6-F7F12B4C17F3",
    "message_opportunity_id": "62b3cdf4-1415-46f1-9435-dc78d8dd671b",
    "message_success": true,
    "message_trigger": "connect-is-active"
  },
  {
    "timestamp_utc": "2024-10-13T18:41:06.665Z",
    "context_application_version": "8.9.82.628",
    "context_conn_country": "US",
    "context_device_manufacturer": "apple",
    "context_device_model": "iPhone13,4",
    "context_device_type": "mobile",
    "context_os_name": "ios",
    "context_os_version": "18.0.1",
    "context_receiver_service_timestamp": 1728844873887,
    "context_time": 1728844866665,
    "message_cmp_message_type": null,
    "message_discard_details": "Car is connected",
    "message_discard_reason": "CAR_CONNECTED",
    "message_local_message_identifier": null,
    "message_locale": "en",
    "message_message_creative_campaign_id": 0,
    "message_message_creative_id": 0,
    "message_message_creative_template_id": 0,
    "message_message_creative_version": "",
    "message_message_format": "TOOLTIP",
    "message_message_id": 0,
    "message_message_uuid": "C59DF516-F35A-4D64-98F2-3DAD007632AF",
    "message_opportunity_id": "709d52ed-730d-4114-b6f5-cb08f6efd43e",
    "message_success": false,
    "message_trigger": "watch-feed-tooltip-requested"
  },
  {
    "timestamp_utc": "2024-09-03T21:57:09.793Z",
    "context_application_version": "8.9.68.490",
    "context_conn_country": "US",
    "context_device_manufacturer": "apple",
    "context_device_model": "iPhone13,4",
    "context_device_type": "mobile",
    "context_os_name": "ios",
    "context_os_version": "17.6.1",
    "context_receiver_service_timestamp": 1725400678959,
    "context_time": 1725400629793,
    "message_cmp_message_type": null,
    "message_discard_details": "The Internet connection appears to be offline.",
    "message_discard_reason": "BACKEND_ERROR",
    "message_local_message_identifier": null,
    "message_locale": "",
    "message_message_creative_campaign_id": 0,
    "message_message_creative_id": 0,
    "message_message_creative_template_id": 0,
    "message_message_creative_version": "",
    "message_message_format": "unknown",
    "message_message_id": 0,
    "message_message_uuid": "0",
    "message_opportunity_id": "d9359026-7e6c-4c81-8493-9c97fc523839",
    "message_success": false,
    "message_trigger": "spotify:track:71gxxHuQa8giRcIbg4bNR7"
  },
  {
    "timestamp_utc": "2024-07-27T23:55:02.454Z",
    "context_application_version": "8.9.58.473",
    "context_conn_country": "US",
    "context_device_manufacturer": "apple",
    "context_device_model": "iPhone13,4",
    "context_device_type": "mobile",
    "context_os_name": "ios",
    "context_os_version": "17.5.1",
    "context_receiver_service_timestamp": 1722124512922,
    "context_time": 1722124502454,
    "message_cmp_message_type": null,
    "message_discard_details": "The operation couldn’t be completed. (com.spotify.connectivity.oauth error 5.)",
    "message_discard_reason": "BACKEND_ERROR",
    "message_local_message_identifier": null,
    "message_locale": "",
    "message_message_creative_campaign_id": 0,
    "message_message_creative_id": 0,
    "message_message_creative_template_id": 0,
    "message_message_creative_version": "",
    "message_message_format": "unknown",
    "message_message_id": 0,
    "message_message_uuid": "0",
    "message_opportunity_id": "19d94ccb-d921-4f1b-9465-d0efa96ff6b3",
    "message_success": false,
    "message_trigger": "spotify:track:4w2GLmK2wnioVnb5CPQeex"
  },
  {
    "timestamp_utc": "2024-06-02T19:54:08.384Z",
    "context_application_version": "8.9.42.597",
    "context_conn_country": "US",
    "context_device_manufacturer": "apple",
    "context_device_model": "iPhone13,4",
    "context_device_type": "mobile",
    "context_os_name": "ios",
    "context_os_version": "17.5.1",
    "context_receiver_service_timestamp": 1717358076579,
    "context_time": 1717358048384,
    "message_cmp_message_type": null,
    "message_discard_details": "",
    "message_discard_reason": "",
    "message_local_message_identifier": null,
    "message_locale": "en",
    "message_message_creative_campaign_id": 82834,
    "message_message_creative_id": 17960281,
    "message_message_creative_template_id": 70893,
    "message_message_creative_version": "cards/V2",
    "message_message_format": "MODAL",
    "message_message_id": 146116,
    "message_message_uuid": "d6680c8c-122a-4ebd-8d00-6adc9ad7cb2d",
    "message_opportunity_id": "D6680C8C-122A-4EBD-8D00-6ADC9AD7CB2D",
    "message_success": true,
    "message_trigger": "spotify:home"
  },
  {
    "timestamp_utc": "2024-08-10T05:23:20.604Z",
    "context_application_version": "8.9.62.465",
    "context_conn_country": "US",
    "context_device_manufacturer": "apple",
    "context_device_model": "iPhone13,4",
    "context_device_type": "mobile",
    "context_os_name": "ios",
    "context_os_version": "17.5.1",
    "context_receiver_service_timestamp": 1723267406201,
    "context_time": 1723267400604,
    "message_cmp_message_type": null,
    "message_discard_details": "",
    "message_discard_reason": "",
    "message_local_message_identifier": null,
    "message_locale": "en",
    "message_message_creative_campaign_id": 84939,
    "message_message_creative_id": 18080553,
    "message_message_creative_template_id": 77143,
    "message_message_creative_version": "cards/V2",
    "message_message_format": "MODAL",
    "message_message_id": 153573,
    "message_message_uuid": "5722aabc-43b4-41b0-854c-191188a18c04",
    "message_opportunity_id": "5722aabc-43b4-41b0-854c-191188a18c04",
    "message_success": true,
    "message_trigger": "spotify:home"
  }
]