[
  {
    "timestamp_utc": "2024-09-18T18:24:47.690Z",
    "context_application_version": "1.2.45.454",
    "context_conn_country": "US",
    "context_device_manufacturer": "Apple Inc.",
    "context_device_model": "MacBookPro16,2",
    "context_device_type": "desktop",
    "context_os_name": "osx",
    "context_os_version": "14.6.1",
    "context_receiver_service_timestamp": 1726683916660,
    "context_time": 1726683887690,
    "message_client_default_locale": "en",
    "message_user_specified_locale": ""
  },
  {
    "timestamp_utc": "2024-09-11T21:07:14.758Z",
    "context_application_version": "1.2.39.578",
    "context_conn_country": "US",
    "context_device_manufacturer": "Apple Inc.",
    "context_device_model": "MacBookPro16,2",
    "context_device_type": "desktop",
    "context_os_name": "osx",
    "context_os_version": "14.6.1",
    "context_receiver_service_timestamp": 1726088864966,
    "context_time": 1726088834758,
    "message_client_default_locale": "en",
    "message_user_specified_locale": ""
  },
  {
    "timestamp_utc": "2024-09-25T17:50:19.513Z",
    "context_application_version": "1.2.47.364",
    "context_conn_country": "US",
    "context_device_manufacturer": "Apple Inc.",
    "context_device_model": "MacBookPro16,2",
    "context_device_type": "desktop",
    "context_os_name": "osx",
    "context_os_version": "14.6.1",
    "context_receiver_service_timestamp": 1727286621125,
    "context_time": 1727286619513,
    "message_client_default_locale": "en",
    "message_user_specified_locale": ""
  },
  {
    "timestamp_utc": "2024-10-11T21:02:45.995Z",
    "context_application_version": "1.2.47.364",
    "context_conn_country": "US",
    "context_device_manufacturer": "Apple Inc.",
    "context_device_model": "MacBookPro16,2",
    "context_device_type": "desktop",
    "context_os_name": "osx",
    "context_os_version": "15.0.0",
    "context_receiver_service_timestamp": 1728680567810,
    "context_time": 1728680565995,
    "message_client_default_locale": "en",
    "message_user_specified_locale": ""
  },
  {
    "timestamp_utc": "2024-11-04T02:10:43.478Z",
    "context_application_version": "1.2.49.439",
    "context_conn_country": "US",
    "context_device_manufacturer": "Apple Inc.",
    "context_device_model": "MacBookPro16,2",
    "context_device_type": "desktop",
    "context_os_name": "osx",
    "context_os_version": "15.0.1",
    "context_receiver_service_timestamp": 1730686245473,
    "context_time": 1730686243478,
    "message_client_default_locale": "en",
    "message_user_specified_locale": ""
  },
  {
    "timestamp_utc": "2024-09-27T00:44:43.110Z",
    "context_application_version": "1.2.47.364",
    "context_conn_country": "US",
    "context_device_manufacturer": "Apple Inc.",
    "context_device_model": "MacBookPro16,2",
    "context_device_type": "desktop",
    "context_os_name": "osx",
    "context_os_version": "15.0.0",
    "context_receiver_service_timestamp": 1727397884755,
    "context_time": 1727397883110,
    "message_client_default_locale": "en",
    "message_user_specified_locale": ""
  },
  {
    "timestamp_utc": "2024-10-28T01:15:52.571Z",
    "context_application_version": "1.2.48.405",
    "context_conn_country": "US",
    "context_device_manufacturer": "Apple Inc.",
    "context_device_model": "MacBookPro16,2",
    "context_device_type": "desktop",
    "context_os_name": "osx",
    "context_os_version": "15.0.1",
    "context_receiver_service_timestamp": 1730078154637,
    "context_time": 1730078152571,
    "message_client_default_locale": "en",
    "message_user_specified_locale": ""
  },
  {
    "timestamp_utc": "2024-11-05T18:12:59.869Z",
    "context_application_version": "1.2.49.439",
    "context_conn_country": "US",
    "context_device_manufacturer": "Apple Inc.",
    "context_device_model": "MacBookPro16,2",
    "context_device_type": "desktop",
    "context_os_name": "osx",
    "context_os_version": "15.0.1",
    "context_receiver_service_timestamp": 1730830381344,
    "context_time": 1730830379869,
    "message_client_default_locale": "en",
    "message_user_specified_locale": ""
  },
  {
    "timestamp_utc": "2024-10-21T21:28:25.864Z",
    "context_application_version": "1.2.48.405",
    "context_conn_country": "US",
    "context_device_manufacturer": "Apple Inc.",
    "context_device_model": "MacBookPro16,2",
    "context_device_type": "desktop",
    "context_os_name": "osx",
    "context_os_version": "15.0.1",
    "context_receiver_service_timestamp": 1729546108265,
    "context_time": 1729546105864,
    "message_client_default_locale": "en",
    "message_user_specified_locale": ""
  },
  {
    "timestamp_utc": "2024-09-21T19:30:22.071Z",
    "context_application_version": "1.2.45.454",
    "context_conn_country": "US",
    "context_device_manufacturer": "Apple Inc.",
    "context_device_model": "MacBookPro16,2",
    "context_device_type": "desktop",
    "context_os_name": "osx",
    "context_os_version": "14.6.1",
    "context_receiver_service_timestamp": 1726947023803,
    "context_time": 1726947022071,
    "message_client_default_locale": "en",
    "message_user_specified_locale": ""
  },
  {
    "timestamp_utc": "2024-09-24T23:47:18.550Z",
    "context_application_version": "1.2.45.454",
    "context_conn_country": "US",
    "context_device_manufacturer": "Apple Inc.",
    "context_device_model": "MacBookPro16,2",
    "context_device_type": "desktop",
    "context_os_name": "osx",
    "context_os_version": "14.6.1",
    "context_receiver_service_timestamp": 1727221640316,
    "context_time": 1727221638550,
    "message_client_default_locale": "en",
    "message_user_specified_locale": ""
  },
  {
    "timestamp_utc": "2024-09-30T18:17:31.607Z",
    "context_application_version": "1.2.47.364",
    "context_conn_country": "US",
    "context_device_manufacturer": "Apple Inc.",
    "context_device_model": "MacBookPro16,2",
    "context_device_type": "desktop",
    "context_os_name": "osx",
    "context_os_version": "15.0.0",
    "context_receiver_service_timestamp": 1727720253102,
    "context_time": 1727720251607,
    "message_client_default_locale": "en",
    "message_user_specified_locale": ""
  },
  {
    "timestamp_utc": "2024-11-11T03:26:31.491Z",
    "context_application_version": "1.2.49.439",
    "context_conn_country": "US",
    "context_device_manufacturer": "Apple Inc.",
    "context_device_model": "MacBookPro16,2",
    "context_device_type": "desktop",
    "context_os_name": "osx",
    "context_os_version": "15.0.1",
    "context_receiver_service_timestamp": 1731295593435,
    "context_time": 1731295591491,
    "message_client_default_locale": "en",
    "message_user_specified_locale": ""
  }
]