[
  {
    "timestamp_utc": "2024-10-30T16:38:14.585Z",
    "context_application_version": "8.9.86.419",
    "context_conn_country": "US",
    "context_device_manufacturer": "apple",
    "context_device_model": "iPhone13,4",
    "context_device_type": "mobile",
    "context_os_name": "ios",
    "context_os_version": "18.0.1",
    "context_receiver_service_timestamp": 1730306295837,
    "context_time": 1730306294585,
    "message_auth_id": "BC22E3F1-A6F3-4FAA-BEAD-63A81F8B3B8F"
  },
  {
    "timestamp_utc": "2024-09-13T20:30:02.089Z",
    "context_application_version": "8.9.74.535",
    "context_conn_country": "US",
    "context_device_manufacturer": "apple",
    "context_device_model": "iPhone13,4",
    "context_device_type": "mobile",
    "context_os_name": "ios",
    "context_os_version": "17.6.1",
    "context_receiver_service_timestamp": 1726259402503,
    "context_time": 1726259402089,
    "message_auth_id": "E24765DD-3436-4A4A-9776-4DB78F5D912E"
  },
  {
    "timestamp_utc": "2024-09-09T18:21:41.698Z",
    "context_application_version": "8.9.70.592",
    "context_conn_country": "US",
    "context_device_manufacturer": "apple",
    "context_device_model": "iPhone13,4",
    "context_device_type": "mobile",
    "context_os_name": "ios",
    "context_os_version": "17.6.1",
    "context_receiver_service_timestamp": 1725906102218,
    "context_time": 1725906101698,
    "message_auth_id": "1E3930F8-6935-4BB0-A697-80F72C1317BC"
  },
  {
    "timestamp_utc": "2024-11-13T02:11:34.984Z",
    "context_application_version": "8.9.90.84",
    "context_conn_country": "US",
    "context_device_manufacturer": "apple",
    "context_device_model": "iPhone13,4",
    "context_device_type": "mobile",
    "context_os_name": "ios",
    "context_os_version": "18.0.1",
    "context_receiver_service_timestamp": 1731463896235,
    "context_time": 1731463894984,
    "message_auth_id": "8906FDB9-B301-4565-AA6C-0190478BAFF3"
  },
  {
    "timestamp_utc": "2024-09-11T23:48:12.770Z",
    "context_application_version": "8.9.70.592",
    "context_conn_country": "US",
    "context_device_manufacturer": "apple",
    "context_device_model": "iPhone13,4",
    "context_device_type": "mobile",
    "context_os_name": "ios",
    "context_os_version": "17.6.1",
    "context_receiver_service_timestamp": 1726098495793,
    "context_time": 1726098492770,
    "message_auth_id": "AC4EE986-8B88-4A46-82E6-AD2360D8B6F6"
  },
  {
    "timestamp_utc": "2024-08-27T00:32:30.685Z",
    "context_application_version": "8.9.68.490",
    "context_conn_country": "US",
    "context_device_manufacturer": "apple",
    "context_device_model": "iPhone13,4",
    "context_device_type": "mobile",
    "context_os_name": "ios",
    "context_os_version": "17.5.1",
    "context_receiver_service_timestamp": 1724718751945,
    "context_time": 1724718750685,
    "message_auth_id": "C4462055-1DFA-4E76-A423-865EFD1C518C"
  },
  {
    "timestamp_utc": "2024-11-01T18:24:58.709Z",
    "context_application_version": "8.9.86.419",
    "context_conn_country": "US",
    "context_device_manufacturer": "apple",
    "context_device_model": "iPhone13,4",
    "context_device_type": "mobile",
    "context_os_name": "ios",
    "context_os_version": "18.0.1",
    "context_receiver_service_timestamp": 1730485503093,
    "context_time": 1730485498709,
    "message_auth_id": "0EDAD016-049A-41F1-94D7-B1C0ED3364DA"
  },
  {
    "timestamp_utc": "2024-11-12T03:36:20.590Z",
    "context_application_version": "8.9.90.84",
    "context_conn_country": "US",
    "context_device_manufacturer": "apple",
    "context_device_model": "iPhone13,4",
    "context_device_type": "mobile",
    "context_os_name": "ios",
    "context_os_version": "18.0.1",
    "context_receiver_service_timestamp": 1731382581824,
    "context_time": 1731382580590,
    "message_auth_id": "420C8D5D-2F0C-49D7-8F5C-0E8E1ED85EA1"
  },
  {
    "timestamp_utc": "2024-09-16T18:26:59.992Z",
    "context_application_version": "8.9.74.535",
    "context_conn_country": "US",
    "context_device_manufacturer": "apple",
    "context_device_model": "iPhone13,4",
    "context_device_type": "mobile",
    "context_os_name": "ios",
    "context_os_version": "17.6.1",
    "context_receiver_service_timestamp": 1726511229107,
    "context_time": 1726511219992,
    "message_auth_id": "E8A1E1F5-4F2F-4439-83FB-68F98F7417A5"
  },
  {
    "timestamp_utc": "2024-11-15T19:05:46.907Z",
    "context_application_version": "8.9.90.84",
    "context_conn_country": "US",
    "context_device_manufacturer": "apple",
    "context_device_model": "iPhone13,4",
    "context_device_type": "mobile",
    "context_os_name": "ios",
    "context_os_version": "18.0.1",
    "context_receiver_service_timestamp": 1731697548412,
    "context_time": 1731697546907,
    "message_auth_id": "C40B4C06-4508-4947-B104-49C391751365"
  },
  {
    "timestamp_utc": "2024-09-18T21:33:38.611Z",
    "context_application_version": "8.9.74.535",
    "context_conn_country": "US",
    "context_device_manufacturer": "apple",
    "context_device_model": "iPhone13,4",
    "context_device_type": "mobile",
    "context_os_name": "ios",
    "context_os_version": "17.6.1",
    "context_receiver_service_timestamp": 1726695236063,
    "context_time": 1726695218611,
    "message_auth_id": "85C0A915-710F-4B1C-A9A2-0B302AE738BD"
  }
]