[
  {
    "message_local_device_id": "428897da5ff38e5e6aa030ecc1af35e5e990f180",
    "timestamp_utc": "2024-07-19T22:16:01.235Z",
    "context_application_version": "8.9.54.343",
    "context_conn_country": "US",
    "context_device_manufacturer": "apple",
    "context_device_model": "iPhone13,4",
    "context_device_type": "mobile",
    "context_os_name": "ios",
    "context_os_version": "17.5.1",
    "context_receiver_service_timestamp": 1721427390936,
    "context_time": 1721427361235,
    "message_local_time": "2024-07-19T15:16:01-07:00",
    "message_timezone": "America/Los_Angeles"
  },
  {
    "message_local_device_id": "428897da5ff38e5e6aa030ecc1af35e5e990f180",
    "timestamp_utc": "2024-07-14T03:41:17.918Z",
    "context_application_version": "8.9.54.343",
    "context_conn_country": "US",
    "context_device_manufacturer": "apple",
    "context_device_model": "iPhone13,4",
    "context_device_type": "mobile",
    "context_os_name": "ios",
    "context_os_version": "17.5.1",
    "context_receiver_service_timestamp": 1720930059046,
    "context_time": 1720928477918,
    "message_local_time": "2024-07-13T20:41:17-07:00",
    "message_timezone": "America/Los_Angeles"
  },
  {
    "message_local_device_id": "84e0edb8be8ea273b09ebf3977a93210bd4d17c1",
    "timestamp_utc": "2024-09-03T01:25:18.488Z",
    "context_application_version": "8.9.68.490",
    "context_conn_country": "US",
    "context_device_manufacturer": "apple",
    "context_device_model": "iPhone13,4",
    "context_device_type": "mobile",
    "context_os_name": "ios",
    "context_os_version": "17.6.1",
    "context_receiver_service_timestamp": 1725326747815,
    "context_time": 1725326718488,
    "message_local_time": "2024-09-02T18:25:18-07:00",
    "message_timezone": "America/Los_Angeles"
  },
  {
    "message_local_device_id": "6cf9fa102eff500d56303660c018eef9139c3850",
    "timestamp_utc": "2024-09-16T16:32:27.107Z",
    "context_application_version": "8.9.74.535",
    "context_conn_country": "US",
    "context_device_manufacturer": "apple",
    "context_device_model": "iPhone13,4",
    "context_device_type": "mobile",
    "context_os_name": "ios",
    "context_os_version": "17.6.1",
    "context_receiver_service_timestamp": 1726504377036,
    "context_time": 1726504347107,
    "message_local_time": "2024-09-16T09:32:27-07:00",
    "message_timezone": "America/Los_Angeles"
  },
  {
    "message_local_device_id": "d39a8fad983e44b14e5c032c3a98f12bbdb0f062",
    "timestamp_utc": "2024-08-08T18:49:16.821Z",
    "context_application_version": "8.9.60.458",
    "context_conn_country": "US",
    "context_device_manufacturer": "apple",
    "context_device_model": "iPhone13,4",
    "context_device_type": "mobile",
    "context_os_name": "ios",
    "context_os_version": "17.5.1",
    "context_receiver_service_timestamp": 1723142986620,
    "context_time": 1723142956821,
    "message_local_time": "2024-08-08T11:49:16-07:00",
    "message_timezone": "America/Los_Angeles"
  },
  {
    "message_local_device_id": "6812d5906c0654ceb7e8458cae5aac668a2ffbd7",
    "timestamp_utc": "2024-07-08T18:56:52.356Z",
    "context_application_version": "8.9.50.491",
    "context_conn_country": "US",
    "context_device_manufacturer": "apple",
    "context_device_model": "iPhone13,4",
    "context_device_type": "mobile",
    "context_os_name": "ios",
    "context_os_version": "17.5.1",
    "context_receiver_service_timestamp": 1720466806023,
    "context_time": 1720465012356,
    "message_local_time": "2024-07-08T11:56:52-07:00",
    "message_timezone": "America/Los_Angeles"
  },
  {
    "message_local_device_id": "a48e61aa27afd849ec7937d0f06ae690fa36c62c",
    "timestamp_utc": "2024-06-30T02:13:39.956Z",
    "context_application_version": "8.9.48.455",
    "context_conn_country": "US",
    "context_device_manufacturer": "apple",
    "context_device_model": "iPhone13,4",
    "context_device_type": "mobile",
    "context_os_name": "ios",
    "context_os_version": "17.5.1",
    "context_receiver_service_timestamp": 1719713647687,
    "context_time": 1719713619956,
    "message_local_time": "2024-06-29T19:13:39-07:00",
    "message_timezone": "America/Los_Angeles"
  },
  {
    "message_local_device_id": "e298acf475e49c5a39cc50be4c0874a192998f0a",
    "timestamp_utc": "2024-09-09T01:27:59.124Z",
    "context_application_version": "8.9.70.592",
    "context_conn_country": "US",
    "context_device_manufacturer": "apple",
    "context_device_model": "iPhone13,4",
    "context_device_type": "mobile",
    "context_os_name": "ios",
    "context_os_version": "17.6.1",
    "context_receiver_service_timestamp": 1725845290601,
    "context_time": 1725845279124,
    "message_local_time": "2024-09-08T18:27:59-07:00",
    "message_timezone": "America/Los_Angeles"
  },
  {
    "message_local_device_id": "0d5f311a74e202addfc80cf48ad252f5c96228de",
    "timestamp_utc": "2024-06-21T10:57:35.578Z",
    "context_application_version": "8.9.48.455",
    "context_conn_country": "US",
    "context_device_manufacturer": "apple",
    "context_device_model": "iPad14,4",
    "context_device_type": "tablet",
    "context_os_name": "ios",
    "context_os_version": "17.5.1",
    "context_receiver_service_timestamp": 1718967485052,
    "context_time": 1718967455578,
    "message_local_time": "2024-06-21T03:57:35-07:00",
    "message_timezone": "America/Los_Angeles"
  },
  {
    "message_local_device_id": "7c48d72631a418ba4b12bfc33803ae9c50e50e2f",
    "timestamp_utc": "2024-08-27T10:15:59.033Z",
    "context_application_version": "8.9.68.490",
    "context_conn_country": "US",
    "context_device_manufacturer": "apple",
    "context_device_model": "iPad14,4",
    "context_device_type": "tablet",
    "context_os_name": "ios",
    "context_os_version": "17.5.1",
    "context_receiver_service_timestamp": 1724753767082,
    "context_time": 1724753759033,
    "message_local_time": "2024-08-27T03:15:59-07:00",
    "message_timezone": "America/Los_Angeles"
  },
  {
    "message_local_device_id": "244d6375197fc4e0bd868c808f9bfca03c4cda08",
    "timestamp_utc": "2024-07-24T06:28:32.318Z",
    "context_application_version": "8.9.58.473",
    "context_conn_country": "US",
    "context_device_manufacturer": "apple",
    "context_device_model": "iPad14,4",
    "context_device_type": "tablet",
    "context_os_name": "ios",
    "context_os_version": "17.5.1",
    "context_receiver_service_timestamp": 1721802518004,
    "context_time": 1721802512318,
    "message_local_time": "2024-07-23T23:28:32-07:00",
    "message_timezone": "America/Los_Angeles"
  },
  {
    "message_local_device_id": "dd4a8243865455a49fe223576768fe99ae9dc183",
    "timestamp_utc": "2024-06-17T04:29:46.346Z",
    "context_application_version": "8.9.44.362",
    "context_conn_country": "US",
    "context_device_manufacturer": "apple",
    "context_device_model": "iPhone13,4",
    "context_device_type": "mobile",
    "context_os_name": "ios",
    "context_os_version": "17.5.1",
    "context_receiver_service_timestamp": 1718598598827,
    "context_time": 1718598586346,
    "message_local_time": "2024-06-16T21:29:46-07:00",
    "message_timezone": "America/Los_Angeles"
  },
  {
    "message_local_device_id": "7c48d72631a418ba4b12bfc33803ae9c50e50e2f",
    "timestamp_utc": "2024-08-28T21:46:57.499Z",
    "context_application_version": "8.9.68.490",
    "context_conn_country": "US",
    "context_device_manufacturer": "apple",
    "context_device_model": "iPad14,4",
    "context_device_type": "tablet",
    "context_os_name": "ios",
    "context_os_version": "17.5.1",
    "context_receiver_service_timestamp": 1724881647215,
    "context_time": 1724881617499,
    "message_local_time": "2024-08-28T14:46:57-07:00",
    "message_timezone": "America/Los_Angeles"
  },
  {
    "message_local_device_id": "ca605fed11e469300c00fb1f0a4b1d934897c106",
    "timestamp_utc": "2024-07-13T19:09:48.738Z",
    "context_application_version": "8.9.54.343",
    "context_conn_country": "US",
    "context_device_manufacturer": "apple",
    "context_device_model": "iPad14,4",
    "context_device_type": "tablet",
    "context_os_name": "ios",
    "context_os_version": "17.5.1",
    "context_receiver_service_timestamp": 1720897801411,
    "context_time": 1720897788738,
    "message_local_time": "2024-07-13T12:09:48-07:00",
    "message_timezone": "America/Los_Angeles"
  },
  {
    "message_local_device_id": "428897da5ff38e5e6aa030ecc1af35e5e990f180",
    "timestamp_utc": "2024-07-20T20:27:14.884Z",
    "context_application_version": "8.9.54.343",
    "context_conn_country": "US",
    "context_device_manufacturer": "apple",
    "context_device_model": "iPhone13,4",
    "context_device_type": "mobile",
    "context_os_name": "ios",
    "context_os_version": "17.5.1",
    "context_receiver_service_timestamp": 1721507264869,
    "context_time": 1721507234884,
    "message_local_time": "2024-07-20T13:27:14-07:00",
    "message_timezone": "America/Los_Angeles"
  },
  {
    "message_local_device_id": "84e0edb8be8ea273b09ebf3977a93210bd4d17c1",
    "timestamp_utc": "2024-09-04T19:05:51.738Z",
    "context_application_version": "8.9.68.490",
    "context_conn_country": "US",
    "context_device_manufacturer": "apple",
    "context_device_model": "iPhone13,4",
    "context_device_type": "mobile",
    "context_os_name": "ios",
    "context_os_version": "17.6.1",
    "context_receiver_service_timestamp": 1725476770814,
    "context_time": 1725476751738,
    "message_local_time": "2024-09-04T12:05:51-07:00",
    "message_timezone": "America/Los_Angeles"
  },
  {
    "message_local_device_id": "84e0edb8be8ea273b09ebf3977a93210bd4d17c1",
    "timestamp_utc": "2024-09-01T17:10:51.976Z",
    "context_application_version": "8.9.68.490",
    "context_conn_country": "US",
    "context_device_manufacturer": "apple",
    "context_device_model": "iPhone13,4",
    "context_device_type": "mobile",
    "context_os_name": "ios",
    "context_os_version": "17.6.1",
    "context_receiver_service_timestamp": 1725210681672,
    "context_time": 1725210651976,
    "message_local_time": "2024-09-01T10:10:51-07:00",
    "message_timezone": "America/Los_Angeles"
  },
  {
    "message_local_device_id": "6cf9fa102eff500d56303660c018eef9139c3850",
    "timestamp_utc": "2024-09-13T16:26:12.917Z",
    "context_application_version": "8.9.74.535",
    "context_conn_country": "US",
    "context_device_manufacturer": "apple",
    "context_device_model": "iPhone13,4",
    "context_device_type": "mobile",
    "context_os_name": "ios",
    "context_os_version": "17.6.1",
    "context_receiver_service_timestamp": 1726244802542,
    "context_time": 1726244772917,
    "message_local_time": "2024-09-13T09:26:12-07:00",
    "message_timezone": "America/Los_Angeles"
  },
  {
    "message_local_device_id": "96063c2e6be4c86f53b49c47b276670d0166c758",
    "timestamp_utc": "2024-08-11T05:02:47.355Z",
    "context_application_version": "8.9.64.456",
    "context_conn_country": "US",
    "context_device_manufacturer": "apple",
    "context_device_model": "iPhone13,4",
    "context_device_type": "mobile",
    "context_os_name": "ios",
    "context_os_version": "17.5.1",
    "context_receiver_service_timestamp": 1723352567946,
    "context_time": 1723352567355,
    "message_local_time": "2024-08-10T22:02:47-07:00",
    "message_timezone": "America/Los_Angeles"
  },
  {
    "message_local_device_id": "f8c3eb40e9874d44d1b415263e20dd55dfd7a405",
    "timestamp_utc": "2024-05-30T17:37:38.678Z",
    "context_application_version": "8.9.42.597",
    "context_conn_country": "US",
    "context_device_manufacturer": "apple",
    "context_device_model": "iPad14,4",
    "context_device_type": "tablet",
    "context_os_name": "ios",
    "context_os_version": "17.5.1",
    "context_receiver_service_timestamp": 1717301789560,
    "context_time": 1717090658678,
    "message_local_time": "2024-05-30T10:37:38-07:00",
    "message_timezone": "America/Los_Angeles"
  },
  {
    "message_local_device_id": "a48e61aa27afd849ec7937d0f06ae690fa36c62c",
    "timestamp_utc": "2024-06-19T21:14:35.800Z",
    "context_application_version": "8.9.48.455",
    "context_conn_country": "US",
    "context_device_manufacturer": "apple",
    "context_device_model": "iPhone13,4",
    "context_device_type": "mobile",
    "context_os_name": "ios",
    "context_os_version": "17.5.1",
    "context_receiver_service_timestamp": 1718831681840,
    "context_time": 1718831675800,
    "message_local_time": "2024-06-19T14:14:35-07:00",
    "message_timezone": "America/Los_Angeles"
  },
  {
    "message_local_device_id": "428897da5ff38e5e6aa030ecc1af35e5e990f180",
    "timestamp_utc": "2024-07-23T03:01:17.514Z",
    "context_application_version": "8.9.54.343",
    "context_conn_country": "US",
    "context_device_manufacturer": "apple",
    "context_device_model": "iPhone13,4",
    "context_device_type": "mobile",
    "context_os_name": "ios",
    "context_os_version": "17.5.1",
    "context_receiver_service_timestamp": 1721703684046,
    "context_time": 1721703677514,
    "message_local_time": "2024-07-22T20:01:17-07:00",
    "message_timezone": "America/Los_Angeles"
  },
  {
    "message_local_device_id": "c87d57903f69c4dbaf648a13a7e749e8b2a092b0",
    "timestamp_utc": "2024-06-17T06:40:43.575Z",
    "context_application_version": "8.9.44.362",
    "context_conn_country": "US",
    "context_device_manufacturer": "apple",
    "context_device_model": "iPad14,4",
    "context_device_type": "tablet",
    "context_os_name": "ios",
    "context_os_version": "17.5.1",
    "context_receiver_service_timestamp": 1718606465027,
    "context_time": 1718606443575,
    "message_local_time": "2024-06-16T23:40:43-07:00",
    "message_timezone": "America/Los_Angeles"
  },
  {
    "message_local_device_id": "6812d5906c0654ceb7e8458cae5aac668a2ffbd7",
    "timestamp_utc": "2024-07-08T20:40:47.308Z",
    "context_application_version": "8.9.50.491",
    "context_conn_country": "US",
    "context_device_manufacturer": "apple",
    "context_device_model": "iPhone13,4",
    "context_device_type": "mobile",
    "context_os_name": "ios",
    "context_os_version": "17.5.1",
    "context_receiver_service_timestamp": 1720471265874,
    "context_time": 1720471247308,
    "message_local_time": "2024-07-08T13:40:47-07:00",
    "message_timezone": "America/Los_Angeles"
  },
  {
    "message_local_device_id": "0d5f311a74e202addfc80cf48ad252f5c96228de",
    "timestamp_utc": "2024-06-27T05:34:14.837Z",
    "context_application_version": "8.9.48.455",
    "context_conn_country": "US",
    "context_device_manufacturer": "apple",
    "context_device_model": "iPad14,4",
    "context_device_type": "tablet",
    "context_os_name": "ios",
    "context_os_version": "17.5.1",
    "context_receiver_service_timestamp": 1719494499924,
    "context_time": 1719466454837,
    "message_local_time": "2024-06-26T22:34:14-07:00",
    "message_timezone": "America/Los_Angeles"
  },
  {
    "message_local_device_id": "dd4a8243865455a49fe223576768fe99ae9dc183",
    "timestamp_utc": "2024-06-11T20:32:22.474Z",
    "context_application_version": "8.9.44.362",
    "context_conn_country": "US",
    "context_device_manufacturer": "apple",
    "context_device_model": "iPhone13,4",
    "context_device_type": "mobile",
    "context_os_name": "ios",
    "context_os_version": "17.5.1",
    "context_receiver_service_timestamp": 1718137971982,
    "context_time": 1718137942474,
    "message_local_time": "2024-06-11T13:32:22-07:00",
    "message_timezone": "America/Los_Angeles"
  },
  {
    "message_local_device_id": "dd4a8243865455a49fe223576768fe99ae9dc183",
    "timestamp_utc": "2024-06-19T00:54:35.221Z",
    "context_application_version": "8.9.44.362",
    "context_conn_country": "US",
    "context_device_manufacturer": "apple",
    "context_device_model": "iPhone13,4",
    "context_device_type": "mobile",
    "context_os_name": "ios",
    "context_os_version": "17.5.1",
    "context_receiver_service_timestamp": 1718758604111,
    "context_time": 1718758475221,
    "message_local_time": "2024-06-18T17:54:35-07:00",
    "message_timezone": "America/Los_Angeles"
  },
  {
    "message_local_device_id": "d39a8fad983e44b14e5c032c3a98f12bbdb0f062",
    "timestamp_utc": "2024-08-08T16:42:07.811Z",
    "context_application_version": "8.9.60.458",
    "context_conn_country": "US",
    "context_device_manufacturer": "apple",
    "context_device_model": "iPhone13,4",
    "context_device_type": "mobile",
    "context_os_name": "ios",
    "context_os_version": "17.5.1",
    "context_receiver_service_timestamp": 1723135337225,
    "context_time": 1723135327811,
    "message_local_time": "2024-08-08T09:42:07-07:00",
    "message_timezone": "America/Los_Angeles"
  },
  {
    "message_local_device_id": "7c48d72631a418ba4b12bfc33803ae9c50e50e2f",
    "timestamp_utc": "2024-08-27T04:28:54.512Z",
    "context_application_version": "8.9.68.490",
    "context_conn_country": "US",
    "context_device_manufacturer": "apple",
    "context_device_model": "iPad14,4",
    "context_device_type": "tablet",
    "context_os_name": "ios",
    "context_os_version": "17.5.1",
    "context_receiver_service_timestamp": 1724732963973,
    "context_time": 1724732934512,
    "message_local_time": "2024-08-26T21:28:54-07:00",
    "message_timezone": "America/Los_Angeles"
  },
  {
    "message_local_device_id": "96063c2e6be4c86f53b49c47b276670d0166c758",
    "timestamp_utc": "2024-08-11T17:21:31.370Z",
    "context_application_version": "8.9.64.456",
    "context_conn_country": "US",
    "context_device_manufacturer": "apple",
    "context_device_model": "iPhone13,4",
    "context_device_type": "mobile",
    "context_os_name": "ios",
    "context_os_version": "17.5.1",
    "context_receiver_service_timestamp": 1723396921282,
    "context_time": 1723396891370,
    "message_local_time": "2024-08-11T10:21:31-07:00",
    "message_timezone": "America/Los_Angeles"
  },
  {
    "message_local_device_id": "428897da5ff38e5e6aa030ecc1af35e5e990f180",
    "timestamp_utc": "2024-07-11T16:56:01.156Z",
    "context_application_version": "8.9.54.343",
    "context_conn_country": "US",
    "context_device_manufacturer": "apple",
    "context_device_model": "iPhone13,4",
    "context_device_type": "mobile",
    "context_os_name": "ios",
    "context_os_version": "17.5.1",
    "context_receiver_service_timestamp": 1720716965477,
    "context_time": 1720716961156,
    "message_local_time": "2024-07-11T09:56:01-07:00",
    "message_timezone": "America/Los_Angeles"
  },
  {
    "message_local_device_id": "84e0edb8be8ea273b09ebf3977a93210bd4d17c1",
    "timestamp_utc": "2024-09-04T16:26:53.765Z",
    "context_application_version": "8.9.68.490",
    "context_conn_country": "US",
    "context_device_manufacturer": "apple",
    "context_device_model": "iPhone13,4",
    "context_device_type": "mobile",
    "context_os_name": "ios",
    "context_os_version": "17.6.1",
    "context_receiver_service_timestamp": 1725467342436,
    "context_time": 1725467213765,
    "message_local_time": "2024-09-04T09:26:53-07:00",
    "message_timezone": "America/Los_Angeles"
  },
  {
    "message_local_device_id": "84e0edb8be8ea273b09ebf3977a93210bd4d17c1",
    "timestamp_utc": "2024-08-27T00:01:39.449Z",
    "context_application_version": "8.9.68.490",
    "context_conn_country": "US",
    "context_device_manufacturer": "apple",
    "context_device_model": "iPhone13,4",
    "context_device_type": "mobile",
    "context_os_name": "ios",
    "context_os_version": "17.5.1",
    "context_receiver_service_timestamp": 1724716928882,
    "context_time": 1724716899449,
    "message_local_time": "2024-08-26T17:01:39-07:00",
    "message_timezone": "America/Los_Angeles"
  },
  {
    "message_local_device_id": "0d5f311a74e202addfc80cf48ad252f5c96228de",
    "timestamp_utc": "2024-06-20T09:44:07.140Z",
    "context_application_version": "8.9.48.455",
    "context_conn_country": "US",
    "context_device_manufacturer": "apple",
    "context_device_model": "iPad14,4",
    "context_device_type": "tablet",
    "context_os_name": "ios",
    "context_os_version": "17.5.1",
    "context_receiver_service_timestamp": 1718876673687,
    "context_time": 1718876647140,
    "message_local_time": "2024-06-20T02:44:07-07:00",
    "message_timezone": "America/Los_Angeles"
  },
  {
    "message_local_device_id": "686f96f443dde9e91388d07d32ef5613de8f2a90",
    "timestamp_utc": "2024-07-11T17:00:40.331Z",
    "context_application_version": "8.9.50.491",
    "context_conn_country": "US",
    "context_device_manufacturer": "apple",
    "context_device_model": "iPad14,4",
    "context_device_type": "tablet",
    "context_os_name": "ios",
    "context_os_version": "17.5.1",
    "context_receiver_service_timestamp": 1720717247680,
    "context_time": 1720717240331,
    "message_local_time": "2024-07-11T10:00:40-07:00",
    "message_timezone": "America/Los_Angeles"
  },
  {
    "message_local_device_id": "6812d5906c0654ceb7e8458cae5aac668a2ffbd7",
    "timestamp_utc": "2024-07-08T16:59:30.827Z",
    "context_application_version": "8.9.50.491",
    "context_conn_country": "US",
    "context_device_manufacturer": "apple",
    "context_device_model": "iPhone13,4",
    "context_device_type": "mobile",
    "context_os_name": "ios",
    "context_os_version": "17.5.1",
    "context_receiver_service_timestamp": 1720457976016,
    "context_time": 1720457970827,
    "message_local_time": "2024-07-08T09:59:30-07:00",
    "message_timezone": "America/Los_Angeles"
  },
  {
    "message_local_device_id": "6812d5906c0654ceb7e8458cae5aac668a2ffbd7",
    "timestamp_utc": "2024-07-01T23:52:22.344Z",
    "context_application_version": "8.9.50.491",
    "context_conn_country": "US",
    "context_device_manufacturer": "apple",
    "context_device_model": "iPhone13,4",
    "context_device_type": "mobile",
    "context_os_name": "ios",
    "context_os_version": "17.5.1",
    "context_receiver_service_timestamp": 1719989313136,
    "context_time": 1719877942344,
    "message_local_time": "2024-07-01T16:52:22-07:00",
    "message_timezone": "America/Los_Angeles"
  },
  {
    "message_local_device_id": "d39a8fad983e44b14e5c032c3a98f12bbdb0f062",
    "timestamp_utc": "2024-08-03T01:05:01.059Z",
    "context_application_version": "8.9.60.458",
    "context_conn_country": "US",
    "context_device_manufacturer": "apple",
    "context_device_model": "iPhone13,4",
    "context_device_type": "mobile",
    "context_os_name": "ios",
    "context_os_version": "17.5.1",
    "context_receiver_service_timestamp": 1722647124642,
    "context_time": 1722647101059,
    "message_local_time": "2024-08-02T18:05:01-07:00",
    "message_timezone": "America/Los_Angeles"
  },
  {
    "message_local_device_id": "6812d5906c0654ceb7e8458cae5aac668a2ffbd7",
    "timestamp_utc": "2024-07-07T03:26:03.043Z",
    "context_application_version": "8.9.50.491",
    "context_conn_country": "US",
    "context_device_manufacturer": "apple",
    "context_device_model": "iPhone13,4",
    "context_device_type": "mobile",
    "context_os_name": "ios",
    "context_os_version": "17.5.1",
    "context_receiver_service_timestamp": 1720322794021,
    "context_time": 1720322763043,
    "message_local_time": "2024-07-06T20:26:03-07:00",
    "message_timezone": "America/Los_Angeles"
  },
  {
    "message_local_device_id": "84e0edb8be8ea273b09ebf3977a93210bd4d17c1",
    "timestamp_utc": "2024-08-27T02:08:30.548Z",
    "context_application_version": "8.9.68.490",
    "context_conn_country": "US",
    "context_device_manufacturer": "apple",
    "context_device_model": "iPhone13,4",
    "context_device_type": "mobile",
    "context_os_name": "ios",
    "context_os_version": "17.5.1",
    "context_receiver_service_timestamp": 1724724540208,
    "context_time": 1724724510548,
    "message_local_time": "2024-08-26T19:08:30-07:00",
    "message_timezone": "America/Los_Angeles"
  },
  {
    "message_local_device_id": "a48e61aa27afd849ec7937d0f06ae690fa36c62c",
    "timestamp_utc": "2024-06-29T01:33:49.658Z",
    "context_application_version": "8.9.48.455",
    "context_conn_country": "US",
    "context_device_manufacturer": "apple",
    "context_device_model": "iPhone13,4",
    "context_device_type": "mobile",
    "context_os_name": "ios",
    "context_os_version": "17.5.1",
    "context_receiver_service_timestamp": 1719624859271,
    "context_time": 1719624829658,
    "message_local_time": "2024-06-28T18:33:49-07:00",
    "message_timezone": "America/Los_Angeles"
  },
  {
    "message_local_device_id": "6812d5906c0654ceb7e8458cae5aac668a2ffbd7",
    "timestamp_utc": "2024-07-09T20:49:14.053Z",
    "context_application_version": "8.9.50.491",
    "context_conn_country": "US",
    "context_device_manufacturer": "apple",
    "context_device_model": "iPhone13,4",
    "context_device_type": "mobile",
    "context_os_name": "ios",
    "context_os_version": "17.5.1",
    "context_receiver_service_timestamp": 1720558182013,
    "context_time": 1720558154053,
    "message_local_time": "2024-07-09T13:49:14-07:00",
    "message_timezone": "America/Los_Angeles"
  },
  {
    "message_local_device_id": "9adaf2f7a275104ee53a9f41723f0ff4740c81c4",
    "timestamp_utc": "2024-08-09T16:40:06.731Z",
    "context_application_version": "8.9.62.465",
    "context_conn_country": "US",
    "context_device_manufacturer": "apple",
    "context_device_model": "iPhone13,4",
    "context_device_type": "mobile",
    "context_os_name": "ios",
    "context_os_version": "17.5.1",
    "context_receiver_service_timestamp": 1723221634847,
    "context_time": 1723221606731,
    "message_local_time": "2024-08-09T09:40:06-07:00",
    "message_timezone": "America/Los_Angeles"
  },
  {
    "message_local_device_id": "6812d5906c0654ceb7e8458cae5aac668a2ffbd7",
    "timestamp_utc": "2024-07-05T06:39:21.095Z",
    "context_application_version": "8.9.50.491",
    "context_conn_country": "US",
    "context_device_manufacturer": "apple",
    "context_device_model": "iPhone13,4",
    "context_device_type": "mobile",
    "context_os_name": "ios",
    "context_os_version": "17.5.1",
    "context_receiver_service_timestamp": 1720161591158,
    "context_time": 1720161561095,
    "message_local_time": "2024-07-04T23:39:21-07:00",
    "message_timezone": "America/Los_Angeles"
  },
  {
    "message_local_device_id": "6812d5906c0654ceb7e8458cae5aac668a2ffbd7",
    "timestamp_utc": "2024-07-08T16:18:41.489Z",
    "context_application_version": "8.9.50.491",
    "context_conn_country": "US",
    "context_device_manufacturer": "apple",
    "context_device_model": "iPhone13,4",
    "context_device_type": "mobile",
    "context_os_name": "ios",
    "context_os_version": "17.5.1",
    "context_receiver_service_timestamp": 1720455551274,
    "context_time": 1720455521489,
    "message_local_time": "2024-07-08T09:18:41-07:00",
    "message_timezone": "America/Los_Angeles"
  },
  {
    "message_local_device_id": "7c48d72631a418ba4b12bfc33803ae9c50e50e2f",
    "timestamp_utc": "2024-08-31T22:26:03.566Z",
    "context_application_version": "8.9.68.490",
    "context_conn_country": "US",
    "context_device_manufacturer": "apple",
    "context_device_model": "iPad14,4",
    "context_device_type": "tablet",
    "context_os_name": "ios",
    "context_os_version": "17.6.1",
    "context_receiver_service_timestamp": 1725143193178,
    "context_time": 1725143163566,
    "message_local_time": "2024-08-31T15:26:03-07:00",
    "message_timezone": "America/Los_Angeles"
  },
  {
    "message_local_device_id": "e38a23bdb2f9a826726170f85333d98e24b604f8",
    "timestamp_utc": "2024-07-25T07:04:09.033Z",
    "context_application_version": "8.9.58.473",
    "context_conn_country": "US",
    "context_device_manufacturer": "apple",
    "context_device_model": "iPhone13,4",
    "context_device_type": "mobile",
    "context_os_name": "ios",
    "context_os_version": "17.5.1",
    "context_receiver_service_timestamp": 1721891078433,
    "context_time": 1721891049033,
    "message_local_time": "2024-07-25T00:04:09-07:00",
    "message_timezone": "America/Los_Angeles"
  },
  {
    "message_local_device_id": "84e0edb8be8ea273b09ebf3977a93210bd4d17c1",
    "timestamp_utc": "2024-09-02T21:08:31.737Z",
    "context_application_version": "8.9.68.490",
    "context_conn_country": "US",
    "context_device_manufacturer": "apple",
    "context_device_model": "iPhone13,4",
    "context_device_type": "mobile",
    "context_os_name": "ios",
    "context_os_version": "17.6.1",
    "context_receiver_service_timestamp": 1725311341348,
    "context_time": 1725311311737,
    "message_local_time": "2024-09-02T14:08:31-07:00",
    "message_timezone": "America/Los_Angeles"
  },
  {
    "message_local_device_id": "e298acf475e49c5a39cc50be4c0874a192998f0a",
    "timestamp_utc": "2024-09-06T23:13:03.828Z",
    "context_application_version": "8.9.70.592",
    "context_conn_country": "US",
    "context_device_manufacturer": "apple",
    "context_device_model": "iPhone13,4",
    "context_device_type": "mobile",
    "context_os_name": "ios",
    "context_os_version": "17.6.1",
    "context_receiver_service_timestamp": 1725664393120,
    "context_time": 1725664383828,
    "message_local_time": "2024-09-06T16:13:03-07:00",
    "message_timezone": "America/Los_Angeles"
  },
  {
    "message_local_device_id": "1b032e29fbed51374c754f5627495608217ac0a7",
    "timestamp_utc": "2024-08-20T21:28:34.717Z",
    "context_application_version": "8.9.66.462",
    "context_conn_country": "US",
    "context_device_manufacturer": "apple",
    "context_device_model": "iPhone13,4",
    "context_device_type": "mobile",
    "context_os_name": "ios",
    "context_os_version": "17.5.1",
    "context_receiver_service_timestamp": 1724189344564,
    "context_time": 1724189314717,
    "message_local_time": "2024-08-20T14:28:34-07:00",
    "message_timezone": "America/Los_Angeles"
  },
  {
    "message_local_device_id": "f0e18798cd87073b33fc3b00d5151736eb8e524d",
    "timestamp_utc": "2024-06-02T19:54:06.779Z",
    "context_application_version": "8.9.42.597",
    "context_conn_country": "US",
    "context_device_manufacturer": "apple",
    "context_device_model": "iPhone13,4",
    "context_device_type": "mobile",
    "context_os_name": "ios",
    "context_os_version": "17.5.1",
    "context_receiver_service_timestamp": 1717358076579,
    "context_time": 1717358046779,
    "message_local_time": "2024-06-02T12:54:06-07:00",
    "message_timezone": "America/Los_Angeles"
  },
  {
    "message_local_device_id": "6812d5906c0654ceb7e8458cae5aac668a2ffbd7",
    "timestamp_utc": "2024-06-30T14:40:04.465Z",
    "context_application_version": "8.9.50.491",
    "context_conn_country": "US",
    "context_device_manufacturer": "apple",
    "context_device_model": "iPhone13,4",
    "context_device_type": "mobile",
    "context_os_name": "ios",
    "context_os_version": "17.5.1",
    "context_receiver_service_timestamp": 1719763095924,
    "context_time": 1719758404465,
    "message_local_time": "2024-06-30T07:40:04-07:00",
    "message_timezone": "America/Los_Angeles"
  },
  {
    "message_local_device_id": "244d6375197fc4e0bd868c808f9bfca03c4cda08",
    "timestamp_utc": "2024-07-29T12:55:49.082Z",
    "context_application_version": "8.9.58.473",
    "context_conn_country": "US",
    "context_device_manufacturer": "apple",
    "context_device_model": "iPad14,4",
    "context_device_type": "tablet",
    "context_os_name": "ios",
    "context_os_version": "17.5.1",
    "context_receiver_service_timestamp": 1722257758403,
    "context_time": 1722257749082,
    "message_local_time": "2024-07-29T05:55:49-07:00",
    "message_timezone": "America/Los_Angeles"
  },
  {
    "message_local_device_id": "6812d5906c0654ceb7e8458cae5aac668a2ffbd7",
    "timestamp_utc": "2024-07-03T06:48:32.604Z",
    "context_application_version": "8.9.50.491",
    "context_conn_country": "US",
    "context_device_manufacturer": "apple",
    "context_device_model": "iPhone13,4",
    "context_device_type": "mobile",
    "context_os_name": "ios",
    "context_os_version": "17.5.1",
    "context_receiver_service_timestamp": 1719989356425,
    "context_time": 1719989312604,
    "message_local_time": "2024-07-02T23:48:32-07:00",
    "message_timezone": "America/Los_Angeles"
  },
  {
    "message_local_device_id": "dd4a8243865455a49fe223576768fe99ae9dc183",
    "timestamp_utc": "2024-06-16T00:18:52.270Z",
    "context_application_version": "8.9.44.362",
    "context_conn_country": "US",
    "context_device_manufacturer": "apple",
    "context_device_model": "iPhone13,4",
    "context_device_type": "mobile",
    "context_os_name": "ios",
    "context_os_version": "17.5.1",
    "context_receiver_service_timestamp": 1718497163501,
    "context_time": 1718497132270,
    "message_local_time": "2024-06-15T17:18:52-07:00",
    "message_timezone": "America/Los_Angeles"
  },
  {
    "message_local_device_id": "ca605fed11e469300c00fb1f0a4b1d934897c106",
    "timestamp_utc": "2024-07-20T10:33:16.346Z",
    "context_application_version": "8.9.54.343",
    "context_conn_country": "US",
    "context_device_manufacturer": "apple",
    "context_device_model": "iPad14,4",
    "context_device_type": "tablet",
    "context_os_name": "ios",
    "context_os_version": "17.5.1",
    "context_receiver_service_timestamp": 1721471597939,
    "context_time": 1721471596346,
    "message_local_time": "2024-07-20T03:33:16-07:00",
    "message_timezone": "America/Los_Angeles"
  },
  {
    "message_local_device_id": "f8c3eb40e9874d44d1b415263e20dd55dfd7a405",
    "timestamp_utc": "2024-06-02T04:16:29.220Z",
    "context_application_version": "8.9.42.597",
    "context_conn_country": "US",
    "context_device_manufacturer": "apple",
    "context_device_model": "iPad14,4",
    "context_device_type": "tablet",
    "context_os_name": "ios",
    "context_os_version": "17.5.1",
    "context_receiver_service_timestamp": 1717301789997,
    "context_time": 1717301789220,
    "message_local_time": "2024-06-01T21:16:29-07:00",
    "message_timezone": "America/Los_Angeles"
  },
  {
    "message_local_device_id": "1b032e29fbed51374c754f5627495608217ac0a7",
    "timestamp_utc": "2024-08-25T19:11:27.195Z",
    "context_application_version": "8.9.66.462",
    "context_conn_country": "US",
    "context_device_manufacturer": "apple",
    "context_device_model": "iPhone13,4",
    "context_device_type": "mobile",
    "context_os_name": "ios",
    "context_os_version": "17.5.1",
    "context_receiver_service_timestamp": 1724613095977,
    "context_time": 1724613087195,
    "message_local_time": "2024-08-25T12:11:27-07:00",
    "message_timezone": "America/Los_Angeles"
  },
  {
    "message_local_device_id": "428897da5ff38e5e6aa030ecc1af35e5e990f180",
    "timestamp_utc": "2024-07-10T16:18:39.117Z",
    "context_application_version": "8.9.54.343",
    "context_conn_country": "US",
    "context_device_manufacturer": "apple",
    "context_device_model": "iPhone13,4",
    "context_device_type": "mobile",
    "context_os_name": "ios",
    "context_os_version": "17.5.1",
    "context_receiver_service_timestamp": 1720628325253,
    "context_time": 1720628319117,
    "message_local_time": "2024-07-10T09:18:39-07:00",
    "message_timezone": "America/Los_Angeles"
  },
  {
    "message_local_device_id": "e38a23bdb2f9a826726170f85333d98e24b604f8",
    "timestamp_utc": "2024-07-24T02:27:58.502Z",
    "context_application_version": "8.9.58.473",
    "context_conn_country": "US",
    "context_device_manufacturer": "apple",
    "context_device_model": "iPhone13,4",
    "context_device_type": "mobile",
    "context_os_name": "ios",
    "context_os_version": "17.5.1",
    "context_receiver_service_timestamp": 1721788108019,
    "context_time": 1721788078502,
    "message_local_time": "2024-07-23T19:27:58-07:00",
    "message_timezone": "America/Los_Angeles"
  },
  {
    "message_local_device_id": "84e0edb8be8ea273b09ebf3977a93210bd4d17c1",
    "timestamp_utc": "2024-09-01T20:43:10.903Z",
    "context_application_version": "8.9.68.490",
    "context_conn_country": "US",
    "context_device_manufacturer": "apple",
    "context_device_model": "iPhone13,4",
    "context_device_type": "mobile",
    "context_os_name": "ios",
    "context_os_version": "17.6.1",
    "context_receiver_service_timestamp": 1725223420957,
    "context_time": 1725223390903,
    "message_local_time": "2024-09-01T13:43:10-07:00",
    "message_timezone": "America/Los_Angeles"
  },
  {
    "message_local_device_id": "dd4a8243865455a49fe223576768fe99ae9dc183",
    "timestamp_utc": "2024-06-17T04:36:28.407Z",
    "context_application_version": "8.9.44.362",
    "context_conn_country": "US",
    "context_device_manufacturer": "apple",
    "context_device_model": "iPhone13,4",
    "context_device_type": "mobile",
    "context_os_name": "ios",
    "context_os_version": "17.5.1",
    "context_receiver_service_timestamp": 1718599001856,
    "context_time": 1718598988407,
    "message_local_time": "2024-06-16T21:36:28-07:00",
    "message_timezone": "America/Los_Angeles"
  },
  {
    "message_local_device_id": "e38a23bdb2f9a826726170f85333d98e24b604f8",
    "timestamp_utc": "2024-07-26T16:49:07.154Z",
    "context_application_version": "8.9.58.473",
    "context_conn_country": "US",
    "context_device_manufacturer": "apple",
    "context_device_model": "iPhone13,4",
    "context_device_type": "mobile",
    "context_os_name": "ios",
    "context_os_version": "17.5.1",
    "context_receiver_service_timestamp": 1722012576953,
    "context_time": 1722012547154,
    "message_local_time": "2024-07-26T09:49:07-07:00",
    "message_timezone": "America/Los_Angeles"
  },
  {
    "message_local_device_id": "84e0edb8be8ea273b09ebf3977a93210bd4d17c1",
    "timestamp_utc": "2024-09-04T00:36:37.911Z",
    "context_application_version": "8.9.68.490",
    "context_conn_country": "US",
    "context_device_manufacturer": "apple",
    "context_device_model": "iPhone13,4",
    "context_device_type": "mobile",
    "context_os_name": "ios",
    "context_os_version": "17.6.1",
    "context_receiver_service_timestamp": 1725410475183,
    "context_time": 1725410197911,
    "message_local_time": "2024-09-03T17:36:37-07:00",
    "message_timezone": "America/Los_Angeles"
  },
  {
    "message_local_device_id": "1b032e29fbed51374c754f5627495608217ac0a7",
    "timestamp_utc": "2024-08-21T17:54:25.169Z",
    "context_application_version": "8.9.66.462",
    "context_conn_country": "US",
    "context_device_manufacturer": "apple",
    "context_device_model": "iPhone13,4",
    "context_device_type": "mobile",
    "context_os_name": "ios",
    "context_os_version": "17.5.1",
    "context_receiver_service_timestamp": 1724262880331,
    "context_time": 1724262865169,
    "message_local_time": "2024-08-21T10:54:25-07:00",
    "message_timezone": "America/Los_Angeles"
  },
  {
    "message_local_device_id": "c87d57903f69c4dbaf648a13a7e749e8b2a092b0",
    "timestamp_utc": "2024-06-14T23:35:37.261Z",
    "context_application_version": "8.9.44.362",
    "context_conn_country": "US",
    "context_device_manufacturer": "apple",
    "context_device_model": "iPad14,4",
    "context_device_type": "tablet",
    "context_os_name": "ios",
    "context_os_version": "17.5.1",
    "context_receiver_service_timestamp": 1718408159023,
    "context_time": 1718408137261,
    "message_local_time": "2024-06-14T16:35:37-07:00",
    "message_timezone": "America/Los_Angeles"
  },
  {
    "message_local_device_id": "e298acf475e49c5a39cc50be4c0874a192998f0a",
    "timestamp_utc": "2024-09-06T18:00:24.517Z",
    "context_application_version": "8.9.70.592",
    "context_conn_country": "US",
    "context_device_manufacturer": "apple",
    "context_device_model": "iPhone13,4",
    "context_device_type": "mobile",
    "context_os_name": "ios",
    "context_os_version": "17.6.1",
    "context_receiver_service_timestamp": 1725645640494,
    "context_time": 1725645624517,
    "message_local_time": "2024-09-06T11:00:24-07:00",
    "message_timezone": "America/Los_Angeles"
  },
  {
    "message_local_device_id": "244d6375197fc4e0bd868c808f9bfca03c4cda08",
    "timestamp_utc": "2024-07-26T08:22:11.383Z",
    "context_application_version": "8.9.58.473",
    "context_conn_country": "US",
    "context_device_manufacturer": "apple",
    "context_device_model": "iPad14,4",
    "context_device_type": "tablet",
    "context_os_name": "ios",
    "context_os_version": "17.5.1",
    "context_receiver_service_timestamp": 1721982147603,
    "context_time": 1721982131383,
    "message_local_time": "2024-07-26T01:22:11-07:00",
    "message_timezone": "America/Los_Angeles"
  },
  {
    "message_local_device_id": "1b032e29fbed51374c754f5627495608217ac0a7",
    "timestamp_utc": "2024-08-20T06:12:48.337Z",
    "context_application_version": "8.9.66.462",
    "context_conn_country": "US",
    "context_device_manufacturer": "apple",
    "context_device_model": "iPhone13,4",
    "context_device_type": "mobile",
    "context_os_name": "ios",
    "context_os_version": "17.5.1",
    "context_receiver_service_timestamp": 1724134375203,
    "context_time": 1724134368337,
    "message_local_time": "2024-08-19T23:12:48-07:00",
    "message_timezone": "America/Los_Angeles"
  },
  {
    "message_local_device_id": "244d6375197fc4e0bd868c808f9bfca03c4cda08",
    "timestamp_utc": "2024-07-22T00:52:47.245Z",
    "context_application_version": "8.9.58.473",
    "context_conn_country": "US",
    "context_device_manufacturer": "apple",
    "context_device_model": "iPad14,4",
    "context_device_type": "tablet",
    "context_os_name": "ios",
    "context_os_version": "17.5.1",
    "context_receiver_service_timestamp": 1721609596756,
    "context_time": 1721609567245,
    "message_local_time": "2024-07-21T17:52:47-07:00",
    "message_timezone": "America/Los_Angeles"
  },
  {
    "message_local_device_id": "e298acf475e49c5a39cc50be4c0874a192998f0a",
    "timestamp_utc": "2024-09-09T18:21:38.205Z",
    "context_application_version": "8.9.70.592",
    "context_conn_country": "US",
    "context_device_manufacturer": "apple",
    "context_device_model": "iPhone13,4",
    "context_device_type": "mobile",
    "context_os_name": "ios",
    "context_os_version": "17.6.1",
    "context_receiver_service_timestamp": 1725906102218,
    "context_time": 1725906098205,
    "message_local_time": "2024-09-09T11:21:38-07:00",
    "message_timezone": "America/Los_Angeles"
  },
  {
    "message_local_device_id": "9adaf2f7a275104ee53a9f41723f0ff4740c81c4",
    "timestamp_utc": "2024-08-10T05:23:19.202Z",
    "context_application_version": "8.9.62.465",
    "context_conn_country": "US",
    "context_device_manufacturer": "apple",
    "context_device_model": "iPhone13,4",
    "context_device_type": "mobile",
    "context_os_name": "ios",
    "context_os_version": "17.5.1",
    "context_receiver_service_timestamp": 1723267406201,
    "context_time": 1723267399202,
    "message_local_time": "2024-08-09T22:23:19-07:00",
    "message_timezone": "America/Los_Angeles"
  },
  {
    "message_local_device_id": "96063c2e6be4c86f53b49c47b276670d0166c758",
    "timestamp_utc": "2024-08-12T16:46:21.026Z",
    "context_application_version": "8.9.64.456",
    "context_conn_country": "US",
    "context_device_manufacturer": "apple",
    "context_device_model": "iPhone13,4",
    "context_device_type": "mobile",
    "context_os_name": "ios",
    "context_os_version": "17.5.1",
    "context_receiver_service_timestamp": 1723481210425,
    "context_time": 1723481181026,
    "message_local_time": "2024-08-12T09:46:21-07:00",
    "message_timezone": "America/Los_Angeles"
  },
  {
    "message_local_device_id": "1b032e29fbed51374c754f5627495608217ac0a7",
    "timestamp_utc": "2024-08-21T17:29:58.214Z",
    "context_application_version": "8.9.66.462",
    "context_conn_country": "US",
    "context_device_manufacturer": "apple",
    "context_device_model": "iPhone13,4",
    "context_device_type": "mobile",
    "context_os_name": "ios",
    "context_os_version": "17.5.1",
    "context_receiver_service_timestamp": 1724261421433,
    "context_time": 1724261398214,
    "message_local_time": "2024-08-21T10:29:58-07:00",
    "message_timezone": "America/Los_Angeles"
  },
  {
    "message_local_device_id": "84e0edb8be8ea273b09ebf3977a93210bd4d17c1",
    "timestamp_utc": "2024-09-06T01:06:46.209Z",
    "context_application_version": "8.9.68.490",
    "context_conn_country": "US",
    "context_device_manufacturer": "apple",
    "context_device_model": "iPhone13,4",
    "context_device_type": "mobile",
    "context_os_name": "ios",
    "context_os_version": "17.6.1",
    "context_receiver_service_timestamp": 1725584814220,
    "context_time": 1725584806209,
    "message_local_time": "2024-09-05T18:06:46-07:00",
    "message_timezone": "America/Los_Angeles"
  },
  {
    "message_local_device_id": "686f96f443dde9e91388d07d32ef5613de8f2a90",
    "timestamp_utc": "2024-07-11T17:00:37.408Z",
    "context_application_version": "8.9.50.491",
    "context_conn_country": "US",
    "context_device_manufacturer": "apple",
    "context_device_model": "iPad14,4",
    "context_device_type": "tablet",
    "context_os_name": "ios",
    "context_os_version": "17.5.1",
    "context_receiver_service_timestamp": 1720717240792,
    "context_time": 1720717237408,
    "message_local_time": "2024-07-11T10:00:37-07:00",
    "message_timezone": "America/Los_Angeles"
  },
  {
    "message_local_device_id": "f8c3eb40e9874d44d1b415263e20dd55dfd7a405",
    "timestamp_utc": "2024-06-06T07:50:42.701Z",
    "context_application_version": "8.9.42.597",
    "context_conn_country": "US",
    "context_device_manufacturer": "apple",
    "context_device_model": "iPad14,4",
    "context_device_type": "tablet",
    "context_os_name": "ios",
    "context_os_version": "17.5.1",
    "context_receiver_service_timestamp": 1717660255346,
    "context_time": 1717660242701,
    "message_local_time": "2024-06-06T00:50:42-07:00",
    "message_timezone": "America/Los_Angeles"
  },
  {
    "message_local_device_id": "f8c3eb40e9874d44d1b415263e20dd55dfd7a405",
    "timestamp_utc": "2024-06-09T21:25:30.792Z",
    "context_application_version": "8.9.42.597",
    "context_conn_country": "US",
    "context_device_manufacturer": "apple",
    "context_device_model": "iPad14,4",
    "context_device_type": "tablet",
    "context_os_name": "ios",
    "context_os_version": "17.5.1",
    "context_receiver_service_timestamp": 1717968360396,
    "context_time": 1717968330792,
    "message_local_time": "2024-06-09T14:25:30-07:00",
    "message_timezone": "America/Los_Angeles"
  },
  {
    "message_local_device_id": "dd4a8243865455a49fe223576768fe99ae9dc183",
    "timestamp_utc": "2024-06-15T17:48:30.047Z",
    "context_application_version": "8.9.44.362",
    "context_conn_country": "US",
    "context_device_manufacturer": "apple",
    "context_device_model": "iPhone13,4",
    "context_device_type": "mobile",
    "context_os_name": "ios",
    "context_os_version": "17.5.1",
    "context_receiver_service_timestamp": 1718473740246,
    "context_time": 1718473710047,
    "message_local_time": "2024-06-15T10:48:30-07:00",
    "message_timezone": "America/Los_Angeles"
  },
  {
    "message_local_device_id": "686f96f443dde9e91388d07d32ef5613de8f2a90",
    "timestamp_utc": "2024-07-03T21:59:05.672Z",
    "context_application_version": "8.9.50.491",
    "context_conn_country": "US",
    "context_device_manufacturer": "apple",
    "context_device_model": "iPad14,4",
    "context_device_type": "tablet",
    "context_os_name": "ios",
    "context_os_version": "17.5.1",
    "context_receiver_service_timestamp": 1720051493189,
    "context_time": 1720043945672,
    "message_local_time": "2024-07-03T14:59:05-07:00",
    "message_timezone": "America/Los_Angeles"
  },
  {
    "message_local_device_id": "9adaf2f7a275104ee53a9f41723f0ff4740c81c4",
    "timestamp_utc": "2024-08-10T13:43:36.575Z",
    "context_application_version": "8.9.62.465",
    "context_conn_country": "US",
    "context_device_manufacturer": "apple",
    "context_device_model": "iPhone13,4",
    "context_device_type": "mobile",
    "context_os_name": "ios",
    "context_os_version": "17.5.1",
    "context_receiver_service_timestamp": 1723297446131,
    "context_time": 1723297416575,
    "message_local_time": "2024-08-10T06:43:36-07:00",
    "message_timezone": "America/Los_Angeles"
  },
  {
    "message_local_device_id": "0d5f311a74e202addfc80cf48ad252f5c96228de",
    "timestamp_utc": "2024-06-20T09:44:04.157Z",
    "context_application_version": "8.9.48.455",
    "context_conn_country": "US",
    "context_device_manufacturer": "apple",
    "context_device_model": "iPad14,4",
    "context_device_type": "tablet",
    "context_os_name": "ios",
    "context_os_version": "17.5.1",
    "context_receiver_service_timestamp": 1718876647403,
    "context_time": 1718876644157,
    "message_local_time": "2024-06-20T02:44:04-07:00",
    "message_timezone": "America/Los_Angeles"
  },
  {
    "message_local_device_id": "244d6375197fc4e0bd868c808f9bfca03c4cda08",
    "timestamp_utc": "2024-07-21T11:02:12.820Z",
    "context_application_version": "8.9.58.473",
    "context_conn_country": "US",
    "context_device_manufacturer": "apple",
    "context_device_model": "iPad14,4",
    "context_device_type": "tablet",
    "context_os_name": "ios",
    "context_os_version": "17.5.1",
    "context_receiver_service_timestamp": 1721559762295,
    "context_time": 1721559732820,
    "message_local_time": "2024-07-21T04:02:12-07:00",
    "message_timezone": "America/Los_Angeles"
  },
  {
    "message_local_device_id": "6cf9fa102eff500d56303660c018eef9139c3850",
    "timestamp_utc": "2024-09-18T20:40:48.386Z",
    "context_application_version": "8.9.74.535",
    "context_conn_country": "US",
    "context_device_manufacturer": "apple",
    "context_device_model": "iPhone13,4",
    "context_device_type": "mobile",
    "context_os_name": "ios",
    "context_os_version": "17.6.1",
    "context_receiver_service_timestamp": 1726692078065,
    "context_time": 1726692048386,
    "message_local_time": "2024-09-18T13:40:48-07:00",
    "message_timezone": "America/Los_Angeles"
  },
  {
    "message_local_device_id": "428897da5ff38e5e6aa030ecc1af35e5e990f180",
    "timestamp_utc": "2024-07-11T16:56:04.402Z",
    "context_application_version": "8.9.54.343",
    "context_conn_country": "US",
    "context_device_manufacturer": "apple",
    "context_device_model": "iPhone13,4",
    "context_device_type": "mobile",
    "context_os_name": "ios",
    "context_os_version": "17.5.1",
    "context_receiver_service_timestamp": 1720716973015,
    "context_time": 1720716964402,
    "message_local_time": "2024-07-11T09:56:04-07:00",
    "message_timezone": "America/Los_Angeles"
  },
  {
    "message_local_device_id": "84e0edb8be8ea273b09ebf3977a93210bd4d17c1",
    "timestamp_utc": "2024-08-29T00:04:19.353Z",
    "context_application_version": "8.9.68.490",
    "context_conn_country": "US",
    "context_device_manufacturer": "apple",
    "context_device_model": "iPhone13,4",
    "context_device_type": "mobile",
    "context_os_name": "ios",
    "context_os_version": "17.5.1",
    "context_receiver_service_timestamp": 1724889863708,
    "context_time": 1724889859353,
    "message_local_time": "2024-08-28T17:04:19-07:00",
    "message_timezone": "America/Los_Angeles"
  },
  {
    "message_local_device_id": "f8c3eb40e9874d44d1b415263e20dd55dfd7a405",
    "timestamp_utc": "2024-06-08T05:25:24.802Z",
    "context_application_version": "8.9.42.597",
    "context_conn_country": "US",
    "context_device_manufacturer": "apple",
    "context_device_model": "iPad14,4",
    "context_device_type": "tablet",
    "context_os_name": "ios",
    "context_os_version": "17.5.1",
    "context_receiver_service_timestamp": 1717824354639,
    "context_time": 1717824324802,
    "message_local_time": "2024-06-07T22:25:24-07:00",
    "message_timezone": "America/Los_Angeles"
  },
  {
    "message_local_device_id": "e298acf475e49c5a39cc50be4c0874a192998f0a",
    "timestamp_utc": "2024-09-08T19:04:04.053Z",
    "context_application_version": "8.9.70.592",
    "context_conn_country": "US",
    "context_device_manufacturer": "apple",
    "context_device_model": "iPhone13,4",
    "context_device_type": "mobile",
    "context_os_name": "ios",
    "context_os_version": "17.6.1",
    "context_receiver_service_timestamp": 1725822266372,
    "context_time": 1725822244053,
    "message_local_time": "2024-09-08T12:04:04-07:00",
    "message_timezone": "America/Los_Angeles"
  },
  {
    "message_local_device_id": "686f96f443dde9e91388d07d32ef5613de8f2a90",
    "timestamp_utc": "2024-06-28T09:16:14.285Z",
    "context_application_version": "8.9.50.491",
    "context_conn_country": "US",
    "context_device_manufacturer": "apple",
    "context_device_model": "iPad14,4",
    "context_device_type": "tablet",
    "context_os_name": "ios",
    "context_os_version": "17.5.1",
    "context_receiver_service_timestamp": 1719569788894,
    "context_time": 1719566174285,
    "message_local_time": "2024-06-28T02:16:14-07:00",
    "message_timezone": "America/Los_Angeles"
  },
  {
    "message_local_device_id": "869bafe2f312fe2d6e6f1831179ed0ae863d35f9",
    "timestamp_utc": "2024-09-17T05:12:27.029Z",
    "context_application_version": "8.9.74.535",
    "context_conn_country": "US",
    "context_device_manufacturer": "apple",
    "context_device_model": "iPad14,4",
    "context_device_type": "tablet",
    "context_os_name": "ios",
    "context_os_version": "17.6.1",
    "context_receiver_service_timestamp": 1726549976660,
    "context_time": 1726549947029,
    "message_local_time": "2024-09-16T22:12:27-07:00",
    "message_timezone": "America/Los_Angeles"
  },
  {
    "message_local_device_id": "d91f02bd8bdbe23e6b0334f499f2def40f07728f",
    "timestamp_utc": "2024-08-01T21:51:30.265Z",
    "context_application_version": "8.9.60.458",
    "context_conn_country": "US",
    "context_device_manufacturer": "apple",
    "context_device_model": "iPad14,4",
    "context_device_type": "tablet",
    "context_os_name": "ios",
    "context_os_version": "17.5.1",
    "context_receiver_service_timestamp": 1722555101572,
    "context_time": 1722549090265,
    "message_local_time": "2024-08-01T14:51:30-07:00",
    "message_timezone": "America/Los_Angeles"
  },
  {
    "message_local_device_id": "1b032e29fbed51374c754f5627495608217ac0a7",
    "timestamp_utc": "2024-08-26T17:32:12.234Z",
    "context_application_version": "8.9.66.462",
    "context_conn_country": "US",
    "context_device_manufacturer": "apple",
    "context_device_model": "iPhone13,4",
    "context_device_type": "mobile",
    "context_os_name": "ios",
    "context_os_version": "17.5.1",
    "context_receiver_service_timestamp": 1724693562043,
    "context_time": 1724693532234,
    "message_local_time": "2024-08-26T10:32:12-07:00",
    "message_timezone": "America/Los_Angeles"
  }
]