[
  {
    "timestamp_utc": "2024-10-28T20:02:04.528Z",
    "context_application_version": "8.9.84.543",
    "context_conn_country": "US",
    "context_device_manufacturer": "apple",
    "context_device_model": "iPhone13,4",
    "context_device_type": "mobile",
    "context_os_name": "ios",
    "context_os_version": "18.0.1",
    "context_receiver_service_timestamp": 1730145778708,
    "context_time": 1730145724528,
    "message_error_details": "The Internet connection appears to be offline.",
    "message_error_reason": "BACKEND_ERROR",
    "message_opportunity_id": "fba03b35-af1d-4d18-a35a-1547a65cb614",
    "message_trigger": "spotify:track:5vNRhkKd0yEAg8suGBpjeY"
  },
  {
    "timestamp_utc": "2024-11-19T03:26:52.087Z",
    "context_application_version": "8.9.90.84",
    "context_conn_country": "US",
    "context_device_manufacturer": "apple",
    "context_device_model": "iPhone13,4",
    "context_device_type": "mobile",
    "context_os_name": "ios",
    "context_os_version": "18.1",
    "context_receiver_service_timestamp": 1731986824039,
    "context_time": 1731986812087,
    "message_error_details": "The operation couldn’t be completed. (com.spotify.connectivity.auth.login5 error 4.)",
    "message_error_reason": "BACKEND_ERROR",
    "message_opportunity_id": "cfcf70f1-28ea-467a-bf1c-5fd10e991fe9",
    "message_trigger": "spotify:home"
  },
  {
    "timestamp_utc": "2024-10-02T21:55:59.135Z",
    "context_application_version": "8.9.76.516",
    "context_conn_country": "US",
    "context_device_manufacturer": "apple",
    "context_device_model": "iPhone13,4",
    "context_device_type": "mobile",
    "context_os_name": "ios",
    "context_os_version": "18.0",
    "context_receiver_service_timestamp": 1727907140642,
    "context_time": 1727906159135,
    "message_error_details": "The Internet connection appears to be offline.",
    "message_error_reason": "BACKEND_ERROR",
    "message_opportunity_id": "21f24f38-6c17-4a11-ae43-d498f3103299",
    "message_trigger": "spotify:home"
  },
  {
    "timestamp_utc": "2024-10-28T20:02:02.940Z",
    "context_application_version": "8.9.84.543",
    "context_conn_country": "US",
    "context_device_manufacturer": "apple",
    "context_device_model": "iPhone13,4",
    "context_device_type": "mobile",
    "context_os_name": "ios",
    "context_os_version": "18.0.1",
    "context_receiver_service_timestamp": 1730145778708,
    "context_time": 1730145722940,
    "message_error_details": "The Internet connection appears to be offline.",
    "message_error_reason": "BACKEND_ERROR",
    "message_opportunity_id": "85be5d59-f1c3-45be-986c-479958a38ab8",
    "message_trigger": "spotify:playlist:37i9dQZEVXbNG2KDcFcKOF"
  },
  {
    "timestamp_utc": "2024-10-28T20:02:02.738Z",
    "context_application_version": "8.9.84.543",
    "context_conn_country": "US",
    "context_device_manufacturer": "apple",
    "context_device_model": "iPhone13,4",
    "context_device_type": "mobile",
    "context_os_name": "ios",
    "context_os_version": "18.0.1",
    "context_receiver_service_timestamp": 1730145778708,
    "context_time": 1730145722738,
    "message_error_details": "The Internet connection appears to be offline.",
    "message_error_reason": "BACKEND_ERROR",
    "message_opportunity_id": "f527d7b6-f2dc-49ff-ba76-af5483a26e26",
    "message_trigger": "spotify:track:7fgmo2cHGzWLexkRhBeECj"
  },
  {
    "timestamp_utc": "2024-10-15T02:15:55.710Z",
    "context_application_version": "8.9.82.628",
    "context_conn_country": "US",
    "context_device_manufacturer": "apple",
    "context_device_model": "iPhone13,4",
    "context_device_type": "mobile",
    "context_os_name": "ios",
    "context_os_version": "18.0.1",
    "context_receiver_service_timestamp": 1728958557128,
    "context_time": 1728958555710,
    "message_error_details": "The operation couldn’t be completed. (com.spotify.connectivity.auth.login5 error 4.)",
    "message_error_reason": "BACKEND_ERROR",
    "message_opportunity_id": "5101fd8a-b466-4522-b2ef-cdff95f56060",
    "message_trigger": "spotify:playlist:5BD3C9Ms0tfPMsnYMg5Juc"
  },
  {
    "timestamp_utc": "2024-09-29T00:31:16.835Z",
    "context_application_version": "8.9.76.516",
    "context_conn_country": "US",
    "context_device_manufacturer": "apple",
    "context_device_model": "iPhone13,4",
    "context_device_type": "mobile",
    "context_os_name": "ios",
    "context_os_version": "18.0",
    "context_receiver_service_timestamp": 1727569934197,
    "context_time": 1727569876835,
    "message_error_details": "The request timed out.",
    "message_error_reason": "BACKEND_ERROR",
    "message_opportunity_id": "e8ed8210-3869-457c-97fa-b787098af5a1",
    "message_trigger": "spotify:home"
  },
  {
    "timestamp_utc": "2024-11-19T03:26:58.840Z",
    "context_application_version": "8.9.90.84",
    "context_conn_country": "US",
    "context_device_manufacturer": "apple",
    "context_device_model": "iPhone13,4",
    "context_device_type": "mobile",
    "context_os_name": "ios",
    "context_os_version": "18.1",
    "context_receiver_service_timestamp": 1731986824295,
    "context_time": 1731986818840,
    "message_error_details": "The operation couldn’t be completed. (com.spotify.connectivity.auth.login5 error 4.)",
    "message_error_reason": "BACKEND_ERROR",
    "message_opportunity_id": "409287ed-d927-4868-95ae-2069f8dd0dd2",
    "message_trigger": "spotify:track:51Grh1RyUDcMBbpuyUIUHI"
  },
  {
    "timestamp_utc": "2024-11-19T03:26:58.274Z",
    "context_application_version": "8.9.90.84",
    "context_conn_country": "US",
    "context_device_manufacturer": "apple",
    "context_device_model": "iPhone13,4",
    "context_device_type": "mobile",
    "context_os_name": "ios",
    "context_os_version": "18.1",
    "context_receiver_service_timestamp": 1731986824295,
    "context_time": 1731986818274,
    "message_error_details": "The operation couldn’t be completed. (com.spotify.connectivity.auth.login5 error 4.)",
    "message_error_reason": "BACKEND_ERROR",
    "message_opportunity_id": "90e4c116-e864-4385-9f20-00df33bc5acf",
    "message_trigger": "spotify:playlist:7lGTXJjhcio0HkazOfXp67"
  },
  {
    "timestamp_utc": "2024-10-28T20:02:15.096Z",
    "context_application_version": "8.9.84.543",
    "context_conn_country": "US",
    "context_device_manufacturer": "apple",
    "context_device_model": "iPhone13,4",
    "context_device_type": "mobile",
    "context_os_name": "ios",
    "context_os_version": "18.0.1",
    "context_receiver_service_timestamp": 1730145778708,
    "context_time": 1730145735096,
    "message_error_details": "The Internet connection appears to be offline.",
    "message_error_reason": "BACKEND_ERROR",
    "message_opportunity_id": "742c8f46-c177-4876-b84e-fd4f40b34489",
    "message_trigger": "spotify:playlist:37i9dQZEVXbNG2KDcFcKOF"
  }
]