[
  {
    "timestamp_utc": "2024-08-27T01:15:45.531Z",
    "context_application_version": "8.9.68.490",
    "context_conn_country": "US",
    "context_device_manufacturer": "apple",
    "context_device_model": "iPhone13,4",
    "context_device_type": "mobile",
    "context_os_name": "ios",
    "context_os_version": "17.5.1",
    "context_receiver_service_timestamp": 1724721367856,
    "context_time": 1724721345531,
    "message_auth_id": "",
    "message_error_code": 1,
    "message_error_reason": "Auth not available offline"
  },
  {
    "timestamp_utc": "2024-10-03T01:06:55.990Z",
    "context_application_version": "8.9.76.516",
    "context_conn_country": "US",
    "context_device_manufacturer": "apple",
    "context_device_model": "iPhone13,4",
    "context_device_type": "mobile",
    "context_os_name": "ios",
    "context_os_version": "18.0",
    "context_receiver_service_timestamp": 1727922000367,
    "context_time": 1727917615990,
    "message_auth_id": "A621222E-D9E7-45F6-91BB-83E2EDC9B353",
    "message_error_code": 0,
    "message_error_reason": null
  }
]