[
  {
    "timestamp_utc": "2024-08-10T05:23:20.605Z",
    "context_application_version": "8.9.62.465",
    "context_conn_country": "US",
    "context_device_manufacturer": "apple",
    "context_device_model": "iPhone13,4",
    "context_device_type": "mobile",
    "context_os_name": "ios",
    "context_os_version": "17.5.1",
    "context_receiver_service_timestamp": 1723267406201,
    "context_time": 1723267400605,
    "message_message_id": "153573"
  },
  {
    "timestamp_utc": "2024-11-19T01:05:28.521Z",
    "context_application_version": "8.9.90.84",
    "context_conn_country": "US",
    "context_device_manufacturer": "apple",
    "context_device_model": "iPhone13,4",
    "context_device_type": "mobile",
    "context_os_name": "ios",
    "context_os_version": "18.0.1",
    "context_receiver_service_timestamp": 1731978343340,
    "context_time": 1731978328521,
    "message_message_id": "162161"
  },
  {
    "timestamp_utc": "2024-06-14T21:05:31.695Z",
    "context_application_version": "8.9.44.362",
    "context_conn_country": "US",
    "context_device_manufacturer": "apple",
    "context_device_model": "iPhone13,4",
    "context_device_type": "mobile",
    "context_os_name": "ios",
    "context_os_version": "17.5.1",
    "context_receiver_service_timestamp": 1718399147210,
    "context_time": 1718399131695,
    "message_message_id": "132696"
  },
  {
    "timestamp_utc": "2024-10-09T19:39:39.495Z",
    "context_application_version": "8.9.76.516",
    "context_conn_country": "US",
    "context_device_manufacturer": "apple",
    "context_device_model": "iPhone13,4",
    "context_device_type": "mobile",
    "context_os_name": "ios",
    "context_os_version": "18.0.1",
    "context_receiver_service_timestamp": 1728502787132,
    "context_time": 1728502779495,
    "message_message_id": "155624"
  },
  {
    "timestamp_utc": "2024-09-28T06:06:41.885Z",
    "context_application_version": "8.9.76.516",
    "context_conn_country": "US",
    "context_device_manufacturer": "apple",
    "context_device_model": "iPad14,4",
    "context_device_type": "tablet",
    "context_os_name": "ios",
    "context_os_version": "18.0",
    "context_receiver_service_timestamp": 1727503607108,
    "context_time": 1727503601885,
    "message_message_id": "151880"
  },
  {
    "timestamp_utc": "2024-08-27T07:18:57.897Z",
    "context_application_version": "8.9.68.490",
    "context_conn_country": "US",
    "context_device_manufacturer": "apple",
    "context_device_model": "iPad14,4",
    "context_device_type": "tablet",
    "context_os_name": "ios",
    "context_os_version": "17.5.1",
    "context_receiver_service_timestamp": 1724743163804,
    "context_time": 1724743137897,
    "message_message_id": "153252"
  },
  {
    "timestamp_utc": "2024-09-12T00:30:16.446Z",
    "context_application_version": "8.9.70.592",
    "context_conn_country": "US",
    "context_device_manufacturer": "apple",
    "context_device_model": "iPhone13,4",
    "context_device_type": "mobile",
    "context_os_name": "ios",
    "context_os_version": "17.6.1",
    "context_receiver_service_timestamp": 1726101045610,
    "context_time": 1726101016446,
    "message_message_id": "155795"
  },
  {
    "timestamp_utc": "2024-06-09T21:25:31.873Z",
    "context_application_version": "8.9.42.597",
    "context_conn_country": "US",
    "context_device_manufacturer": "apple",
    "context_device_model": "iPad14,4",
    "context_device_type": "tablet",
    "context_os_name": "ios",
    "context_os_version": "17.5.1",
    "context_receiver_service_timestamp": 1717968360396,
    "context_time": 1717968331873,
    "message_message_id": "146120"
  },
  {
    "timestamp_utc": "2024-06-02T19:54:08.383Z",
    "context_application_version": "8.9.42.597",
    "context_conn_country": "US",
    "context_device_manufacturer": "apple",
    "context_device_model": "iPhone13,4",
    "context_device_type": "mobile",
    "context_os_name": "ios",
    "context_os_version": "17.5.1",
    "context_receiver_service_timestamp": 1717358076579,
    "context_time": 1717358048383,
    "message_message_id": "146116"
  },
  {
    "timestamp_utc": "2024-07-23T03:01:19.102Z",
    "context_application_version": "8.9.54.343",
    "context_conn_country": "US",
    "context_device_manufacturer": "apple",
    "context_device_model": "iPhone13,4",
    "context_device_type": "mobile",
    "context_os_name": "ios",
    "context_os_version": "17.5.1",
    "context_receiver_service_timestamp": 1721703684046,
    "context_time": 1721703679102,
    "message_message_id": "150987"
  },
  {
    "timestamp_utc": "2024-06-02T04:16:30.266Z",
    "context_application_version": "8.9.42.597",
    "context_conn_country": "US",
    "context_device_manufacturer": "apple",
    "context_device_model": "iPad14,4",
    "context_device_type": "tablet",
    "context_os_name": "ios",
    "context_os_version": "17.5.1",
    "context_receiver_service_timestamp": 1717301792696,
    "context_time": 1717301790266,
    "message_message_id": "146083"
  }
]