[
  {
    "message_target_device_id": "84e0edb8be8ea273b09ebf3977a93210bd4d17c1",
    "timestamp_utc": "2024-08-29T03:17:40.864Z",
    "context_application_version": "8.9.68.490",
    "context_conn_country": "US",
    "context_device_manufacturer": "apple",
    "context_device_model": "iPad14,4",
    "context_device_type": "tablet",
    "context_os_name": "ios",
    "context_os_version": "17.5.1",
    "context_receiver_service_timestamp": 1724901477609,
    "context_time": 1724901460864,
    "message_ack_duration": 542,
    "message_command_id": "43b8b3726b6c611270c6301ef32c4e7e",
    "message_command_type": "seek to",
    "message_context_player_error_message": null,
    "message_duration": 427,
    "message_http_client_error": null,
    "message_http_response": null,
    "message_http_status_code": 200,
    "message_interaction_ids": "",
    "message_result": "success",
    "message_target_device_brand": "Apple",
    "message_target_device_model": "iPhone"
  },
  {
    "message_target_device_id": "24294ffd16e2032592c3455c4d21d541d5f902fa",
    "timestamp_utc": "2024-09-09T06:04:09.319Z",
    "context_application_version": "8.9.70.592",
    "context_conn_country": "US",
    "context_device_manufacturer": "apple",
    "context_device_model": "iPhone13,4",
    "context_device_type": "mobile",
    "context_os_name": "ios",
    "context_os_version": "17.6.1",
    "context_receiver_service_timestamp": 1725861866188,
    "context_time": 1725861849319,
    "message_ack_duration": 1669,
    "message_command_id": "672833a13792db5faa00a478677b6939",
    "message_command_type": "skip to next track",
    "message_context_player_error_message": null,
    "message_duration": 1627,
    "message_http_client_error": null,
    "message_http_response": null,
    "message_http_status_code": 200,
    "message_interaction_ids": "",
    "message_result": "success",
    "message_target_device_brand": "Apple",
    "message_target_device_model": "iPad"
  },
  {
    "message_target_device_id": "84e0edb8be8ea273b09ebf3977a93210bd4d17c1",
    "timestamp_utc": "2024-08-29T03:17:34.468Z",
    "context_application_version": "8.9.68.490",
    "context_conn_country": "US",
    "context_device_manufacturer": "apple",
    "context_device_model": "iPad14,4",
    "context_device_type": "tablet",
    "context_os_name": "ios",
    "context_os_version": "17.5.1",
    "context_receiver_service_timestamp": 1724901477609,
    "context_time": 1724901454468,
    "message_ack_duration": 597,
    "message_command_id": "1a2b63499c1ba9175ed951f4dd25f934",
    "message_command_type": "play",
    "message_context_player_error_message": null,
    "message_duration": 372,
    "message_http_client_error": null,
    "message_http_response": null,
    "message_http_status_code": 200,
    "message_interaction_ids": "5416E0D0-E8CE-4160-BA82-6DD3A63F9DD1",
    "message_result": "success",
    "message_target_device_brand": "Apple",
    "message_target_device_model": "iPhone"
  },
  {
    "message_target_device_id": "b9f85e423bc55c6da0265ca4eed32fb1c910b5a3",
    "timestamp_utc": "2024-11-22T02:22:41.740Z",
    "context_application_version": "8.9.94.418",
    "context_conn_country": "US",
    "context_device_manufacturer": "apple",
    "context_device_model": "iPad14,4",
    "context_device_type": "tablet",
    "context_os_name": "ios",
    "context_os_version": "18.0.1",
    "context_receiver_service_timestamp": 1732242172096,
    "context_time": 1732242161740,
    "message_ack_duration": 382,
    "message_command_id": "61ff2983ab81362a86c93a5a3d091287",
    "message_command_type": "seek to",
    "message_context_player_error_message": null,
    "message_duration": 338,
    "message_http_client_error": null,
    "message_http_response": null,
    "message_http_status_code": 200,
    "message_interaction_ids": "",
    "message_result": "success",
    "message_target_device_brand": "Apple",
    "message_target_device_model": "iPhone"
  },
  {
    "message_target_device_id": "613427263d71a5cc99033f5d9a00960068199d7e",
    "timestamp_utc": "2024-09-25T09:42:31.194Z",
    "context_application_version": "1.2.45.454",
    "context_conn_country": "US",
    "context_device_manufacturer": "Apple Inc.",
    "context_device_model": "MacBookPro16,2",
    "context_device_type": "desktop",
    "context_os_name": "osx",
    "context_os_version": "14.6.1",
    "context_receiver_service_timestamp": 1727257356414,
    "context_time": 1727257351194,
    "message_ack_duration": 980,
    "message_command_id": "f6df678983abb9260647e2e11244d7b9",
    "message_command_type": "play",
    "message_context_player_error_message": null,
    "message_duration": 466,
    "message_http_client_error": null,
    "message_http_response": null,
    "message_http_status_code": 200,
    "message_interaction_ids": "8b0e9325-d31b-43ca-8a5f-e50a5d322d4a",
    "message_result": "success",
    "message_target_device_brand": "Apple",
    "message_target_device_model": "iPad"
  },
  {
    "message_target_device_id": "8696af9b534a8921f520632e5f4073157ed90e58",
    "timestamp_utc": "2024-09-23T23:55:55.073Z",
    "context_application_version": "1.2.45.454",
    "context_conn_country": "US",
    "context_device_manufacturer": "Apple Inc.",
    "context_device_model": "MacBookPro16,2",
    "context_device_type": "desktop",
    "context_os_name": "osx",
    "context_os_version": "14.6.1",
    "context_receiver_service_timestamp": 1727135764241,
    "context_time": 1727135755073,
    "message_ack_duration": 289,
    "message_command_id": "5cea25e923cf13a87618dd9119f48643",
    "message_command_type": "pause",
    "message_context_player_error_message": null,
    "message_duration": 265,
    "message_http_client_error": null,
    "message_http_response": null,
    "message_http_status_code": 200,
    "message_interaction_ids": "",
    "message_result": "success",
    "message_target_device_brand": "Apple",
    "message_target_device_model": "iPhone"
  },
  {
    "message_target_device_id": "0e209b817ebaadff0f87b1f8e6c768c16e4c9f95",
    "timestamp_utc": "2024-10-20T03:59:41.610Z",
    "context_application_version": "8.9.82.628",
    "context_conn_country": "US",
    "context_device_manufacturer": "apple",
    "context_device_model": "iPhone13,4",
    "context_device_type": "mobile",
    "context_os_name": "ios",
    "context_os_version": "18.0.1",
    "context_receiver_service_timestamp": 1729396796270,
    "context_time": 1729396781610,
    "message_ack_duration": 478,
    "message_command_id": "db213d4900e88989a67386ac66595182",
    "message_command_type": "pause",
    "message_context_player_error_message": null,
    "message_duration": 431,
    "message_http_client_error": null,
    "message_http_response": null,
    "message_http_status_code": 200,
    "message_interaction_ids": "",
    "message_result": "success",
    "message_target_device_brand": "Apple",
    "message_target_device_model": "iPad"
  },
  {
    "message_target_device_id": "613427263d71a5cc99033f5d9a00960068199d7e",
    "timestamp_utc": "2024-09-25T08:38:14.903Z",
    "context_application_version": "1.2.45.454",
    "context_conn_country": "US",
    "context_device_manufacturer": "Apple Inc.",
    "context_device_model": "MacBookPro16,2",
    "context_device_type": "desktop",
    "context_os_name": "osx",
    "context_os_version": "14.6.1",
    "context_receiver_service_timestamp": 1727253516469,
    "context_time": 1727253494903,
    "message_ack_duration": 346,
    "message_command_id": "f1ce5465af6f240dd47d9bdf0670f393",
    "message_command_type": "skip to next track",
    "message_context_player_error_message": null,
    "message_duration": 293,
    "message_http_client_error": null,
    "message_http_response": null,
    "message_http_status_code": 200,
    "message_interaction_ids": "",
    "message_result": "success",
    "message_target_device_brand": "Apple",
    "message_target_device_model": "iPad"
  },
  {
    "message_target_device_id": "84e0edb8be8ea273b09ebf3977a93210bd4d17c1",
    "timestamp_utc": "2024-08-29T03:17:25.765Z",
    "context_application_version": "8.9.68.490",
    "context_conn_country": "US",
    "context_device_manufacturer": "apple",
    "context_device_model": "iPad14,4",
    "context_device_type": "tablet",
    "context_os_name": "ios",
    "context_os_version": "17.5.1",
    "context_receiver_service_timestamp": 1724901447555,
    "context_time": 1724901445765,
    "message_ack_duration": 906,
    "message_command_id": "84c8946326a99289124c76335ac37735",
    "message_command_type": "play",
    "message_context_player_error_message": null,
    "message_duration": 466,
    "message_http_client_error": null,
    "message_http_response": null,
    "message_http_status_code": 200,
    "message_interaction_ids": "F8BB210D-DF04-4DD2-9891-20EB97963948",
    "message_result": "success",
    "message_target_device_brand": "Apple",
    "message_target_device_model": "iPhone"
  },
  {
    "message_target_device_id": "8696af9b534a8921f520632e5f4073157ed90e58",
    "timestamp_utc": "2024-09-23T19:30:14.698Z",
    "context_application_version": "1.2.45.454",
    "context_conn_country": "US",
    "context_device_manufacturer": "Apple Inc.",
    "context_device_model": "MacBookPro16,2",
    "context_device_type": "desktop",
    "context_os_name": "osx",
    "context_os_version": "14.6.1",
    "context_receiver_service_timestamp": 1727119830415,
    "context_time": 1727119814698,
    "message_ack_duration": 945,
    "message_command_id": "59d03ad14f611867096116c0c3bcbe73",
    "message_command_type": "play",
    "message_context_player_error_message": null,
    "message_duration": 221,
    "message_http_client_error": null,
    "message_http_response": null,
    "message_http_status_code": 200,
    "message_interaction_ids": "b23c849d-1d32-4236-8989-19d832e0f204",
    "message_result": "success",
    "message_target_device_brand": "Apple",
    "message_target_device_model": "iPhone"
  },
  {
    "message_target_device_id": "7c48d72631a418ba4b12bfc33803ae9c50e50e2f",
    "timestamp_utc": "2024-08-28T22:16:42.586Z",
    "context_application_version": "8.9.68.490",
    "context_conn_country": "US",
    "context_device_manufacturer": "apple",
    "context_device_model": "iPhone13,4",
    "context_device_type": "mobile",
    "context_os_name": "ios",
    "context_os_version": "17.5.1",
    "context_receiver_service_timestamp": 1724883419077,
    "context_time": 1724883402586,
    "message_ack_duration": 345,
    "message_command_id": "41581d062dcab57e2ea31495bf04e6bd",
    "message_command_type": "pause",
    "message_context_player_error_message": null,
    "message_duration": 293,
    "message_http_client_error": null,
    "message_http_response": null,
    "message_http_status_code": 200,
    "message_interaction_ids": "",
    "message_result": "success",
    "message_target_device_brand": "Apple",
    "message_target_device_model": "iPad"
  },
  {
    "message_target_device_id": "8696af9b534a8921f520632e5f4073157ed90e58",
    "timestamp_utc": "2024-09-30T19:24:54.170Z",
    "context_application_version": "1.2.47.364",
    "context_conn_country": "US",
    "context_device_manufacturer": "Apple Inc.",
    "context_device_model": "MacBookPro16,2",
    "context_device_type": "desktop",
    "context_os_name": "osx",
    "context_os_version": "15.0.0",
    "context_receiver_service_timestamp": 1727724302405,
    "context_time": 1727724294170,
    "message_ack_duration": 662,
    "message_command_id": "09fad18908844602e78a41a8905269f7",
    "message_command_type": "pause",
    "message_context_player_error_message": null,
    "message_duration": 543,
    "message_http_client_error": null,
    "message_http_response": null,
    "message_http_status_code": 200,
    "message_interaction_ids": "",
    "message_result": "success",
    "message_target_device_brand": "Apple",
    "message_target_device_model": "iPhone"
  },
  {
    "message_target_device_id": "b9f85e423bc55c6da0265ca4eed32fb1c910b5a3",
    "timestamp_utc": "2024-11-22T02:21:46.366Z",
    "context_application_version": "8.9.94.418",
    "context_conn_country": "US",
    "context_device_manufacturer": "apple",
    "context_device_model": "iPad14,4",
    "context_device_type": "tablet",
    "context_os_name": "ios",
    "context_os_version": "18.0.1",
    "context_receiver_service_timestamp": 1732242112175,
    "context_time": 1732242106366,
    "message_ack_duration": 445,
    "message_command_id": "eabb671f622fd3eef8607a2fb868fc18",
    "message_command_type": "seek to",
    "message_context_player_error_message": null,
    "message_duration": 267,
    "message_http_client_error": null,
    "message_http_response": null,
    "message_http_status_code": 200,
    "message_interaction_ids": "",
    "message_result": "success",
    "message_target_device_brand": "Apple",
    "message_target_device_model": "iPhone"
  },
  {
    "message_target_device_id": "7a9fe92b2ffa800e9dbd3da0897d374e4574fdb2",
    "timestamp_utc": "2024-09-30T19:24:30.184Z",
    "context_application_version": "8.9.76.516",
    "context_conn_country": "US",
    "context_device_manufacturer": "apple",
    "context_device_model": "iPhone13,4",
    "context_device_type": "mobile",
    "context_os_name": "ios",
    "context_os_version": "18.0",
    "context_receiver_service_timestamp": 1727724296219,
    "context_time": 1727724270184,
    "message_ack_duration": 685,
    "message_command_id": "67acb57ca06af622f9bcc10be799615d",
    "message_command_type": "prepare play",
    "message_context_player_error_message": null,
    "message_duration": 167,
    "message_http_client_error": null,
    "message_http_response": null,
    "message_http_status_code": 200,
    "message_interaction_ids": "56F52D42-885D-4C94-9FB7-4A73A58999BE",
    "message_result": "success",
    "message_target_device_brand": "spotify",
    "message_target_device_model": "MacBookPro16,2"
  },
  {
    "message_target_device_id": "8696af9b534a8921f520632e5f4073157ed90e58",
    "timestamp_utc": "2024-09-23T23:01:14.100Z",
    "context_application_version": "1.2.45.454",
    "context_conn_country": "US",
    "context_device_manufacturer": "Apple Inc.",
    "context_device_model": "MacBookPro16,2",
    "context_device_type": "desktop",
    "context_os_name": "osx",
    "context_os_version": "14.6.1",
    "context_receiver_service_timestamp": 1727132494310,
    "context_time": 1727132474100,
    "message_ack_duration": 333,
    "message_command_id": "72dc247581eb5776ffce62fbd3795cd9",
    "message_command_type": "play",
    "message_context_player_error_message": null,
    "message_duration": 252,
    "message_http_client_error": null,
    "message_http_response": null,
    "message_http_status_code": 200,
    "message_interaction_ids": "772cac4a-ef60-4e29-98f8-113347476da1",
    "message_result": "success",
    "message_target_device_brand": "Apple",
    "message_target_device_model": "iPhone"
  },
  {
    "message_target_device_id": "b9f85e423bc55c6da0265ca4eed32fb1c910b5a3",
    "timestamp_utc": "2024-11-22T02:22:13.743Z",
    "context_application_version": "8.9.94.418",
    "context_conn_country": "US",
    "context_device_manufacturer": "apple",
    "context_device_model": "iPad14,4",
    "context_device_type": "tablet",
    "context_os_name": "ios",
    "context_os_version": "18.0.1",
    "context_receiver_service_timestamp": 1732242142122,
    "context_time": 1732242133743,
    "message_ack_duration": 262,
    "message_command_id": "c14dc16e411350d4b3bc8a5eda7a9306",
    "message_command_type": "seek to",
    "message_context_player_error_message": null,
    "message_duration": 209,
    "message_http_client_error": null,
    "message_http_response": null,
    "message_http_status_code": 200,
    "message_interaction_ids": "",
    "message_result": "success",
    "message_target_device_brand": "Apple",
    "message_target_device_model": "iPhone"
  },
  {
    "message_target_device_id": "b9f85e423bc55c6da0265ca4eed32fb1c910b5a3",
    "timestamp_utc": "2024-11-22T02:22:52.067Z",
    "context_application_version": "8.9.94.418",
    "context_conn_country": "US",
    "context_device_manufacturer": "apple",
    "context_device_model": "iPad14,4",
    "context_device_type": "tablet",
    "context_os_name": "ios",
    "context_os_version": "18.0.1",
    "context_receiver_service_timestamp": 1732242202128,
    "context_time": 1732242172067,
    "message_ack_duration": 307,
    "message_command_id": "5e03adf033d74be1520cab33d67a954d",
    "message_command_type": "pause",
    "message_context_player_error_message": null,
    "message_duration": 260,
    "message_http_client_error": null,
    "message_http_response": null,
    "message_http_status_code": 200,
    "message_interaction_ids": "",
    "message_result": "success",
    "message_target_device_brand": "Apple",
    "message_target_device_model": "iPhone"
  },
  {
    "message_target_device_id": "5a2bb72e911573a83652c9391e838db8657c1a3f",
    "timestamp_utc": "2024-10-24T06:53:03.625Z",
    "context_application_version": "8.9.82.628",
    "context_conn_country": "US",
    "context_device_manufacturer": "apple",
    "context_device_model": "iPhone13,4",
    "context_device_type": "mobile",
    "context_os_name": "ios",
    "context_os_version": "18.0.1",
    "context_receiver_service_timestamp": 1729752792467,
    "context_time": 1729752783625,
    "message_ack_duration": 916,
    "message_command_id": "d4c41bc8512b865ffb74d3d13a80da45",
    "message_command_type": "resume",
    "message_context_player_error_message": null,
    "message_duration": 505,
    "message_http_client_error": null,
    "message_http_response": null,
    "message_http_status_code": 200,
    "message_interaction_ids": "",
    "message_result": "success",
    "message_target_device_brand": "Apple",
    "message_target_device_model": "iPad"
  },
  {
    "message_target_device_id": "7a9fe92b2ffa800e9dbd3da0897d374e4574fdb2",
    "timestamp_utc": "2024-09-30T19:24:37.702Z",
    "context_application_version": "8.9.76.516",
    "context_conn_country": "US",
    "context_device_manufacturer": "apple",
    "context_device_model": "iPhone13,4",
    "context_device_type": "mobile",
    "context_os_name": "ios",
    "context_os_version": "18.0",
    "context_receiver_service_timestamp": 1727724296219,
    "context_time": 1727724277702,
    "message_ack_duration": 357,
    "message_command_id": "f3536b6e91d5230510a20040b3989aea",
    "message_command_type": "resume",
    "message_context_player_error_message": null,
    "message_duration": 297,
    "message_http_client_error": null,
    "message_http_response": null,
    "message_http_status_code": 200,
    "message_interaction_ids": "",
    "message_result": "success",
    "message_target_device_brand": "spotify",
    "message_target_device_model": "MacBookPro16,2"
  },
  {
    "message_target_device_id": "84e0edb8be8ea273b09ebf3977a93210bd4d17c1",
    "timestamp_utc": "2024-08-29T03:17:37.367Z",
    "context_application_version": "8.9.68.490",
    "context_conn_country": "US",
    "context_device_manufacturer": "apple",
    "context_device_model": "iPad14,4",
    "context_device_type": "tablet",
    "context_os_name": "ios",
    "context_os_version": "17.5.1",
    "context_receiver_service_timestamp": 1724901477609,
    "context_time": 1724901457367,
    "message_ack_duration": 880,
    "message_command_id": "f020fa87771ce3748d4b827a5ecc63ad",
    "message_command_type": "play",
    "message_context_player_error_message": null,
    "message_duration": 726,
    "message_http_client_error": null,
    "message_http_response": null,
    "message_http_status_code": 200,
    "message_interaction_ids": "CCF66EB5-DD44-4444-8FA7-431BFEDB16E1",
    "message_result": "success",
    "message_target_device_brand": "Apple",
    "message_target_device_model": "iPhone"
  },
  {
    "message_target_device_id": "8696af9b534a8921f520632e5f4073157ed90e58",
    "timestamp_utc": "2024-09-23T23:47:53.680Z",
    "context_application_version": "1.2.45.454",
    "context_conn_country": "US",
    "context_device_manufacturer": "Apple Inc.",
    "context_device_model": "MacBookPro16,2",
    "context_device_type": "desktop",
    "context_os_name": "osx",
    "context_os_version": "14.6.1",
    "context_receiver_service_timestamp": 1727135284280,
    "context_time": 1727135273680,
    "message_ack_duration": 258,
    "message_command_id": "2029244f933b93281c6cebd34e07116b",
    "message_command_type": "pause",
    "message_context_player_error_message": null,
    "message_duration": 190,
    "message_http_client_error": null,
    "message_http_response": null,
    "message_http_status_code": 200,
    "message_interaction_ids": "",
    "message_result": "success",
    "message_target_device_brand": "Apple",
    "message_target_device_model": "iPhone"
  },
  {
    "message_target_device_id": "613427263d71a5cc99033f5d9a00960068199d7e",
    "timestamp_utc": "2024-09-25T08:38:12.465Z",
    "context_application_version": "1.2.45.454",
    "context_conn_country": "US",
    "context_device_manufacturer": "Apple Inc.",
    "context_device_model": "MacBookPro16,2",
    "context_device_type": "desktop",
    "context_os_name": "osx",
    "context_os_version": "14.6.1",
    "context_receiver_service_timestamp": 1727253516469,
    "context_time": 1727253492465,
    "message_ack_duration": 324,
    "message_command_id": "6240f23ff3afbada2115e5342ae75581",
    "message_command_type": "pause",
    "message_context_player_error_message": null,
    "message_duration": 286,
    "message_http_client_error": null,
    "message_http_response": null,
    "message_http_status_code": 200,
    "message_interaction_ids": "",
    "message_result": "success",
    "message_target_device_brand": "Apple",
    "message_target_device_model": "iPad"
  },
  {
    "message_target_device_id": "8696af9b534a8921f520632e5f4073157ed90e58",
    "timestamp_utc": "2024-09-30T19:24:54.916Z",
    "context_application_version": "1.2.47.364",
    "context_conn_country": "US",
    "context_device_manufacturer": "Apple Inc.",
    "context_device_model": "MacBookPro16,2",
    "context_device_type": "desktop",
    "context_os_name": "osx",
    "context_os_version": "15.0.0",
    "context_receiver_service_timestamp": 1727724302405,
    "context_time": 1727724294916,
    "message_ack_duration": null,
    "message_command_id": "3c01b5089963bd0939e35bb38e63fd7d",
    "message_command_type": "pause",
    "message_context_player_error_message": "pause_restricted",
    "message_duration": 520,
    "message_http_client_error": null,
    "message_http_response": null,
    "message_http_status_code": 403,
    "message_interaction_ids": "",
    "message_result": "player_error",
    "message_target_device_brand": "Apple",
    "message_target_device_model": "iPhone"
  },
  {
    "message_target_device_id": "613427263d71a5cc99033f5d9a00960068199d7e",
    "timestamp_utc": "2024-09-25T09:42:20.560Z",
    "context_application_version": "1.2.45.454",
    "context_conn_country": "US",
    "context_device_manufacturer": "Apple Inc.",
    "context_device_model": "MacBookPro16,2",
    "context_device_type": "desktop",
    "context_os_name": "osx",
    "context_os_version": "14.6.1",
    "context_receiver_service_timestamp": 1727257356414,
    "context_time": 1727257340560,
    "message_ack_duration": 500,
    "message_command_id": "7e1165d33b79665a13d534846aaf6290",
    "message_command_type": "skip to next track",
    "message_context_player_error_message": null,
    "message_duration": 482,
    "message_http_client_error": null,
    "message_http_response": null,
    "message_http_status_code": 200,
    "message_interaction_ids": "",
    "message_result": "success",
    "message_target_device_brand": "Apple",
    "message_target_device_model": "iPad"
  },
  {
    "message_target_device_id": "8696af9b534a8921f520632e5f4073157ed90e58",
    "timestamp_utc": "2024-10-08T21:12:50.822Z",
    "context_application_version": "8.9.76.516",
    "context_conn_country": "US",
    "context_device_manufacturer": "apple",
    "context_device_model": "iPad14,4",
    "context_device_type": "tablet",
    "context_os_name": "ios",
    "context_os_version": "18.0.1",
    "context_receiver_service_timestamp": 1728421989884,
    "context_time": 1728421970822,
    "message_ack_duration": null,
    "message_command_id": "24948d7ba52d8c2f1d131c3f00ea9c76",
    "message_command_type": "resume",
    "message_context_player_error_message": null,
    "message_duration": 336,
    "message_http_client_error": null,
    "message_http_response": "{\"error_type\":\"DEVICE_NOT_FOUND\",\"message\":\"Device not found, from edgeproxy\"}",
    "message_http_status_code": 404,
    "message_interaction_ids": "",
    "message_result": "http_error",
    "message_target_device_brand": "Apple",
    "message_target_device_model": "iPhone"
  },
  {
    "message_target_device_id": "613427263d71a5cc99033f5d9a00960068199d7e",
    "timestamp_utc": "2024-09-25T08:38:13.500Z",
    "context_application_version": "1.2.45.454",
    "context_conn_country": "US",
    "context_device_manufacturer": "Apple Inc.",
    "context_device_model": "MacBookPro16,2",
    "context_device_type": "desktop",
    "context_os_name": "osx",
    "context_os_version": "14.6.1",
    "context_receiver_service_timestamp": 1727253516469,
    "context_time": 1727253493500,
    "message_ack_duration": 292,
    "message_command_id": "6a9944f5dd8114d773abcc378887baa2",
    "message_command_type": "skip to next track",
    "message_context_player_error_message": null,
    "message_duration": 239,
    "message_http_client_error": null,
    "message_http_response": null,
    "message_http_status_code": 200,
    "message_interaction_ids": "",
    "message_result": "success",
    "message_target_device_brand": "Apple",
    "message_target_device_model": "iPad"
  },
  {
    "message_target_device_id": "8f67ed879868cb09020a0748463339f06a817a68",
    "timestamp_utc": "2024-10-30T22:34:31.107Z",
    "context_application_version": "8.9.86.419",
    "context_conn_country": "US",
    "context_device_manufacturer": "apple",
    "context_device_model": "iPad14,4",
    "context_device_type": "tablet",
    "context_os_name": "ios",
    "context_os_version": "18.0.1",
    "context_receiver_service_timestamp": 1730327677589,
    "context_time": 1730327671107,
    "message_ack_duration": 498,
    "message_command_id": "e65cb2bdc068d520107741908f14ca6a",
    "message_command_type": "pause",
    "message_context_player_error_message": null,
    "message_duration": 423,
    "message_http_client_error": null,
    "message_http_response": null,
    "message_http_status_code": 200,
    "message_interaction_ids": "",
    "message_result": "success",
    "message_target_device_brand": "Apple",
    "message_target_device_model": "iPhone"
  },
  {
    "message_target_device_id": "",
    "timestamp_utc": "2024-10-24T06:53:00.786Z",
    "context_application_version": "8.9.82.628",
    "context_conn_country": "US",
    "context_device_manufacturer": "apple",
    "context_device_model": "iPhone13,4",
    "context_device_type": "mobile",
    "context_os_name": "ios",
    "context_os_version": "18.0.1",
    "context_receiver_service_timestamp": 1729752792467,
    "context_time": 1729752780786,
    "message_ack_duration": 753,
    "message_command_id": "3ab054ef437341f7a109d374c95d4fa5",
    "message_command_type": "transfer",
    "message_context_player_error_message": null,
    "message_duration": 354,
    "message_http_client_error": null,
    "message_http_response": null,
    "message_http_status_code": 200,
    "message_interaction_ids": "2AC8EDC3-45A7-4251-9B51-74B46212D87C",
    "message_result": "success",
    "message_target_device_brand": "",
    "message_target_device_model": ""
  },
  {
    "message_target_device_id": "8696af9b534a8921f520632e5f4073157ed90e58",
    "timestamp_utc": "2024-09-30T19:24:54.223Z",
    "context_application_version": "1.2.47.364",
    "context_conn_country": "US",
    "context_device_manufacturer": "Apple Inc.",
    "context_device_model": "MacBookPro16,2",
    "context_device_type": "desktop",
    "context_os_name": "osx",
    "context_os_version": "15.0.0",
    "context_receiver_service_timestamp": 1727724302405,
    "context_time": 1727724294223,
    "message_ack_duration": null,
    "message_command_id": "aa76fc0808f04b9f674b471791504eb7",
    "message_command_type": "pause",
    "message_context_player_error_message": "pause_restricted",
    "message_duration": 140,
    "message_http_client_error": null,
    "message_http_response": null,
    "message_http_status_code": 403,
    "message_interaction_ids": "",
    "message_result": "player_error",
    "message_target_device_brand": "Apple",
    "message_target_device_model": "iPhone"
  },
  {
    "message_target_device_id": "7a9fe92b2ffa800e9dbd3da0897d374e4574fdb2",
    "timestamp_utc": "2024-09-24T23:57:56.840Z",
    "context_application_version": "8.9.76.516",
    "context_conn_country": "US",
    "context_device_manufacturer": "apple",
    "context_device_model": "iPad14,4",
    "context_device_type": "tablet",
    "context_os_name": "ios",
    "context_os_version": "17.6.1",
    "context_receiver_service_timestamp": 1727222286112,
    "context_time": 1727222276840,
    "message_ack_duration": 977,
    "message_command_id": "82913ef0d07c7a4ca8084865b67957ec",
    "message_command_type": "prepare play",
    "message_context_player_error_message": null,
    "message_duration": 218,
    "message_http_client_error": null,
    "message_http_response": null,
    "message_http_status_code": 200,
    "message_interaction_ids": "C9C63989-A6C6-4664-9CD9-282DA61FBD83",
    "message_result": "success",
    "message_target_device_brand": "spotify",
    "message_target_device_model": "MacBookPro16,2"
  },
  {
    "message_target_device_id": "613427263d71a5cc99033f5d9a00960068199d7e",
    "timestamp_utc": "2024-09-25T08:38:14.133Z",
    "context_application_version": "1.2.45.454",
    "context_conn_country": "US",
    "context_device_manufacturer": "Apple Inc.",
    "context_device_model": "MacBookPro16,2",
    "context_device_type": "desktop",
    "context_os_name": "osx",
    "context_os_version": "14.6.1",
    "context_receiver_service_timestamp": 1727253516469,
    "context_time": 1727253494133,
    "message_ack_duration": null,
    "message_command_id": "40f514d4ab61bd3209c5306fa7ab551d",
    "message_command_type": "resume",
    "message_context_player_error_message": "resume_restricted",
    "message_duration": 220,
    "message_http_client_error": null,
    "message_http_response": null,
    "message_http_status_code": 403,
    "message_interaction_ids": "",
    "message_result": "player_error",
    "message_target_device_brand": "Apple",
    "message_target_device_model": "iPad"
  },
  {
    "message_target_device_id": "84e0edb8be8ea273b09ebf3977a93210bd4d17c1",
    "timestamp_utc": "2024-08-29T03:17:48.467Z",
    "context_application_version": "8.9.68.490",
    "context_conn_country": "US",
    "context_device_manufacturer": "apple",
    "context_device_model": "iPad14,4",
    "context_device_type": "tablet",
    "context_os_name": "ios",
    "context_os_version": "17.5.1",
    "context_receiver_service_timestamp": 1724901477816,
    "context_time": 1724901468467,
    "message_ack_duration": 571,
    "message_command_id": "c969d766df475fceffc2eeb83d185bbc",
    "message_command_type": "pause",
    "message_context_player_error_message": null,
    "message_duration": 506,
    "message_http_client_error": null,
    "message_http_response": null,
    "message_http_status_code": 200,
    "message_interaction_ids": "",
    "message_result": "success",
    "message_target_device_brand": "Apple",
    "message_target_device_model": "iPhone"
  }
]