[
  {
    "message_context_uri": "none",
    "message_source_device_id": "686f96f443dde9e91388d07d32ef5613de8f2a90",
    "message_source_ip_hash": "N8u8hRzK3GnlZVrW1f0jtg==",
    "message_target_device_id": "a48e61aa27afd849ec7937d0f06ae690fa36c62c",
    "timestamp_utc": "2024-06-29T01:34:58.710Z",
    "context_time": 1719624898710,
    "message_command_correlation_id": "WzvAj2zIxMjil6E8fe0dhg==",
    "message_command_type": "ResumeCommand",
    "message_device_type": "TABLET",
    "message_device_version": "iphone-8.9.50.491.gc449170",
    "message_system_initiated": null,
    "message_target_device_brand": "Apple",
    "message_target_device_model": "iPhone",
    "message_target_device_software_version": "iphone-8.9.48.455.g495f8f5",
    "message_target_device_supports_command_acks": true,
    "message_target_device_type": "SMARTPHONE",
    "message_user_catalogue_string": "premium"
  },
  {
    "message_context_uri": "none",
    "message_source_device_id": "d91f02bd8bdbe23e6b0334f499f2def40f07728f",
    "message_source_ip_hash": "hx4yj7Sl176nCTlcOJZinQ==",
    "message_target_device_id": "d39a8fad983e44b14e5c032c3a98f12bbdb0f062",
    "timestamp_utc": "2024-08-04T04:21:02.982Z",
    "context_time": 1722745262982,
    "message_command_correlation_id": "nl1maG31MeATO1xAKBeTVQ==",
    "message_command_type": "SkipToNextTrackCommand",
    "message_device_type": "TABLET",
    "message_device_version": "iphone-8.9.60.458.g51eb058",
    "message_system_initiated": null,
    "message_target_device_brand": "Apple",
    "message_target_device_model": "iPhone",
    "message_target_device_software_version": "iphone-8.9.60.458.g51eb058",
    "message_target_device_supports_command_acks": true,
    "message_target_device_type": "SMARTPHONE",
    "message_user_catalogue_string": "premium"
  },
  {
    "message_context_uri": "none",
    "message_source_device_id": "8696af9b534a8921f520632e5f4073157ed90e58",
    "message_source_ip_hash": "rYPoAUsMzJHYN9fPhT65Hw==",
    "message_target_device_id": "7a9fe92b2ffa800e9dbd3da0897d374e4574fdb2",
    "timestamp_utc": "2024-09-30T19:24:37.606Z",
    "context_time": 1727724277606,
    "message_command_correlation_id": "d0pToo93lHLZ7OmfIZPePg==",
    "message_command_type": "ResumeCommand",
    "message_device_type": "SMARTPHONE",
    "message_device_version": "iphone-8.9.76.516.g6c54030",
    "message_system_initiated": null,
    "message_target_device_brand": "spotify",
    "message_target_device_model": "MacBookPro16,2",
    "message_target_device_software_version": "1.2.47.364.gf06e5cee",
    "message_target_device_supports_command_acks": true,
    "message_target_device_type": "COMPUTER",
    "message_user_catalogue_string": "premium"
  },
  {
    "message_context_uri": "none",
    "message_source_device_id": "d91f02bd8bdbe23e6b0334f499f2def40f07728f",
    "message_source_ip_hash": "hx4yj7Sl176nCTlcOJZinQ==",
    "message_target_device_id": "d39a8fad983e44b14e5c032c3a98f12bbdb0f062",
    "timestamp_utc": "2024-08-04T04:15:37.601Z",
    "context_time": 1722744937601,
    "message_command_correlation_id": "pn/T6tkbjxsYHtAfCICcKQ==",
    "message_command_type": "SkipToNextTrackCommand",
    "message_device_type": "TABLET",
    "message_device_version": "iphone-8.9.60.458.g51eb058",
    "message_system_initiated": null,
    "message_target_device_brand": "Apple",
    "message_target_device_model": "iPhone",
    "message_target_device_software_version": "iphone-8.9.60.458.g51eb058",
    "message_target_device_supports_command_acks": true,
    "message_target_device_type": "SMARTPHONE",
    "message_user_catalogue_string": "premium"
  },
  {
    "message_context_uri": "spotify:playlist:3J7mtpBF025R7W3m3UA0HH",
    "message_source_device_id": "d91f02bd8bdbe23e6b0334f499f2def40f07728f",
    "message_source_ip_hash": "hx4yj7Sl176nCTlcOJZinQ==",
    "message_target_device_id": "d39a8fad983e44b14e5c032c3a98f12bbdb0f062",
    "timestamp_utc": "2024-08-04T04:16:08.839Z",
    "context_time": 1722744968839,
    "message_command_correlation_id": "Vp1Xa+CljLrnNbEF9VeLcA==",
    "message_command_type": "UpdateContextCommand",
    "message_device_type": "TABLET",
    "message_device_version": "iphone-8.9.60.458.g51eb058",
    "message_system_initiated": null,
    "message_target_device_brand": "Apple",
    "message_target_device_model": "iPhone",
    "message_target_device_software_version": "iphone-8.9.60.458.g51eb058",
    "message_target_device_supports_command_acks": true,
    "message_target_device_type": "SMARTPHONE",
    "message_user_catalogue_string": "premium"
  },
  {
    "message_context_uri": "none",
    "message_source_device_id": "ca605fed11e469300c00fb1f0a4b1d934897c106",
    "message_source_ip_hash": "Fv6AoY783LfT5gdd1GnPsw==",
    "message_target_device_id": "428897da5ff38e5e6aa030ecc1af35e5e990f180",
    "timestamp_utc": "2024-07-13T19:09:59.504Z",
    "context_time": 1720897799504,
    "message_command_correlation_id": "xxrEyele3n7A1dahtp0oKg==",
    "message_command_type": "SkipToNextTrackCommand",
    "message_device_type": "TABLET",
    "message_device_version": "iphone-8.9.54.343.g2330c97",
    "message_system_initiated": null,
    "message_target_device_brand": "Apple",
    "message_target_device_model": "iPhone",
    "message_target_device_software_version": "iphone-8.9.54.343.g2330c97",
    "message_target_device_supports_command_acks": true,
    "message_target_device_type": "SMARTPHONE",
    "message_user_catalogue_string": "premium"
  },
  {
    "message_context_uri": "none",
    "message_source_device_id": "7a9fe92b2ffa800e9dbd3da0897d374e4574fdb2",
    "message_source_ip_hash": "izp5w/ngwbKvnDXP9DG/eQ==",
    "message_target_device_id": "8696af9b534a8921f520632e5f4073157ed90e58",
    "timestamp_utc": "2024-09-30T19:24:54.059Z",
    "context_time": 1727724294059,
    "message_command_correlation_id": "2hmQ/ijbC69mz/HhO7sG7Q==",
    "message_command_type": "PauseCommand",
    "message_device_type": "COMPUTER",
    "message_device_version": "1.2.47.364.gf06e5cee",
    "message_system_initiated": null,
    "message_target_device_brand": "Apple",
    "message_target_device_model": "iPhone",
    "message_target_device_software_version": "iphone-8.9.76.516.g6c54030",
    "message_target_device_supports_command_acks": true,
    "message_target_device_type": "SMARTPHONE",
    "message_user_catalogue_string": "premium"
  },
  {
    "message_context_uri": "none",
    "message_source_device_id": "8696af9b534a8921f520632e5f4073157ed90e58",
    "message_source_ip_hash": "c1qW71DyOCWJ5/TW33BLuA==",
    "message_target_device_id": "613427263d71a5cc99033f5d9a00960068199d7e",
    "timestamp_utc": "2024-09-28T02:17:19.524Z",
    "context_time": 1727489839524,
    "message_command_correlation_id": "yDoeRS+kRHAUD9T2CFE+pg==",
    "message_command_type": "PauseCommand",
    "message_device_type": "SMARTPHONE",
    "message_device_version": "iphone-8.9.76.516.g6c54030",
    "message_system_initiated": null,
    "message_target_device_brand": "Apple",
    "message_target_device_model": "iPad",
    "message_target_device_software_version": "iphone-8.9.76.516.g6c54030",
    "message_target_device_supports_command_acks": true,
    "message_target_device_type": "TABLET",
    "message_user_catalogue_string": "premium"
  },
  {
    "message_context_uri": "none",
    "message_source_device_id": "7a9fe92b2ffa800e9dbd3da0897d374e4574fdb2",
    "message_source_ip_hash": "izp5w/ngwbKvnDXP9DG/eQ==",
    "message_target_device_id": "8696af9b534a8921f520632e5f4073157ed90e58",
    "timestamp_utc": "2024-09-30T19:24:54.231Z",
    "context_time": 1727724294231,
    "message_command_correlation_id": "vW6Zj8Dk/m1URUPSQ7nYFg==",
    "message_command_type": "PauseCommand",
    "message_device_type": "COMPUTER",
    "message_device_version": "1.2.47.364.gf06e5cee",
    "message_system_initiated": null,
    "message_target_device_brand": "Apple",
    "message_target_device_model": "iPhone",
    "message_target_device_software_version": "iphone-8.9.76.516.g6c54030",
    "message_target_device_supports_command_acks": true,
    "message_target_device_type": "SMARTPHONE",
    "message_user_catalogue_string": "premium"
  },
  {
    "message_context_uri": "none",
    "message_source_device_id": "c15bf853577cb62f93c93512481bef7bd7997366",
    "message_source_ip_hash": "ZHZvNKiP922kinOzY7B+5w==",
    "message_target_device_id": "b9f85e423bc55c6da0265ca4eed32fb1c910b5a3",
    "timestamp_utc": "2024-11-22T02:22:13.688Z",
    "context_time": 1732242133688,
    "message_command_correlation_id": "TiUriVDmHdS3ErkfchTZlw==",
    "message_command_type": "SeekToCommand",
    "message_device_type": "TABLET",
    "message_device_version": "iphone-8.9.94.418.gceb58ca",
    "message_system_initiated": null,
    "message_target_device_brand": "Apple",
    "message_target_device_model": "iPhone",
    "message_target_device_software_version": "iphone-8.9.94.418.gceb58ca",
    "message_target_device_supports_command_acks": true,
    "message_target_device_type": "SMARTPHONE",
    "message_user_catalogue_string": "premium"
  },
  {
    "message_context_uri": "none",
    "message_source_device_id": "7a9fe92b2ffa800e9dbd3da0897d374e4574fdb2",
    "message_source_ip_hash": "iNTy/wL8tLuUfw0Np1nRug==",
    "message_target_device_id": "613427263d71a5cc99033f5d9a00960068199d7e",
    "timestamp_utc": "2024-09-25T09:42:20.547Z",
    "context_time": 1727257340547,
    "message_command_correlation_id": "uH1vyeOrvSQOP2yyK/XZ3A==",
    "message_command_type": "SkipToNextTrackCommand",
    "message_device_type": "COMPUTER",
    "message_device_version": "1.2.45.454.gc16ec9f6",
    "message_system_initiated": null,
    "message_target_device_brand": "Apple",
    "message_target_device_model": "iPad",
    "message_target_device_software_version": "iphone-8.9.76.516.g6c54030",
    "message_target_device_supports_command_acks": true,
    "message_target_device_type": "TABLET",
    "message_user_catalogue_string": "premium"
  },
  {
    "message_context_uri": "none",
    "message_source_device_id": "c15bf853577cb62f93c93512481bef7bd7997366",
    "message_source_ip_hash": "ZHZvNKiP922kinOzY7B+5w==",
    "message_target_device_id": "b9f85e423bc55c6da0265ca4eed32fb1c910b5a3",
    "timestamp_utc": "2024-11-22T02:21:46.184Z",
    "context_time": 1732242106184,
    "message_command_correlation_id": "kASNZbcfxl5vpr5eF4LfCA==",
    "message_command_type": "SeekToCommand",
    "message_device_type": "TABLET",
    "message_device_version": "iphone-8.9.94.418.gceb58ca",
    "message_system_initiated": null,
    "message_target_device_brand": "Apple",
    "message_target_device_model": "iPhone",
    "message_target_device_software_version": "iphone-8.9.94.418.gceb58ca",
    "message_target_device_supports_command_acks": true,
    "message_target_device_type": "SMARTPHONE",
    "message_user_catalogue_string": "premium"
  },
  {
    "message_context_uri": "spotify:artist:7dGJo4pcD2V6oG8kP0tJRR",
    "message_source_device_id": "613427263d71a5cc99033f5d9a00960068199d7e",
    "message_source_ip_hash": "a4g4vosjzOXCcwSbr95XCw==",
    "message_target_device_id": "7a9fe92b2ffa800e9dbd3da0897d374e4574fdb2",
    "timestamp_utc": "2024-09-24T23:57:56.063Z",
    "context_time": 1727222276063,
    "message_command_correlation_id": "MHl77wPB5tUB3kXkTsWG/w==",
    "message_command_type": "PlayCommand",
    "message_device_type": "TABLET",
    "message_device_version": "iphone-8.9.76.516.g6c54030",
    "message_system_initiated": null,
    "message_target_device_brand": "spotify",
    "message_target_device_model": "MacBookPro16,2",
    "message_target_device_software_version": "1.2.45.454.gc16ec9f6",
    "message_target_device_supports_command_acks": true,
    "message_target_device_type": "COMPUTER",
    "message_user_catalogue_string": "premium"
  },
  {
    "message_context_uri": "none",
    "message_source_device_id": "7a9fe92b2ffa800e9dbd3da0897d374e4574fdb2",
    "message_source_ip_hash": "rZxteWByRlTVDqNqhKLMKA==",
    "message_target_device_id": "8696af9b534a8921f520632e5f4073157ed90e58",
    "timestamp_utc": "2024-09-23T23:55:55.017Z",
    "context_time": 1727135755017,
    "message_command_correlation_id": "qXU9pqv0HRHJRWLR1s4rpQ==",
    "message_command_type": "PauseCommand",
    "message_device_type": "COMPUTER",
    "message_device_version": "1.2.45.454.gc16ec9f6",
    "message_system_initiated": null,
    "message_target_device_brand": "Apple",
    "message_target_device_model": "iPhone",
    "message_target_device_software_version": "iphone-8.9.76.516.g6c54030",
    "message_target_device_supports_command_acks": true,
    "message_target_device_type": "SMARTPHONE",
    "message_user_catalogue_string": "premium"
  },
  {
    "message_context_uri": "spotify:playlist:37i9dQZF1F0sijgNaJdgit",
    "message_source_device_id": "7a9fe92b2ffa800e9dbd3da0897d374e4574fdb2",
    "message_source_ip_hash": "iNTy/wL8tLuUfw0Np1nRug==",
    "message_target_device_id": "613427263d71a5cc99033f5d9a00960068199d7e",
    "timestamp_utc": "2024-09-25T09:42:30.688Z",
    "context_time": 1727257350688,
    "message_command_correlation_id": "ORp9J19TfpUWOCP804DwrA==",
    "message_command_type": "PlayCommand",
    "message_device_type": "COMPUTER",
    "message_device_version": "1.2.45.454.gc16ec9f6",
    "message_system_initiated": null,
    "message_target_device_brand": "Apple",
    "message_target_device_model": "iPad",
    "message_target_device_software_version": "iphone-8.9.76.516.g6c54030",
    "message_target_device_supports_command_acks": true,
    "message_target_device_type": "TABLET",
    "message_user_catalogue_string": "premium"
  },
  {
    "message_context_uri": "none",
    "message_source_device_id": "7a9fe92b2ffa800e9dbd3da0897d374e4574fdb2",
    "message_source_ip_hash": "iNTy/wL8tLuUfw0Np1nRug==",
    "message_target_device_id": "613427263d71a5cc99033f5d9a00960068199d7e",
    "timestamp_utc": "2024-09-25T08:38:12.466Z",
    "context_time": 1727253492466,
    "message_command_correlation_id": "Qs8MdF+SWBWou92Bghtr0w==",
    "message_command_type": "PauseCommand",
    "message_device_type": "COMPUTER",
    "message_device_version": "1.2.45.454.gc16ec9f6",
    "message_system_initiated": null,
    "message_target_device_brand": "Apple",
    "message_target_device_model": "iPad",
    "message_target_device_software_version": "iphone-8.9.76.516.g6c54030",
    "message_target_device_supports_command_acks": true,
    "message_target_device_type": "TABLET",
    "message_user_catalogue_string": "premium"
  },
  {
    "message_context_uri": "spotify:album:3AOeatEAPjy1CKtdkaXaDq",
    "message_source_device_id": "8f9e4fb1b7593f50ec1608f6448611fa34d46628",
    "message_source_ip_hash": "cUFA0d3CUZjTABFsUrXkmQ==",
    "message_target_device_id": "96063c2e6be4c86f53b49c47b276670d0166c758",
    "timestamp_utc": "2024-08-19T21:17:50.437Z",
    "context_time": 1724102270437,
    "message_command_correlation_id": "xUkgKPhRPsdCaDW8lkXraA==",
    "message_command_type": "UpdateContextCommand",
    "message_device_type": "TABLET",
    "message_device_version": "iphone-8.9.66.462.g69dd2ad",
    "message_system_initiated": null,
    "message_target_device_brand": "Apple",
    "message_target_device_model": "iPhone",
    "message_target_device_software_version": "iphone-8.9.64.456.gab6a7ba",
    "message_target_device_supports_command_acks": true,
    "message_target_device_type": "SMARTPHONE",
    "message_user_catalogue_string": "premium"
  },
  {
    "message_context_uri": "spotify:playlist:37i9dQZEVXbNG2KDcFcKOF",
    "message_source_device_id": "6cdbd6b855591a8996b3f7f4cc2b2916e6f04a09",
    "message_source_ip_hash": "EoRlwMZhwUulR5YSk9J/HQ==",
    "message_target_device_id": "5a2bb72e911573a83652c9391e838db8657c1a3f",
    "timestamp_utc": "2024-10-24T06:53:00.365Z",
    "context_time": 1729752780365,
    "message_command_correlation_id": "jWikLfVkUoXyjg7fQnLN7A==",
    "message_command_type": "TransferCommand",
    "message_device_type": "SMARTPHONE",
    "message_device_version": "iphone-8.9.82.628.g34097bb",
    "message_system_initiated": null,
    "message_target_device_brand": "Apple",
    "message_target_device_model": "iPad",
    "message_target_device_software_version": "iphone-8.9.84.543.gba7c62c",
    "message_target_device_supports_command_acks": true,
    "message_target_device_type": "TABLET",
    "message_user_catalogue_string": "premium"
  },
  {
    "message_context_uri": "none",
    "message_source_device_id": "7a9fe92b2ffa800e9dbd3da0897d374e4574fdb2",
    "message_source_ip_hash": "iNTy/wL8tLuUfw0Np1nRug==",
    "message_target_device_id": "613427263d71a5cc99033f5d9a00960068199d7e",
    "timestamp_utc": "2024-09-25T08:38:14.173Z",
    "context_time": 1727253494173,
    "message_command_correlation_id": "pwUBGtbXcbIyGIh8kXbL5g==",
    "message_command_type": "ResumeCommand",
    "message_device_type": "COMPUTER",
    "message_device_version": "1.2.45.454.gc16ec9f6",
    "message_system_initiated": null,
    "message_target_device_brand": "Apple",
    "message_target_device_model": "iPad",
    "message_target_device_software_version": "iphone-8.9.76.516.g6c54030",
    "message_target_device_supports_command_acks": true,
    "message_target_device_type": "TABLET",
    "message_user_catalogue_string": "premium"
  },
  {
    "message_context_uri": "spotify:album:5xCgHRLy9eo3VJIssNPOUJ",
    "message_source_device_id": "8696af9b534a8921f520632e5f4073157ed90e58",
    "message_source_ip_hash": "rYPoAUsMzJHYN9fPhT65Hw==",
    "message_target_device_id": "7a9fe92b2ffa800e9dbd3da0897d374e4574fdb2",
    "timestamp_utc": "2024-09-30T19:24:29.639Z",
    "context_time": 1727724269639,
    "message_command_correlation_id": "esLHu6gP5kAM+XsmjYmzIQ==",
    "message_command_type": "PlayCommand",
    "message_device_type": "SMARTPHONE",
    "message_device_version": "iphone-8.9.76.516.g6c54030",
    "message_system_initiated": null,
    "message_target_device_brand": "spotify",
    "message_target_device_model": "MacBookPro16,2",
    "message_target_device_software_version": "1.2.47.364.gf06e5cee",
    "message_target_device_supports_command_acks": true,
    "message_target_device_type": "COMPUTER",
    "message_user_catalogue_string": "premium"
  },
  {
    "message_context_uri": "none",
    "message_source_device_id": "d91f02bd8bdbe23e6b0334f499f2def40f07728f",
    "message_source_ip_hash": "hx4yj7Sl176nCTlcOJZinQ==",
    "message_target_device_id": "d39a8fad983e44b14e5c032c3a98f12bbdb0f062",
    "timestamp_utc": "2024-08-04T04:15:42.069Z",
    "context_time": 1722744942069,
    "message_command_correlation_id": "kMOdqbpkJTz1WfVkNqXQMg==",
    "message_command_type": "SkipToPrevTrackCommand",
    "message_device_type": "TABLET",
    "message_device_version": "iphone-8.9.60.458.g51eb058",
    "message_system_initiated": null,
    "message_target_device_brand": "Apple",
    "message_target_device_model": "iPhone",
    "message_target_device_software_version": "iphone-8.9.60.458.g51eb058",
    "message_target_device_supports_command_acks": true,
    "message_target_device_type": "SMARTPHONE",
    "message_user_catalogue_string": "premium"
  },
  {
    "message_context_uri": "none",
    "message_source_device_id": "7a9fe92b2ffa800e9dbd3da0897d374e4574fdb2",
    "message_source_ip_hash": "izp5w/ngwbKvnDXP9DG/eQ==",
    "message_target_device_id": "8696af9b534a8921f520632e5f4073157ed90e58",
    "timestamp_utc": "2024-09-30T19:24:54.919Z",
    "context_time": 1727724294919,
    "message_command_correlation_id": "CkjvgcK0V2o8SyDBwZbfLg==",
    "message_command_type": "PauseCommand",
    "message_device_type": "COMPUTER",
    "message_device_version": "1.2.47.364.gf06e5cee",
    "message_system_initiated": null,
    "message_target_device_brand": "Apple",
    "message_target_device_model": "iPhone",
    "message_target_device_software_version": "iphone-8.9.76.516.g6c54030",
    "message_target_device_supports_command_acks": true,
    "message_target_device_type": "SMARTPHONE",
    "message_user_catalogue_string": "premium"
  },
  {
    "message_context_uri": "none",
    "message_source_device_id": "c15bf853577cb62f93c93512481bef7bd7997366",
    "message_source_ip_hash": "ZHZvNKiP922kinOzY7B+5w==",
    "message_target_device_id": "b9f85e423bc55c6da0265ca4eed32fb1c910b5a3",
    "timestamp_utc": "2024-11-22T02:22:41.694Z",
    "context_time": 1732242161694,
    "message_command_correlation_id": "SI6z+rYzJPovzadVatsB5g==",
    "message_command_type": "SeekToCommand",
    "message_device_type": "TABLET",
    "message_device_version": "iphone-8.9.94.418.gceb58ca",
    "message_system_initiated": null,
    "message_target_device_brand": "Apple",
    "message_target_device_model": "iPhone",
    "message_target_device_software_version": "iphone-8.9.94.418.gceb58ca",
    "message_target_device_supports_command_acks": true,
    "message_target_device_type": "SMARTPHONE",
    "message_user_catalogue_string": "premium"
  },
  {
    "message_context_uri": "spotify:playlist:0TZzI1kxrnrBeTgyczHQIl",
    "message_source_device_id": "7a9fe92b2ffa800e9dbd3da0897d374e4574fdb2",
    "message_source_ip_hash": "rZxteWByRlTVDqNqhKLMKA==",
    "message_target_device_id": "8696af9b534a8921f520632e5f4073157ed90e58",
    "timestamp_utc": "2024-09-23T19:30:13.952Z",
    "context_time": 1727119813952,
    "message_command_correlation_id": "AcCfUPzH1vF7J/huLdxI5w==",
    "message_command_type": "PlayCommand",
    "message_device_type": "COMPUTER",
    "message_device_version": "1.2.45.454.gc16ec9f6",
    "message_system_initiated": null,
    "message_target_device_brand": "Apple",
    "message_target_device_model": "iPhone",
    "message_target_device_software_version": "iphone-8.9.76.516.g6c54030",
    "message_target_device_supports_command_acks": true,
    "message_target_device_type": "SMARTPHONE",
    "message_user_catalogue_string": "premium"
  },
  {
    "message_context_uri": "spotify:playlist:37i9dQZF1DXbirtHQBuwCo",
    "message_source_device_id": "7c48d72631a418ba4b12bfc33803ae9c50e50e2f",
    "message_source_ip_hash": "6SlC/4fARYBDESjBT29iPQ==",
    "message_target_device_id": "84e0edb8be8ea273b09ebf3977a93210bd4d17c1",
    "timestamp_utc": "2024-08-29T03:17:34.238Z",
    "context_time": 1724901454238,
    "message_command_correlation_id": "AbGceUlC4A55/+NbL8sumQ==",
    "message_command_type": "PlayCommand",
    "message_device_type": "TABLET",
    "message_device_version": "iphone-8.9.68.490.ga35c518",
    "message_system_initiated": null,
    "message_target_device_brand": "Apple",
    "message_target_device_model": "iPhone",
    "message_target_device_software_version": "iphone-8.9.68.490.ga35c518",
    "message_target_device_supports_command_acks": true,
    "message_target_device_type": "SMARTPHONE",
    "message_user_catalogue_string": "premium"
  },
  {
    "message_context_uri": "spotify:album:3blvQlrV0IeDBOWqDz2yYd",
    "message_source_device_id": "d91f02bd8bdbe23e6b0334f499f2def40f07728f",
    "message_source_ip_hash": "hx4yj7Sl176nCTlcOJZinQ==",
    "message_target_device_id": "d39a8fad983e44b14e5c032c3a98f12bbdb0f062",
    "timestamp_utc": "2024-08-04T04:15:33.541Z",
    "context_time": 1722744933541,
    "message_command_correlation_id": "tr2wekXSnRdLwYaCDtCAPQ==",
    "message_command_type": "PlayCommand",
    "message_device_type": "TABLET",
    "message_device_version": "iphone-8.9.60.458.g51eb058",
    "message_system_initiated": null,
    "message_target_device_brand": "Apple",
    "message_target_device_model": "iPhone",
    "message_target_device_software_version": "iphone-8.9.60.458.g51eb058",
    "message_target_device_supports_command_acks": true,
    "message_target_device_type": "SMARTPHONE",
    "message_user_catalogue_string": "premium"
  },
  {
    "message_context_uri": "spotify:playlist:37i9dQZF1DXbirtHQBuwCo",
    "message_source_device_id": "7c48d72631a418ba4b12bfc33803ae9c50e50e2f",
    "message_source_ip_hash": "6SlC/4fARYBDESjBT29iPQ==",
    "message_target_device_id": "84e0edb8be8ea273b09ebf3977a93210bd4d17c1",
    "timestamp_utc": "2024-08-29T03:17:37.010Z",
    "context_time": 1724901457010,
    "message_command_correlation_id": "j0dlidvpEOLwypj4u9G9uQ==",
    "message_command_type": "PlayCommand",
    "message_device_type": "TABLET",
    "message_device_version": "iphone-8.9.68.490.ga35c518",
    "message_system_initiated": null,
    "message_target_device_brand": "Apple",
    "message_target_device_model": "iPhone",
    "message_target_device_software_version": "iphone-8.9.68.490.ga35c518",
    "message_target_device_supports_command_acks": true,
    "message_target_device_type": "SMARTPHONE",
    "message_user_catalogue_string": "premium"
  },
  {
    "message_context_uri": "none",
    "message_source_device_id": "c15bf853577cb62f93c93512481bef7bd7997366",
    "message_source_ip_hash": "ZHZvNKiP922kinOzY7B+5w==",
    "message_target_device_id": "b9f85e423bc55c6da0265ca4eed32fb1c910b5a3",
    "timestamp_utc": "2024-11-22T02:22:52.015Z",
    "context_time": 1732242172015,
    "message_command_correlation_id": "Ofk5ZTSamwhBARcnQJ5kfw==",
    "message_command_type": "PauseCommand",
    "message_device_type": "TABLET",
    "message_device_version": "iphone-8.9.94.418.gceb58ca",
    "message_system_initiated": null,
    "message_target_device_brand": "Apple",
    "message_target_device_model": "iPhone",
    "message_target_device_software_version": "iphone-8.9.94.418.gceb58ca",
    "message_target_device_supports_command_acks": true,
    "message_target_device_type": "SMARTPHONE",
    "message_user_catalogue_string": "premium"
  },
  {
    "message_context_uri": "none",
    "message_source_device_id": "7a9fe92b2ffa800e9dbd3da0897d374e4574fdb2",
    "message_source_ip_hash": "rZxteWByRlTVDqNqhKLMKA==",
    "message_target_device_id": "8696af9b534a8921f520632e5f4073157ed90e58",
    "timestamp_utc": "2024-09-23T23:47:53.627Z",
    "context_time": 1727135273627,
    "message_command_correlation_id": "GCmgDlx3AGZjtTAN+xnKJA==",
    "message_command_type": "PauseCommand",
    "message_device_type": "COMPUTER",
    "message_device_version": "1.2.45.454.gc16ec9f6",
    "message_system_initiated": null,
    "message_target_device_brand": "Apple",
    "message_target_device_model": "iPhone",
    "message_target_device_software_version": "iphone-8.9.76.516.g6c54030",
    "message_target_device_supports_command_acks": true,
    "message_target_device_type": "SMARTPHONE",
    "message_user_catalogue_string": "premium"
  },
  {
    "message_context_uri": "none",
    "message_source_device_id": "7c48d72631a418ba4b12bfc33803ae9c50e50e2f",
    "message_source_ip_hash": "6SlC/4fARYBDESjBT29iPQ==",
    "message_target_device_id": "84e0edb8be8ea273b09ebf3977a93210bd4d17c1",
    "timestamp_utc": "2024-08-29T03:17:48.387Z",
    "context_time": 1724901468387,
    "message_command_correlation_id": "rj+ykdkL/5GpUcJl6QKTDw==",
    "message_command_type": "PauseCommand",
    "message_device_type": "TABLET",
    "message_device_version": "iphone-8.9.68.490.ga35c518",
    "message_system_initiated": null,
    "message_target_device_brand": "Apple",
    "message_target_device_model": "iPhone",
    "message_target_device_software_version": "iphone-8.9.68.490.ga35c518",
    "message_target_device_supports_command_acks": true,
    "message_target_device_type": "SMARTPHONE",
    "message_user_catalogue_string": "premium"
  },
  {
    "message_context_uri": "none",
    "message_source_device_id": "6cdbd6b855591a8996b3f7f4cc2b2916e6f04a09",
    "message_source_ip_hash": "EoRlwMZhwUulR5YSk9J/HQ==",
    "message_target_device_id": "5a2bb72e911573a83652c9391e838db8657c1a3f",
    "timestamp_utc": "2024-10-24T06:53:03.106Z",
    "context_time": 1729752783106,
    "message_command_correlation_id": "Q7CTcW0ksCTIsuCV2vXyAQ==",
    "message_command_type": "ResumeCommand",
    "message_device_type": "SMARTPHONE",
    "message_device_version": "iphone-8.9.82.628.g34097bb",
    "message_system_initiated": null,
    "message_target_device_brand": "Apple",
    "message_target_device_model": "iPad",
    "message_target_device_software_version": "iphone-8.9.84.543.gba7c62c",
    "message_target_device_supports_command_acks": true,
    "message_target_device_type": "TABLET",
    "message_user_catalogue_string": "premium"
  },
  {
    "message_context_uri": "none",
    "message_source_device_id": "ca605fed11e469300c00fb1f0a4b1d934897c106",
    "message_source_ip_hash": "Fv6AoY783LfT5gdd1GnPsw==",
    "message_target_device_id": "428897da5ff38e5e6aa030ecc1af35e5e990f180",
    "timestamp_utc": "2024-07-13T19:13:04.682Z",
    "context_time": 1720897984682,
    "message_command_correlation_id": "1w+exTF0AXQYkSzPuKMJNA==",
    "message_command_type": "PauseCommand",
    "message_device_type": "TABLET",
    "message_device_version": "iphone-8.9.54.343.g2330c97",
    "message_system_initiated": null,
    "message_target_device_brand": "Apple",
    "message_target_device_model": "iPhone",
    "message_target_device_software_version": "iphone-8.9.54.343.g2330c97",
    "message_target_device_supports_command_acks": true,
    "message_target_device_type": "SMARTPHONE",
    "message_user_catalogue_string": "premium"
  },
  {
    "message_context_uri": "none",
    "message_source_device_id": "d91f02bd8bdbe23e6b0334f499f2def40f07728f",
    "message_source_ip_hash": "hx4yj7Sl176nCTlcOJZinQ==",
    "message_target_device_id": "d39a8fad983e44b14e5c032c3a98f12bbdb0f062",
    "timestamp_utc": "2024-08-04T04:15:40.364Z",
    "context_time": 1722744940364,
    "message_command_correlation_id": "Cc9trZ7VkQPJAPk9u2YsXQ==",
    "message_command_type": "SkipToPrevTrackCommand",
    "message_device_type": "TABLET",
    "message_device_version": "iphone-8.9.60.458.g51eb058",
    "message_system_initiated": null,
    "message_target_device_brand": "Apple",
    "message_target_device_model": "iPhone",
    "message_target_device_software_version": "iphone-8.9.60.458.g51eb058",
    "message_target_device_supports_command_acks": true,
    "message_target_device_type": "SMARTPHONE",
    "message_user_catalogue_string": "premium"
  },
  {
    "message_context_uri": "spotify:playlist:3J7mtpBF025R7W3m3UA0HH",
    "message_source_device_id": "d91f02bd8bdbe23e6b0334f499f2def40f07728f",
    "message_source_ip_hash": "hx4yj7Sl176nCTlcOJZinQ==",
    "message_target_device_id": "d39a8fad983e44b14e5c032c3a98f12bbdb0f062",
    "timestamp_utc": "2024-08-04T04:15:33.492Z",
    "context_time": 1722744933492,
    "message_command_correlation_id": "D6iCMIEEAbNnv2kvBwC3Rw==",
    "message_command_type": "UpdateContextCommand",
    "message_device_type": "TABLET",
    "message_device_version": "iphone-8.9.60.458.g51eb058",
    "message_system_initiated": null,
    "message_target_device_brand": "Apple",
    "message_target_device_model": "iPhone",
    "message_target_device_software_version": "iphone-8.9.60.458.g51eb058",
    "message_target_device_supports_command_acks": true,
    "message_target_device_type": "SMARTPHONE",
    "message_user_catalogue_string": "premium"
  },
  {
    "message_context_uri": "none",
    "message_source_device_id": "7a9fe92b2ffa800e9dbd3da0897d374e4574fdb2",
    "message_source_ip_hash": "iNTy/wL8tLuUfw0Np1nRug==",
    "message_target_device_id": "613427263d71a5cc99033f5d9a00960068199d7e",
    "timestamp_utc": "2024-09-25T08:38:14.892Z",
    "context_time": 1727253494892,
    "message_command_correlation_id": "zlk4sDd8bVXkhodPXb4VJQ==",
    "message_command_type": "SkipToNextTrackCommand",
    "message_device_type": "COMPUTER",
    "message_device_version": "1.2.45.454.gc16ec9f6",
    "message_system_initiated": null,
    "message_target_device_brand": "Apple",
    "message_target_device_model": "iPad",
    "message_target_device_software_version": "iphone-8.9.76.516.g6c54030",
    "message_target_device_supports_command_acks": true,
    "message_target_device_type": "TABLET",
    "message_user_catalogue_string": "premium"
  },
  {
    "message_context_uri": "spotify:playlist:0TZzI1kxrnrBeTgyczHQIl",
    "message_source_device_id": "7a9fe92b2ffa800e9dbd3da0897d374e4574fdb2",
    "message_source_ip_hash": "rZxteWByRlTVDqNqhKLMKA==",
    "message_target_device_id": "8696af9b534a8921f520632e5f4073157ed90e58",
    "timestamp_utc": "2024-09-23T23:01:14.030Z",
    "context_time": 1727132474030,
    "message_command_correlation_id": "kENLPhhQPMPO5eQmOnS3CA==",
    "message_command_type": "PlayCommand",
    "message_device_type": "COMPUTER",
    "message_device_version": "1.2.45.454.gc16ec9f6",
    "message_system_initiated": null,
    "message_target_device_brand": "Apple",
    "message_target_device_model": "iPhone",
    "message_target_device_software_version": "iphone-8.9.76.516.g6c54030",
    "message_target_device_supports_command_acks": true,
    "message_target_device_type": "SMARTPHONE",
    "message_user_catalogue_string": "premium"
  },
  {
    "message_context_uri": "spotify:playlist:3J7mtpBF025R7W3m3UA0HH",
    "message_source_device_id": "d91f02bd8bdbe23e6b0334f499f2def40f07728f",
    "message_source_ip_hash": "hx4yj7Sl176nCTlcOJZinQ==",
    "message_target_device_id": "d39a8fad983e44b14e5c032c3a98f12bbdb0f062",
    "timestamp_utc": "2024-08-04T04:15:48.477Z",
    "context_time": 1722744948477,
    "message_command_correlation_id": "gRAZAYvxqjbm2a9s4XRizg==",
    "message_command_type": "PlayCommand",
    "message_device_type": "TABLET",
    "message_device_version": "iphone-8.9.60.458.g51eb058",
    "message_system_initiated": null,
    "message_target_device_brand": "Apple",
    "message_target_device_model": "iPhone",
    "message_target_device_software_version": "iphone-8.9.60.458.g51eb058",
    "message_target_device_supports_command_acks": true,
    "message_target_device_type": "SMARTPHONE",
    "message_user_catalogue_string": "premium"
  },
  {
    "message_context_uri": "none",
    "message_source_device_id": "686f96f443dde9e91388d07d32ef5613de8f2a90",
    "message_source_ip_hash": "Fv6AoY783LfT5gdd1GnPsw==",
    "message_target_device_id": "428897da5ff38e5e6aa030ecc1af35e5e990f180",
    "timestamp_utc": "2024-07-11T17:00:45.420Z",
    "context_time": 1720717245420,
    "message_command_correlation_id": "3Hd3rvN1vGuPtvJqEVHdQg==",
    "message_command_type": "PauseCommand",
    "message_device_type": "TABLET",
    "message_device_version": "iphone-8.9.50.491.gc449170",
    "message_system_initiated": null,
    "message_target_device_brand": "Apple",
    "message_target_device_model": "iPhone",
    "message_target_device_software_version": "iphone-8.9.54.343.g2330c97",
    "message_target_device_supports_command_acks": true,
    "message_target_device_type": "SMARTPHONE",
    "message_user_catalogue_string": "premium"
  },
  {
    "message_context_uri": "spotify:album:3AOeatEAPjy1CKtdkaXaDq",
    "message_source_device_id": "8f9e4fb1b7593f50ec1608f6448611fa34d46628",
    "message_source_ip_hash": "cUFA0d3CUZjTABFsUrXkmQ==",
    "message_target_device_id": "96063c2e6be4c86f53b49c47b276670d0166c758",
    "timestamp_utc": "2024-08-19T21:17:50.437Z",
    "context_time": 1724102270437,
    "message_command_correlation_id": "kFFpnq9uwRamXdnBU6Q73A==",
    "message_command_type": "PlayCommand",
    "message_device_type": "TABLET",
    "message_device_version": "iphone-8.9.66.462.g69dd2ad",
    "message_system_initiated": null,
    "message_target_device_brand": "Apple",
    "message_target_device_model": "iPhone",
    "message_target_device_software_version": "iphone-8.9.64.456.gab6a7ba",
    "message_target_device_supports_command_acks": true,
    "message_target_device_type": "SMARTPHONE",
    "message_user_catalogue_string": "premium"
  },
  {
    "message_context_uri": "spotify:playlist:3J7mtpBF025R7W3m3UA0HH",
    "message_source_device_id": "d91f02bd8bdbe23e6b0334f499f2def40f07728f",
    "message_source_ip_hash": "hx4yj7Sl176nCTlcOJZinQ==",
    "message_target_device_id": "d39a8fad983e44b14e5c032c3a98f12bbdb0f062",
    "timestamp_utc": "2024-08-04T04:16:12.470Z",
    "context_time": 1722744972470,
    "message_command_correlation_id": "nnK2YcxADSVTh90EIkureQ==",
    "message_command_type": "UpdateContextCommand",
    "message_device_type": "TABLET",
    "message_device_version": "iphone-8.9.60.458.g51eb058",
    "message_system_initiated": null,
    "message_target_device_brand": "Apple",
    "message_target_device_model": "iPhone",
    "message_target_device_software_version": "iphone-8.9.60.458.g51eb058",
    "message_target_device_supports_command_acks": true,
    "message_target_device_type": "SMARTPHONE",
    "message_user_catalogue_string": "premium"
  },
  {
    "message_context_uri": "spotify:playlist:3Pou9Rvq0DnjcEOBkmupKv",
    "message_source_device_id": "7c48d72631a418ba4b12bfc33803ae9c50e50e2f",
    "message_source_ip_hash": "6SlC/4fARYBDESjBT29iPQ==",
    "message_target_device_id": "84e0edb8be8ea273b09ebf3977a93210bd4d17c1",
    "timestamp_utc": "2024-08-29T03:17:25.231Z",
    "context_time": 1724901445231,
    "message_command_correlation_id": "XmS5oZD8QRY3jjNSbbcsyQ==",
    "message_command_type": "PlayCommand",
    "message_device_type": "TABLET",
    "message_device_version": "iphone-8.9.68.490.ga35c518",
    "message_system_initiated": null,
    "message_target_device_brand": "Apple",
    "message_target_device_model": "iPhone",
    "message_target_device_software_version": "iphone-8.9.68.490.ga35c518",
    "message_target_device_supports_command_acks": true,
    "message_target_device_type": "SMARTPHONE",
    "message_user_catalogue_string": "premium"
  },
  {
    "message_context_uri": "none",
    "message_source_device_id": "84e0edb8be8ea273b09ebf3977a93210bd4d17c1",
    "message_source_ip_hash": "d0PB++Mndklk80RwtaEuIg==",
    "message_target_device_id": "7c48d72631a418ba4b12bfc33803ae9c50e50e2f",
    "timestamp_utc": "2024-08-28T22:16:42.497Z",
    "context_time": 1724883402497,
    "message_command_correlation_id": "2YCheHkELs0eB+RmcmQlOg==",
    "message_command_type": "PauseCommand",
    "message_device_type": "SMARTPHONE",
    "message_device_version": "iphone-8.9.68.490.ga35c518",
    "message_system_initiated": null,
    "message_target_device_brand": "Apple",
    "message_target_device_model": "iPad",
    "message_target_device_software_version": "iphone-8.9.68.490.ga35c518",
    "message_target_device_supports_command_acks": true,
    "message_target_device_type": "TABLET",
    "message_user_catalogue_string": "premium"
  },
  {
    "message_context_uri": "none",
    "message_source_device_id": "7c48d72631a418ba4b12bfc33803ae9c50e50e2f",
    "message_source_ip_hash": "6SlC/4fARYBDESjBT29iPQ==",
    "message_target_device_id": "84e0edb8be8ea273b09ebf3977a93210bd4d17c1",
    "timestamp_utc": "2024-08-29T03:17:40.741Z",
    "context_time": 1724901460741,
    "message_command_correlation_id": "RoD28Phq1+x7cXPpsEsJlQ==",
    "message_command_type": "SeekToCommand",
    "message_device_type": "TABLET",
    "message_device_version": "iphone-8.9.68.490.ga35c518",
    "message_system_initiated": null,
    "message_target_device_brand": "Apple",
    "message_target_device_model": "iPhone",
    "message_target_device_software_version": "iphone-8.9.68.490.ga35c518",
    "message_target_device_supports_command_acks": true,
    "message_target_device_type": "SMARTPHONE",
    "message_user_catalogue_string": "premium"
  },
  {
    "message_context_uri": "none",
    "message_source_device_id": "7a9fe92b2ffa800e9dbd3da0897d374e4574fdb2",
    "message_source_ip_hash": "iNTy/wL8tLuUfw0Np1nRug==",
    "message_target_device_id": "613427263d71a5cc99033f5d9a00960068199d7e",
    "timestamp_utc": "2024-09-25T08:38:13.485Z",
    "context_time": 1727253493485,
    "message_command_correlation_id": "/ziY8/a3tCgGs9+KO15rOg==",
    "message_command_type": "SkipToNextTrackCommand",
    "message_device_type": "COMPUTER",
    "message_device_version": "1.2.45.454.gc16ec9f6",
    "message_system_initiated": null,
    "message_target_device_brand": "Apple",
    "message_target_device_model": "iPad",
    "message_target_device_software_version": "iphone-8.9.76.516.g6c54030",
    "message_target_device_supports_command_acks": true,
    "message_target_device_type": "TABLET",
    "message_user_catalogue_string": "premium"
  },
  {
    "message_context_uri": "none",
    "message_source_device_id": "8f9e4fb1b7593f50ec1608f6448611fa34d46628",
    "message_source_ip_hash": "cUFA0d3CUZjTABFsUrXkmQ==",
    "message_target_device_id": "96063c2e6be4c86f53b49c47b276670d0166c758",
    "timestamp_utc": "2024-08-19T21:17:51.132Z",
    "context_time": 1724102271132,
    "message_command_correlation_id": "mv+f4rkta20CLeRSeYy0Jg==",
    "message_command_type": "PauseCommand",
    "message_device_type": "TABLET",
    "message_device_version": "iphone-8.9.66.462.g69dd2ad",
    "message_system_initiated": null,
    "message_target_device_brand": "Apple",
    "message_target_device_model": "iPhone",
    "message_target_device_software_version": "iphone-8.9.64.456.gab6a7ba",
    "message_target_device_supports_command_acks": true,
    "message_target_device_type": "SMARTPHONE",
    "message_user_catalogue_string": "premium"
  },
  {
    "message_context_uri": "none",
    "message_source_device_id": "e298acf475e49c5a39cc50be4c0874a192998f0a",
    "message_source_ip_hash": "6ndEp9nIlrjmCtUeqRbHJA==",
    "message_target_device_id": "24294ffd16e2032592c3455c4d21d541d5f902fa",
    "timestamp_utc": "2024-09-09T06:04:09.227Z",
    "context_time": 1725861849227,
    "message_command_correlation_id": "HONURxa8fZRL7dm0p5CtEQ==",
    "message_command_type": "SkipToNextTrackCommand",
    "message_device_type": "UNKNOWN",
    "message_device_version": "",
    "message_system_initiated": null,
    "message_target_device_brand": "Apple",
    "message_target_device_model": "iPad",
    "message_target_device_software_version": "iphone-8.9.70.592.g55084f9",
    "message_target_device_supports_command_acks": true,
    "message_target_device_type": "TABLET",
    "message_user_catalogue_string": "premium"
  },
  {
    "message_context_uri": "none",
    "message_source_device_id": "d91f02bd8bdbe23e6b0334f499f2def40f07728f",
    "message_source_ip_hash": "hx4yj7Sl176nCTlcOJZinQ==",
    "message_target_device_id": "d39a8fad983e44b14e5c032c3a98f12bbdb0f062",
    "timestamp_utc": "2024-08-04T04:15:38.554Z",
    "context_time": 1722744938554,
    "message_command_correlation_id": "9cGIj1BwtidgbyyhMSQpQw==",
    "message_command_type": "SkipToNextTrackCommand",
    "message_device_type": "TABLET",
    "message_device_version": "iphone-8.9.60.458.g51eb058",
    "message_system_initiated": null,
    "message_target_device_brand": "Apple",
    "message_target_device_model": "iPhone",
    "message_target_device_software_version": "iphone-8.9.60.458.g51eb058",
    "message_target_device_supports_command_acks": true,
    "message_target_device_type": "SMARTPHONE",
    "message_user_catalogue_string": "premium"
  },
  {
    "message_context_uri": "none",
    "message_source_device_id": "6cdbd6b855591a8996b3f7f4cc2b2916e6f04a09",
    "message_source_ip_hash": "B5CGlvfAbZ7ULT7VQg95Tg==",
    "message_target_device_id": "0e209b817ebaadff0f87b1f8e6c768c16e4c9f95",
    "timestamp_utc": "2024-10-20T03:59:41.574Z",
    "context_time": 1729396781574,
    "message_command_correlation_id": "z1cuq5AZ8gaew80x5ds1xg==",
    "message_command_type": "PauseCommand",
    "message_device_type": "SMARTPHONE",
    "message_device_version": "iphone-8.9.82.628.g34097bb",
    "message_system_initiated": null,
    "message_target_device_brand": "Apple",
    "message_target_device_model": "iPad",
    "message_target_device_software_version": "iphone-8.9.82.628.g34097bb",
    "message_target_device_supports_command_acks": true,
    "message_target_device_type": "TABLET",
    "message_user_catalogue_string": "premium"
  },
  {
    "message_context_uri": "spotify:album:3AOeatEAPjy1CKtdkaXaDq",
    "message_source_device_id": "8f9e4fb1b7593f50ec1608f6448611fa34d46628",
    "message_source_ip_hash": "cUFA0d3CUZjTABFsUrXkmQ==",
    "message_target_device_id": "96063c2e6be4c86f53b49c47b276670d0166c758",
    "timestamp_utc": "2024-08-19T21:17:50.540Z",
    "context_time": 1724102270540,
    "message_command_correlation_id": "tu1Pu5Lm94/EY3oNk9usOw==",
    "message_command_type": "UpdateContextCommand",
    "message_device_type": "TABLET",
    "message_device_version": "iphone-8.9.66.462.g69dd2ad",
    "message_system_initiated": null,
    "message_target_device_brand": "Apple",
    "message_target_device_model": "iPhone",
    "message_target_device_software_version": "iphone-8.9.64.456.gab6a7ba",
    "message_target_device_supports_command_acks": true,
    "message_target_device_type": "SMARTPHONE",
    "message_user_catalogue_string": "premium"
  },
  {
    "message_context_uri": "none",
    "message_source_device_id": "f30a5b8f5eeb7bf832cf12aae40f45d6e64a1a2a",
    "message_source_ip_hash": "vnNExplcWq1Kc2/G7voY7g==",
    "message_target_device_id": "8f67ed879868cb09020a0748463339f06a817a68",
    "timestamp_utc": "2024-10-30T22:34:31.063Z",
    "context_time": 1730327671063,
    "message_command_correlation_id": "w18gvjoSz/snzrqcTlgR6Q==",
    "message_command_type": "PauseCommand",
    "message_device_type": "TABLET",
    "message_device_version": "iphone-8.9.86.419.g6c1a2c6",
    "message_system_initiated": null,
    "message_target_device_brand": "Apple",
    "message_target_device_model": "iPhone",
    "message_target_device_software_version": "iphone-8.9.86.419.g6c1a2c6",
    "message_target_device_supports_command_acks": true,
    "message_target_device_type": "SMARTPHONE",
    "message_user_catalogue_string": "premium"
  }
]