[
  {
    "timestamp_utc": "2024-09-30T19:24:27.653Z",
    "context_application_version": "8.9.76.516",
    "context_conn_country": "US",
    "context_device_manufacturer": "apple",
    "context_device_model": "iPhone13,4",
    "context_device_type": "mobile",
    "context_os_name": "ios",
    "context_os_version": "18.0",
    "context_receiver_service_timestamp": 1727724296219,
    "context_time": 1727724267653,
    "message_button_identifier": "",
    "message_cmp_message_type": "LOCAL",
    "message_dismiss_type": "programmatic_dismissal",
    "message_local_message_identifier": "com.spotify.service.connect.notifications_connect-is-active-attach-tooltip",
    "message_locale": "en",
    "message_message_creative_campaign_id": 0,
    "message_message_creative_id": 0,
    "message_message_creative_template_id": 0,
    "message_message_creative_version": "",
    "message_message_format": "TOOLTIP",
    "message_message_id": 0,
    "message_message_uuid": "C18BFE34-1157-46B6-9924-91E498FA164E",
    "message_opportunity_id": "e9309038-8613-4708-8c10-a7318c2fa68a",
    "message_trigger": "connect-is-active"
  },
  {
    "timestamp_utc": "2024-09-25T15:27:09.089Z",
    "context_application_version": "8.9.76.516",
    "context_conn_country": "US",
    "context_device_manufacturer": "apple",
    "context_device_model": "iPhone13,4",
    "context_device_type": "mobile",
    "context_os_name": "ios",
    "context_os_version": "18.0",
    "context_receiver_service_timestamp": 1727281187635,
    "context_time": 1727278029089,
    "message_button_identifier": "",
    "message_cmp_message_type": "LOCAL",
    "message_dismiss_type": "auto_dismissing_message_timer_elapsed",
    "message_local_message_identifier": "com.spotify.service.accountswitching.accountswitchingmessaging_show-account-switch-helper-tooltip",
    "message_locale": "en",
    "message_message_creative_campaign_id": 0,
    "message_message_creative_id": 0,
    "message_message_creative_template_id": 0,
    "message_message_creative_version": "",
    "message_message_format": "TOOLTIP",
    "message_message_id": 0,
    "message_message_uuid": "7F79BB4F-74CB-4E9A-83FC-66E062DB1D42",
    "message_opportunity_id": "ea45646f-690f-40d3-b237-2b65e671e84a",
    "message_trigger": "show-account-switch-helper-tooltip"
  },
  {
    "timestamp_utc": "2024-09-23T18:23:39.269Z",
    "context_application_version": "8.9.76.516",
    "context_conn_country": "US",
    "context_device_manufacturer": "apple",
    "context_device_model": "iPhone13,4",
    "context_device_type": "mobile",
    "context_os_name": "ios",
    "context_os_version": "17.6.1",
    "context_receiver_service_timestamp": 1727115827096,
    "context_time": 1727115819269,
    "message_button_identifier": "",
    "message_cmp_message_type": "LOCAL",
    "message_dismiss_type": "auto_dismissing_message_timer_elapsed",
    "message_local_message_identifier": "com.spotify.service.connect.notifications_connect-is-active-attach-tooltip",
    "message_locale": "en",
    "message_message_creative_campaign_id": 0,
    "message_message_creative_id": 0,
    "message_message_creative_template_id": 0,
    "message_message_creative_version": "",
    "message_message_format": "TOOLTIP",
    "message_message_id": 0,
    "message_message_uuid": "61EDBF98-B195-49E6-A3DC-C03675169815",
    "message_opportunity_id": "38c14aa8-371e-4b4f-b3df-83c706d1a84f",
    "message_trigger": "connect-is-active"
  },
  {
    "timestamp_utc": "2024-09-25T16:19:58.400Z",
    "context_application_version": "8.9.76.516",
    "context_conn_country": "US",
    "context_device_manufacturer": "apple",
    "context_device_model": "iPhone13,4",
    "context_device_type": "mobile",
    "context_os_name": "ios",
    "context_os_version": "18.0",
    "context_receiver_service_timestamp": 1727281213465,
    "context_time": 1727281198400,
    "message_button_identifier": "",
    "message_cmp_message_type": "LOCAL",
    "message_dismiss_type": "auto_dismissing_message_timer_elapsed",
    "message_local_message_identifier": "com.spotify.service.accountswitching.accountswitchingmessaging_show-account-switch-helper-tooltip",
    "message_locale": "en",
    "message_message_creative_campaign_id": 0,
    "message_message_creative_id": 0,
    "message_message_creative_template_id": 0,
    "message_message_creative_version": "",
    "message_message_format": "TOOLTIP",
    "message_message_id": 0,
    "message_message_uuid": "9A463193-ACE8-4516-B523-AAF10600AA97",
    "message_opportunity_id": "f9be3715-dd77-4dd2-92b9-b58b7f824509",
    "message_trigger": "show-account-switch-helper-tooltip"
  },
  {
    "timestamp_utc": "2024-10-24T06:53:01.916Z",
    "context_application_version": "8.9.82.628",
    "context_conn_country": "US",
    "context_device_manufacturer": "apple",
    "context_device_model": "iPhone13,4",
    "context_device_type": "mobile",
    "context_os_name": "ios",
    "context_os_version": "18.0.1",
    "context_receiver_service_timestamp": 1729752792467,
    "context_time": 1729752781916,
    "message_button_identifier": "",
    "message_cmp_message_type": "LOCAL",
    "message_dismiss_type": "auto_dismissing_message_timer_elapsed",
    "message_local_message_identifier": "com.spotify.service.connect.notifications_connect-is-active-connectToDevice-tooltip",
    "message_locale": "en",
    "message_message_creative_campaign_id": 0,
    "message_message_creative_id": 0,
    "message_message_creative_template_id": 0,
    "message_message_creative_version": "",
    "message_message_format": "TOOLTIP",
    "message_message_id": 0,
    "message_message_uuid": "532A061A-A150-4B82-A465-AED21038FFDF",
    "message_opportunity_id": "0eea328d-3e93-4ab0-bdaa-31b75909d78b",
    "message_trigger": "connect-is-active"
  },
  {
    "timestamp_utc": "2024-09-28T06:06:43.131Z",
    "context_application_version": "8.9.76.516",
    "context_conn_country": "US",
    "context_device_manufacturer": "apple",
    "context_device_model": "iPad14,4",
    "context_device_type": "tablet",
    "context_os_name": "ios",
    "context_os_version": "18.0",
    "context_receiver_service_timestamp": 1727503607360,
    "context_time": 1727503603131,
    "message_button_identifier": "tertiary-CtaDismiss-1",
    "message_cmp_message_type": "JIT",
    "message_dismiss_type": "message_tertiary-CtaDismiss-1_button_tapped",
    "message_local_message_identifier": null,
    "message_locale": "en",
    "message_message_creative_campaign_id": 84429,
    "message_message_creative_id": 18053354,
    "message_message_creative_template_id": 75775,
    "message_message_creative_version": "cards/V2",
    "message_message_format": "FULLSCREEN",
    "message_message_id": 151880,
    "message_message_uuid": "5b45ded3-30a2-4d73-914e-a2e6426aa065",
    "message_opportunity_id": "5b45ded3-30a2-4d73-914e-a2e6426aa065",
    "message_trigger": "spotify:home"
  },
  {
    "timestamp_utc": "2024-11-01T17:06:01.499Z",
    "context_application_version": "8.9.86.419",
    "context_conn_country": "US",
    "context_device_manufacturer": "apple",
    "context_device_model": "iPhone13,4",
    "context_device_type": "mobile",
    "context_os_name": "ios",
    "context_os_version": "18.0.1",
    "context_receiver_service_timestamp": 1730480763238,
    "context_time": 1730480761499,
    "message_button_identifier": "",
    "message_cmp_message_type": "LOCAL",
    "message_dismiss_type": "auto_dismissing_message_timer_elapsed",
    "message_local_message_identifier": "com.spotify.service.connect.notifications_connect-is-active-connectToDevice-tooltip",
    "message_locale": "en",
    "message_message_creative_campaign_id": 0,
    "message_message_creative_id": 0,
    "message_message_creative_template_id": 0,
    "message_message_creative_version": "",
    "message_message_format": "TOOLTIP",
    "message_message_id": 0,
    "message_message_uuid": "5756E3A7-3B7F-491F-941A-BCC1FE21039F",
    "message_opportunity_id": "28e7c8dc-29e1-406e-836b-1eaaa24a69a4",
    "message_trigger": "connect-is-active"
  },
  {
    "timestamp_utc": "2024-09-25T07:49:14.103Z",
    "context_application_version": "8.9.76.516",
    "context_conn_country": "US",
    "context_device_manufacturer": "apple",
    "context_device_model": "iPad14,4",
    "context_device_type": "tablet",
    "context_os_name": "ios",
    "context_os_version": "18.0",
    "context_receiver_service_timestamp": 1727250577991,
    "context_time": 1727250554103,
    "message_button_identifier": "",
    "message_cmp_message_type": "LOCAL",
    "message_dismiss_type": "auto_dismissing_message_timer_elapsed",
    "message_local_message_identifier": "com.spotify.service.accountswitching.accountswitchingmessaging_show-account-switch-helper-tooltip",
    "message_locale": "en",
    "message_message_creative_campaign_id": 0,
    "message_message_creative_id": 0,
    "message_message_creative_template_id": 0,
    "message_message_creative_version": "",
    "message_message_format": "TOOLTIP",
    "message_message_id": 0,
    "message_message_uuid": "F394040B-8074-404F-84EB-3E07FEDC5621",
    "message_opportunity_id": "726db000-e22f-4b85-aab2-04c01c0768c6",
    "message_trigger": "show-account-switch-helper-tooltip"
  },
  {
    "timestamp_utc": "2024-06-14T21:08:54.550Z",
    "context_application_version": "8.9.44.362",
    "context_conn_country": "US",
    "context_device_manufacturer": "apple",
    "context_device_model": "iPhone13,4",
    "context_device_type": "mobile",
    "context_os_name": "ios",
    "context_os_version": "17.5.1",
    "context_receiver_service_timestamp": 1718399347589,
    "context_time": 1718399334550,
    "message_button_identifier": null,
    "message_cmp_message_type": null,
    "message_dismiss_type": "message_button1_button_tapped",
    "message_local_message_identifier": null,
    "message_locale": "en",
    "message_message_creative_campaign_id": 78366,
    "message_message_creative_id": 17690049,
    "message_message_creative_template_id": 59728,
    "message_message_creative_version": "banners/V2",
    "message_message_format": "BANNER",
    "message_message_id": 132696,
    "message_message_uuid": "D3A0726D-3C38-4710-AB38-F1B4B14B17C1",
    "message_opportunity_id": "D3A0726D-3C38-4710-AB38-F1B4B14B17C1",
    "message_trigger": "spotify:playlist:3J7mtpBF025R7W3m3UA0HH"
  },
  {
    "timestamp_utc": "2024-08-29T22:34:42.954Z",
    "context_application_version": "8.9.68.490",
    "context_conn_country": "US",
    "context_device_manufacturer": "apple",
    "context_device_model": "iPhone13,4",
    "context_device_type": "mobile",
    "context_os_name": "ios",
    "context_os_version": "17.5.1",
    "context_receiver_service_timestamp": 1724970885046,
    "context_time": 1724970882954,
    "message_button_identifier": "",
    "message_cmp_message_type": null,
    "message_dismiss_type": "auto_dismissing_message_timer_elapsed",
    "message_local_message_identifier": null,
    "message_locale": "en",
    "message_message_creative_campaign_id": 0,
    "message_message_creative_id": 0,
    "message_message_creative_template_id": 0,
    "message_message_creative_version": "",
    "message_message_format": "TOOLTIP",
    "message_message_id": 0,
    "message_message_uuid": "80F51CB1-C0EF-43EE-ACA5-1813A4DA352D",
    "message_opportunity_id": "012fa846-02c6-4928-94b5-db68f89922a6",
    "message_trigger": "connect-is-active"
  },
  {
    "timestamp_utc": "2024-11-05T03:49:05.338Z",
    "context_application_version": "8.9.86.419",
    "context_conn_country": "US",
    "context_device_manufacturer": "apple",
    "context_device_model": "iPhone13,4",
    "context_device_type": "mobile",
    "context_os_name": "ios",
    "context_os_version": "18.0.1",
    "context_receiver_service_timestamp": 1730778546625,
    "context_time": 1730778545338,
    "message_button_identifier": "",
    "message_cmp_message_type": "LOCAL",
    "message_dismiss_type": "auto_dismissing_message_timer_elapsed",
    "message_local_message_identifier": "com.spotify.service.connect.notifications_connect-is-active-connectToDevice-tooltip",
    "message_locale": "en",
    "message_message_creative_campaign_id": 0,
    "message_message_creative_id": 0,
    "message_message_creative_template_id": 0,
    "message_message_creative_version": "",
    "message_message_format": "TOOLTIP",
    "message_message_id": 0,
    "message_message_uuid": "6564D94F-5ED4-4FEE-8F56-BA789E4BE42E",
    "message_opportunity_id": "11911de2-f61b-4c95-bbc5-646036436fe8",
    "message_trigger": "connect-is-active"
  },
  {
    "timestamp_utc": "2024-09-09T20:22:51.722Z",
    "context_application_version": "8.9.70.592",
    "context_conn_country": "US",
    "context_device_manufacturer": "apple",
    "context_device_model": "iPhone13,4",
    "context_device_type": "mobile",
    "context_os_name": "ios",
    "context_os_version": "17.6.1",
    "context_receiver_service_timestamp": 1725913382365,
    "context_time": 1725913371722,
    "message_button_identifier": "",
    "message_cmp_message_type": "LOCAL",
    "message_dismiss_type": "auto_dismissing_message_timer_elapsed",
    "message_local_message_identifier": "com.spotify.service.connect.notifications_connect-is-active-connectToDevice-tooltip",
    "message_locale": "en",
    "message_message_creative_campaign_id": 0,
    "message_message_creative_id": 0,
    "message_message_creative_template_id": 0,
    "message_message_creative_version": "",
    "message_message_format": "TOOLTIP",
    "message_message_id": 0,
    "message_message_uuid": "D678EA7D-B158-49A8-8FD6-F7F12B4C17F3",
    "message_opportunity_id": "62b3cdf4-1415-46f1-9435-dc78d8dd671b",
    "message_trigger": "connect-is-active"
  },
  {
    "timestamp_utc": "2024-10-13T18:57:29.748Z",
    "context_application_version": "8.9.82.628",
    "context_conn_country": "US",
    "context_device_manufacturer": "apple",
    "context_device_model": "iPhone13,4",
    "context_device_type": "mobile",
    "context_os_name": "ios",
    "context_os_version": "18.0.1",
    "context_receiver_service_timestamp": 1728845874244,
    "context_time": 1728845849748,
    "message_button_identifier": "",
    "message_cmp_message_type": "LOCAL",
    "message_dismiss_type": "auto_dismissing_message_timer_elapsed",
    "message_local_message_identifier": "watch-feed-entrypoints_watchfeed-entityexplorer-tooltip",
    "message_locale": "en",
    "message_message_creative_campaign_id": 0,
    "message_message_creative_id": 0,
    "message_message_creative_template_id": 0,
    "message_message_creative_version": "",
    "message_message_format": "TOOLTIP",
    "message_message_id": 0,
    "message_message_uuid": "023D691C-6337-4804-BDEB-058999000408",
    "message_opportunity_id": "1fe3b03a-a4f5-4f82-9a9c-2ebbfe10aa86",
    "message_trigger": "watch-feed-tooltip-requested"
  },
  {
    "timestamp_utc": "2024-09-12T00:30:25.520Z",
    "context_application_version": "8.9.70.592",
    "context_conn_country": "US",
    "context_device_manufacturer": "apple",
    "context_device_model": "iPhone13,4",
    "context_device_type": "mobile",
    "context_os_name": "ios",
    "context_os_version": "17.6.1",
    "context_receiver_service_timestamp": 1726101045610,
    "context_time": 1726101025520,
    "message_button_identifier": "tertiary-CtaDismiss-1",
    "message_cmp_message_type": "JIT",
    "message_dismiss_type": "message_tertiary-CtaDismiss-1_button_tapped",
    "message_local_message_identifier": null,
    "message_locale": "en",
    "message_message_creative_campaign_id": 78417,
    "message_message_creative_id": 18141078,
    "message_message_creative_template_id": 78999,
    "message_message_creative_version": "banners/V2",
    "message_message_format": "BANNER",
    "message_message_id": 155795,
    "message_message_uuid": "d87a5744-cae8-4269-a528-baec2d1d2ff1",
    "message_opportunity_id": "d87a5744-cae8-4269-a528-baec2d1d2ff1",
    "message_trigger": "spotify:home"
  },
  {
    "timestamp_utc": "2024-07-23T03:01:21.234Z",
    "context_application_version": "8.9.54.343",
    "context_conn_country": "US",
    "context_device_manufacturer": "apple",
    "context_device_model": "iPhone13,4",
    "context_device_type": "mobile",
    "context_os_name": "ios",
    "context_os_version": "17.5.1",
    "context_receiver_service_timestamp": 1721703684046,
    "context_time": 1721703681234,
    "message_button_identifier": "",
    "message_cmp_message_type": null,
    "message_dismiss_type": "footer_tapped",
    "message_local_message_identifier": null,
    "message_locale": "en",
    "message_message_creative_campaign_id": 84241,
    "message_message_creative_id": 18027502,
    "message_message_creative_template_id": 74991,
    "message_message_creative_version": "cards/V2",
    "message_message_format": "MODAL",
    "message_message_id": 150987,
    "message_message_uuid": "6f49cea1-927a-4a74-b514-2e1d2daab6b5",
    "message_opportunity_id": "6f49cea1-927a-4a74-b514-2e1d2daab6b5",
    "message_trigger": "spotify:home"
  },
  {
    "timestamp_utc": "2024-06-14T21:08:54.550Z",
    "context_application_version": "8.9.44.362",
    "context_conn_country": "US",
    "context_device_manufacturer": "apple",
    "context_device_model": "iPhone13,4",
    "context_device_type": "mobile",
    "context_os_name": "ios",
    "context_os_version": "17.5.1",
    "context_receiver_service_timestamp": 1718399347589,
    "context_time": 1718399334550,
    "message_button_identifier": null,
    "message_cmp_message_type": null,
    "message_dismiss_type": "message_button1_button_tapped",
    "message_local_message_identifier": null,
    "message_locale": "en",
    "message_message_creative_campaign_id": 78366,
    "message_message_creative_id": 17690049,
    "message_message_creative_template_id": 59728,
    "message_message_creative_version": "banners/V2",
    "message_message_format": "BANNER",
    "message_message_id": 132696,
    "message_message_uuid": "D3A0726D-3C38-4710-AB38-F1B4B14B17C1",
    "message_opportunity_id": "D3A0726D-3C38-4710-AB38-F1B4B14B17C1",
    "message_trigger": "spotify:playlist:3J7mtpBF025R7W3m3UA0HH"
  },
  {
    "timestamp_utc": "2024-08-27T07:19:09.483Z",
    "context_application_version": "8.9.68.490",
    "context_conn_country": "US",
    "context_device_manufacturer": "apple",
    "context_device_model": "iPad14,4",
    "context_device_type": "tablet",
    "context_os_name": "ios",
    "context_os_version": "17.5.1",
    "context_receiver_service_timestamp": 1724743163804,
    "context_time": 1724743149483,
    "message_button_identifier": "dismissCta",
    "message_cmp_message_type": null,
    "message_dismiss_type": "message_dismissCta_button_tapped",
    "message_local_message_identifier": null,
    "message_locale": "en",
    "message_message_creative_campaign_id": 84848,
    "message_message_creative_id": 18075265,
    "message_message_creative_template_id": 76898,
    "message_message_creative_version": "cards/V2",
    "message_message_format": "FULLSCREEN",
    "message_message_id": 153252,
    "message_message_uuid": "e05448c4-f82a-426a-8926-803f62598eca",
    "message_opportunity_id": "e05448c4-f82a-426a-8926-803f62598eca",
    "message_trigger": "spotify:home"
  },
  {
    "timestamp_utc": "2024-10-30T01:50:14.170Z",
    "context_application_version": "8.9.86.419",
    "context_conn_country": "US",
    "context_device_manufacturer": "apple",
    "context_device_model": "iPhone13,4",
    "context_device_type": "mobile",
    "context_os_name": "ios",
    "context_os_version": "18.0.1",
    "context_receiver_service_timestamp": 1730253041169,
    "context_time": 1730253014170,
    "message_button_identifier": "",
    "message_cmp_message_type": "LOCAL",
    "message_dismiss_type": "auto_dismissing_message_timer_elapsed",
    "message_local_message_identifier": "com.spotify.service.connect.notifications_connect-is-active-connectToDevice-tooltip",
    "message_locale": "en",
    "message_message_creative_campaign_id": 0,
    "message_message_creative_id": 0,
    "message_message_creative_template_id": 0,
    "message_message_creative_version": "",
    "message_message_format": "TOOLTIP",
    "message_message_id": 0,
    "message_message_uuid": "A96AB3E6-1351-45FD-A197-2865CE436A34",
    "message_opportunity_id": "8baf0fde-5132-45e5-b0db-ba0c00ff8e8b",
    "message_trigger": "connect-is-active"
  },
  {
    "timestamp_utc": "2024-09-28T02:17:17.310Z",
    "context_application_version": "8.9.76.516",
    "context_conn_country": "US",
    "context_device_manufacturer": "apple",
    "context_device_model": "iPhone13,4",
    "context_device_type": "mobile",
    "context_os_name": "ios",
    "context_os_version": "18.0",
    "context_receiver_service_timestamp": 1727489843301,
    "context_time": 1727489837310,
    "message_button_identifier": "",
    "message_cmp_message_type": "LOCAL",
    "message_dismiss_type": "programmatic_dismissal",
    "message_local_message_identifier": "com.spotify.service.connect.notifications_connect-is-active-attach-tooltip",
    "message_locale": "en",
    "message_message_creative_campaign_id": 0,
    "message_message_creative_id": 0,
    "message_message_creative_template_id": 0,
    "message_message_creative_version": "",
    "message_message_format": "TOOLTIP",
    "message_message_id": 0,
    "message_message_uuid": "5EBB586F-8893-4D86-9758-4CAADB372CC6",
    "message_opportunity_id": "aeb9facf-96c4-4fe8-8378-88c2d199c5b6",
    "message_trigger": "connect-is-active"
  },
  {
    "timestamp_utc": "2024-08-28T22:16:48.298Z",
    "context_application_version": "8.9.68.490",
    "context_conn_country": "US",
    "context_device_manufacturer": "apple",
    "context_device_model": "iPhone13,4",
    "context_device_type": "mobile",
    "context_os_name": "ios",
    "context_os_version": "17.5.1",
    "context_receiver_service_timestamp": 1724883419077,
    "context_time": 1724883408298,
    "message_button_identifier": "",
    "message_cmp_message_type": null,
    "message_dismiss_type": "programmatic_dismissal",
    "message_local_message_identifier": null,
    "message_locale": "en",
    "message_message_creative_campaign_id": 0,
    "message_message_creative_id": 0,
    "message_message_creative_template_id": 0,
    "message_message_creative_version": "",
    "message_message_format": "TOOLTIP",
    "message_message_id": 0,
    "message_message_uuid": "90BE176E-E2DC-45E8-9C87-EC4B8CBC2E26",
    "message_opportunity_id": "1ecba502-91bc-4477-acd6-aea62a0f65d6",
    "message_trigger": "connect-is-active"
  },
  {
    "timestamp_utc": "2024-10-16T00:22:45.182Z",
    "context_application_version": "8.9.82.628",
    "context_conn_country": "US",
    "context_device_manufacturer": "apple",
    "context_device_model": "iPhone13,4",
    "context_device_type": "mobile",
    "context_os_name": "ios",
    "context_os_version": "18.0.1",
    "context_receiver_service_timestamp": 1729038167675,
    "context_time": 1729038165182,
    "message_button_identifier": "",
    "message_cmp_message_type": "LOCAL",
    "message_dismiss_type": "programmatic_dismissal",
    "message_local_message_identifier": "com.spotify.service.connect.notifications_connect-is-active-connectToDevice-tooltip",
    "message_locale": "en",
    "message_message_creative_campaign_id": 0,
    "message_message_creative_id": 0,
    "message_message_creative_template_id": 0,
    "message_message_creative_version": "",
    "message_message_format": "TOOLTIP",
    "message_message_id": 0,
    "message_message_uuid": "D69631DD-6C70-4010-8E69-7E8B6D691A6B",
    "message_opportunity_id": "b4b0354b-b7cc-4d0c-8999-54251dde2b4a",
    "message_trigger": "connect-is-active"
  },
  {
    "timestamp_utc": "2024-08-10T05:23:21.925Z",
    "context_application_version": "8.9.62.465",
    "context_conn_country": "US",
    "context_device_manufacturer": "apple",
    "context_device_model": "iPhone13,4",
    "context_device_type": "mobile",
    "context_os_name": "ios",
    "context_os_version": "17.5.1",
    "context_receiver_service_timestamp": 1723267406201,
    "context_time": 1723267401925,
    "message_button_identifier": "",
    "message_cmp_message_type": null,
    "message_dismiss_type": "footer_tapped",
    "message_local_message_identifier": null,
    "message_locale": "en",
    "message_message_creative_campaign_id": 84939,
    "message_message_creative_id": 18080553,
    "message_message_creative_template_id": 77143,
    "message_message_creative_version": "cards/V2",
    "message_message_format": "MODAL",
    "message_message_id": 153573,
    "message_message_uuid": "5722aabc-43b4-41b0-854c-191188a18c04",
    "message_opportunity_id": "5722aabc-43b4-41b0-854c-191188a18c04",
    "message_trigger": "spotify:home"
  },
  {
    "timestamp_utc": "2024-10-16T00:57:00.422Z",
    "context_application_version": "8.9.82.628",
    "context_conn_country": "US",
    "context_device_manufacturer": "apple",
    "context_device_model": "iPhone13,4",
    "context_device_type": "mobile",
    "context_os_name": "ios",
    "context_os_version": "18.0.1",
    "context_receiver_service_timestamp": 1729041847273,
    "context_time": 1729040220422,
    "message_button_identifier": "",
    "message_cmp_message_type": "LOCAL",
    "message_dismiss_type": "auto_dismissing_message_timer_elapsed",
    "message_local_message_identifier": "com.spotify.service.connect.notifications_connect-is-active-connectToDevice-tooltip",
    "message_locale": "en",
    "message_message_creative_campaign_id": 0,
    "message_message_creative_id": 0,
    "message_message_creative_template_id": 0,
    "message_message_creative_version": "",
    "message_message_format": "TOOLTIP",
    "message_message_id": 0,
    "message_message_uuid": "2ACE0153-69D9-4907-9017-33467E610694",
    "message_opportunity_id": "9cdcf3fc-7a6e-4f98-80e8-1a296bdc3044",
    "message_trigger": "connect-is-active"
  },
  {
    "timestamp_utc": "2024-10-16T21:19:47.988Z",
    "context_application_version": "8.9.82.628",
    "context_conn_country": "US",
    "context_device_manufacturer": "apple",
    "context_device_model": "iPhone13,4",
    "context_device_type": "mobile",
    "context_os_name": "ios",
    "context_os_version": "18.0.1",
    "context_receiver_service_timestamp": 1729113589090,
    "context_time": 1729113587988,
    "message_button_identifier": "",
    "message_cmp_message_type": "LOCAL",
    "message_dismiss_type": "auto_dismissing_message_timer_elapsed",
    "message_local_message_identifier": "com.spotify.service.connect.notifications_connect-is-active-connectToDevice-tooltip",
    "message_locale": "en",
    "message_message_creative_campaign_id": 0,
    "message_message_creative_id": 0,
    "message_message_creative_template_id": 0,
    "message_message_creative_version": "",
    "message_message_format": "TOOLTIP",
    "message_message_id": 0,
    "message_message_uuid": "621ED42F-3C91-4A57-A11F-6FA22D957E1F",
    "message_opportunity_id": "31b4282b-e49a-448c-930f-2d6b18cab41f",
    "message_trigger": "connect-is-active"
  },
  {
    "timestamp_utc": "2024-10-17T04:25:26.797Z",
    "context_application_version": "8.9.82.628",
    "context_conn_country": "US",
    "context_device_manufacturer": "apple",
    "context_device_model": "iPad14,4",
    "context_device_type": "tablet",
    "context_os_name": "ios",
    "context_os_version": "18.0.1",
    "context_receiver_service_timestamp": 1729139126915,
    "context_time": 1729139126797,
    "message_button_identifier": "",
    "message_cmp_message_type": "LOCAL",
    "message_dismiss_type": "programmatic_dismissal",
    "message_local_message_identifier": "watch-feed-entrypoints_watchfeed-entityexplorer-tooltip",
    "message_locale": "en",
    "message_message_creative_campaign_id": 0,
    "message_message_creative_id": 0,
    "message_message_creative_template_id": 0,
    "message_message_creative_version": "",
    "message_message_format": "TOOLTIP",
    "message_message_id": 0,
    "message_message_uuid": "1984300C-FFC9-417A-878C-D3DE48719B63",
    "message_opportunity_id": "1917ff60-9158-4f0a-a152-e7d80618ff75",
    "message_trigger": "watch-feed-tooltip-requested"
  },
  {
    "timestamp_utc": "2024-06-02T19:54:09.982Z",
    "context_application_version": "8.9.42.597",
    "context_conn_country": "US",
    "context_device_manufacturer": "apple",
    "context_device_model": "iPhone13,4",
    "context_device_type": "mobile",
    "context_os_name": "ios",
    "context_os_version": "17.5.1",
    "context_receiver_service_timestamp": 1717358076579,
    "context_time": 1717358049982,
    "message_button_identifier": null,
    "message_cmp_message_type": null,
    "message_dismiss_type": "footer_tapped",
    "message_local_message_identifier": null,
    "message_locale": "en",
    "message_message_creative_campaign_id": 82834,
    "message_message_creative_id": 17960281,
    "message_message_creative_template_id": 70893,
    "message_message_creative_version": "cards/V2",
    "message_message_format": "MODAL",
    "message_message_id": 146116,
    "message_message_uuid": "d6680c8c-122a-4ebd-8d00-6adc9ad7cb2d",
    "message_opportunity_id": "D6680C8C-122A-4EBD-8D00-6ADC9AD7CB2D",
    "message_trigger": "spotify:home"
  },
  {
    "timestamp_utc": "2024-10-25T00:08:14.350Z",
    "context_application_version": "8.9.86.419",
    "context_conn_country": "US",
    "context_device_manufacturer": "apple",
    "context_device_model": "iPad14,4",
    "context_device_type": "tablet",
    "context_os_name": "ios",
    "context_os_version": "18.0.1",
    "context_receiver_service_timestamp": 1729814908406,
    "context_time": 1729814894350,
    "message_button_identifier": "",
    "message_cmp_message_type": "LOCAL",
    "message_dismiss_type": "programmatic_dismissal",
    "message_local_message_identifier": "watch-feed-entrypoints_watchfeed-entityexplorer-tooltip",
    "message_locale": "en",
    "message_message_creative_campaign_id": 0,
    "message_message_creative_id": 0,
    "message_message_creative_template_id": 0,
    "message_message_creative_version": "",
    "message_message_format": "TOOLTIP",
    "message_message_id": 0,
    "message_message_uuid": "5A4DEA07-6EE0-463C-A632-E91C3ABA9FBC",
    "message_opportunity_id": "efebf14e-84fb-4c9a-abd8-5425cb68ae32",
    "message_trigger": "watch-feed-tooltip-requested"
  },
  {
    "timestamp_utc": "2024-08-26T07:04:12.210Z",
    "context_application_version": "8.9.66.462",
    "context_conn_country": "US",
    "context_device_manufacturer": "apple",
    "context_device_model": "iPhone13,4",
    "context_device_type": "mobile",
    "context_os_name": "ios",
    "context_os_version": "17.5.1",
    "context_receiver_service_timestamp": 1724655859218,
    "context_time": 1724655852210,
    "message_button_identifier": "",
    "message_cmp_message_type": null,
    "message_dismiss_type": "programmatic_dismissal",
    "message_local_message_identifier": null,
    "message_locale": "en",
    "message_message_creative_campaign_id": 0,
    "message_message_creative_id": 0,
    "message_message_creative_template_id": 0,
    "message_message_creative_version": "",
    "message_message_format": "TOOLTIP",
    "message_message_id": 0,
    "message_message_uuid": "B3E5DADA-5D01-432A-BE21-168F23434DFA",
    "message_opportunity_id": "65f4c2cf-833c-4445-b0b8-bba05bfe9463",
    "message_trigger": "connect-is-active"
  },
  {
    "timestamp_utc": "2024-10-30T16:22:03.622Z",
    "context_application_version": "8.9.86.419",
    "context_conn_country": "US",
    "context_device_manufacturer": "apple",
    "context_device_model": "iPhone13,4",
    "context_device_type": "mobile",
    "context_os_name": "ios",
    "context_os_version": "18.0.1",
    "context_receiver_service_timestamp": 1730305338977,
    "context_time": 1730305323622,
    "message_button_identifier": "",
    "message_cmp_message_type": "LOCAL",
    "message_dismiss_type": "auto_dismissing_message_timer_elapsed",
    "message_local_message_identifier": "com.spotify.service.connect.notifications_connect-is-active-connectToDevice-tooltip",
    "message_locale": "en",
    "message_message_creative_campaign_id": 0,
    "message_message_creative_id": 0,
    "message_message_creative_template_id": 0,
    "message_message_creative_version": "",
    "message_message_format": "TOOLTIP",
    "message_message_id": 0,
    "message_message_uuid": "4E23E9BD-3ED4-434F-B781-3DB0E9EF713F",
    "message_opportunity_id": "d0975c92-9bca-421a-a6d6-c15a4f078d65",
    "message_trigger": "connect-is-active"
  },
  {
    "timestamp_utc": "2024-09-28T02:17:17.310Z",
    "context_application_version": "8.9.76.516",
    "context_conn_country": "US",
    "context_device_manufacturer": "apple",
    "context_device_model": "iPhone13,4",
    "context_device_type": "mobile",
    "context_os_name": "ios",
    "context_os_version": "18.0",
    "context_receiver_service_timestamp": 1727565601951,
    "context_time": 1727489837310,
    "message_button_identifier": "",
    "message_cmp_message_type": "LOCAL",
    "message_dismiss_type": "programmatic_dismissal",
    "message_local_message_identifier": "com.spotify.service.connect.notifications_connect-is-active-attach-tooltip",
    "message_locale": "en",
    "message_message_creative_campaign_id": 0,
    "message_message_creative_id": 0,
    "message_message_creative_template_id": 0,
    "message_message_creative_version": "",
    "message_message_format": "TOOLTIP",
    "message_message_id": 0,
    "message_message_uuid": "5EBB586F-8893-4D86-9758-4CAADB372CC6",
    "message_opportunity_id": "aeb9facf-96c4-4fe8-8378-88c2d199c5b6",
    "message_trigger": "connect-is-active"
  },
  {
    "timestamp_utc": "2024-09-09T19:55:26.929Z",
    "context_application_version": "8.9.70.592",
    "context_conn_country": "US",
    "context_device_manufacturer": "apple",
    "context_device_model": "iPhone13,4",
    "context_device_type": "mobile",
    "context_os_name": "ios",
    "context_os_version": "17.6.1",
    "context_receiver_service_timestamp": 1725911732652,
    "context_time": 1725911726929,
    "message_button_identifier": "",
    "message_cmp_message_type": "LOCAL",
    "message_dismiss_type": "auto_dismissing_message_timer_elapsed",
    "message_local_message_identifier": "com.spotify.service.connect.notifications_connect-is-active-connectToDevice-tooltip",
    "message_locale": "en",
    "message_message_creative_campaign_id": 0,
    "message_message_creative_id": 0,
    "message_message_creative_template_id": 0,
    "message_message_creative_version": "",
    "message_message_format": "TOOLTIP",
    "message_message_id": 0,
    "message_message_uuid": "C38901CB-76B1-4D5D-A1EF-651BD02D9395",
    "message_opportunity_id": "cfe865be-9c9c-49b2-a5f1-db490d6aed71",
    "message_trigger": "connect-is-active"
  },
  {
    "timestamp_utc": "2024-10-18T06:32:02.901Z",
    "context_application_version": "8.9.82.628",
    "context_conn_country": "US",
    "context_device_manufacturer": "apple",
    "context_device_model": "iPhone13,4",
    "context_device_type": "mobile",
    "context_os_name": "ios",
    "context_os_version": "18.0.1",
    "context_receiver_service_timestamp": 1729233123968,
    "context_time": 1729233122901,
    "message_button_identifier": "",
    "message_cmp_message_type": "LOCAL",
    "message_dismiss_type": "auto_dismissing_message_timer_elapsed",
    "message_local_message_identifier": "com.spotify.service.connect.notifications_connect-is-active-connectToDevice-tooltip",
    "message_locale": "en",
    "message_message_creative_campaign_id": 0,
    "message_message_creative_id": 0,
    "message_message_creative_template_id": 0,
    "message_message_creative_version": "",
    "message_message_format": "TOOLTIP",
    "message_message_id": 0,
    "message_message_uuid": "F942A18B-D6F7-4EEA-9CFB-CF08062E5BA0",
    "message_opportunity_id": "fa7c6963-3e0a-4746-9ad9-27526d4a8cab",
    "message_trigger": "connect-is-active"
  },
  {
    "timestamp_utc": "2024-10-27T03:43:15.041Z",
    "context_application_version": "8.9.84.543",
    "context_conn_country": "US",
    "context_device_manufacturer": "apple",
    "context_device_model": "iPhone13,4",
    "context_device_type": "mobile",
    "context_os_name": "ios",
    "context_os_version": "18.0.1",
    "context_receiver_service_timestamp": 1730000618440,
    "context_time": 1730000595041,
    "message_button_identifier": "",
    "message_cmp_message_type": "LOCAL",
    "message_dismiss_type": "programmatic_dismissal",
    "message_local_message_identifier": "com.spotify.service.connect.notifications_connect-is-active-connectToDevice-tooltip",
    "message_locale": "en",
    "message_message_creative_campaign_id": 0,
    "message_message_creative_id": 0,
    "message_message_creative_template_id": 0,
    "message_message_creative_version": "",
    "message_message_format": "TOOLTIP",
    "message_message_id": 0,
    "message_message_uuid": "D3B3BEE7-8162-47F2-91BD-5705CD385A4D",
    "message_opportunity_id": "da0c9d29-c2c6-49ad-acc8-ee85b4aa1f0c",
    "message_trigger": "connect-is-active"
  },
  {
    "timestamp_utc": "2024-10-21T20:02:41.843Z",
    "context_application_version": "8.9.82.628",
    "context_conn_country": "US",
    "context_device_manufacturer": "apple",
    "context_device_model": "iPhone13,4",
    "context_device_type": "mobile",
    "context_os_name": "ios",
    "context_os_version": "18.0.1",
    "context_receiver_service_timestamp": 1729540963968,
    "context_time": 1729540961843,
    "message_button_identifier": "",
    "message_cmp_message_type": "LOCAL",
    "message_dismiss_type": "auto_dismissing_message_timer_elapsed",
    "message_local_message_identifier": "watch-feed-entrypoints_watchfeed-entityexplorer-tooltip",
    "message_locale": "en",
    "message_message_creative_campaign_id": 0,
    "message_message_creative_id": 0,
    "message_message_creative_template_id": 0,
    "message_message_creative_version": "",
    "message_message_format": "TOOLTIP",
    "message_message_id": 0,
    "message_message_uuid": "90D58DAD-394A-491B-87EB-7BA7645A4CF8",
    "message_opportunity_id": "582a4531-c5e3-4f23-b10c-b1e6b8a78b23",
    "message_trigger": "watch-feed-tooltip-requested"
  },
  {
    "timestamp_utc": "2024-06-02T04:16:31.504Z",
    "context_application_version": "8.9.42.597",
    "context_conn_country": "US",
    "context_device_manufacturer": "apple",
    "context_device_model": "iPad14,4",
    "context_device_type": "tablet",
    "context_os_name": "ios",
    "context_os_version": "17.5.1",
    "context_receiver_service_timestamp": 1717301792696,
    "context_time": 1717301791504,
    "message_button_identifier": null,
    "message_cmp_message_type": null,
    "message_dismiss_type": "footer_tapped",
    "message_local_message_identifier": null,
    "message_locale": "en",
    "message_message_creative_campaign_id": 82834,
    "message_message_creative_id": 17960220,
    "message_message_creative_template_id": 70862,
    "message_message_creative_version": "cards/V2",
    "message_message_format": "MODAL",
    "message_message_id": 146083,
    "message_message_uuid": "037ac8fc-3443-41a0-a84e-e796fd8595b5",
    "message_opportunity_id": "037AC8FC-3443-41A0-A84E-E796FD8595B5",
    "message_trigger": "spotify:home"
  },
  {
    "timestamp_utc": "2024-09-26T20:30:24.557Z",
    "context_application_version": "8.9.76.516",
    "context_conn_country": "US",
    "context_device_manufacturer": "apple",
    "context_device_model": "iPad14,4",
    "context_device_type": "tablet",
    "context_os_name": "ios",
    "context_os_version": "18.0",
    "context_receiver_service_timestamp": 1727382636710,
    "context_time": 1727382624557,
    "message_button_identifier": "",
    "message_cmp_message_type": "LOCAL",
    "message_dismiss_type": "auto_dismissing_message_timer_elapsed",
    "message_local_message_identifier": "com.spotify.service.accountswitching.accountswitchingmessaging_show-account-switch-helper-tooltip",
    "message_locale": "en",
    "message_message_creative_campaign_id": 0,
    "message_message_creative_id": 0,
    "message_message_creative_template_id": 0,
    "message_message_creative_version": "",
    "message_message_format": "TOOLTIP",
    "message_message_id": 0,
    "message_message_uuid": "3A342961-19D4-4C5B-B6BB-55546B791690",
    "message_opportunity_id": "67d9a87e-848e-4de2-9d26-291f985d16ca",
    "message_trigger": "show-account-switch-helper-tooltip"
  },
  {
    "timestamp_utc": "2024-06-09T21:25:34.890Z",
    "context_application_version": "8.9.42.597",
    "context_conn_country": "US",
    "context_device_manufacturer": "apple",
    "context_device_model": "iPad14,4",
    "context_device_type": "tablet",
    "context_os_name": "ios",
    "context_os_version": "17.5.1",
    "context_receiver_service_timestamp": 1717968360396,
    "context_time": 1717968334890,
    "message_button_identifier": null,
    "message_cmp_message_type": null,
    "message_dismiss_type": "footer_tapped",
    "message_local_message_identifier": null,
    "message_locale": "en",
    "message_message_creative_campaign_id": 82834,
    "message_message_creative_id": 17960289,
    "message_message_creative_template_id": 70897,
    "message_message_creative_version": "cards/V2",
    "message_message_format": "MODAL",
    "message_message_id": 146120,
    "message_message_uuid": "54F618C6-E0A6-44FB-A2ED-301BB827A8C5",
    "message_opportunity_id": "54F618C6-E0A6-44FB-A2ED-301BB827A8C5",
    "message_trigger": "spotify:home"
  },
  {
    "timestamp_utc": "2024-11-19T01:05:33.548Z",
    "context_application_version": "8.9.90.84",
    "context_conn_country": "US",
    "context_device_manufacturer": "apple",
    "context_device_model": "iPhone13,4",
    "context_device_type": "mobile",
    "context_os_name": "ios",
    "context_os_version": "18.0.1",
    "context_receiver_service_timestamp": 1731978343340,
    "context_time": 1731978333548,
    "message_button_identifier": "",
    "message_cmp_message_type": "JIT",
    "message_dismiss_type": "footer_tapped",
    "message_local_message_identifier": null,
    "message_locale": "en",
    "message_message_creative_campaign_id": 87174,
    "message_message_creative_id": 18268336,
    "message_message_creative_template_id": 84417,
    "message_message_creative_version": "cards/V2",
    "message_message_format": "MODAL",
    "message_message_id": 162161,
    "message_message_uuid": "49417760-962a-4068-aa8f-c536da4893c2",
    "message_opportunity_id": "49417760-962a-4068-aa8f-c536da4893c2",
    "message_trigger": "spotify:home"
  },
  {
    "timestamp_utc": "2024-10-09T19:39:40.636Z",
    "context_application_version": "8.9.76.516",
    "context_conn_country": "US",
    "context_device_manufacturer": "apple",
    "context_device_model": "iPhone13,4",
    "context_device_type": "mobile",
    "context_os_name": "ios",
    "context_os_version": "18.0.1",
    "context_receiver_service_timestamp": 1728502787132,
    "context_time": 1728502780636,
    "message_button_identifier": "tertiary-CtaDismiss-1",
    "message_cmp_message_type": "JIT",
    "message_dismiss_type": "message_tertiary-CtaDismiss-1_button_tapped",
    "message_local_message_identifier": null,
    "message_locale": "en",
    "message_message_creative_campaign_id": 85554,
    "message_message_creative_id": 18136608,
    "message_message_creative_template_id": 78842,
    "message_message_creative_version": "cards/V2",
    "message_message_format": "FULLSCREEN",
    "message_message_id": 155624,
    "message_message_uuid": "2b91b236-f6b9-4594-af02-fdb98f42ceec",
    "message_opportunity_id": "2b91b236-f6b9-4594-af02-fdb98f42ceec",
    "message_trigger": "spotify:home"
  },
  {
    "timestamp_utc": "2024-10-20T00:20:35.517Z",
    "context_application_version": "8.9.82.628",
    "context_conn_country": "US",
    "context_device_manufacturer": "apple",
    "context_device_model": "iPhone13,4",
    "context_device_type": "mobile",
    "context_os_name": "ios",
    "context_os_version": "18.0.1",
    "context_receiver_service_timestamp": 1729384201800,
    "context_time": 1729383635517,
    "message_button_identifier": "",
    "message_cmp_message_type": "LOCAL",
    "message_dismiss_type": "auto_dismissing_message_timer_elapsed",
    "message_local_message_identifier": "com.spotify.service.connect.notifications_connect-is-active-attach-tooltip",
    "message_locale": "en",
    "message_message_creative_campaign_id": 0,
    "message_message_creative_id": 0,
    "message_message_creative_template_id": 0,
    "message_message_creative_version": "",
    "message_message_format": "TOOLTIP",
    "message_message_id": 0,
    "message_message_uuid": "1AE202F2-02E0-4C8F-894D-9AAC8033D039",
    "message_opportunity_id": "12896a8d-71e5-4cc2-9c54-3884441299ec",
    "message_trigger": "connect-is-active"
  },
  {
    "timestamp_utc": "2024-09-09T05:47:12.504Z",
    "context_application_version": "8.9.70.592",
    "context_conn_country": "US",
    "context_device_manufacturer": "apple",
    "context_device_model": "iPhone13,4",
    "context_device_type": "mobile",
    "context_os_name": "ios",
    "context_os_version": "17.6.1",
    "context_receiver_service_timestamp": 1725860838866,
    "context_time": 1725860832504,
    "message_button_identifier": "",
    "message_cmp_message_type": "LOCAL",
    "message_dismiss_type": "programmatic_dismissal",
    "message_local_message_identifier": "com.spotify.service.connect.notifications_connect-is-active-attach-tooltip",
    "message_locale": "en",
    "message_message_creative_campaign_id": 0,
    "message_message_creative_id": 0,
    "message_message_creative_template_id": 0,
    "message_message_creative_version": "",
    "message_message_format": "TOOLTIP",
    "message_message_id": 0,
    "message_message_uuid": "6C689DAA-6C6C-4321-A9EE-ACA56B0B20D3",
    "message_opportunity_id": "25fd9534-0107-41e8-ab9e-5b148123b56d",
    "message_trigger": "connect-is-active"
  }
]