[
  {
    "timestamp_utc": "2024-09-23T23:01:14.358Z",
    "context_application_version": "1.2.45.454",
    "context_conn_country": "US",
    "context_device_manufacturer": "Apple Inc.",
    "context_device_model": "MacBookPro16,2",
    "context_device_type": "desktop",
    "context_os_name": "osx",
    "context_os_version": "14.6.1",
    "context_receiver_service_timestamp": 1727132494310,
    "context_time": 1727132474358,
    "message_context_url": "context://spotify:playlist:0TZzI1kxrnrBeTgyczHQIl",
    "message_observer_duration": 591,
    "message_state_duration": 280
  },
  {
    "timestamp_utc": "2024-09-25T09:42:31.446Z",
    "context_application_version": "1.2.45.454",
    "context_conn_country": "US",
    "context_device_manufacturer": "Apple Inc.",
    "context_device_model": "MacBookPro16,2",
    "context_device_type": "desktop",
    "context_os_name": "osx",
    "context_os_version": "14.6.1",
    "context_receiver_service_timestamp": 1727257356414,
    "context_time": 1727257351446,
    "message_context_url": "context://spotify:playlist:37i9dQZF1F0sijgNaJdgit",
    "message_observer_duration": 1231,
    "message_state_duration": 958
  },
  {
    "timestamp_utc": "2024-08-29T03:17:37.625Z",
    "context_application_version": "8.9.68.490",
    "context_conn_country": "US",
    "context_device_manufacturer": "apple",
    "context_device_model": "iPad14,4",
    "context_device_type": "tablet",
    "context_os_name": "ios",
    "context_os_version": "17.5.1",
    "context_receiver_service_timestamp": 1724901477609,
    "context_time": 1724901457625,
    "message_context_url": "context://spotify:playlist:37i9dQZF1DXbirtHQBuwCo",
    "message_observer_duration": 1137,
    "message_state_duration": 453
  }
]