[
  {
    "timestamp_utc": "2024-10-31T17:21:02.382Z",
    "context_application_version": "8.9.86.419",
    "context_conn_country": "US",
    "context_device_manufacturer": "apple",
    "context_device_model": "iPhone13,4",
    "context_device_type": "mobile",
    "context_os_name": "ios",
    "context_os_version": "18.0.1",
    "context_receiver_service_timestamp": 1730395441989,
    "context_time": 1730395262382,
    "context_user_agent": null,
    "message_client_locale": "en",
    "message_os_locales": [
      "en-US",
      "vi-US"
    ]
  },
  {
    "timestamp_utc": "2024-09-06T18:00:24.276Z",
    "context_application_version": "8.9.70.592",
    "context_conn_country": "US",
    "context_device_manufacturer": "apple",
    "context_device_model": "iPhone13,4",
    "context_device_type": "mobile",
    "context_os_name": "ios",
    "context_os_version": "17.6.1",
    "context_receiver_service_timestamp": 1725645640494,
    "context_time": 1725645624276,
    "context_user_agent": null,
    "message_client_locale": "en",
    "message_os_locales": [
      "en-US",
      "vi-US"
    ]
  },
  {
    "timestamp_utc": "2024-11-08T18:57:34.609Z",
    "context_application_version": "8.9.86.419",
    "context_conn_country": "US",
    "context_device_manufacturer": "apple",
    "context_device_model": "iPhone13,4",
    "context_device_type": "mobile",
    "context_os_name": "ios",
    "context_os_version": "18.0.1",
    "context_receiver_service_timestamp": 1731092284786,
    "context_time": 1731092254609,
    "context_user_agent": null,
    "message_client_locale": "en",
    "message_os_locales": [
      "en-US",
      "vi-US"
    ]
  },
  {
    "timestamp_utc": "2024-09-28T02:17:15.895Z",
    "context_application_version": "8.9.76.516",
    "context_conn_country": "US",
    "context_device_manufacturer": "apple",
    "context_device_model": "iPhone13,4",
    "context_device_type": "mobile",
    "context_os_name": "ios",
    "context_os_version": "18.0",
    "context_receiver_service_timestamp": 1727565601951,
    "context_time": 1727489835895,
    "context_user_agent": null,
    "message_client_locale": "en",
    "message_os_locales": [
      "en-US",
      "vi-US"
    ]
  },
  {
    "timestamp_utc": "2024-09-04T00:36:37.833Z",
    "context_application_version": "8.9.68.490",
    "context_conn_country": "US",
    "context_device_manufacturer": "apple",
    "context_device_model": "iPhone13,4",
    "context_device_type": "mobile",
    "context_os_name": "ios",
    "context_os_version": "17.6.1",
    "context_receiver_service_timestamp": 1725410475183,
    "context_time": 1725410197833,
    "context_user_agent": null,
    "message_client_locale": "en",
    "message_os_locales": [
      "en-US",
      "vi-US"
    ]
  },
  {
    "timestamp_utc": "2024-11-11T19:33:34.296Z",
    "context_application_version": "8.9.90.84",
    "context_conn_country": "US",
    "context_device_manufacturer": "apple",
    "context_device_model": "iPhone13,4",
    "context_device_type": "mobile",
    "context_os_name": "ios",
    "context_os_version": "18.0.1",
    "context_receiver_service_timestamp": 1731353614724,
    "context_time": 1731353614296,
    "context_user_agent": null,
    "message_client_locale": "en",
    "message_os_locales": [
      "en-US",
      "vi-US"
    ]
  },
  {
    "timestamp_utc": "2024-09-06T01:06:46.137Z",
    "context_application_version": "8.9.68.490",
    "context_conn_country": "US",
    "context_device_manufacturer": "apple",
    "context_device_model": "iPhone13,4",
    "context_device_type": "mobile",
    "context_os_name": "ios",
    "context_os_version": "17.6.1",
    "context_receiver_service_timestamp": 1725584814220,
    "context_time": 1725584806137,
    "context_user_agent": null,
    "message_client_locale": "en",
    "message_os_locales": [
      "en-US",
      "vi-US"
    ]
  },
  {
    "timestamp_utc": "2024-08-27T10:15:58.924Z",
    "context_application_version": "8.9.68.490",
    "context_conn_country": "US",
    "context_device_manufacturer": "apple",
    "context_device_model": "iPad14,4",
    "context_device_type": "tablet",
    "context_os_name": "ios",
    "context_os_version": "17.5.1",
    "context_receiver_service_timestamp": 1724753767082,
    "context_time": 1724753758924,
    "context_user_agent": null,
    "message_client_locale": "en",
    "message_os_locales": [
      "en-US",
      "vi-US"
    ]
  },
  {
    "timestamp_utc": "2024-09-30T16:33:35.218Z",
    "context_application_version": "8.9.76.516",
    "context_conn_country": "US",
    "context_device_manufacturer": "apple",
    "context_device_model": "iPhone13,4",
    "context_device_type": "mobile",
    "context_os_name": "ios",
    "context_os_version": "18.0",
    "context_receiver_service_timestamp": 1727714024312,
    "context_time": 1727714015218,
    "context_user_agent": null,
    "message_client_locale": "en",
    "message_os_locales": [
      "en-US",
      "vi-US"
    ]
  },
  {
    "timestamp_utc": "2024-11-06T19:50:15.014Z",
    "context_application_version": "8.9.86.419",
    "context_conn_country": "US",
    "context_device_manufacturer": "apple",
    "context_device_model": "iPhone13,4",
    "context_device_type": "mobile",
    "context_os_name": "ios",
    "context_os_version": "18.0.1",
    "context_receiver_service_timestamp": 1730922621894,
    "context_time": 1730922615014,
    "context_user_agent": null,
    "message_client_locale": "en",
    "message_os_locales": [
      "en-US",
      "vi-US"
    ]
  },
  {
    "timestamp_utc": "2024-11-02T19:57:57.404Z",
    "context_application_version": "8.9.86.419",
    "context_conn_country": "US",
    "context_device_manufacturer": "apple",
    "context_device_model": "iPhone13,4",
    "context_device_type": "mobile",
    "context_os_name": "ios",
    "context_os_version": "18.0.1",
    "context_receiver_service_timestamp": 1730577507086,
    "context_time": 1730577477404,
    "context_user_agent": null,
    "message_client_locale": "en",
    "message_os_locales": [
      "en-US",
      "vi-US"
    ]
  },
  {
    "timestamp_utc": "2024-10-29T03:18:23.514Z",
    "context_application_version": "8.9.86.419",
    "context_conn_country": "US",
    "context_device_manufacturer": "apple",
    "context_device_model": "iPhone13,4",
    "context_device_type": "mobile",
    "context_os_name": "ios",
    "context_os_version": "18.0.1",
    "context_receiver_service_timestamp": 1730171926135,
    "context_time": 1730171903514,
    "context_user_agent": null,
    "message_client_locale": "en",
    "message_os_locales": [
      "en-US",
      "vi-US"
    ]
  },
  {
    "timestamp_utc": "2024-09-10T03:18:19.768Z",
    "context_application_version": "8.9.70.592",
    "context_conn_country": "US",
    "context_device_manufacturer": "apple",
    "context_device_model": "iPad14,4",
    "context_device_type": "tablet",
    "context_os_name": "ios",
    "context_os_version": "17.6.1",
    "context_receiver_service_timestamp": 1725938329525,
    "context_time": 1725938299768,
    "context_user_agent": null,
    "message_client_locale": "en",
    "message_os_locales": [
      "en-US",
      "vi-US"
    ]
  },
  {
    "timestamp_utc": "2024-09-01T17:10:51.894Z",
    "context_application_version": "8.9.68.490",
    "context_conn_country": "US",
    "context_device_manufacturer": "apple",
    "context_device_model": "iPhone13,4",
    "context_device_type": "mobile",
    "context_os_name": "ios",
    "context_os_version": "17.6.1",
    "context_receiver_service_timestamp": 1725210681672,
    "context_time": 1725210651894,
    "context_user_agent": null,
    "message_client_locale": "en",
    "message_os_locales": [
      "en-US",
      "vi-US"
    ]
  },
  {
    "timestamp_utc": "2024-10-25T16:47:34.940Z",
    "context_application_version": "8.9.84.543",
    "context_conn_country": "US",
    "context_device_manufacturer": "apple",
    "context_device_model": "iPhone13,4",
    "context_device_type": "mobile",
    "context_os_name": "ios",
    "context_os_version": "18.0.1",
    "context_receiver_service_timestamp": 1729874865853,
    "context_time": 1729874854940,
    "context_user_agent": null,
    "message_client_locale": "en",
    "message_os_locales": [
      "en-US",
      "vi-US"
    ]
  },
  {
    "timestamp_utc": "2024-10-18T15:24:02.887Z",
    "context_application_version": "8.9.82.628",
    "context_conn_country": "US",
    "context_device_manufacturer": "apple",
    "context_device_model": "iPhone13,4",
    "context_device_type": "mobile",
    "context_os_name": "ios",
    "context_os_version": "18.0.1",
    "context_receiver_service_timestamp": 1729265073063,
    "context_time": 1729265042887,
    "context_user_agent": null,
    "message_client_locale": "en",
    "message_os_locales": [
      "en-US",
      "vi-US"
    ]
  },
  {
    "timestamp_utc": "2024-11-21T00:53:13.821Z",
    "context_application_version": "8.9.90.84",
    "context_conn_country": "US",
    "context_device_manufacturer": "apple",
    "context_device_model": "iPad14,4",
    "context_device_type": "tablet",
    "context_os_name": "ios",
    "context_os_version": "18.0.1",
    "context_receiver_service_timestamp": 1732150402493,
    "context_time": 1732150393821,
    "context_user_agent": null,
    "message_client_locale": "en",
    "message_os_locales": [
      "en-US",
      "vi-US"
    ]
  },
  {
    "timestamp_utc": "2024-09-09T18:21:38.099Z",
    "context_application_version": "8.9.70.592",
    "context_conn_country": "US",
    "context_device_manufacturer": "apple",
    "context_device_model": "iPhone13,4",
    "context_device_type": "mobile",
    "context_os_name": "ios",
    "context_os_version": "17.6.1",
    "context_receiver_service_timestamp": 1725906102218,
    "context_time": 1725906098099,
    "context_user_agent": null,
    "message_client_locale": "en",
    "message_os_locales": [
      "en-US",
      "vi-US"
    ]
  },
  {
    "timestamp_utc": "2024-09-03T01:25:18.359Z",
    "context_application_version": "8.9.68.490",
    "context_conn_country": "US",
    "context_device_manufacturer": "apple",
    "context_device_model": "iPhone13,4",
    "context_device_type": "mobile",
    "context_os_name": "ios",
    "context_os_version": "17.6.1",
    "context_receiver_service_timestamp": 1725326747815,
    "context_time": 1725326718359,
    "context_user_agent": null,
    "message_client_locale": "en",
    "message_os_locales": [
      "en-US",
      "vi-US"
    ]
  },
  {
    "timestamp_utc": "2024-10-27T03:43:08.783Z",
    "context_application_version": "8.9.84.543",
    "context_conn_country": "US",
    "context_device_manufacturer": "apple",
    "context_device_model": "iPhone13,4",
    "context_device_type": "mobile",
    "context_os_name": "ios",
    "context_os_version": "18.0.1",
    "context_receiver_service_timestamp": 1730000618440,
    "context_time": 1730000588783,
    "context_user_agent": null,
    "message_client_locale": "en",
    "message_os_locales": [
      "en-US",
      "vi-US"
    ]
  },
  {
    "timestamp_utc": "2024-09-10T07:13:22.369Z",
    "context_application_version": "8.9.70.592",
    "context_conn_country": "US",
    "context_device_manufacturer": "apple",
    "context_device_model": "iPhone13,4",
    "context_device_type": "mobile",
    "context_os_name": "ios",
    "context_os_version": "17.6.1",
    "context_receiver_service_timestamp": 1725954217449,
    "context_time": 1725952402369,
    "context_user_agent": null,
    "message_client_locale": "en",
    "message_os_locales": [
      "en-US",
      "vi-US"
    ]
  },
  {
    "timestamp_utc": "2024-09-21T02:45:31.427Z",
    "context_application_version": "8.9.76.516",
    "context_conn_country": "US",
    "context_device_manufacturer": "apple",
    "context_device_model": "iPad14,4",
    "context_device_type": "tablet",
    "context_os_name": "ios",
    "context_os_version": "17.6.1",
    "context_receiver_service_timestamp": 1726886761137,
    "context_time": 1726886731427,
    "context_user_agent": null,
    "message_client_locale": "en",
    "message_os_locales": [
      "en-US",
      "vi-US"
    ]
  },
  {
    "timestamp_utc": "2024-10-04T19:15:14.798Z",
    "context_application_version": "8.9.76.516",
    "context_conn_country": "US",
    "context_device_manufacturer": "apple",
    "context_device_model": "iPhone13,4",
    "context_device_type": "mobile",
    "context_os_name": "ios",
    "context_os_version": "18.0",
    "context_receiver_service_timestamp": 1728069344318,
    "context_time": 1728069314798,
    "context_user_agent": null,
    "message_client_locale": "en",
    "message_os_locales": [
      "en-US",
      "vi-US"
    ]
  },
  {
    "timestamp_utc": "2024-09-08T19:04:03.948Z",
    "context_application_version": "8.9.70.592",
    "context_conn_country": "US",
    "context_device_manufacturer": "apple",
    "context_device_model": "iPhone13,4",
    "context_device_type": "mobile",
    "context_os_name": "ios",
    "context_os_version": "17.6.1",
    "context_receiver_service_timestamp": 1725822266372,
    "context_time": 1725822243948,
    "context_user_agent": null,
    "message_client_locale": "en",
    "message_os_locales": [
      "en-US",
      "vi-US"
    ]
  },
  {
    "timestamp_utc": "2024-10-29T22:21:10.104Z",
    "context_application_version": "8.9.86.419",
    "context_conn_country": "US",
    "context_device_manufacturer": "apple",
    "context_device_model": "iPhone13,4",
    "context_device_type": "mobile",
    "context_os_name": "ios",
    "context_os_version": "18.0.1",
    "context_receiver_service_timestamp": 1730240499978,
    "context_time": 1730240470104,
    "context_user_agent": null,
    "message_client_locale": "en",
    "message_os_locales": [
      "en-US",
      "vi-US"
    ]
  },
  {
    "timestamp_utc": "2024-10-05T19:51:38.204Z",
    "context_application_version": "8.9.76.516",
    "context_conn_country": "US",
    "context_device_manufacturer": "apple",
    "context_device_model": "iPad14,4",
    "context_device_type": "tablet",
    "context_os_name": "ios",
    "context_os_version": "18.0",
    "context_receiver_service_timestamp": 1728157908283,
    "context_time": 1728157898204,
    "context_user_agent": null,
    "message_client_locale": "en",
    "message_os_locales": [
      "en-US",
      "vi-US"
    ]
  },
  {
    "timestamp_utc": "2024-10-07T00:56:05.849Z",
    "context_application_version": "8.9.76.516",
    "context_conn_country": "US",
    "context_device_manufacturer": "apple",
    "context_device_model": "iPhone13,4",
    "context_device_type": "mobile",
    "context_os_name": "ios",
    "context_os_version": "18.0.1",
    "context_receiver_service_timestamp": 1728262574582,
    "context_time": 1728262565849,
    "context_user_agent": null,
    "message_client_locale": "en",
    "message_os_locales": [
      "en-US",
      "vi-US"
    ]
  },
  {
    "timestamp_utc": "2024-10-07T01:40:38.460Z",
    "context_application_version": "8.9.76.516",
    "context_conn_country": "US",
    "context_device_manufacturer": "apple",
    "context_device_model": "iPhone13,4",
    "context_device_type": "mobile",
    "context_os_name": "ios",
    "context_os_version": "18.0.1",
    "context_receiver_service_timestamp": 1728265258123,
    "context_time": 1728265238460,
    "context_user_agent": null,
    "message_client_locale": "en",
    "message_os_locales": [
      "en-US",
      "vi-US"
    ]
  },
  {
    "timestamp_utc": "2024-10-17T04:25:19.735Z",
    "context_application_version": "8.9.82.628",
    "context_conn_country": "US",
    "context_device_manufacturer": "apple",
    "context_device_model": "iPad14,4",
    "context_device_type": "tablet",
    "context_os_name": "ios",
    "context_os_version": "18.0.1",
    "context_receiver_service_timestamp": 1729139126437,
    "context_time": 1729139119735,
    "context_user_agent": null,
    "message_client_locale": "en",
    "message_os_locales": [
      "en-US",
      "vi-US"
    ]
  },
  {
    "timestamp_utc": "2024-09-24T13:55:26.601Z",
    "context_application_version": "8.9.76.516",
    "context_conn_country": "US",
    "context_device_manufacturer": "apple",
    "context_device_model": "iPad14,4",
    "context_device_type": "tablet",
    "context_os_name": "ios",
    "context_os_version": "17.6.1",
    "context_receiver_service_timestamp": 1727186156396,
    "context_time": 1727186126601,
    "context_user_agent": null,
    "message_client_locale": "en",
    "message_os_locales": [
      "en-US",
      "vi-US"
    ]
  },
  {
    "timestamp_utc": "2024-11-22T00:56:04.710Z",
    "context_application_version": "8.9.94.418",
    "context_conn_country": "US",
    "context_device_manufacturer": "apple",
    "context_device_model": "iPad14,4",
    "context_device_type": "tablet",
    "context_os_name": "ios",
    "context_os_version": "18.0.1",
    "context_receiver_service_timestamp": 1732236994418,
    "context_time": 1732236964710,
    "context_user_agent": null,
    "message_client_locale": "en",
    "message_os_locales": [
      "en-US",
      "vi-US"
    ]
  },
  {
    "timestamp_utc": "2024-09-17T05:12:26.968Z",
    "context_application_version": "8.9.74.535",
    "context_conn_country": "US",
    "context_device_manufacturer": "apple",
    "context_device_model": "iPad14,4",
    "context_device_type": "tablet",
    "context_os_name": "ios",
    "context_os_version": "17.6.1",
    "context_receiver_service_timestamp": 1726549976660,
    "context_time": 1726549946968,
    "context_user_agent": null,
    "message_client_locale": "en",
    "message_os_locales": [
      "en-US",
      "vi-US"
    ]
  },
  {
    "timestamp_utc": "2024-10-01T00:12:57.270Z",
    "context_application_version": "8.9.76.516",
    "context_conn_country": "US",
    "context_device_manufacturer": "apple",
    "context_device_model": "iPhone13,4",
    "context_device_type": "mobile",
    "context_os_name": "ios",
    "context_os_version": "18.0",
    "context_receiver_service_timestamp": 1727741589049,
    "context_time": 1727741577270,
    "context_user_agent": null,
    "message_client_locale": "en",
    "message_os_locales": [
      "en-US",
      "vi-US"
    ]
  },
  {
    "timestamp_utc": "2024-11-08T17:28:50.437Z",
    "context_application_version": "8.9.86.419",
    "context_conn_country": "US",
    "context_device_manufacturer": "apple",
    "context_device_model": "iPhone13,4",
    "context_device_type": "mobile",
    "context_os_name": "ios",
    "context_os_version": "18.0.1",
    "context_receiver_service_timestamp": 1731086934377,
    "context_time": 1731086930437,
    "context_user_agent": null,
    "message_client_locale": "en",
    "message_os_locales": [
      "en-US",
      "vi-US"
    ]
  },
  {
    "timestamp_utc": "2024-09-09T01:27:59.031Z",
    "context_application_version": "8.9.70.592",
    "context_conn_country": "US",
    "context_device_manufacturer": "apple",
    "context_device_model": "iPhone13,4",
    "context_device_type": "mobile",
    "context_os_name": "ios",
    "context_os_version": "17.6.1",
    "context_receiver_service_timestamp": 1725845290601,
    "context_time": 1725845279031,
    "context_user_agent": null,
    "message_client_locale": "en",
    "message_os_locales": [
      "en-US",
      "vi-US"
    ]
  },
  {
    "timestamp_utc": "2024-11-12T08:03:07.619Z",
    "context_application_version": "8.9.90.84",
    "context_conn_country": "US",
    "context_device_manufacturer": "apple",
    "context_device_model": "iPad14,4",
    "context_device_type": "tablet",
    "context_os_name": "ios",
    "context_os_version": "18.0.1",
    "context_receiver_service_timestamp": 1731398617507,
    "context_time": 1731398587619,
    "context_user_agent": null,
    "message_client_locale": "en",
    "message_os_locales": [
      "en-US",
      "vi-US"
    ]
  },
  {
    "timestamp_utc": "2024-09-14T00:05:32.708Z",
    "context_application_version": "8.9.74.535",
    "context_conn_country": "US",
    "context_device_manufacturer": "apple",
    "context_device_model": "iPad14,4",
    "context_device_type": "tablet",
    "context_os_name": "ios",
    "context_os_version": "17.6.1",
    "context_receiver_service_timestamp": 1726272362365,
    "context_time": 1726272332708,
    "context_user_agent": null,
    "message_client_locale": "en",
    "message_os_locales": [
      "en-US",
      "vi-US"
    ]
  },
  {
    "timestamp_utc": "2024-09-04T16:26:53.693Z",
    "context_application_version": "8.9.68.490",
    "context_conn_country": "US",
    "context_device_manufacturer": "apple",
    "context_device_model": "iPhone13,4",
    "context_device_type": "mobile",
    "context_os_name": "ios",
    "context_os_version": "17.6.1",
    "context_receiver_service_timestamp": 1725467342436,
    "context_time": 1725467213693,
    "context_user_agent": null,
    "message_client_locale": "en",
    "message_os_locales": [
      "en-US",
      "vi-US"
    ]
  },
  {
    "timestamp_utc": "2024-08-27T00:01:39.360Z",
    "context_application_version": "8.9.68.490",
    "context_conn_country": "US",
    "context_device_manufacturer": "apple",
    "context_device_model": "iPhone13,4",
    "context_device_type": "mobile",
    "context_os_name": "ios",
    "context_os_version": "17.5.1",
    "context_receiver_service_timestamp": 1724716928882,
    "context_time": 1724716899360,
    "context_user_agent": null,
    "message_client_locale": "en",
    "message_os_locales": [
      "en-US",
      "vi-US"
    ]
  },
  {
    "timestamp_utc": "2024-09-25T14:28:52.922Z",
    "context_application_version": "8.9.76.516",
    "context_conn_country": "US",
    "context_device_manufacturer": "apple",
    "context_device_model": "iPhone13,4",
    "context_device_type": "mobile",
    "context_os_name": "ios",
    "context_os_version": "18.0",
    "context_receiver_service_timestamp": 1727278029942,
    "context_time": 1727274532922,
    "context_user_agent": null,
    "message_client_locale": "en",
    "message_os_locales": [
      "en-US",
      "vi-US"
    ]
  },
  {
    "timestamp_utc": "2024-09-25T07:49:08.323Z",
    "context_application_version": "8.9.76.516",
    "context_conn_country": "US",
    "context_device_manufacturer": "apple",
    "context_device_model": "iPad14,4",
    "context_device_type": "tablet",
    "context_os_name": "ios",
    "context_os_version": "18.0",
    "context_receiver_service_timestamp": 1727250577991,
    "context_time": 1727250548323,
    "context_user_agent": null,
    "message_client_locale": "en",
    "message_os_locales": [
      "en-US",
      "vi-US"
    ]
  },
  {
    "timestamp_utc": "2024-09-23T18:23:17.474Z",
    "context_application_version": "8.9.76.516",
    "context_conn_country": "US",
    "context_device_manufacturer": "apple",
    "context_device_model": "iPhone13,4",
    "context_device_type": "mobile",
    "context_os_name": "ios",
    "context_os_version": "17.6.1",
    "context_receiver_service_timestamp": 1727115827096,
    "context_time": 1727115797474,
    "context_user_agent": null,
    "message_client_locale": "en",
    "message_os_locales": [
      "en-US",
      "vi-US"
    ]
  },
  {
    "timestamp_utc": "2024-09-23T16:15:38.210Z",
    "context_application_version": "8.9.76.516",
    "context_conn_country": "US",
    "context_device_manufacturer": "apple",
    "context_device_model": "iPhone13,4",
    "context_device_type": "mobile",
    "context_os_name": "ios",
    "context_os_version": "17.6.1",
    "context_receiver_service_timestamp": 1727108168963,
    "context_time": 1727108138210,
    "context_user_agent": null,
    "message_client_locale": "en",
    "message_os_locales": [
      "en-US",
      "vi-US"
    ]
  },
  {
    "timestamp_utc": "2024-11-11T17:14:19.801Z",
    "context_application_version": "8.9.90.84",
    "context_conn_country": "US",
    "context_device_manufacturer": "apple",
    "context_device_model": "iPhone13,4",
    "context_device_type": "mobile",
    "context_os_name": "ios",
    "context_os_version": "18.0.1",
    "context_receiver_service_timestamp": 1731345289890,
    "context_time": 1731345259801,
    "context_user_agent": null,
    "message_client_locale": "en",
    "message_os_locales": [
      "en-US",
      "vi-US"
    ]
  },
  {
    "timestamp_utc": "2024-09-10T23:56:42.046Z",
    "context_application_version": "8.9.70.592",
    "context_conn_country": "US",
    "context_device_manufacturer": "apple",
    "context_device_model": "iPhone13,4",
    "context_device_type": "mobile",
    "context_os_name": "ios",
    "context_os_version": "17.6.1",
    "context_receiver_service_timestamp": 1726012632254,
    "context_time": 1726012602046,
    "context_user_agent": null,
    "message_client_locale": "en",
    "message_os_locales": [
      "en-US",
      "vi-US"
    ]
  },
  {
    "timestamp_utc": "2024-09-20T16:25:02.957Z",
    "context_application_version": "8.9.76.516",
    "context_conn_country": "US",
    "context_device_manufacturer": "apple",
    "context_device_model": "iPhone13,4",
    "context_device_type": "mobile",
    "context_os_name": "ios",
    "context_os_version": "17.6.1",
    "context_receiver_service_timestamp": 1726849962772,
    "context_time": 1726849502957,
    "context_user_agent": null,
    "message_client_locale": "en",
    "message_os_locales": [
      "en-US",
      "vi-US"
    ]
  },
  {
    "timestamp_utc": "2024-10-07T11:17:23.018Z",
    "context_application_version": "8.9.76.516",
    "context_conn_country": "US",
    "context_device_manufacturer": "apple",
    "context_device_model": "iPad14,4",
    "context_device_type": "tablet",
    "context_os_name": "ios",
    "context_os_version": "18.0.1",
    "context_receiver_service_timestamp": 1728299936519,
    "context_time": 1728299843018,
    "context_user_agent": null,
    "message_client_locale": "en",
    "message_os_locales": [
      "en-US",
      "vi-US"
    ]
  },
  {
    "timestamp_utc": "2024-10-19T21:31:13.990Z",
    "context_application_version": "8.9.82.628",
    "context_conn_country": "US",
    "context_device_manufacturer": "apple",
    "context_device_model": "iPhone13,4",
    "context_device_type": "mobile",
    "context_os_name": "ios",
    "context_os_version": "18.0.1",
    "context_receiver_service_timestamp": 1729373479931,
    "context_time": 1729373473990,
    "context_user_agent": null,
    "message_client_locale": "en",
    "message_os_locales": [
      "en-US",
      "vi-US"
    ]
  },
  {
    "timestamp_utc": "2024-08-27T04:28:54.364Z",
    "context_application_version": "8.9.68.490",
    "context_conn_country": "US",
    "context_device_manufacturer": "apple",
    "context_device_model": "iPad14,4",
    "context_device_type": "tablet",
    "context_os_name": "ios",
    "context_os_version": "17.5.1",
    "context_receiver_service_timestamp": 1724732963973,
    "context_time": 1724732934364,
    "context_user_agent": null,
    "message_client_locale": "en",
    "message_os_locales": [
      "en-US",
      "vi-US"
    ]
  },
  {
    "timestamp_utc": "2024-11-22T19:20:34.146Z",
    "context_application_version": "8.9.94.418",
    "context_conn_country": "US",
    "context_device_manufacturer": "apple",
    "context_device_model": "iPhone13,4",
    "context_device_type": "mobile",
    "context_os_name": "ios",
    "context_os_version": "18.1",
    "context_receiver_service_timestamp": 1732303263900,
    "context_time": 1732303234146,
    "context_user_agent": null,
    "message_client_locale": "en",
    "message_os_locales": [
      "en-US",
      "vi-US"
    ]
  },
  {
    "timestamp_utc": "2024-10-09T16:45:25.283Z",
    "context_application_version": "8.9.76.516",
    "context_conn_country": "US",
    "context_device_manufacturer": "apple",
    "context_device_model": "iPhone13,4",
    "context_device_type": "mobile",
    "context_os_name": "ios",
    "context_os_version": "18.0.1",
    "context_receiver_service_timestamp": 1728492354927,
    "context_time": 1728492325283,
    "context_user_agent": null,
    "message_client_locale": "en",
    "message_os_locales": [
      "en-US",
      "vi-US"
    ]
  },
  {
    "timestamp_utc": "2024-09-16T16:32:27.005Z",
    "context_application_version": "8.9.74.535",
    "context_conn_country": "US",
    "context_device_manufacturer": "apple",
    "context_device_model": "iPhone13,4",
    "context_device_type": "mobile",
    "context_os_name": "ios",
    "context_os_version": "17.6.1",
    "context_receiver_service_timestamp": 1726504377036,
    "context_time": 1726504347005,
    "context_user_agent": null,
    "message_client_locale": "en",
    "message_os_locales": [
      "en-US",
      "vi-US"
    ]
  },
  {
    "timestamp_utc": "2024-09-30T19:24:26.417Z",
    "context_application_version": "8.9.76.516",
    "context_conn_country": "US",
    "context_device_manufacturer": "apple",
    "context_device_model": "iPhone13,4",
    "context_device_type": "mobile",
    "context_os_name": "ios",
    "context_os_version": "18.0",
    "context_receiver_service_timestamp": 1727724296219,
    "context_time": 1727724266417,
    "context_user_agent": null,
    "message_client_locale": "en",
    "message_os_locales": [
      "en-US",
      "vi-US"
    ]
  },
  {
    "timestamp_utc": "2024-11-11T04:57:28.912Z",
    "context_application_version": "8.9.90.84",
    "context_conn_country": "US",
    "context_device_manufacturer": "apple",
    "context_device_model": "iPhone13,4",
    "context_device_type": "mobile",
    "context_os_name": "ios",
    "context_os_version": "18.0.1",
    "context_receiver_service_timestamp": 1731301078619,
    "context_time": 1731301048912,
    "context_user_agent": null,
    "message_client_locale": "en",
    "message_os_locales": [
      "en-US",
      "vi-US"
    ]
  },
  {
    "timestamp_utc": "2024-09-01T20:43:10.821Z",
    "context_application_version": "8.9.68.490",
    "context_conn_country": "US",
    "context_device_manufacturer": "apple",
    "context_device_model": "iPhone13,4",
    "context_device_type": "mobile",
    "context_os_name": "ios",
    "context_os_version": "17.6.1",
    "context_receiver_service_timestamp": 1725223420957,
    "context_time": 1725223390821,
    "context_user_agent": null,
    "message_client_locale": "en",
    "message_os_locales": [
      "en-US",
      "vi-US"
    ]
  },
  {
    "timestamp_utc": "2024-11-20T17:36:19.508Z",
    "context_application_version": "8.9.90.84",
    "context_conn_country": "US",
    "context_device_manufacturer": "apple",
    "context_device_model": "iPhone13,4",
    "context_device_type": "mobile",
    "context_os_name": "ios",
    "context_os_version": "18.1",
    "context_receiver_service_timestamp": 1732124209676,
    "context_time": 1732124179508,
    "context_user_agent": null,
    "message_client_locale": "en",
    "message_os_locales": [
      "en-US",
      "vi-US"
    ]
  },
  {
    "timestamp_utc": "2024-09-22T22:29:10.001Z",
    "context_application_version": "8.9.76.516",
    "context_conn_country": "US",
    "context_device_manufacturer": "apple",
    "context_device_model": "iPhone13,4",
    "context_device_type": "mobile",
    "context_os_name": "ios",
    "context_os_version": "17.6.1",
    "context_receiver_service_timestamp": 1727044150826,
    "context_time": 1727044150001,
    "context_user_agent": null,
    "message_client_locale": "en",
    "message_os_locales": [
      "en-US",
      "vi-US"
    ]
  },
  {
    "timestamp_utc": "2024-11-03T21:38:25.455Z",
    "context_application_version": "8.9.86.419",
    "context_conn_country": "US",
    "context_device_manufacturer": "apple",
    "context_device_model": "iPhone13,4",
    "context_device_type": "mobile",
    "context_os_name": "ios",
    "context_os_version": "18.0.1",
    "context_receiver_service_timestamp": 1730669935245,
    "context_time": 1730669905455,
    "context_user_agent": null,
    "message_client_locale": "en",
    "message_os_locales": [
      "en-US",
      "vi-US"
    ]
  },
  {
    "timestamp_utc": "2024-10-18T06:31:52.562Z",
    "context_application_version": "8.9.82.628",
    "context_conn_country": "US",
    "context_device_manufacturer": "apple",
    "context_device_model": "iPhone13,4",
    "context_device_type": "mobile",
    "context_os_name": "ios",
    "context_os_version": "18.0.1",
    "context_receiver_service_timestamp": 1729233117816,
    "context_time": 1729233112562,
    "context_user_agent": null,
    "message_client_locale": "en",
    "message_os_locales": [
      "en-US",
      "vi-US"
    ]
  },
  {
    "timestamp_utc": "2024-11-10T03:11:49.817Z",
    "context_application_version": "8.9.90.84",
    "context_conn_country": "US",
    "context_device_manufacturer": "apple",
    "context_device_model": "iPad14,4",
    "context_device_type": "tablet",
    "context_os_name": "ios",
    "context_os_version": "18.0.1",
    "context_receiver_service_timestamp": 1731208339495,
    "context_time": 1731208309817,
    "context_user_agent": null,
    "message_client_locale": "en",
    "message_os_locales": [
      "en-US",
      "vi-US"
    ]
  },
  {
    "timestamp_utc": "2024-11-06T17:51:13.838Z",
    "context_application_version": "8.9.86.419",
    "context_conn_country": "US",
    "context_device_manufacturer": "apple",
    "context_device_model": "iPhone13,4",
    "context_device_type": "mobile",
    "context_os_name": "ios",
    "context_os_version": "18.0.1",
    "context_receiver_service_timestamp": 1730915488535,
    "context_time": 1730915473838,
    "context_user_agent": null,
    "message_client_locale": "en",
    "message_os_locales": [
      "en-US",
      "vi-US"
    ]
  },
  {
    "timestamp_utc": "2024-09-28T06:06:40.782Z",
    "context_application_version": "8.9.76.516",
    "context_conn_country": "US",
    "context_device_manufacturer": "apple",
    "context_device_model": "iPad14,4",
    "context_device_type": "tablet",
    "context_os_name": "ios",
    "context_os_version": "18.0",
    "context_receiver_service_timestamp": 1727503607108,
    "context_time": 1727503600782,
    "context_user_agent": null,
    "message_client_locale": "en",
    "message_os_locales": [
      "en-US",
      "vi-US"
    ]
  },
  {
    "timestamp_utc": "2024-10-10T22:12:17.699Z",
    "context_application_version": "8.9.76.516",
    "context_conn_country": "US",
    "context_device_manufacturer": "apple",
    "context_device_model": "iPhone13,4",
    "context_device_type": "mobile",
    "context_os_name": "ios",
    "context_os_version": "18.0.1",
    "context_receiver_service_timestamp": 1728598367403,
    "context_time": 1728598337699,
    "context_user_agent": null,
    "message_client_locale": "en",
    "message_os_locales": [
      "en-US",
      "vi-US"
    ]
  },
  {
    "timestamp_utc": "2024-10-26T07:19:49.642Z",
    "context_application_version": "8.9.86.419",
    "context_conn_country": "US",
    "context_device_manufacturer": "apple",
    "context_device_model": "iPad14,4",
    "context_device_type": "tablet",
    "context_os_name": "ios",
    "context_os_version": "18.0.1",
    "context_receiver_service_timestamp": 1729927194185,
    "context_time": 1729927189642,
    "context_user_agent": null,
    "message_client_locale": "en",
    "message_os_locales": [
      "en-US",
      "vi-US"
    ]
  },
  {
    "timestamp_utc": "2024-09-06T05:04:45.296Z",
    "context_application_version": "8.9.70.592",
    "context_conn_country": "US",
    "context_device_manufacturer": "apple",
    "context_device_model": "iPad14,4",
    "context_device_type": "tablet",
    "context_os_name": "ios",
    "context_os_version": "17.6.1",
    "context_receiver_service_timestamp": 1725601834453,
    "context_time": 1725599085296,
    "context_user_agent": null,
    "message_client_locale": "en",
    "message_os_locales": [
      "en-US",
      "vi-US"
    ]
  },
  {
    "timestamp_utc": "2024-08-28T05:14:50.765Z",
    "context_application_version": "8.9.68.490",
    "context_conn_country": "US",
    "context_device_manufacturer": "apple",
    "context_device_model": "iPad14,4",
    "context_device_type": "tablet",
    "context_os_name": "ios",
    "context_os_version": "17.5.1",
    "context_receiver_service_timestamp": 1724822115538,
    "context_time": 1724822090765,
    "context_user_agent": null,
    "message_client_locale": "en",
    "message_os_locales": [
      "en-US",
      "vi-US"
    ]
  },
  {
    "timestamp_utc": "2024-09-22T22:25:19.605Z",
    "context_application_version": "8.9.76.516",
    "context_conn_country": "US",
    "context_device_manufacturer": "apple",
    "context_device_model": "iPhone13,4",
    "context_device_type": "mobile",
    "context_os_name": "ios",
    "context_os_version": "17.6.1",
    "context_receiver_service_timestamp": 1727043948967,
    "context_time": 1727043919605,
    "context_user_agent": null,
    "message_client_locale": "en",
    "message_os_locales": [
      "en-US",
      "vi-US"
    ]
  },
  {
    "timestamp_utc": "2024-11-10T01:12:42.523Z",
    "context_application_version": "8.9.86.419",
    "context_conn_country": "US",
    "context_device_manufacturer": "apple",
    "context_device_model": "iPhone13,4",
    "context_device_type": "mobile",
    "context_os_name": "ios",
    "context_os_version": "18.0.1",
    "context_receiver_service_timestamp": 1731201192462,
    "context_time": 1731201162523,
    "context_user_agent": null,
    "message_client_locale": "en",
    "message_os_locales": [
      "en-US",
      "vi-US"
    ]
  },
  {
    "timestamp_utc": "2024-08-27T02:08:30.472Z",
    "context_application_version": "8.9.68.490",
    "context_conn_country": "US",
    "context_device_manufacturer": "apple",
    "context_device_model": "iPhone13,4",
    "context_device_type": "mobile",
    "context_os_name": "ios",
    "context_os_version": "17.5.1",
    "context_receiver_service_timestamp": 1724724540208,
    "context_time": 1724724510472,
    "context_user_agent": null,
    "message_client_locale": "en",
    "message_os_locales": [
      "en-US",
      "vi-US"
    ]
  },
  {
    "timestamp_utc": "2024-10-12T09:08:03.612Z",
    "context_application_version": "8.9.82.628",
    "context_conn_country": "US",
    "context_device_manufacturer": "apple",
    "context_device_model": "iPad14,4",
    "context_device_type": "tablet",
    "context_os_name": "ios",
    "context_os_version": "18.0.1",
    "context_receiver_service_timestamp": 1728724089230,
    "context_time": 1728724083612,
    "context_user_agent": null,
    "message_client_locale": "en",
    "message_os_locales": [
      "en-US",
      "vi-US"
    ]
  },
  {
    "timestamp_utc": "2024-11-20T19:07:41.403Z",
    "context_application_version": "8.9.90.84",
    "context_conn_country": "US",
    "context_device_manufacturer": "apple",
    "context_device_model": "iPhone13,4",
    "context_device_type": "mobile",
    "context_os_name": "ios",
    "context_os_version": "18.1",
    "context_receiver_service_timestamp": 1732129672861,
    "context_time": 1732129661403,
    "context_user_agent": null,
    "message_client_locale": "en",
    "message_os_locales": [
      "en-US",
      "vi-US"
    ]
  },
  {
    "timestamp_utc": "2024-09-02T21:08:31.654Z",
    "context_application_version": "8.9.68.490",
    "context_conn_country": "US",
    "context_device_manufacturer": "apple",
    "context_device_model": "iPhone13,4",
    "context_device_type": "mobile",
    "context_os_name": "ios",
    "context_os_version": "17.6.1",
    "context_receiver_service_timestamp": 1725311341348,
    "context_time": 1725311311654,
    "context_user_agent": null,
    "message_client_locale": "en",
    "message_os_locales": [
      "en-US",
      "vi-US"
    ]
  },
  {
    "timestamp_utc": "2024-10-07T23:05:56.805Z",
    "context_application_version": "8.9.76.516",
    "context_conn_country": "US",
    "context_device_manufacturer": "apple",
    "context_device_model": "iPhone13,4",
    "context_device_type": "mobile",
    "context_os_name": "ios",
    "context_os_version": "18.0.1",
    "context_receiver_service_timestamp": 1728342387001,
    "context_time": 1728342356805,
    "context_user_agent": null,
    "message_client_locale": "en",
    "message_os_locales": [
      "en-US",
      "vi-US"
    ]
  },
  {
    "timestamp_utc": "2024-09-18T20:40:48.217Z",
    "context_application_version": "8.9.74.535",
    "context_conn_country": "US",
    "context_device_manufacturer": "apple",
    "context_device_model": "iPhone13,4",
    "context_device_type": "mobile",
    "context_os_name": "ios",
    "context_os_version": "17.6.1",
    "context_receiver_service_timestamp": 1726692078065,
    "context_time": 1726692048217,
    "context_user_agent": null,
    "message_client_locale": "en",
    "message_os_locales": [
      "en-US",
      "vi-US"
    ]
  },
  {
    "timestamp_utc": "2024-10-23T00:03:56.576Z",
    "context_application_version": "8.9.82.628",
    "context_conn_country": "US",
    "context_device_manufacturer": "apple",
    "context_device_model": "iPhone13,4",
    "context_device_type": "mobile",
    "context_os_name": "ios",
    "context_os_version": "18.0.1",
    "context_receiver_service_timestamp": 1729641866364,
    "context_time": 1729641836576,
    "context_user_agent": null,
    "message_client_locale": "en",
    "message_os_locales": [
      "en-US",
      "vi-US"
    ]
  },
  {
    "timestamp_utc": "2024-10-24T03:58:10.221Z",
    "context_application_version": "8.9.84.543",
    "context_conn_country": "US",
    "context_device_manufacturer": "apple",
    "context_device_model": "iPad14,4",
    "context_device_type": "tablet",
    "context_os_name": "ios",
    "context_os_version": "18.0.1",
    "context_receiver_service_timestamp": 1729742308884,
    "context_time": 1729742290221,
    "context_user_agent": null,
    "message_client_locale": "en",
    "message_os_locales": [
      "en-US",
      "vi-US"
    ]
  },
  {
    "timestamp_utc": "2024-09-13T16:26:12.627Z",
    "context_application_version": "8.9.74.535",
    "context_conn_country": "US",
    "context_device_manufacturer": "apple",
    "context_device_model": "iPhone13,4",
    "context_device_type": "mobile",
    "context_os_name": "ios",
    "context_os_version": "17.6.1",
    "context_receiver_service_timestamp": 1726244802542,
    "context_time": 1726244772627,
    "context_user_agent": null,
    "message_client_locale": "en",
    "message_os_locales": [
      "en-US",
      "vi-US"
    ]
  },
  {
    "timestamp_utc": "2024-09-28T23:20:01.660Z",
    "context_application_version": "8.9.76.516",
    "context_conn_country": "US",
    "context_device_manufacturer": "apple",
    "context_device_model": "iPhone13,4",
    "context_device_type": "mobile",
    "context_os_name": "ios",
    "context_os_version": "18.0",
    "context_receiver_service_timestamp": 1727565602376,
    "context_time": 1727565601660,
    "context_user_agent": null,
    "message_client_locale": "en",
    "message_os_locales": [
      "en-US",
      "vi-US"
    ]
  },
  {
    "timestamp_utc": "2024-08-29T00:04:19.256Z",
    "context_application_version": "8.9.68.490",
    "context_conn_country": "US",
    "context_device_manufacturer": "apple",
    "context_device_model": "iPhone13,4",
    "context_device_type": "mobile",
    "context_os_name": "ios",
    "context_os_version": "17.5.1",
    "context_receiver_service_timestamp": 1724889863708,
    "context_time": 1724889859256,
    "context_user_agent": null,
    "message_client_locale": "en",
    "message_os_locales": [
      "en-US",
      "vi-US"
    ]
  },
  {
    "timestamp_utc": "2024-10-04T03:57:33.754Z",
    "context_application_version": "8.9.76.516",
    "context_conn_country": "US",
    "context_device_manufacturer": "apple",
    "context_device_model": "iPad14,4",
    "context_device_type": "tablet",
    "context_os_name": "ios",
    "context_os_version": "18.0",
    "context_receiver_service_timestamp": 1728016887734,
    "context_time": 1728014253754,
    "context_user_agent": null,
    "message_client_locale": "en",
    "message_os_locales": [
      "en-US",
      "vi-US"
    ]
  },
  {
    "timestamp_utc": "2024-08-28T18:21:26.920Z",
    "context_application_version": "8.9.68.490",
    "context_conn_country": "US",
    "context_device_manufacturer": "apple",
    "context_device_model": "iPhone13,4",
    "context_device_type": "mobile",
    "context_os_name": "ios",
    "context_os_version": "17.5.1",
    "context_receiver_service_timestamp": 1724869316816,
    "context_time": 1724869286920,
    "context_user_agent": null,
    "message_client_locale": "en",
    "message_os_locales": [
      "en-US",
      "vi-US"
    ]
  },
  {
    "timestamp_utc": "2024-10-24T23:58:28.816Z",
    "context_application_version": "8.9.86.419",
    "context_conn_country": "US",
    "context_device_manufacturer": "apple",
    "context_device_model": "iPad14,4",
    "context_device_type": "tablet",
    "context_os_name": "ios",
    "context_os_version": "18.0.1",
    "context_receiver_service_timestamp": 1729814317353,
    "context_time": 1729814308816,
    "context_user_agent": null,
    "message_client_locale": "en",
    "message_os_locales": [
      "en-US",
      "vi-US"
    ]
  },
  {
    "timestamp_utc": "2024-09-06T23:13:03.765Z",
    "context_application_version": "8.9.70.592",
    "context_conn_country": "US",
    "context_device_manufacturer": "apple",
    "context_device_model": "iPhone13,4",
    "context_device_type": "mobile",
    "context_os_name": "ios",
    "context_os_version": "17.6.1",
    "context_receiver_service_timestamp": 1725664393120,
    "context_time": 1725664383765,
    "context_user_agent": null,
    "message_client_locale": "en",
    "message_os_locales": [
      "en-US",
      "vi-US"
    ]
  },
  {
    "timestamp_utc": "2024-10-20T00:30:01.259Z",
    "context_application_version": "8.9.82.628",
    "context_conn_country": "US",
    "context_device_manufacturer": "apple",
    "context_device_model": "iPhone13,4",
    "context_device_type": "mobile",
    "context_os_name": "ios",
    "context_os_version": "18.0.1",
    "context_receiver_service_timestamp": 1729384231069,
    "context_time": 1729384201259,
    "context_user_agent": null,
    "message_client_locale": "en",
    "message_os_locales": [
      "en-US",
      "vi-US"
    ]
  },
  {
    "timestamp_utc": "2024-09-25T02:40:45.316Z",
    "context_application_version": "8.9.76.516",
    "context_conn_country": "US",
    "context_device_manufacturer": "apple",
    "context_device_model": "iPhone13,4",
    "context_device_type": "mobile",
    "context_os_name": "ios",
    "context_os_version": "17.6.1",
    "context_receiver_service_timestamp": 1727232060924,
    "context_time": 1727232045316,
    "context_user_agent": null,
    "message_client_locale": "en",
    "message_os_locales": [
      "en-US",
      "vi-US"
    ]
  },
  {
    "timestamp_utc": "2024-09-29T00:32:25.122Z",
    "context_application_version": "8.9.76.516",
    "context_conn_country": "US",
    "context_device_manufacturer": "apple",
    "context_device_model": "iPhone13,4",
    "context_device_type": "mobile",
    "context_os_name": "ios",
    "context_os_version": "18.0",
    "context_receiver_service_timestamp": 1727569964195,
    "context_time": 1727569945122,
    "context_user_agent": null,
    "message_client_locale": "en",
    "message_os_locales": [
      "en-US",
      "vi-US"
    ]
  },
  {
    "timestamp_utc": "2024-11-06T01:35:44.136Z",
    "context_application_version": "8.9.86.419",
    "context_conn_country": "US",
    "context_device_manufacturer": "apple",
    "context_device_model": "iPhone13,4",
    "context_device_type": "mobile",
    "context_os_name": "ios",
    "context_os_version": "18.0.1",
    "context_receiver_service_timestamp": 1730856973989,
    "context_time": 1730856944136,
    "context_user_agent": null,
    "message_client_locale": "en",
    "message_os_locales": [
      "en-US",
      "vi-US"
    ]
  },
  {
    "timestamp_utc": "2024-09-04T19:05:51.665Z",
    "context_application_version": "8.9.68.490",
    "context_conn_country": "US",
    "context_device_manufacturer": "apple",
    "context_device_model": "iPhone13,4",
    "context_device_type": "mobile",
    "context_os_name": "ios",
    "context_os_version": "17.6.1",
    "context_receiver_service_timestamp": 1725476770814,
    "context_time": 1725476751665,
    "context_user_agent": null,
    "message_client_locale": "en",
    "message_os_locales": [
      "en-US",
      "vi-US"
    ]
  },
  {
    "timestamp_utc": "2024-10-23T19:54:42.414Z",
    "context_application_version": "8.9.82.628",
    "context_conn_country": "US",
    "context_device_manufacturer": "apple",
    "context_device_model": "iPhone13,4",
    "context_device_type": "mobile",
    "context_os_name": "ios",
    "context_os_version": "18.0.1",
    "context_receiver_service_timestamp": 1729713300856,
    "context_time": 1729713282414,
    "context_user_agent": null,
    "message_client_locale": "en",
    "message_os_locales": [
      "en-US",
      "vi-US"
    ]
  },
  {
    "timestamp_utc": "2024-08-31T22:26:03.429Z",
    "context_application_version": "8.9.68.490",
    "context_conn_country": "US",
    "context_device_manufacturer": "apple",
    "context_device_model": "iPad14,4",
    "context_device_type": "tablet",
    "context_os_name": "ios",
    "context_os_version": "17.6.1",
    "context_receiver_service_timestamp": 1725143193178,
    "context_time": 1725143163429,
    "context_user_agent": null,
    "message_client_locale": "en",
    "message_os_locales": [
      "en-US",
      "vi-US"
    ]
  },
  {
    "timestamp_utc": "2024-10-29T03:21:25.871Z",
    "context_application_version": "8.9.86.419",
    "context_conn_country": "US",
    "context_device_manufacturer": "apple",
    "context_device_model": "iPhone13,4",
    "context_device_type": "mobile",
    "context_os_name": "ios",
    "context_os_version": "18.0.1",
    "context_receiver_service_timestamp": 1730172092265,
    "context_time": 1730172085871,
    "context_user_agent": null,
    "message_client_locale": "en",
    "message_os_locales": [
      "en-US",
      "vi-US"
    ]
  },
  {
    "timestamp_utc": "2024-09-16T18:10:39.113Z",
    "context_application_version": "8.9.74.535",
    "context_conn_country": "US",
    "context_device_manufacturer": "apple",
    "context_device_model": "iPhone13,4",
    "context_device_type": "mobile",
    "context_os_name": "ios",
    "context_os_version": "17.6.1",
    "context_receiver_service_timestamp": 1726510263007,
    "context_time": 1726510239113,
    "context_user_agent": null,
    "message_client_locale": "en",
    "message_os_locales": [
      "en-US",
      "vi-US"
    ]
  },
  {
    "timestamp_utc": "2024-11-19T03:26:51.816Z",
    "context_application_version": "8.9.90.84",
    "context_conn_country": "US",
    "context_device_manufacturer": "apple",
    "context_device_model": "iPhone13,4",
    "context_device_type": "mobile",
    "context_os_name": "ios",
    "context_os_version": "18.1",
    "context_receiver_service_timestamp": 1731986824039,
    "context_time": 1731986811816,
    "context_user_agent": null,
    "message_client_locale": "en",
    "message_os_locales": [
      "en-US",
      "vi-US"
    ]
  },
  {
    "timestamp_utc": "2024-09-12T00:30:15.360Z",
    "context_application_version": "8.9.70.592",
    "context_conn_country": "US",
    "context_device_manufacturer": "apple",
    "context_device_model": "iPhone13,4",
    "context_device_type": "mobile",
    "context_os_name": "ios",
    "context_os_version": "17.6.1",
    "context_receiver_service_timestamp": 1726101045610,
    "context_time": 1726101015360,
    "context_user_agent": null,
    "message_client_locale": "en",
    "message_os_locales": [
      "en-US",
      "vi-US"
    ]
  },
  {
    "timestamp_utc": "2024-10-23T07:33:35.894Z",
    "context_application_version": "8.9.82.628",
    "context_conn_country": "US",
    "context_device_manufacturer": "apple",
    "context_device_model": "iPad14,4",
    "context_device_type": "tablet",
    "context_os_name": "ios",
    "context_os_version": "18.0.1",
    "context_receiver_service_timestamp": 1729668845790,
    "context_time": 1729668815894,
    "context_user_agent": null,
    "message_client_locale": "en",
    "message_os_locales": [
      "en-US",
      "vi-US"
    ]
  },
  {
    "timestamp_utc": "2024-11-22T01:27:13.629Z",
    "context_application_version": "8.9.94.418",
    "context_conn_country": "US",
    "context_device_manufacturer": "apple",
    "context_device_model": "iPhone13,4",
    "context_device_type": "mobile",
    "context_os_name": "ios",
    "context_os_version": "18.1",
    "context_receiver_service_timestamp": 1732238863306,
    "context_time": 1732238833629,
    "context_user_agent": null,
    "message_client_locale": "en",
    "message_os_locales": [
      "en-US",
      "vi-US"
    ]
  },
  {
    "timestamp_utc": "2024-08-26T17:32:12.182Z",
    "context_application_version": "8.9.66.462",
    "context_conn_country": "US",
    "context_device_manufacturer": "apple",
    "context_device_model": "iPhone13,4",
    "context_device_type": "mobile",
    "context_os_name": "ios",
    "context_os_version": "17.5.1",
    "context_receiver_service_timestamp": 1724693562043,
    "context_time": 1724693532182,
    "context_user_agent": null,
    "message_client_locale": "en",
    "message_os_locales": [
      "en-US",
      "vi-US"
    ]
  },
  {
    "timestamp_utc": "2024-10-16T20:51:18.859Z",
    "context_application_version": "8.9.82.628",
    "context_conn_country": "US",
    "context_device_manufacturer": "apple",
    "context_device_model": "iPhone13,4",
    "context_device_type": "mobile",
    "context_os_name": "ios",
    "context_os_version": "18.0.1",
    "context_receiver_service_timestamp": 1729111892354,
    "context_time": 1729111878859,
    "context_user_agent": null,
    "message_client_locale": "en",
    "message_os_locales": [
      "en-US",
      "vi-US"
    ]
  },
  {
    "timestamp_utc": "2024-11-16T08:11:35.644Z",
    "context_application_version": "8.9.90.84",
    "context_conn_country": "US",
    "context_device_manufacturer": "apple",
    "context_device_model": "iPhone13,4",
    "context_device_type": "mobile",
    "context_os_name": "ios",
    "context_os_version": "18.0.1",
    "context_receiver_service_timestamp": 1731744710907,
    "context_time": 1731744695644,
    "context_user_agent": null,
    "message_client_locale": "en",
    "message_os_locales": [
      "en-US",
      "vi-US"
    ]
  },
  {
    "timestamp_utc": "2024-10-22T02:07:37.877Z",
    "context_application_version": "8.9.82.628",
    "context_conn_country": "US",
    "context_device_manufacturer": "apple",
    "context_device_model": "iPhone13,4",
    "context_device_type": "mobile",
    "context_os_name": "ios",
    "context_os_version": "18.0.1",
    "context_receiver_service_timestamp": 1729562868788,
    "context_time": 1729562857877,
    "context_user_agent": null,
    "message_client_locale": "en",
    "message_os_locales": [
      "en-US",
      "vi-US"
    ]
  },
  {
    "timestamp_utc": "2024-11-06T06:03:04.094Z",
    "context_application_version": "8.9.86.419",
    "context_conn_country": "US",
    "context_device_manufacturer": "apple",
    "context_device_model": "iPad14,4",
    "context_device_type": "tablet",
    "context_os_name": "ios",
    "context_os_version": "18.0.1",
    "context_receiver_service_timestamp": 1730872984849,
    "context_time": 1730872984094,
    "context_user_agent": null,
    "message_client_locale": "en",
    "message_os_locales": [
      "en-US",
      "vi-US"
    ]
  },
  {
    "timestamp_utc": "2024-09-03T05:43:52.323Z",
    "context_application_version": "8.9.68.490",
    "context_conn_country": "US",
    "context_device_manufacturer": "apple",
    "context_device_model": "iPad14,4",
    "context_device_type": "tablet",
    "context_os_name": "ios",
    "context_os_version": "17.6.1",
    "context_receiver_service_timestamp": 1725342251416,
    "context_time": 1725342232323,
    "context_user_agent": null,
    "message_client_locale": "en",
    "message_os_locales": [
      "en-US",
      "vi-US"
    ]
  },
  {
    "timestamp_utc": "2024-11-19T01:05:26.524Z",
    "context_application_version": "8.9.90.84",
    "context_conn_country": "US",
    "context_device_manufacturer": "apple",
    "context_device_model": "iPhone13,4",
    "context_device_type": "mobile",
    "context_os_name": "ios",
    "context_os_version": "18.0.1",
    "context_receiver_service_timestamp": 1731978343340,
    "context_time": 1731978326524,
    "context_user_agent": null,
    "message_client_locale": "en",
    "message_os_locales": [
      "en-US",
      "vi-US"
    ]
  },
  {
    "timestamp_utc": "2024-10-25T23:43:55.605Z",
    "context_application_version": "8.9.84.543",
    "context_conn_country": "US",
    "context_device_manufacturer": "apple",
    "context_device_model": "iPhone13,4",
    "context_device_type": "mobile",
    "context_os_name": "ios",
    "context_os_version": "18.0.1",
    "context_receiver_service_timestamp": 1729899865636,
    "context_time": 1729899835605,
    "context_user_agent": null,
    "message_client_locale": "en",
    "message_os_locales": [
      "en-US",
      "vi-US"
    ]
  },
  {
    "timestamp_utc": "2024-10-12T00:01:47.511Z",
    "context_application_version": "8.9.82.628",
    "context_conn_country": "US",
    "context_device_manufacturer": "apple",
    "context_device_model": "iPhone13,4",
    "context_device_type": "mobile",
    "context_os_name": "ios",
    "context_os_version": "18.0.1",
    "context_receiver_service_timestamp": 1728691310157,
    "context_time": 1728691307511,
    "context_user_agent": null,
    "message_client_locale": "en",
    "message_os_locales": [
      "en-US",
      "vi-US"
    ]
  },
  {
    "timestamp_utc": "2024-09-28T02:17:15.895Z",
    "context_application_version": "8.9.76.516",
    "context_conn_country": "US",
    "context_device_manufacturer": "apple",
    "context_device_model": "iPhone13,4",
    "context_device_type": "mobile",
    "context_os_name": "ios",
    "context_os_version": "18.0",
    "context_receiver_service_timestamp": 1727489843301,
    "context_time": 1727489835895,
    "context_user_agent": null,
    "message_client_locale": "en",
    "message_os_locales": [
      "en-US",
      "vi-US"
    ]
  },
  {
    "timestamp_utc": "2024-10-15T22:06:33.780Z",
    "context_application_version": "8.9.82.628",
    "context_conn_country": "US",
    "context_device_manufacturer": "apple",
    "context_device_model": "iPhone13,4",
    "context_device_type": "mobile",
    "context_os_name": "ios",
    "context_os_version": "18.0.1",
    "context_receiver_service_timestamp": 1729030005807,
    "context_time": 1729029993780,
    "context_user_agent": null,
    "message_client_locale": "en",
    "message_os_locales": [
      "en-US",
      "vi-US"
    ]
  },
  {
    "timestamp_utc": "2024-10-14T23:16:59.712Z",
    "context_application_version": "8.9.82.628",
    "context_conn_country": "US",
    "context_device_manufacturer": "apple",
    "context_device_model": "iPhone13,4",
    "context_device_type": "mobile",
    "context_os_name": "ios",
    "context_os_version": "18.0.1",
    "context_receiver_service_timestamp": 1728947833217,
    "context_time": 1728947819712,
    "context_user_agent": null,
    "message_client_locale": "en",
    "message_os_locales": [
      "en-US",
      "vi-US"
    ]
  },
  {
    "timestamp_utc": "2024-10-04T01:12:26.690Z",
    "context_application_version": "8.9.76.516",
    "context_conn_country": "US",
    "context_device_manufacturer": "apple",
    "context_device_model": "iPhone13,4",
    "context_device_type": "mobile",
    "context_os_name": "ios",
    "context_os_version": "18.0",
    "context_receiver_service_timestamp": 1728004376617,
    "context_time": 1728004346690,
    "context_user_agent": null,
    "message_client_locale": "en",
    "message_os_locales": [
      "en-US",
      "vi-US"
    ]
  },
  {
    "timestamp_utc": "2024-08-28T21:46:57.413Z",
    "context_application_version": "8.9.68.490",
    "context_conn_country": "US",
    "context_device_manufacturer": "apple",
    "context_device_model": "iPad14,4",
    "context_device_type": "tablet",
    "context_os_name": "ios",
    "context_os_version": "17.5.1",
    "context_receiver_service_timestamp": 1724881647215,
    "context_time": 1724881617413,
    "context_user_agent": null,
    "message_client_locale": "en",
    "message_os_locales": [
      "en-US",
      "vi-US"
    ]
  }
]