[
  {
    "timestamp_utc": "2024-09-13T20:30:00.836Z",
    "context_application_version": "8.9.74.535",
    "context_conn_country": "US",
    "context_device_manufacturer": "apple",
    "context_device_model": "iPhone13,4",
    "context_device_type": "mobile",
    "context_os_name": "ios",
    "context_os_version": "17.6.1",
    "context_receiver_service_timestamp": 1726259402503,
    "context_time": 1726259400836,
    "message_client_id": "8b7569cef4fc4ee09d07142d8a4b2f6b",
    "message_redirect_uri": "comgooglemaps://"
  },
  {
    "timestamp_utc": "2024-11-13T02:11:34.062Z",
    "context_application_version": "8.9.90.84",
    "context_conn_country": "US",
    "context_device_manufacturer": "apple",
    "context_device_model": "iPhone13,4",
    "context_device_type": "mobile",
    "context_os_name": "ios",
    "context_os_version": "18.0.1",
    "context_receiver_service_timestamp": 1731463896235,
    "context_time": 1731463894062,
    "message_client_id": "8b7569cef4fc4ee09d07142d8a4b2f6b",
    "message_redirect_uri": "comgooglemaps://"
  },
  {
    "timestamp_utc": "2024-10-03T01:06:36.868Z",
    "context_application_version": "8.9.76.516",
    "context_conn_country": "US",
    "context_device_manufacturer": "apple",
    "context_device_model": "iPhone13,4",
    "context_device_type": "mobile",
    "context_os_name": "ios",
    "context_os_version": "18.0",
    "context_receiver_service_timestamp": 1727917615536,
    "context_time": 1727917596868,
    "message_client_id": "949ee5eac701483299bde049ac493baf",
    "message_redirect_uri": "https://www.tiktok.com/third-party-oauth-redirect/music/spotify"
  },
  {
    "timestamp_utc": "2024-11-15T19:05:45.780Z",
    "context_application_version": "8.9.90.84",
    "context_conn_country": "US",
    "context_device_manufacturer": "apple",
    "context_device_model": "iPhone13,4",
    "context_device_type": "mobile",
    "context_os_name": "ios",
    "context_os_version": "18.0.1",
    "context_receiver_service_timestamp": 1731697548412,
    "context_time": 1731697545780,
    "message_client_id": "8b7569cef4fc4ee09d07142d8a4b2f6b",
    "message_redirect_uri": "comgooglemaps://"
  },
  {
    "timestamp_utc": "2024-09-11T23:48:11.907Z",
    "context_application_version": "8.9.70.592",
    "context_conn_country": "US",
    "context_device_manufacturer": "apple",
    "context_device_model": "iPhone13,4",
    "context_device_type": "mobile",
    "context_os_name": "ios",
    "context_os_version": "17.6.1",
    "context_receiver_service_timestamp": 1726098495793,
    "context_time": 1726098491907,
    "message_client_id": "8b7569cef4fc4ee09d07142d8a4b2f6b",
    "message_redirect_uri": "comgooglemaps://"
  },
  {
    "timestamp_utc": "2024-09-18T21:33:37.254Z",
    "context_application_version": "8.9.74.535",
    "context_conn_country": "US",
    "context_device_manufacturer": "apple",
    "context_device_model": "iPhone13,4",
    "context_device_type": "mobile",
    "context_os_name": "ios",
    "context_os_version": "17.6.1",
    "context_receiver_service_timestamp": 1726695236063,
    "context_time": 1726695217254,
    "message_client_id": "8b7569cef4fc4ee09d07142d8a4b2f6b",
    "message_redirect_uri": "comgooglemaps://"
  },
  {
    "timestamp_utc": "2024-09-16T18:26:58.998Z",
    "context_application_version": "8.9.74.535",
    "context_conn_country": "US",
    "context_device_manufacturer": "apple",
    "context_device_model": "iPhone13,4",
    "context_device_type": "mobile",
    "context_os_name": "ios",
    "context_os_version": "17.6.1",
    "context_receiver_service_timestamp": 1726511229107,
    "context_time": 1726511218998,
    "message_client_id": "8b7569cef4fc4ee09d07142d8a4b2f6b",
    "message_redirect_uri": "comgooglemaps://"
  },
  {
    "timestamp_utc": "2024-08-27T01:15:45.427Z",
    "context_application_version": "8.9.68.490",
    "context_conn_country": "US",
    "context_device_manufacturer": "apple",
    "context_device_model": "iPhone13,4",
    "context_device_type": "mobile",
    "context_os_name": "ios",
    "context_os_version": "17.5.1",
    "context_receiver_service_timestamp": 1724721367856,
    "context_time": 1724721345427,
    "message_client_id": "8b7569cef4fc4ee09d07142d8a4b2f6b",
    "message_redirect_uri": "comgooglemaps://"
  },
  {
    "timestamp_utc": "2024-09-09T18:21:38.236Z",
    "context_application_version": "8.9.70.592",
    "context_conn_country": "US",
    "context_device_manufacturer": "apple",
    "context_device_model": "iPhone13,4",
    "context_device_type": "mobile",
    "context_os_name": "ios",
    "context_os_version": "17.6.1",
    "context_receiver_service_timestamp": 1725906102218,
    "context_time": 1725906098236,
    "message_client_id": "8b7569cef4fc4ee09d07142d8a4b2f6b",
    "message_redirect_uri": "comgooglemaps://"
  },
  {
    "timestamp_utc": "2024-11-01T18:24:57.814Z",
    "context_application_version": "8.9.86.419",
    "context_conn_country": "US",
    "context_device_manufacturer": "apple",
    "context_device_model": "iPhone13,4",
    "context_device_type": "mobile",
    "context_os_name": "ios",
    "context_os_version": "18.0.1",
    "context_receiver_service_timestamp": 1730485498042,
    "context_time": 1730485497814,
    "message_client_id": "8b7569cef4fc4ee09d07142d8a4b2f6b",
    "message_redirect_uri": "comgooglemaps://"
  },
  {
    "timestamp_utc": "2024-08-27T00:32:29.768Z",
    "context_application_version": "8.9.68.490",
    "context_conn_country": "US",
    "context_device_manufacturer": "apple",
    "context_device_model": "iPhone13,4",
    "context_device_type": "mobile",
    "context_os_name": "ios",
    "context_os_version": "17.5.1",
    "context_receiver_service_timestamp": 1724718751945,
    "context_time": 1724718749768,
    "message_client_id": "8b7569cef4fc4ee09d07142d8a4b2f6b",
    "message_redirect_uri": "comgooglemaps://"
  },
  {
    "timestamp_utc": "2024-10-30T16:38:13.712Z",
    "context_application_version": "8.9.86.419",
    "context_conn_country": "US",
    "context_device_manufacturer": "apple",
    "context_device_model": "iPhone13,4",
    "context_device_type": "mobile",
    "context_os_name": "ios",
    "context_os_version": "18.0.1",
    "context_receiver_service_timestamp": 1730306295837,
    "context_time": 1730306293712,
    "message_client_id": "8b7569cef4fc4ee09d07142d8a4b2f6b",
    "message_redirect_uri": "comgooglemaps://"
  },
  {
    "timestamp_utc": "2024-11-12T03:36:19.577Z",
    "context_application_version": "8.9.90.84",
    "context_conn_country": "US",
    "context_device_manufacturer": "apple",
    "context_device_model": "iPhone13,4",
    "context_device_type": "mobile",
    "context_os_name": "ios",
    "context_os_version": "18.0.1",
    "context_receiver_service_timestamp": 1731382581824,
    "context_time": 1731382579577,
    "message_client_id": "8b7569cef4fc4ee09d07142d8a4b2f6b",
    "message_redirect_uri": "comgooglemaps://"
  }
]