[
  {
    "timestamp_utc": "2024-09-11T23:48:12.191Z",
    "context_application_version": "8.9.70.592",
    "context_conn_country": "US",
    "context_device_manufacturer": "apple",
    "context_device_model": "iPhone13,4",
    "context_device_type": "mobile",
    "context_os_name": "ios",
    "context_os_version": "17.6.1",
    "context_receiver_service_timestamp": 1726098495793,
    "context_time": 1726098492191,
    "message_app_id": "com.google.Maps",
    "message_auth_id": "AC4EE986-8B88-4A46-82E6-AD2360D8B6F6",
    "message_client_id": "8b7569cef4fc4ee09d07142d8a4b2f6b",
    "message_integration_initiated": true,
    "message_is_offline": false,
    "message_redirect_uri": "comgooglemaps://",
    "message_response_type": "token",
    "message_scopes": [
      "app-remote-control"
    ]
  },
  {
    "timestamp_utc": "2024-09-09T18:21:40.906Z",
    "context_application_version": "8.9.70.592",
    "context_conn_country": "US",
    "context_device_manufacturer": "apple",
    "context_device_model": "iPhone13,4",
    "context_device_type": "mobile",
    "context_os_name": "ios",
    "context_os_version": "17.6.1",
    "context_receiver_service_timestamp": 1725906102218,
    "context_time": 1725906100906,
    "message_app_id": "com.google.Maps",
    "message_auth_id": "1E3930F8-6935-4BB0-A697-80F72C1317BC",
    "message_client_id": "8b7569cef4fc4ee09d07142d8a4b2f6b",
    "message_integration_initiated": true,
    "message_is_offline": false,
    "message_redirect_uri": "comgooglemaps://",
    "message_response_type": "token",
    "message_scopes": [
      "app-remote-control"
    ]
  },
  {
    "timestamp_utc": "2024-11-12T03:36:19.938Z",
    "context_application_version": "8.9.90.84",
    "context_conn_country": "US",
    "context_device_manufacturer": "apple",
    "context_device_model": "iPhone13,4",
    "context_device_type": "mobile",
    "context_os_name": "ios",
    "context_os_version": "18.0.1",
    "context_receiver_service_timestamp": 1731382581824,
    "context_time": 1731382579938,
    "message_app_id": "",
    "message_auth_id": "420C8D5D-2F0C-49D7-8F5C-0E8E1ED85EA1",
    "message_client_id": "8b7569cef4fc4ee09d07142d8a4b2f6b",
    "message_integration_initiated": true,
    "message_is_offline": false,
    "message_redirect_uri": "comgooglemaps://",
    "message_response_type": "token",
    "message_scopes": [
      "app-remote-control"
    ]
  },
  {
    "timestamp_utc": "2024-09-18T21:33:37.635Z",
    "context_application_version": "8.9.74.535",
    "context_conn_country": "US",
    "context_device_manufacturer": "apple",
    "context_device_model": "iPhone13,4",
    "context_device_type": "mobile",
    "context_os_name": "ios",
    "context_os_version": "17.6.1",
    "context_receiver_service_timestamp": 1726695236063,
    "context_time": 1726695217635,
    "message_app_id": "com.google.Maps",
    "message_auth_id": "85C0A915-710F-4B1C-A9A2-0B302AE738BD",
    "message_client_id": "8b7569cef4fc4ee09d07142d8a4b2f6b",
    "message_integration_initiated": true,
    "message_is_offline": false,
    "message_redirect_uri": "comgooglemaps://",
    "message_response_type": "token",
    "message_scopes": [
      "app-remote-control"
    ]
  },
  {
    "timestamp_utc": "2024-09-16T18:26:59.471Z",
    "context_application_version": "8.9.74.535",
    "context_conn_country": "US",
    "context_device_manufacturer": "apple",
    "context_device_model": "iPhone13,4",
    "context_device_type": "mobile",
    "context_os_name": "ios",
    "context_os_version": "17.6.1",
    "context_receiver_service_timestamp": 1726511229107,
    "context_time": 1726511219471,
    "message_app_id": "com.google.Maps",
    "message_auth_id": "E8A1E1F5-4F2F-4439-83FB-68F98F7417A5",
    "message_client_id": "8b7569cef4fc4ee09d07142d8a4b2f6b",
    "message_integration_initiated": true,
    "message_is_offline": false,
    "message_redirect_uri": "comgooglemaps://",
    "message_response_type": "token",
    "message_scopes": [
      "app-remote-control"
    ]
  },
  {
    "timestamp_utc": "2024-08-27T00:32:30.077Z",
    "context_application_version": "8.9.68.490",
    "context_conn_country": "US",
    "context_device_manufacturer": "apple",
    "context_device_model": "iPhone13,4",
    "context_device_type": "mobile",
    "context_os_name": "ios",
    "context_os_version": "17.5.1",
    "context_receiver_service_timestamp": 1724718751945,
    "context_time": 1724718750077,
    "message_app_id": "com.google.Maps",
    "message_auth_id": "C4462055-1DFA-4E76-A423-865EFD1C518C",
    "message_client_id": "8b7569cef4fc4ee09d07142d8a4b2f6b",
    "message_integration_initiated": true,
    "message_is_offline": false,
    "message_redirect_uri": "comgooglemaps://",
    "message_response_type": "token",
    "message_scopes": [
      "app-remote-control"
    ]
  },
  {
    "timestamp_utc": "2024-10-03T01:06:36.875Z",
    "context_application_version": "8.9.76.516",
    "context_conn_country": "US",
    "context_device_manufacturer": "apple",
    "context_device_model": "iPhone13,4",
    "context_device_type": "mobile",
    "context_os_name": "ios",
    "context_os_version": "18.0",
    "context_receiver_service_timestamp": 1727917615536,
    "context_time": 1727917596875,
    "message_app_id": null,
    "message_auth_id": "A621222E-D9E7-45F6-91BB-83E2EDC9B353",
    "message_client_id": "949ee5eac701483299bde049ac493baf",
    "message_integration_initiated": true,
    "message_is_offline": false,
    "message_redirect_uri": "https://www.tiktok.com/third-party-oauth-redirect/music/spotify",
    "message_response_type": "code",
    "message_scopes": [
      "user-library-modify"
    ]
  },
  {
    "timestamp_utc": "2024-10-30T16:38:14.049Z",
    "context_application_version": "8.9.86.419",
    "context_conn_country": "US",
    "context_device_manufacturer": "apple",
    "context_device_model": "iPhone13,4",
    "context_device_type": "mobile",
    "context_os_name": "ios",
    "context_os_version": "18.0.1",
    "context_receiver_service_timestamp": 1730306295837,
    "context_time": 1730306294049,
    "message_app_id": "",
    "message_auth_id": "BC22E3F1-A6F3-4FAA-BEAD-63A81F8B3B8F",
    "message_client_id": "8b7569cef4fc4ee09d07142d8a4b2f6b",
    "message_integration_initiated": true,
    "message_is_offline": false,
    "message_redirect_uri": "comgooglemaps://",
    "message_response_type": "token",
    "message_scopes": [
      "app-remote-control"
    ]
  },
  {
    "timestamp_utc": "2024-11-13T02:11:34.174Z",
    "context_application_version": "8.9.90.84",
    "context_conn_country": "US",
    "context_device_manufacturer": "apple",
    "context_device_model": "iPhone13,4",
    "context_device_type": "mobile",
    "context_os_name": "ios",
    "context_os_version": "18.0.1",
    "context_receiver_service_timestamp": 1731463896235,
    "context_time": 1731463894174,
    "message_app_id": "",
    "message_auth_id": "8906FDB9-B301-4565-AA6C-0190478BAFF3",
    "message_client_id": "8b7569cef4fc4ee09d07142d8a4b2f6b",
    "message_integration_initiated": true,
    "message_is_offline": false,
    "message_redirect_uri": "comgooglemaps://",
    "message_response_type": "token",
    "message_scopes": [
      "app-remote-control"
    ]
  },
  {
    "timestamp_utc": "2024-11-15T19:05:46.207Z",
    "context_application_version": "8.9.90.84",
    "context_conn_country": "US",
    "context_device_manufacturer": "apple",
    "context_device_model": "iPhone13,4",
    "context_device_type": "mobile",
    "context_os_name": "ios",
    "context_os_version": "18.0.1",
    "context_receiver_service_timestamp": 1731697548412,
    "context_time": 1731697546207,
    "message_app_id": "",
    "message_auth_id": "C40B4C06-4508-4947-B104-49C391751365",
    "message_client_id": "8b7569cef4fc4ee09d07142d8a4b2f6b",
    "message_integration_initiated": true,
    "message_is_offline": false,
    "message_redirect_uri": "comgooglemaps://",
    "message_response_type": "token",
    "message_scopes": [
      "app-remote-control"
    ]
  },
  {
    "timestamp_utc": "2024-09-13T20:30:01.172Z",
    "context_application_version": "8.9.74.535",
    "context_conn_country": "US",
    "context_device_manufacturer": "apple",
    "context_device_model": "iPhone13,4",
    "context_device_type": "mobile",
    "context_os_name": "ios",
    "context_os_version": "17.6.1",
    "context_receiver_service_timestamp": 1726259402503,
    "context_time": 1726259401172,
    "message_app_id": "com.google.Maps",
    "message_auth_id": "E24765DD-3436-4A4A-9776-4DB78F5D912E",
    "message_client_id": "8b7569cef4fc4ee09d07142d8a4b2f6b",
    "message_integration_initiated": true,
    "message_is_offline": false,
    "message_redirect_uri": "comgooglemaps://",
    "message_response_type": "token",
    "message_scopes": [
      "app-remote-control"
    ]
  },
  {
    "timestamp_utc": "2024-11-01T18:24:58.156Z",
    "context_application_version": "8.9.86.419",
    "context_conn_country": "US",
    "context_device_manufacturer": "apple",
    "context_device_model": "iPhone13,4",
    "context_device_type": "mobile",
    "context_os_name": "ios",
    "context_os_version": "18.0.1",
    "context_receiver_service_timestamp": 1730485503093,
    "context_time": 1730485498156,
    "message_app_id": "",
    "message_auth_id": "0EDAD016-049A-41F1-94D7-B1C0ED3364DA",
    "message_client_id": "8b7569cef4fc4ee09d07142d8a4b2f6b",
    "message_integration_initiated": true,
    "message_is_offline": false,
    "message_redirect_uri": "comgooglemaps://",
    "message_response_type": "token",
    "message_scopes": [
      "app-remote-control"
    ]
  }
]