[
  {
    "message_geohash": "9qcb2eedu30x",
    "timestamp_utc": "2024-10-14T23:36:29.161Z",
    "context_time": 1728948989161,
    "message_artist_id": [
      "4WC54JUV6ewZOuz8Cl2Cym"
    ],
    "message_concerts_count": 0,
    "message_country": "VN"
  },
  {
    "message_geohash": "9qc8ptb2k7zp",
    "timestamp_utc": "2024-10-30T01:44:33.923Z",
    "context_time": 1730252673923,
    "message_artist_id": [
      "5sHlUJiG0VTOGG6g9u3TFF",
      "1kUoAKQ81Wb7PnlLsNVxiu",
      "7A3EfKcEMZeHldRMXJmB45",
      "18oYqNtcLUHrqO7LfX7qni"
    ],
    "message_concerts_count": 0,
    "message_country": "VN"
  },
  {
    "message_geohash": "9qcb2eedu30x",
    "timestamp_utc": "2024-09-06T21:59:57.623Z",
    "context_time": 1725659997623,
    "message_artist_id": [
      "4WC54JUV6ewZOuz8Cl2Cym"
    ],
    "message_concerts_count": 0,
    "message_country": "VN"
  },
  {
    "message_geohash": "9qc8ptb2k7zp",
    "timestamp_utc": "2024-10-30T01:44:34.086Z",
    "context_time": 1730252674086,
    "message_artist_id": [
      "4WC54JUV6ewZOuz8Cl2Cym"
    ],
    "message_concerts_count": 0,
    "message_country": "VN"
  },
  {
    "message_geohash": "9qcb2eedu30x",
    "timestamp_utc": "2024-10-14T23:36:29.157Z",
    "context_time": 1728948989157,
    "message_artist_id": [
      "5sHlUJiG0VTOGG6g9u3TFF",
      "0EcpwT0swvhDZREN96fO4x",
      "5kjb55jtwPnbYXXDvP4x7R",
      "6MbrXabb7Hp8GadAGvQ2JC",
      "6AX7MAhb6m7DTPADxdXNNV",
      "7MMx9v4tYXJYIH8iFiiArC",
      "1O7IHNwUuOSOnMIS1ueGEJ",
      "5GARimhxfjVVPvVBsplJlv"
    ],
    "message_concerts_count": 0,
    "message_country": "VN"
  }
]