[
  {
    "timestamp_utc": "2024-09-18T20:40:48.107Z",
    "context_application_version": "8.9.74.535",
    "context_conn_country": "US",
    "context_device_manufacturer": "apple",
    "context_device_model": "iPhone13,4",
    "context_device_type": "mobile",
    "context_os_name": "ios",
    "context_os_version": "17.6.1",
    "context_receiver_service_timestamp": 1726692048539,
    "context_time": 1726692048107,
    "message_connect_in_background_enabled": true,
    "message_local_devices_only_enabled": false
  },
  {
    "timestamp_utc": "2024-10-04T01:12:26.458Z",
    "context_application_version": "8.9.76.516",
    "context_conn_country": "US",
    "context_device_manufacturer": "apple",
    "context_device_model": "iPhone13,4",
    "context_device_type": "mobile",
    "context_os_name": "ios",
    "context_os_version": "18.0",
    "context_receiver_service_timestamp": 1728004347567,
    "context_time": 1728004346458,
    "message_connect_in_background_enabled": true,
    "message_local_devices_only_enabled": false
  },
  {
    "timestamp_utc": "2024-10-07T23:05:56.561Z",
    "context_application_version": "8.9.76.516",
    "context_conn_country": "US",
    "context_device_manufacturer": "apple",
    "context_device_model": "iPhone13,4",
    "context_device_type": "mobile",
    "context_os_name": "ios",
    "context_os_version": "18.0.1",
    "context_receiver_service_timestamp": 1728342357474,
    "context_time": 1728342356561,
    "message_connect_in_background_enabled": true,
    "message_local_devices_only_enabled": false
  },
  {
    "timestamp_utc": "2024-10-04T19:15:14.480Z",
    "context_application_version": "8.9.76.516",
    "context_conn_country": "US",
    "context_device_manufacturer": "apple",
    "context_device_model": "iPhone13,4",
    "context_device_type": "mobile",
    "context_os_name": "ios",
    "context_os_version": "18.0",
    "context_receiver_service_timestamp": 1728069315193,
    "context_time": 1728069314480,
    "message_connect_in_background_enabled": true,
    "message_local_devices_only_enabled": false
  },
  {
    "timestamp_utc": "2024-11-10T03:11:49.530Z",
    "context_application_version": "8.9.90.84",
    "context_conn_country": "US",
    "context_device_manufacturer": "apple",
    "context_device_model": "iPad14,4",
    "context_device_type": "tablet",
    "context_os_name": "ios",
    "context_os_version": "18.0.1",
    "context_receiver_service_timestamp": 1731208310553,
    "context_time": 1731208309530,
    "message_connect_in_background_enabled": true,
    "message_local_devices_only_enabled": false
  },
  {
    "timestamp_utc": "2024-09-13T16:26:12.449Z",
    "context_application_version": "8.9.74.535",
    "context_conn_country": "US",
    "context_device_manufacturer": "apple",
    "context_device_model": "iPhone13,4",
    "context_device_type": "mobile",
    "context_os_name": "ios",
    "context_os_version": "17.6.1",
    "context_receiver_service_timestamp": 1726244773350,
    "context_time": 1726244772449,
    "message_connect_in_background_enabled": true,
    "message_local_devices_only_enabled": false
  },
  {
    "timestamp_utc": "2024-11-12T08:03:07.494Z",
    "context_application_version": "8.9.90.84",
    "context_conn_country": "US",
    "context_device_manufacturer": "apple",
    "context_device_model": "iPad14,4",
    "context_device_type": "tablet",
    "context_os_name": "ios",
    "context_os_version": "18.0.1",
    "context_receiver_service_timestamp": 1731398588315,
    "context_time": 1731398587494,
    "message_connect_in_background_enabled": true,
    "message_local_devices_only_enabled": false
  },
  {
    "timestamp_utc": "2024-08-27T04:28:54.005Z",
    "context_application_version": "8.9.68.490",
    "context_conn_country": "US",
    "context_device_manufacturer": "apple",
    "context_device_model": "iPad14,4",
    "context_device_type": "tablet",
    "context_os_name": "ios",
    "context_os_version": "17.5.1",
    "context_receiver_service_timestamp": 1724732934883,
    "context_time": 1724732934005,
    "message_connect_in_background_enabled": true,
    "message_local_devices_only_enabled": false
  },
  {
    "timestamp_utc": "2024-09-28T02:17:15.545Z",
    "context_application_version": "8.9.76.516",
    "context_conn_country": "US",
    "context_device_manufacturer": "apple",
    "context_device_model": "iPhone13,4",
    "context_device_type": "mobile",
    "context_os_name": "ios",
    "context_os_version": "18.0",
    "context_receiver_service_timestamp": 1727489836350,
    "context_time": 1727489835545,
    "message_connect_in_background_enabled": true,
    "message_local_devices_only_enabled": false
  },
  {
    "timestamp_utc": "2024-11-22T19:20:33.933Z",
    "context_application_version": "8.9.94.418",
    "context_conn_country": "US",
    "context_device_manufacturer": "apple",
    "context_device_model": "iPhone13,4",
    "context_device_type": "mobile",
    "context_os_name": "ios",
    "context_os_version": "18.1",
    "context_receiver_service_timestamp": 1732303234896,
    "context_time": 1732303233933,
    "message_connect_in_background_enabled": true,
    "message_local_devices_only_enabled": false
  },
  {
    "timestamp_utc": "2024-10-23T07:33:35.721Z",
    "context_application_version": "8.9.82.628",
    "context_conn_country": "US",
    "context_device_manufacturer": "apple",
    "context_device_model": "iPad14,4",
    "context_device_type": "tablet",
    "context_os_name": "ios",
    "context_os_version": "18.0.1",
    "context_receiver_service_timestamp": 1729668816446,
    "context_time": 1729668815721,
    "message_connect_in_background_enabled": true,
    "message_local_devices_only_enabled": false
  },
  {
    "timestamp_utc": "2024-10-29T03:21:25.736Z",
    "context_application_version": "8.9.86.419",
    "context_conn_country": "US",
    "context_device_manufacturer": "apple",
    "context_device_model": "iPhone13,4",
    "context_device_type": "mobile",
    "context_os_name": "ios",
    "context_os_version": "18.0.1",
    "context_receiver_service_timestamp": 1730172086609,
    "context_time": 1730172085736,
    "message_connect_in_background_enabled": true,
    "message_local_devices_only_enabled": false
  },
  {
    "timestamp_utc": "2024-11-22T01:27:13.430Z",
    "context_application_version": "8.9.94.418",
    "context_conn_country": "US",
    "context_device_manufacturer": "apple",
    "context_device_model": "iPhone13,4",
    "context_device_type": "mobile",
    "context_os_name": "ios",
    "context_os_version": "18.1",
    "context_receiver_service_timestamp": 1732238834394,
    "context_time": 1732238833430,
    "message_connect_in_background_enabled": true,
    "message_local_devices_only_enabled": false
  },
  {
    "timestamp_utc": "2024-09-23T18:23:17.236Z",
    "context_application_version": "8.9.76.516",
    "context_conn_country": "US",
    "context_device_manufacturer": "apple",
    "context_device_model": "iPhone13,4",
    "context_device_type": "mobile",
    "context_os_name": "ios",
    "context_os_version": "17.6.1",
    "context_receiver_service_timestamp": 1727115798598,
    "context_time": 1727115797236,
    "message_connect_in_background_enabled": true,
    "message_local_devices_only_enabled": false
  },
  {
    "timestamp_utc": "2024-11-03T21:38:25.280Z",
    "context_application_version": "8.9.86.419",
    "context_conn_country": "US",
    "context_device_manufacturer": "apple",
    "context_device_model": "iPhone13,4",
    "context_device_type": "mobile",
    "context_os_name": "ios",
    "context_os_version": "18.0.1",
    "context_receiver_service_timestamp": 1730669906288,
    "context_time": 1730669905280,
    "message_connect_in_background_enabled": true,
    "message_local_devices_only_enabled": false
  },
  {
    "timestamp_utc": "2024-10-14T23:16:59.497Z",
    "context_application_version": "8.9.82.628",
    "context_conn_country": "US",
    "context_device_manufacturer": "apple",
    "context_device_model": "iPhone13,4",
    "context_device_type": "mobile",
    "context_os_name": "ios",
    "context_os_version": "18.0.1",
    "context_receiver_service_timestamp": 1728947819735,
    "context_time": 1728947819497,
    "message_connect_in_background_enabled": true,
    "message_local_devices_only_enabled": false
  },
  {
    "timestamp_utc": "2024-09-01T20:43:10.671Z",
    "context_application_version": "8.9.68.490",
    "context_conn_country": "US",
    "context_device_manufacturer": "apple",
    "context_device_model": "iPhone13,4",
    "context_device_type": "mobile",
    "context_os_name": "ios",
    "context_os_version": "17.6.1",
    "context_receiver_service_timestamp": 1725223393333,
    "context_time": 1725223390671,
    "message_connect_in_background_enabled": true,
    "message_local_devices_only_enabled": false
  },
  {
    "timestamp_utc": "2024-09-10T23:56:41.846Z",
    "context_application_version": "8.9.70.592",
    "context_conn_country": "US",
    "context_device_manufacturer": "apple",
    "context_device_model": "iPhone13,4",
    "context_device_type": "mobile",
    "context_os_name": "ios",
    "context_os_version": "17.6.1",
    "context_receiver_service_timestamp": 1726012602435,
    "context_time": 1726012601846,
    "message_connect_in_background_enabled": true,
    "message_local_devices_only_enabled": false
  },
  {
    "timestamp_utc": "2024-09-28T23:20:01.459Z",
    "context_application_version": "8.9.76.516",
    "context_conn_country": "US",
    "context_device_manufacturer": "apple",
    "context_device_model": "iPhone13,4",
    "context_device_type": "mobile",
    "context_os_name": "ios",
    "context_os_version": "18.0",
    "context_receiver_service_timestamp": 1727565602376,
    "context_time": 1727565601459,
    "message_connect_in_background_enabled": true,
    "message_local_devices_only_enabled": false
  },
  {
    "timestamp_utc": "2024-10-16T20:51:18.689Z",
    "context_application_version": "8.9.82.628",
    "context_conn_country": "US",
    "context_device_manufacturer": "apple",
    "context_device_model": "iPhone13,4",
    "context_device_type": "mobile",
    "context_os_name": "ios",
    "context_os_version": "18.0.1",
    "context_receiver_service_timestamp": 1729111879113,
    "context_time": 1729111878689,
    "message_connect_in_background_enabled": true,
    "message_local_devices_only_enabled": false
  },
  {
    "timestamp_utc": "2024-09-01T17:10:51.537Z",
    "context_application_version": "8.9.68.490",
    "context_conn_country": "US",
    "context_device_manufacturer": "apple",
    "context_device_model": "iPhone13,4",
    "context_device_type": "mobile",
    "context_os_name": "ios",
    "context_os_version": "17.6.1",
    "context_receiver_service_timestamp": 1725210652595,
    "context_time": 1725210651537,
    "message_connect_in_background_enabled": true,
    "message_local_devices_only_enabled": false
  },
  {
    "timestamp_utc": "2024-10-20T00:30:01.020Z",
    "context_application_version": "8.9.82.628",
    "context_conn_country": "US",
    "context_device_manufacturer": "apple",
    "context_device_model": "iPhone13,4",
    "context_device_type": "mobile",
    "context_os_name": "ios",
    "context_os_version": "18.0.1",
    "context_receiver_service_timestamp": 1729384201800,
    "context_time": 1729384201020,
    "message_connect_in_background_enabled": true,
    "message_local_devices_only_enabled": false
  },
  {
    "timestamp_utc": "2024-09-06T23:13:03.587Z",
    "context_application_version": "8.9.70.592",
    "context_conn_country": "US",
    "context_device_manufacturer": "apple",
    "context_device_model": "iPhone13,4",
    "context_device_type": "mobile",
    "context_os_name": "ios",
    "context_os_version": "17.6.1",
    "context_receiver_service_timestamp": 1725664384004,
    "context_time": 1725664383587,
    "message_connect_in_background_enabled": true,
    "message_local_devices_only_enabled": false
  },
  {
    "timestamp_utc": "2024-10-01T00:12:56.985Z",
    "context_application_version": "8.9.76.516",
    "context_conn_country": "US",
    "context_device_manufacturer": "apple",
    "context_device_model": "iPhone13,4",
    "context_device_type": "mobile",
    "context_os_name": "ios",
    "context_os_version": "18.0",
    "context_receiver_service_timestamp": 1727741578996,
    "context_time": 1727741576985,
    "message_connect_in_background_enabled": true,
    "message_local_devices_only_enabled": false
  },
  {
    "timestamp_utc": "2024-10-09T16:45:25.055Z",
    "context_application_version": "8.9.76.516",
    "context_conn_country": "US",
    "context_device_manufacturer": "apple",
    "context_device_model": "iPhone13,4",
    "context_device_type": "mobile",
    "context_os_name": "ios",
    "context_os_version": "18.0.1",
    "context_receiver_service_timestamp": 1728492325680,
    "context_time": 1728492325055,
    "message_connect_in_background_enabled": true,
    "message_local_devices_only_enabled": false
  },
  {
    "timestamp_utc": "2024-11-10T01:12:42.389Z",
    "context_application_version": "8.9.86.419",
    "context_conn_country": "US",
    "context_device_manufacturer": "apple",
    "context_device_model": "iPhone13,4",
    "context_device_type": "mobile",
    "context_os_name": "ios",
    "context_os_version": "18.0.1",
    "context_receiver_service_timestamp": 1731201162796,
    "context_time": 1731201162389,
    "message_connect_in_background_enabled": true,
    "message_local_devices_only_enabled": false
  },
  {
    "timestamp_utc": "2024-10-24T23:58:28.460Z",
    "context_application_version": "8.9.86.419",
    "context_conn_country": "US",
    "context_device_manufacturer": "apple",
    "context_device_model": "iPad14,4",
    "context_device_type": "tablet",
    "context_os_name": "ios",
    "context_os_version": "18.0.1",
    "context_receiver_service_timestamp": 1729814310044,
    "context_time": 1729814308460,
    "message_connect_in_background_enabled": true,
    "message_local_devices_only_enabled": false
  },
  {
    "timestamp_utc": "2024-09-04T19:05:51.507Z",
    "context_application_version": "8.9.68.490",
    "context_conn_country": "US",
    "context_device_manufacturer": "apple",
    "context_device_model": "iPhone13,4",
    "context_device_type": "mobile",
    "context_os_name": "ios",
    "context_os_version": "17.6.1",
    "context_receiver_service_timestamp": 1725476752064,
    "context_time": 1725476751507,
    "message_connect_in_background_enabled": true,
    "message_local_devices_only_enabled": false
  },
  {
    "timestamp_utc": "2024-09-08T19:04:03.752Z",
    "context_application_version": "8.9.70.592",
    "context_conn_country": "US",
    "context_device_manufacturer": "apple",
    "context_device_model": "iPhone13,4",
    "context_device_type": "mobile",
    "context_os_name": "ios",
    "context_os_version": "17.6.1",
    "context_receiver_service_timestamp": 1725822245074,
    "context_time": 1725822243752,
    "message_connect_in_background_enabled": true,
    "message_local_devices_only_enabled": false
  },
  {
    "timestamp_utc": "2024-08-27T00:01:38.993Z",
    "context_application_version": "8.9.68.490",
    "context_conn_country": "US",
    "context_device_manufacturer": "apple",
    "context_device_model": "iPhone13,4",
    "context_device_type": "mobile",
    "context_os_name": "ios",
    "context_os_version": "17.5.1",
    "context_receiver_service_timestamp": 1724716899836,
    "context_time": 1724716898993,
    "message_connect_in_background_enabled": true,
    "message_local_devices_only_enabled": false
  },
  {
    "timestamp_utc": "2024-10-27T03:43:08.505Z",
    "context_application_version": "8.9.84.543",
    "context_conn_country": "US",
    "context_device_manufacturer": "apple",
    "context_device_model": "iPhone13,4",
    "context_device_type": "mobile",
    "context_os_name": "ios",
    "context_os_version": "18.0.1",
    "context_receiver_service_timestamp": 1730000589276,
    "context_time": 1730000588505,
    "message_connect_in_background_enabled": true,
    "message_local_devices_only_enabled": false
  },
  {
    "timestamp_utc": "2024-10-07T11:17:22.702Z",
    "context_application_version": "8.9.76.516",
    "context_conn_country": "US",
    "context_device_manufacturer": "apple",
    "context_device_model": "iPad14,4",
    "context_device_type": "tablet",
    "context_os_name": "ios",
    "context_os_version": "18.0.1",
    "context_receiver_service_timestamp": 1728299843835,
    "context_time": 1728299842702,
    "message_connect_in_background_enabled": true,
    "message_local_devices_only_enabled": false
  },
  {
    "timestamp_utc": "2024-09-30T19:24:26.179Z",
    "context_application_version": "8.9.76.516",
    "context_conn_country": "US",
    "context_device_manufacturer": "apple",
    "context_device_model": "iPhone13,4",
    "context_device_type": "mobile",
    "context_os_name": "ios",
    "context_os_version": "18.0",
    "context_receiver_service_timestamp": 1727724266626,
    "context_time": 1727724266179,
    "message_connect_in_background_enabled": true,
    "message_local_devices_only_enabled": false
  },
  {
    "timestamp_utc": "2024-10-12T09:08:03.291Z",
    "context_application_version": "8.9.82.628",
    "context_conn_country": "US",
    "context_device_manufacturer": "apple",
    "context_device_model": "iPad14,4",
    "context_device_type": "tablet",
    "context_os_name": "ios",
    "context_os_version": "18.0.1",
    "context_receiver_service_timestamp": 1728724084427,
    "context_time": 1728724083291,
    "message_connect_in_background_enabled": true,
    "message_local_devices_only_enabled": false
  },
  {
    "timestamp_utc": "2024-11-22T00:56:04.462Z",
    "context_application_version": "8.9.94.418",
    "context_conn_country": "US",
    "context_device_manufacturer": "apple",
    "context_device_model": "iPad14,4",
    "context_device_type": "tablet",
    "context_os_name": "ios",
    "context_os_version": "18.0.1",
    "context_receiver_service_timestamp": 1732236965346,
    "context_time": 1732236964462,
    "message_connect_in_background_enabled": true,
    "message_local_devices_only_enabled": false
  },
  {
    "timestamp_utc": "2024-11-06T01:35:43.919Z",
    "context_application_version": "8.9.86.419",
    "context_conn_country": "US",
    "context_device_manufacturer": "apple",
    "context_device_model": "iPhone13,4",
    "context_device_type": "mobile",
    "context_os_name": "ios",
    "context_os_version": "18.0.1",
    "context_receiver_service_timestamp": 1730856944317,
    "context_time": 1730856943919,
    "message_connect_in_background_enabled": true,
    "message_local_devices_only_enabled": false
  },
  {
    "timestamp_utc": "2024-09-04T00:36:37.666Z",
    "context_application_version": "8.9.68.490",
    "context_conn_country": "US",
    "context_device_manufacturer": "apple",
    "context_device_model": "iPhone13,4",
    "context_device_type": "mobile",
    "context_os_name": "ios",
    "context_os_version": "17.6.1",
    "context_receiver_service_timestamp": 1725410200987,
    "context_time": 1725410197666,
    "message_connect_in_background_enabled": true,
    "message_local_devices_only_enabled": false
  },
  {
    "timestamp_utc": "2024-11-21T00:53:13.693Z",
    "context_application_version": "8.9.90.84",
    "context_conn_country": "US",
    "context_device_manufacturer": "apple",
    "context_device_model": "iPad14,4",
    "context_device_type": "tablet",
    "context_os_name": "ios",
    "context_os_version": "18.0.1",
    "context_receiver_service_timestamp": 1732150394416,
    "context_time": 1732150393693,
    "message_connect_in_background_enabled": true,
    "message_local_devices_only_enabled": false
  },
  {
    "timestamp_utc": "2024-10-26T07:19:49.388Z",
    "context_application_version": "8.9.86.419",
    "context_conn_country": "US",
    "context_device_manufacturer": "apple",
    "context_device_model": "iPad14,4",
    "context_device_type": "tablet",
    "context_os_name": "ios",
    "context_os_version": "18.0.1",
    "context_receiver_service_timestamp": 1729927190144,
    "context_time": 1729927189388,
    "message_connect_in_background_enabled": true,
    "message_local_devices_only_enabled": false
  },
  {
    "timestamp_utc": "2024-09-30T16:33:34.989Z",
    "context_application_version": "8.9.76.516",
    "context_conn_country": "US",
    "context_device_manufacturer": "apple",
    "context_device_model": "iPhone13,4",
    "context_device_type": "mobile",
    "context_os_name": "ios",
    "context_os_version": "18.0",
    "context_receiver_service_timestamp": 1727714015953,
    "context_time": 1727714014989,
    "message_connect_in_background_enabled": true,
    "message_local_devices_only_enabled": false
  },
  {
    "timestamp_utc": "2024-08-28T05:14:50.534Z",
    "context_application_version": "8.9.68.490",
    "context_conn_country": "US",
    "context_device_manufacturer": "apple",
    "context_device_model": "iPad14,4",
    "context_device_type": "tablet",
    "context_os_name": "ios",
    "context_os_version": "17.5.1",
    "context_receiver_service_timestamp": 1724822091141,
    "context_time": 1724822090534,
    "message_connect_in_background_enabled": true,
    "message_local_devices_only_enabled": false
  },
  {
    "timestamp_utc": "2024-09-16T18:10:38.933Z",
    "context_application_version": "8.9.74.535",
    "context_conn_country": "US",
    "context_device_manufacturer": "apple",
    "context_device_model": "iPhone13,4",
    "context_device_type": "mobile",
    "context_os_name": "ios",
    "context_os_version": "17.6.1",
    "context_receiver_service_timestamp": 1726510239510,
    "context_time": 1726510238933,
    "message_connect_in_background_enabled": true,
    "message_local_devices_only_enabled": false
  },
  {
    "timestamp_utc": "2024-09-06T05:04:45.064Z",
    "context_application_version": "8.9.70.592",
    "context_conn_country": "US",
    "context_device_manufacturer": "apple",
    "context_device_model": "iPad14,4",
    "context_device_type": "tablet",
    "context_os_name": "ios",
    "context_os_version": "17.6.1",
    "context_receiver_service_timestamp": 1725599086445,
    "context_time": 1725599085064,
    "message_connect_in_background_enabled": true,
    "message_local_devices_only_enabled": false
  },
  {
    "timestamp_utc": "2024-10-04T03:57:33.479Z",
    "context_application_version": "8.9.76.516",
    "context_conn_country": "US",
    "context_device_manufacturer": "apple",
    "context_device_model": "iPad14,4",
    "context_device_type": "tablet",
    "context_os_name": "ios",
    "context_os_version": "18.0",
    "context_receiver_service_timestamp": 1728014254064,
    "context_time": 1728014253479,
    "message_connect_in_background_enabled": true,
    "message_local_devices_only_enabled": false
  },
  {
    "timestamp_utc": "2024-11-11T19:33:34.079Z",
    "context_application_version": "8.9.90.84",
    "context_conn_country": "US",
    "context_device_manufacturer": "apple",
    "context_device_model": "iPhone13,4",
    "context_device_type": "mobile",
    "context_os_name": "ios",
    "context_os_version": "18.0.1",
    "context_receiver_service_timestamp": 1731353614724,
    "context_time": 1731353614079,
    "message_connect_in_background_enabled": true,
    "message_local_devices_only_enabled": false
  },
  {
    "timestamp_utc": "2024-09-14T00:05:32.440Z",
    "context_application_version": "8.9.74.535",
    "context_conn_country": "US",
    "context_device_manufacturer": "apple",
    "context_device_model": "iPad14,4",
    "context_device_type": "tablet",
    "context_os_name": "ios",
    "context_os_version": "17.6.1",
    "context_receiver_service_timestamp": 1726272333489,
    "context_time": 1726272332440,
    "message_connect_in_background_enabled": true,
    "message_local_devices_only_enabled": false
  },
  {
    "timestamp_utc": "2024-11-16T08:11:35.432Z",
    "context_application_version": "8.9.90.84",
    "context_conn_country": "US",
    "context_device_manufacturer": "apple",
    "context_device_model": "iPhone13,4",
    "context_device_type": "mobile",
    "context_os_name": "ios",
    "context_os_version": "18.0.1",
    "context_receiver_service_timestamp": 1731744696107,
    "context_time": 1731744695432,
    "message_connect_in_background_enabled": true,
    "message_local_devices_only_enabled": false
  },
  {
    "timestamp_utc": "2024-10-31T17:21:02.281Z",
    "context_application_version": "8.9.86.419",
    "context_conn_country": "US",
    "context_device_manufacturer": "apple",
    "context_device_model": "iPhone13,4",
    "context_device_type": "mobile",
    "context_os_name": "ios",
    "context_os_version": "18.0.1",
    "context_receiver_service_timestamp": 1730395262957,
    "context_time": 1730395262281,
    "message_connect_in_background_enabled": true,
    "message_local_devices_only_enabled": false
  },
  {
    "timestamp_utc": "2024-09-10T03:18:19.631Z",
    "context_application_version": "8.9.70.592",
    "context_conn_country": "US",
    "context_device_manufacturer": "apple",
    "context_device_model": "iPad14,4",
    "context_device_type": "tablet",
    "context_os_name": "ios",
    "context_os_version": "17.6.1",
    "context_receiver_service_timestamp": 1725938300423,
    "context_time": 1725938299631,
    "message_connect_in_background_enabled": true,
    "message_local_devices_only_enabled": false
  },
  {
    "timestamp_utc": "2024-11-06T17:51:13.632Z",
    "context_application_version": "8.9.86.419",
    "context_conn_country": "US",
    "context_device_manufacturer": "apple",
    "context_device_model": "iPhone13,4",
    "context_device_type": "mobile",
    "context_os_name": "ios",
    "context_os_version": "18.0.1",
    "context_receiver_service_timestamp": 1730915474007,
    "context_time": 1730915473632,
    "message_connect_in_background_enabled": true,
    "message_local_devices_only_enabled": false
  },
  {
    "timestamp_utc": "2024-08-26T17:32:11.973Z",
    "context_application_version": "8.9.66.462",
    "context_conn_country": "US",
    "context_device_manufacturer": "apple",
    "context_device_model": "iPhone13,4",
    "context_device_type": "mobile",
    "context_os_name": "ios",
    "context_os_version": "17.5.1",
    "context_receiver_service_timestamp": 1724693532920,
    "context_time": 1724693531973,
    "message_connect_in_background_enabled": true,
    "message_local_devices_only_enabled": false
  },
  {
    "timestamp_utc": "2024-10-29T03:18:23.266Z",
    "context_application_version": "8.9.86.419",
    "context_conn_country": "US",
    "context_device_manufacturer": "apple",
    "context_device_model": "iPhone13,4",
    "context_device_type": "mobile",
    "context_os_name": "ios",
    "context_os_version": "18.0.1",
    "context_receiver_service_timestamp": 1730171912422,
    "context_time": 1730171903266,
    "message_connect_in_background_enabled": true,
    "message_local_devices_only_enabled": false
  },
  {
    "timestamp_utc": "2024-09-25T02:40:45.110Z",
    "context_application_version": "8.9.76.516",
    "context_conn_country": "US",
    "context_device_manufacturer": "apple",
    "context_device_model": "iPhone13,4",
    "context_device_type": "mobile",
    "context_os_name": "ios",
    "context_os_version": "17.6.1",
    "context_receiver_service_timestamp": 1727232045549,
    "context_time": 1727232045110,
    "message_connect_in_background_enabled": true,
    "message_local_devices_only_enabled": false
  },
  {
    "timestamp_utc": "2024-09-06T18:00:24.078Z",
    "context_application_version": "8.9.70.592",
    "context_conn_country": "US",
    "context_device_manufacturer": "apple",
    "context_device_model": "iPhone13,4",
    "context_device_type": "mobile",
    "context_os_name": "ios",
    "context_os_version": "17.6.1",
    "context_receiver_service_timestamp": 1725645625944,
    "context_time": 1725645624078,
    "message_connect_in_background_enabled": true,
    "message_local_devices_only_enabled": false
  },
  {
    "timestamp_utc": "2024-08-31T22:26:03.104Z",
    "context_application_version": "8.9.68.490",
    "context_conn_country": "US",
    "context_device_manufacturer": "apple",
    "context_device_model": "iPad14,4",
    "context_device_type": "tablet",
    "context_os_name": "ios",
    "context_os_version": "17.6.1",
    "context_receiver_service_timestamp": 1725143168733,
    "context_time": 1725143163104,
    "message_connect_in_background_enabled": true,
    "message_local_devices_only_enabled": false
  },
  {
    "timestamp_utc": "2024-09-09T18:21:37.929Z",
    "context_application_version": "8.9.70.592",
    "context_conn_country": "US",
    "context_device_manufacturer": "apple",
    "context_device_model": "iPhone13,4",
    "context_device_type": "mobile",
    "context_os_name": "ios",
    "context_os_version": "17.6.1",
    "context_receiver_service_timestamp": 1725906098860,
    "context_time": 1725906097929,
    "message_connect_in_background_enabled": true,
    "message_local_devices_only_enabled": false
  },
  {
    "timestamp_utc": "2024-10-22T02:07:37.723Z",
    "context_application_version": "8.9.82.628",
    "context_conn_country": "US",
    "context_device_manufacturer": "apple",
    "context_device_model": "iPhone13,4",
    "context_device_type": "mobile",
    "context_os_name": "ios",
    "context_os_version": "18.0.1",
    "context_receiver_service_timestamp": 1729562858848,
    "context_time": 1729562857723,
    "message_connect_in_background_enabled": true,
    "message_local_devices_only_enabled": false
  },
  {
    "timestamp_utc": "2024-09-03T01:25:18.035Z",
    "context_application_version": "8.9.68.490",
    "context_conn_country": "US",
    "context_device_manufacturer": "apple",
    "context_device_model": "iPhone13,4",
    "context_device_type": "mobile",
    "context_os_name": "ios",
    "context_os_version": "17.6.1",
    "context_receiver_service_timestamp": 1725326718834,
    "context_time": 1725326718035,
    "message_connect_in_background_enabled": true,
    "message_local_devices_only_enabled": false
  },
  {
    "timestamp_utc": "2024-09-22T22:29:09.862Z",
    "context_application_version": "8.9.76.516",
    "context_conn_country": "US",
    "context_device_manufacturer": "apple",
    "context_device_model": "iPhone13,4",
    "context_device_type": "mobile",
    "context_os_name": "ios",
    "context_os_version": "17.6.1",
    "context_receiver_service_timestamp": 1727044150235,
    "context_time": 1727044149862,
    "message_connect_in_background_enabled": true,
    "message_local_devices_only_enabled": false
  },
  {
    "timestamp_utc": "2024-10-23T00:03:56.386Z",
    "context_application_version": "8.9.82.628",
    "context_conn_country": "US",
    "context_device_manufacturer": "apple",
    "context_device_model": "iPhone13,4",
    "context_device_type": "mobile",
    "context_os_name": "ios",
    "context_os_version": "18.0.1",
    "context_receiver_service_timestamp": 1729641837069,
    "context_time": 1729641836386,
    "message_connect_in_background_enabled": true,
    "message_local_devices_only_enabled": false
  },
  {
    "timestamp_utc": "2024-10-24T03:58:09.780Z",
    "context_application_version": "8.9.84.543",
    "context_conn_country": "US",
    "context_device_manufacturer": "apple",
    "context_device_model": "iPad14,4",
    "context_device_type": "tablet",
    "context_os_name": "ios",
    "context_os_version": "18.0.1",
    "context_receiver_service_timestamp": 1729742290765,
    "context_time": 1729742289780,
    "message_connect_in_background_enabled": true,
    "message_local_devices_only_enabled": false
  },
  {
    "timestamp_utc": "2024-10-10T22:12:17.406Z",
    "context_application_version": "8.9.76.516",
    "context_conn_country": "US",
    "context_device_manufacturer": "apple",
    "context_device_model": "iPhone13,4",
    "context_device_type": "mobile",
    "context_os_name": "ios",
    "context_os_version": "18.0.1",
    "context_receiver_service_timestamp": 1728598338040,
    "context_time": 1728598337406,
    "message_connect_in_background_enabled": true,
    "message_local_devices_only_enabled": false
  },
  {
    "timestamp_utc": "2024-10-29T22:21:09.909Z",
    "context_application_version": "8.9.86.419",
    "context_conn_country": "US",
    "context_device_manufacturer": "apple",
    "context_device_model": "iPhone13,4",
    "context_device_type": "mobile",
    "context_os_name": "ios",
    "context_os_version": "18.0.1",
    "context_receiver_service_timestamp": 1730240471012,
    "context_time": 1730240469909,
    "message_connect_in_background_enabled": true,
    "message_local_devices_only_enabled": false
  },
  {
    "timestamp_utc": "2024-10-19T21:31:13.741Z",
    "context_application_version": "8.9.82.628",
    "context_conn_country": "US",
    "context_device_manufacturer": "apple",
    "context_device_model": "iPhone13,4",
    "context_device_type": "mobile",
    "context_os_name": "ios",
    "context_os_version": "18.0.1",
    "context_receiver_service_timestamp": 1729373474264,
    "context_time": 1729373473741,
    "message_connect_in_background_enabled": true,
    "message_local_devices_only_enabled": false
  },
  {
    "timestamp_utc": "2024-09-06T01:06:45.926Z",
    "context_application_version": "8.9.68.490",
    "context_conn_country": "US",
    "context_device_manufacturer": "apple",
    "context_device_model": "iPhone13,4",
    "context_device_type": "mobile",
    "context_os_name": "ios",
    "context_os_version": "17.6.1",
    "context_receiver_service_timestamp": 1725584806316,
    "context_time": 1725584805926,
    "message_connect_in_background_enabled": true,
    "message_local_devices_only_enabled": false
  },
  {
    "timestamp_utc": "2024-08-28T18:21:26.685Z",
    "context_application_version": "8.9.68.490",
    "context_conn_country": "US",
    "context_device_manufacturer": "apple",
    "context_device_model": "iPhone13,4",
    "context_device_type": "mobile",
    "context_os_name": "ios",
    "context_os_version": "17.5.1",
    "context_receiver_service_timestamp": 1724869287457,
    "context_time": 1724869286685,
    "message_connect_in_background_enabled": true,
    "message_local_devices_only_enabled": false
  },
  {
    "timestamp_utc": "2024-08-29T00:04:19.066Z",
    "context_application_version": "8.9.68.490",
    "context_conn_country": "US",
    "context_device_manufacturer": "apple",
    "context_device_model": "iPhone13,4",
    "context_device_type": "mobile",
    "context_os_name": "ios",
    "context_os_version": "17.5.1",
    "context_receiver_service_timestamp": 1724889859738,
    "context_time": 1724889859066,
    "message_connect_in_background_enabled": true,
    "message_local_devices_only_enabled": false
  },
  {
    "timestamp_utc": "2024-09-25T14:28:52.717Z",
    "context_application_version": "8.9.76.516",
    "context_conn_country": "US",
    "context_device_manufacturer": "apple",
    "context_device_model": "iPhone13,4",
    "context_device_type": "mobile",
    "context_os_name": "ios",
    "context_os_version": "18.0",
    "context_receiver_service_timestamp": 1727274533801,
    "context_time": 1727274532717,
    "message_connect_in_background_enabled": true,
    "message_local_devices_only_enabled": false
  },
  {
    "timestamp_utc": "2024-11-11T17:14:19.620Z",
    "context_application_version": "8.9.90.84",
    "context_conn_country": "US",
    "context_device_manufacturer": "apple",
    "context_device_model": "iPhone13,4",
    "context_device_type": "mobile",
    "context_os_name": "ios",
    "context_os_version": "18.0.1",
    "context_receiver_service_timestamp": 1731345260383,
    "context_time": 1731345259620,
    "message_connect_in_background_enabled": true,
    "message_local_devices_only_enabled": false
  },
  {
    "timestamp_utc": "2024-08-27T02:08:30.316Z",
    "context_application_version": "8.9.68.490",
    "context_conn_country": "US",
    "context_device_manufacturer": "apple",
    "context_device_model": "iPhone13,4",
    "context_device_type": "mobile",
    "context_os_name": "ios",
    "context_os_version": "17.5.1",
    "context_receiver_service_timestamp": 1724724510855,
    "context_time": 1724724510316,
    "message_connect_in_background_enabled": true,
    "message_local_devices_only_enabled": false
  },
  {
    "timestamp_utc": "2024-11-06T06:03:03.829Z",
    "context_application_version": "8.9.86.419",
    "context_conn_country": "US",
    "context_device_manufacturer": "apple",
    "context_device_model": "iPad14,4",
    "context_device_type": "tablet",
    "context_os_name": "ios",
    "context_os_version": "18.0.1",
    "context_receiver_service_timestamp": 1730872984849,
    "context_time": 1730872983829,
    "message_connect_in_background_enabled": true,
    "message_local_devices_only_enabled": false
  },
  {
    "timestamp_utc": "2024-10-07T01:40:38.260Z",
    "context_application_version": "8.9.76.516",
    "context_conn_country": "US",
    "context_device_manufacturer": "apple",
    "context_device_model": "iPhone13,4",
    "context_device_type": "mobile",
    "context_os_name": "ios",
    "context_os_version": "18.0.1",
    "context_receiver_service_timestamp": 1728265241431,
    "context_time": 1728265238260,
    "message_connect_in_background_enabled": true,
    "message_local_devices_only_enabled": false
  },
  {
    "timestamp_utc": "2024-09-10T07:13:22.186Z",
    "context_application_version": "8.9.70.592",
    "context_conn_country": "US",
    "context_device_manufacturer": "apple",
    "context_device_model": "iPhone13,4",
    "context_device_type": "mobile",
    "context_os_name": "ios",
    "context_os_version": "17.6.1",
    "context_receiver_service_timestamp": 1725952402582,
    "context_time": 1725952402186,
    "message_connect_in_background_enabled": true,
    "message_local_devices_only_enabled": false
  },
  {
    "timestamp_utc": "2024-09-28T06:06:40.553Z",
    "context_application_version": "8.9.76.516",
    "context_conn_country": "US",
    "context_device_manufacturer": "apple",
    "context_device_model": "iPad14,4",
    "context_device_type": "tablet",
    "context_os_name": "ios",
    "context_os_version": "18.0",
    "context_receiver_service_timestamp": 1727503601265,
    "context_time": 1727503600553,
    "message_connect_in_background_enabled": true,
    "message_local_devices_only_enabled": false
  },
  {
    "timestamp_utc": "2024-11-08T18:57:34.384Z",
    "context_application_version": "8.9.86.419",
    "context_conn_country": "US",
    "context_device_manufacturer": "apple",
    "context_device_model": "iPhone13,4",
    "context_device_type": "mobile",
    "context_os_name": "ios",
    "context_os_version": "18.0.1",
    "context_receiver_service_timestamp": 1731092254712,
    "context_time": 1731092254384,
    "message_connect_in_background_enabled": true,
    "message_local_devices_only_enabled": false
  },
  {
    "timestamp_utc": "2024-09-25T07:49:08.054Z",
    "context_application_version": "8.9.76.516",
    "context_conn_country": "US",
    "context_device_manufacturer": "apple",
    "context_device_model": "iPad14,4",
    "context_device_type": "tablet",
    "context_os_name": "ios",
    "context_os_version": "18.0",
    "context_receiver_service_timestamp": 1727250549235,
    "context_time": 1727250548054,
    "message_connect_in_background_enabled": true,
    "message_local_devices_only_enabled": false
  },
  {
    "timestamp_utc": "2024-10-25T16:47:34.621Z",
    "context_application_version": "8.9.84.543",
    "context_conn_country": "US",
    "context_device_manufacturer": "apple",
    "context_device_model": "iPhone13,4",
    "context_device_type": "mobile",
    "context_os_name": "ios",
    "context_os_version": "18.0.1",
    "context_receiver_service_timestamp": 1729874855590,
    "context_time": 1729874854621,
    "message_connect_in_background_enabled": true,
    "message_local_devices_only_enabled": false
  },
  {
    "timestamp_utc": "2024-09-20T16:25:02.767Z",
    "context_application_version": "8.9.76.516",
    "context_conn_country": "US",
    "context_device_manufacturer": "apple",
    "context_device_model": "iPhone13,4",
    "context_device_type": "mobile",
    "context_os_name": "ios",
    "context_os_version": "17.6.1",
    "context_receiver_service_timestamp": 1726849503687,
    "context_time": 1726849502767,
    "message_connect_in_background_enabled": true,
    "message_local_devices_only_enabled": false
  },
  {
    "timestamp_utc": "2024-10-18T06:31:52.276Z",
    "context_application_version": "8.9.82.628",
    "context_conn_country": "US",
    "context_device_manufacturer": "apple",
    "context_device_model": "iPhone13,4",
    "context_device_type": "mobile",
    "context_os_name": "ios",
    "context_os_version": "18.0.1",
    "context_receiver_service_timestamp": 1729233113645,
    "context_time": 1729233112276,
    "message_connect_in_background_enabled": true,
    "message_local_devices_only_enabled": false
  },
  {
    "timestamp_utc": "2024-11-06T19:50:14.766Z",
    "context_application_version": "8.9.86.419",
    "context_conn_country": "US",
    "context_device_manufacturer": "apple",
    "context_device_model": "iPhone13,4",
    "context_device_type": "mobile",
    "context_os_name": "ios",
    "context_os_version": "18.0.1",
    "context_receiver_service_timestamp": 1730922615545,
    "context_time": 1730922614766,
    "message_connect_in_background_enabled": true,
    "message_local_devices_only_enabled": false
  },
  {
    "timestamp_utc": "2024-08-28T21:46:57.261Z",
    "context_application_version": "8.9.68.490",
    "context_conn_country": "US",
    "context_device_manufacturer": "apple",
    "context_device_model": "iPad14,4",
    "context_device_type": "tablet",
    "context_os_name": "ios",
    "context_os_version": "17.5.1",
    "context_receiver_service_timestamp": 1724881617929,
    "context_time": 1724881617261,
    "message_connect_in_background_enabled": true,
    "message_local_devices_only_enabled": false
  },
  {
    "timestamp_utc": "2024-11-11T04:57:28.711Z",
    "context_application_version": "8.9.90.84",
    "context_conn_country": "US",
    "context_device_manufacturer": "apple",
    "context_device_model": "iPhone13,4",
    "context_device_type": "mobile",
    "context_os_name": "ios",
    "context_os_version": "18.0.1",
    "context_receiver_service_timestamp": 1731301049397,
    "context_time": 1731301048711,
    "message_connect_in_background_enabled": true,
    "message_local_devices_only_enabled": false
  },
  {
    "timestamp_utc": "2024-09-22T22:25:19.212Z",
    "context_application_version": "8.9.76.516",
    "context_conn_country": "US",
    "context_device_manufacturer": "apple",
    "context_device_model": "iPhone13,4",
    "context_device_type": "mobile",
    "context_os_name": "ios",
    "context_os_version": "17.6.1",
    "context_receiver_service_timestamp": 1727043922422,
    "context_time": 1727043919212,
    "message_connect_in_background_enabled": true,
    "message_local_devices_only_enabled": false
  },
  {
    "timestamp_utc": "2024-11-20T17:36:19.339Z",
    "context_application_version": "8.9.90.84",
    "context_conn_country": "US",
    "context_device_manufacturer": "apple",
    "context_device_model": "iPhone13,4",
    "context_device_type": "mobile",
    "context_os_name": "ios",
    "context_os_version": "18.1",
    "context_receiver_service_timestamp": 1732124189380,
    "context_time": 1732124179339,
    "message_connect_in_background_enabled": true,
    "message_local_devices_only_enabled": false
  },
  {
    "timestamp_utc": "2024-09-29T00:32:24.970Z",
    "context_application_version": "8.9.76.516",
    "context_conn_country": "US",
    "context_device_manufacturer": "apple",
    "context_device_model": "iPhone13,4",
    "context_device_type": "mobile",
    "context_os_name": "ios",
    "context_os_version": "18.0",
    "context_receiver_service_timestamp": 1727569949551,
    "context_time": 1727569944970,
    "message_connect_in_background_enabled": true,
    "message_local_devices_only_enabled": false
  },
  {
    "timestamp_utc": "2024-10-17T04:25:19.559Z",
    "context_application_version": "8.9.82.628",
    "context_conn_country": "US",
    "context_device_manufacturer": "apple",
    "context_device_model": "iPad14,4",
    "context_device_type": "tablet",
    "context_os_name": "ios",
    "context_os_version": "18.0.1",
    "context_receiver_service_timestamp": 1729139120255,
    "context_time": 1729139119559,
    "message_connect_in_background_enabled": true,
    "message_local_devices_only_enabled": false
  },
  {
    "timestamp_utc": "2024-10-23T19:54:42.260Z",
    "context_application_version": "8.9.82.628",
    "context_conn_country": "US",
    "context_device_manufacturer": "apple",
    "context_device_model": "iPhone13,4",
    "context_device_type": "mobile",
    "context_os_name": "ios",
    "context_os_version": "18.0.1",
    "context_receiver_service_timestamp": 1729713282641,
    "context_time": 1729713282260,
    "message_connect_in_background_enabled": true,
    "message_local_devices_only_enabled": false
  },
  {
    "timestamp_utc": "2024-09-16T16:32:26.840Z",
    "context_application_version": "8.9.74.535",
    "context_conn_country": "US",
    "context_device_manufacturer": "apple",
    "context_device_model": "iPhone13,4",
    "context_device_type": "mobile",
    "context_os_name": "ios",
    "context_os_version": "17.6.1",
    "context_receiver_service_timestamp": 1726504347817,
    "context_time": 1726504346840,
    "message_connect_in_background_enabled": true,
    "message_local_devices_only_enabled": false
  },
  {
    "timestamp_utc": "2024-09-12T00:30:15.267Z",
    "context_application_version": "8.9.70.592",
    "context_conn_country": "US",
    "context_device_manufacturer": "apple",
    "context_device_model": "iPhone13,4",
    "context_device_type": "mobile",
    "context_os_name": "ios",
    "context_os_version": "17.6.1",
    "context_receiver_service_timestamp": 1726101015902,
    "context_time": 1726101015267,
    "message_connect_in_background_enabled": true,
    "message_local_devices_only_enabled": false
  },
  {
    "timestamp_utc": "2024-08-27T10:15:58.755Z",
    "context_application_version": "8.9.68.490",
    "context_conn_country": "US",
    "context_device_manufacturer": "apple",
    "context_device_model": "iPad14,4",
    "context_device_type": "tablet",
    "context_os_name": "ios",
    "context_os_version": "17.5.1",
    "context_receiver_service_timestamp": 1724753759304,
    "context_time": 1724753758755,
    "message_connect_in_background_enabled": true,
    "message_local_devices_only_enabled": false
  },
  {
    "timestamp_utc": "2024-09-09T01:27:58.851Z",
    "context_application_version": "8.9.70.592",
    "context_conn_country": "US",
    "context_device_manufacturer": "apple",
    "context_device_model": "iPhone13,4",
    "context_device_type": "mobile",
    "context_os_name": "ios",
    "context_os_version": "17.6.1",
    "context_receiver_service_timestamp": 1725845280107,
    "context_time": 1725845278851,
    "message_connect_in_background_enabled": true,
    "message_local_devices_only_enabled": false
  },
  {
    "timestamp_utc": "2024-11-08T17:28:50.171Z",
    "context_application_version": "8.9.86.419",
    "context_conn_country": "US",
    "context_device_manufacturer": "apple",
    "context_device_model": "iPhone13,4",
    "context_device_type": "mobile",
    "context_os_name": "ios",
    "context_os_version": "18.0.1",
    "context_receiver_service_timestamp": 1731086931251,
    "context_time": 1731086930171,
    "message_connect_in_background_enabled": true,
    "message_local_devices_only_enabled": false
  },
  {
    "timestamp_utc": "2024-10-25T23:43:55.478Z",
    "context_application_version": "8.9.84.543",
    "context_conn_country": "US",
    "context_device_manufacturer": "apple",
    "context_device_model": "iPhone13,4",
    "context_device_type": "mobile",
    "context_os_name": "ios",
    "context_os_version": "18.0.1",
    "context_receiver_service_timestamp": 1729899836152,
    "context_time": 1729899835478,
    "message_connect_in_background_enabled": true,
    "message_local_devices_only_enabled": false
  },
  {
    "timestamp_utc": "2024-11-19T01:05:26.310Z",
    "context_application_version": "8.9.90.84",
    "context_conn_country": "US",
    "context_device_manufacturer": "apple",
    "context_device_model": "iPhone13,4",
    "context_device_type": "mobile",
    "context_os_name": "ios",
    "context_os_version": "18.0.1",
    "context_receiver_service_timestamp": 1731978327032,
    "context_time": 1731978326310,
    "message_connect_in_background_enabled": true,
    "message_local_devices_only_enabled": false
  },
  {
    "timestamp_utc": "2024-11-20T19:07:41.244Z",
    "context_application_version": "8.9.90.84",
    "context_conn_country": "US",
    "context_device_manufacturer": "apple",
    "context_device_model": "iPhone13,4",
    "context_device_type": "mobile",
    "context_os_name": "ios",
    "context_os_version": "18.1",
    "context_receiver_service_timestamp": 1732129662463,
    "context_time": 1732129661244,
    "message_connect_in_background_enabled": true,
    "message_local_devices_only_enabled": false
  },
  {
    "timestamp_utc": "2024-09-21T02:45:31.188Z",
    "context_application_version": "8.9.76.516",
    "context_conn_country": "US",
    "context_device_manufacturer": "apple",
    "context_device_model": "iPad14,4",
    "context_device_type": "tablet",
    "context_os_name": "ios",
    "context_os_version": "17.6.1",
    "context_receiver_service_timestamp": 1726886732220,
    "context_time": 1726886731188,
    "message_connect_in_background_enabled": true,
    "message_local_devices_only_enabled": false
  },
  {
    "timestamp_utc": "2024-09-04T16:26:53.544Z",
    "context_application_version": "8.9.68.490",
    "context_conn_country": "US",
    "context_device_manufacturer": "apple",
    "context_device_model": "iPhone13,4",
    "context_device_type": "mobile",
    "context_os_name": "ios",
    "context_os_version": "17.6.1",
    "context_receiver_service_timestamp": 1725467213988,
    "context_time": 1725467213544,
    "message_connect_in_background_enabled": true,
    "message_local_devices_only_enabled": false
  },
  {
    "timestamp_utc": "2024-09-24T13:55:26.423Z",
    "context_application_version": "8.9.76.516",
    "context_conn_country": "US",
    "context_device_manufacturer": "apple",
    "context_device_model": "iPad14,4",
    "context_device_type": "tablet",
    "context_os_name": "ios",
    "context_os_version": "17.6.1",
    "context_receiver_service_timestamp": 1727186127299,
    "context_time": 1727186126423,
    "message_connect_in_background_enabled": true,
    "message_local_devices_only_enabled": false
  },
  {
    "timestamp_utc": "2024-10-15T22:06:33.519Z",
    "context_application_version": "8.9.82.628",
    "context_conn_country": "US",
    "context_device_manufacturer": "apple",
    "context_device_model": "iPhone13,4",
    "context_device_type": "mobile",
    "context_os_name": "ios",
    "context_os_version": "18.0.1",
    "context_receiver_service_timestamp": 1729029994705,
    "context_time": 1729029993519,
    "message_connect_in_background_enabled": true,
    "message_local_devices_only_enabled": false
  },
  {
    "timestamp_utc": "2024-10-18T15:24:02.692Z",
    "context_application_version": "8.9.82.628",
    "context_conn_country": "US",
    "context_device_manufacturer": "apple",
    "context_device_model": "iPhone13,4",
    "context_device_type": "mobile",
    "context_os_name": "ios",
    "context_os_version": "18.0.1",
    "context_receiver_service_timestamp": 1729265043560,
    "context_time": 1729265042692,
    "message_connect_in_background_enabled": true,
    "message_local_devices_only_enabled": false
  },
  {
    "timestamp_utc": "2024-10-05T19:51:37.932Z",
    "context_application_version": "8.9.76.516",
    "context_conn_country": "US",
    "context_device_manufacturer": "apple",
    "context_device_model": "iPad14,4",
    "context_device_type": "tablet",
    "context_os_name": "ios",
    "context_os_version": "18.0",
    "context_receiver_service_timestamp": 1728157907140,
    "context_time": 1728157897932,
    "message_connect_in_background_enabled": true,
    "message_local_devices_only_enabled": false
  },
  {
    "timestamp_utc": "2024-11-02T19:57:57.195Z",
    "context_application_version": "8.9.86.419",
    "context_conn_country": "US",
    "context_device_manufacturer": "apple",
    "context_device_model": "iPhone13,4",
    "context_device_type": "mobile",
    "context_os_name": "ios",
    "context_os_version": "18.0.1",
    "context_receiver_service_timestamp": 1730577477722,
    "context_time": 1730577477195,
    "message_connect_in_background_enabled": true,
    "message_local_devices_only_enabled": false
  },
  {
    "timestamp_utc": "2024-09-17T05:12:26.751Z",
    "context_application_version": "8.9.74.535",
    "context_conn_country": "US",
    "context_device_manufacturer": "apple",
    "context_device_model": "iPad14,4",
    "context_device_type": "tablet",
    "context_os_name": "ios",
    "context_os_version": "17.6.1",
    "context_receiver_service_timestamp": 1726549947631,
    "context_time": 1726549946751,
    "message_connect_in_background_enabled": true,
    "message_local_devices_only_enabled": false
  },
  {
    "timestamp_utc": "2024-11-19T03:26:51.618Z",
    "context_application_version": "8.9.90.84",
    "context_conn_country": "US",
    "context_device_manufacturer": "apple",
    "context_device_model": "iPhone13,4",
    "context_device_type": "mobile",
    "context_os_name": "ios",
    "context_os_version": "18.1",
    "context_receiver_service_timestamp": 1731986824039,
    "context_time": 1731986811618,
    "message_connect_in_background_enabled": true,
    "message_local_devices_only_enabled": false
  },
  {
    "timestamp_utc": "2024-09-02T21:08:31.474Z",
    "context_application_version": "8.9.68.490",
    "context_conn_country": "US",
    "context_device_manufacturer": "apple",
    "context_device_model": "iPhone13,4",
    "context_device_type": "mobile",
    "context_os_name": "ios",
    "context_os_version": "17.6.1",
    "context_receiver_service_timestamp": 1725311312190,
    "context_time": 1725311311474,
    "message_connect_in_background_enabled": true,
    "message_local_devices_only_enabled": false
  },
  {
    "timestamp_utc": "2024-10-12T00:01:47.321Z",
    "context_application_version": "8.9.82.628",
    "context_conn_country": "US",
    "context_device_manufacturer": "apple",
    "context_device_model": "iPhone13,4",
    "context_device_type": "mobile",
    "context_os_name": "ios",
    "context_os_version": "18.0.1",
    "context_receiver_service_timestamp": 1728691308909,
    "context_time": 1728691307321,
    "message_connect_in_background_enabled": true,
    "message_local_devices_only_enabled": false
  },
  {
    "timestamp_utc": "2024-09-23T16:15:38.051Z",
    "context_application_version": "8.9.76.516",
    "context_conn_country": "US",
    "context_device_manufacturer": "apple",
    "context_device_model": "iPhone13,4",
    "context_device_type": "mobile",
    "context_os_name": "ios",
    "context_os_version": "17.6.1",
    "context_receiver_service_timestamp": 1727108138679,
    "context_time": 1727108138051,
    "message_connect_in_background_enabled": true,
    "message_local_devices_only_enabled": false
  },
  {
    "timestamp_utc": "2024-10-07T00:56:05.662Z",
    "context_application_version": "8.9.76.516",
    "context_conn_country": "US",
    "context_device_manufacturer": "apple",
    "context_device_model": "iPhone13,4",
    "context_device_type": "mobile",
    "context_os_name": "ios",
    "context_os_version": "18.0.1",
    "context_receiver_service_timestamp": 1728262570517,
    "context_time": 1728262565662,
    "message_connect_in_background_enabled": true,
    "message_local_devices_only_enabled": false
  },
  {
    "timestamp_utc": "2024-09-03T05:43:52.190Z",
    "context_application_version": "8.9.68.490",
    "context_conn_country": "US",
    "context_device_manufacturer": "apple",
    "context_device_model": "iPad14,4",
    "context_device_type": "tablet",
    "context_os_name": "ios",
    "context_os_version": "17.6.1",
    "context_receiver_service_timestamp": 1725342232976,
    "context_time": 1725342232190,
    "message_connect_in_background_enabled": true,
    "message_local_devices_only_enabled": false
  }
]