[
  {
    "message_device_id": "c15bf853577cb62f93c93512481bef7bd7997366",
    "message_discovered_device_id": "28aa2a1c-7539-4967-b7f4-6478b21bb37d",
    "timestamp_utc": "2024-11-22T00:56:07.751Z",
    "context_application_version": "8.9.94.418",
    "context_conn_country": "US",
    "context_device_manufacturer": "apple",
    "context_device_model": "iPad14,4",
    "context_device_type": "tablet",
    "context_os_name": "ios",
    "context_os_version": "18.0.1",
    "context_receiver_service_timestamp": 1732236994418,
    "context_time": 1732236967751,
    "message_capabilities_resolved": true,
    "message_discover_method": "dial",
    "message_discovered_brand_display_name": "Comcast",
    "message_discovered_device_availablilty": "not_installed",
    "message_discovered_device_public_key": null,
    "message_discovered_device_type": "tv",
    "message_discovered_library_version": "",
    "message_discovered_model_display_name": "SCXI11BEIFlex"
  },
  {
    "message_device_id": "b9f85e423bc55c6da0265ca4eed32fb1c910b5a3",
    "message_discovered_device_id": "28aa2a1c-7539-4967-b7f4-6478b21bb37d",
    "timestamp_utc": "2024-11-22T20:51:33.699Z",
    "context_application_version": "8.9.94.418",
    "context_conn_country": "US",
    "context_device_manufacturer": "apple",
    "context_device_model": "iPhone13,4",
    "context_device_type": "mobile",
    "context_os_name": "ios",
    "context_os_version": "18.1",
    "context_receiver_service_timestamp": 1732308699373,
    "context_time": 1732308693699,
    "message_capabilities_resolved": true,
    "message_discover_method": "dial",
    "message_discovered_brand_display_name": "Comcast",
    "message_discovered_device_availablilty": "not_installed",
    "message_discovered_device_public_key": null,
    "message_discovered_device_type": "tv",
    "message_discovered_library_version": "",
    "message_discovered_model_display_name": "SCXI11BEIFlex"
  },
  {
    "message_device_id": "b9f85e423bc55c6da0265ca4eed32fb1c910b5a3",
    "message_discovered_device_id": "28aa2a1c-7539-4967-b7f4-6478b21bb37d",
    "timestamp_utc": "2024-11-22T01:27:15.209Z",
    "context_application_version": "8.9.94.418",
    "context_conn_country": "US",
    "context_device_manufacturer": "apple",
    "context_device_model": "iPhone13,4",
    "context_device_type": "mobile",
    "context_os_name": "ios",
    "context_os_version": "18.1",
    "context_receiver_service_timestamp": 1732238863306,
    "context_time": 1732238835209,
    "message_capabilities_resolved": true,
    "message_discover_method": "dial",
    "message_discovered_brand_display_name": "Comcast",
    "message_discovered_device_availablilty": "not_installed",
    "message_discovered_device_public_key": null,
    "message_discovered_device_type": "tv",
    "message_discovered_library_version": "",
    "message_discovered_model_display_name": "SCXI11BEIFlex"
  },
  {
    "message_device_id": "ff9e24d69485eef41b5c100b61b1b8e56e360b2d",
    "message_discovered_device_id": "28aa2a1c-7539-4967-b7f4-6478b21bb37d",
    "timestamp_utc": "2024-11-20T21:37:14.458Z",
    "context_application_version": "8.9.90.84",
    "context_conn_country": "US",
    "context_device_manufacturer": "apple",
    "context_device_model": "iPhone13,4",
    "context_device_type": "mobile",
    "context_os_name": "ios",
    "context_os_version": "18.1",
    "context_receiver_service_timestamp": 1732138645568,
    "context_time": 1732138634458,
    "message_capabilities_resolved": true,
    "message_discover_method": "dial",
    "message_discovered_brand_display_name": "Comcast",
    "message_discovered_device_availablilty": "not_logged_in",
    "message_discovered_device_public_key": null,
    "message_discovered_device_type": "tv",
    "message_discovered_library_version": "",
    "message_discovered_model_display_name": "SCXI11BEIFlex"
  },
  {
    "message_device_id": "b9f85e423bc55c6da0265ca4eed32fb1c910b5a3",
    "message_discovered_device_id": "28aa2a1c-7539-4967-b7f4-6478b21bb37d",
    "timestamp_utc": "2024-11-22T20:51:33.808Z",
    "context_application_version": "8.9.94.418",
    "context_conn_country": "US",
    "context_device_manufacturer": "apple",
    "context_device_model": "iPhone13,4",
    "context_device_type": "mobile",
    "context_os_name": "ios",
    "context_os_version": "18.1",
    "context_receiver_service_timestamp": 1732308699373,
    "context_time": 1732308693808,
    "message_capabilities_resolved": true,
    "message_discover_method": "dial",
    "message_discovered_brand_display_name": "Comcast",
    "message_discovered_device_availablilty": "not_logged_in",
    "message_discovered_device_public_key": null,
    "message_discovered_device_type": "tv",
    "message_discovered_library_version": "",
    "message_discovered_model_display_name": "SCXI11BEIFlex"
  },
  {
    "message_device_id": "ff9e24d69485eef41b5c100b61b1b8e56e360b2d",
    "message_discovered_device_id": "9c017571-cceb-4aea-b013-8904cc19ce86",
    "timestamp_utc": "2024-11-19T03:49:39.655Z",
    "context_application_version": "8.9.90.84",
    "context_conn_country": "US",
    "context_device_manufacturer": "apple",
    "context_device_model": "iPhone13,4",
    "context_device_type": "mobile",
    "context_os_name": "ios",
    "context_os_version": "18.1",
    "context_receiver_service_timestamp": 1731988191575,
    "context_time": 1731988179655,
    "message_capabilities_resolved": false,
    "message_discover_method": "dial",
    "message_discovered_brand_display_name": "Samsung Electronics",
    "message_discovered_device_availablilty": "not_installed",
    "message_discovered_device_public_key": null,
    "message_discovered_device_type": "tv",
    "message_discovered_library_version": "",
    "message_discovered_model_display_name": "UN75NU6950"
  },
  {
    "message_device_id": "ff9e24d69485eef41b5c100b61b1b8e56e360b2d",
    "message_discovered_device_id": "28aa2a1c-7539-4967-b7f4-6478b21bb37d",
    "timestamp_utc": "2024-11-20T17:32:01.794Z",
    "context_application_version": "8.9.90.84",
    "context_conn_country": "US",
    "context_device_manufacturer": "apple",
    "context_device_model": "iPhone13,4",
    "context_device_type": "mobile",
    "context_os_name": "ios",
    "context_os_version": "18.1",
    "context_receiver_service_timestamp": 1732123927546,
    "context_time": 1732123921794,
    "message_capabilities_resolved": false,
    "message_discover_method": "dial",
    "message_discovered_brand_display_name": "Comcast",
    "message_discovered_device_availablilty": "not_logged_in",
    "message_discovered_device_public_key": null,
    "message_discovered_device_type": "tv",
    "message_discovered_library_version": "",
    "message_discovered_model_display_name": "SCXI11BEIFlex"
  },
  {
    "message_device_id": "b9f85e423bc55c6da0265ca4eed32fb1c910b5a3",
    "message_discovered_device_id": "28aa2a1c-7539-4967-b7f4-6478b21bb37d",
    "timestamp_utc": "2024-11-22T20:51:33.567Z",
    "context_application_version": "8.9.94.418",
    "context_conn_country": "US",
    "context_device_manufacturer": "apple",
    "context_device_model": "iPhone13,4",
    "context_device_type": "mobile",
    "context_os_name": "ios",
    "context_os_version": "18.1",
    "context_receiver_service_timestamp": 1732308699373,
    "context_time": 1732308693567,
    "message_capabilities_resolved": false,
    "message_discover_method": "dial",
    "message_discovered_brand_display_name": "Comcast",
    "message_discovered_device_availablilty": "not_installed",
    "message_discovered_device_public_key": null,
    "message_discovered_device_type": "tv",
    "message_discovered_library_version": "",
    "message_discovered_model_display_name": "SCXI11BEIFlex"
  },
  {
    "message_device_id": "b9f85e423bc55c6da0265ca4eed32fb1c910b5a3",
    "message_discovered_device_id": "28aa2a1c-7539-4967-b7f4-6478b21bb37d",
    "timestamp_utc": "2024-11-22T01:27:15.117Z",
    "context_application_version": "8.9.94.418",
    "context_conn_country": "US",
    "context_device_manufacturer": "apple",
    "context_device_model": "iPhone13,4",
    "context_device_type": "mobile",
    "context_os_name": "ios",
    "context_os_version": "18.1",
    "context_receiver_service_timestamp": 1732238863306,
    "context_time": 1732238835117,
    "message_capabilities_resolved": false,
    "message_discover_method": "dial",
    "message_discovered_brand_display_name": "Comcast",
    "message_discovered_device_availablilty": "not_installed",
    "message_discovered_device_public_key": null,
    "message_discovered_device_type": "tv",
    "message_discovered_library_version": "",
    "message_discovered_model_display_name": "SCXI11BEIFlex"
  },
  {
    "message_device_id": "c15bf853577cb62f93c93512481bef7bd7997366",
    "message_discovered_device_id": "28aa2a1c-7539-4967-b7f4-6478b21bb37d",
    "timestamp_utc": "2024-11-22T00:56:07.767Z",
    "context_application_version": "8.9.94.418",
    "context_conn_country": "US",
    "context_device_manufacturer": "apple",
    "context_device_model": "iPad14,4",
    "context_device_type": "tablet",
    "context_os_name": "ios",
    "context_os_version": "18.0.1",
    "context_receiver_service_timestamp": 1732236994418,
    "context_time": 1732236967767,
    "message_capabilities_resolved": true,
    "message_discover_method": "dial",
    "message_discovered_brand_display_name": "Comcast",
    "message_discovered_device_availablilty": "not_logged_in",
    "message_discovered_device_public_key": null,
    "message_discovered_device_type": "tv",
    "message_discovered_library_version": "",
    "message_discovered_model_display_name": "SCXI11BEIFlex"
  },
  {
    "message_device_id": "a2143a91a010cf3da7250c77d6d4164ad49eee23",
    "message_discovered_device_id": "28aa2a1c-7539-4967-b7f4-6478b21bb37d",
    "timestamp_utc": "2024-11-21T00:53:15.608Z",
    "context_application_version": "8.9.90.84",
    "context_conn_country": "US",
    "context_device_manufacturer": "apple",
    "context_device_model": "iPad14,4",
    "context_device_type": "tablet",
    "context_os_name": "ios",
    "context_os_version": "18.0.1",
    "context_receiver_service_timestamp": 1732150402955,
    "context_time": 1732150395608,
    "message_capabilities_resolved": true,
    "message_discover_method": "dial",
    "message_discovered_brand_display_name": "Comcast",
    "message_discovered_device_availablilty": "not_installed",
    "message_discovered_device_public_key": null,
    "message_discovered_device_type": "tv",
    "message_discovered_library_version": "",
    "message_discovered_model_display_name": "SCXI11BEIFlex"
  },
  {
    "message_device_id": "ff9e24d69485eef41b5c100b61b1b8e56e360b2d",
    "message_discovered_device_id": "28aa2a1c-7539-4967-b7f4-6478b21bb37d",
    "timestamp_utc": "2024-11-19T03:49:40.684Z",
    "context_application_version": "8.9.90.84",
    "context_conn_country": "US",
    "context_device_manufacturer": "apple",
    "context_device_model": "iPhone13,4",
    "context_device_type": "mobile",
    "context_os_name": "ios",
    "context_os_version": "18.1",
    "context_receiver_service_timestamp": 1731988191575,
    "context_time": 1731988180684,
    "message_capabilities_resolved": true,
    "message_discover_method": "dial",
    "message_discovered_brand_display_name": "Comcast",
    "message_discovered_device_availablilty": "not_logged_in",
    "message_discovered_device_public_key": null,
    "message_discovered_device_type": "tv",
    "message_discovered_library_version": "",
    "message_discovered_model_display_name": "SCXI11BEIFlex"
  },
  {
    "message_device_id": "a2143a91a010cf3da7250c77d6d4164ad49eee23",
    "message_discovered_device_id": "28aa2a1c-7539-4967-b7f4-6478b21bb37d",
    "timestamp_utc": "2024-11-21T00:53:15.714Z",
    "context_application_version": "8.9.90.84",
    "context_conn_country": "US",
    "context_device_manufacturer": "apple",
    "context_device_model": "iPad14,4",
    "context_device_type": "tablet",
    "context_os_name": "ios",
    "context_os_version": "18.0.1",
    "context_receiver_service_timestamp": 1732150402955,
    "context_time": 1732150395714,
    "message_capabilities_resolved": true,
    "message_discover_method": "dial",
    "message_discovered_brand_display_name": "Comcast",
    "message_discovered_device_availablilty": "not_logged_in",
    "message_discovered_device_public_key": null,
    "message_discovered_device_type": "tv",
    "message_discovered_library_version": "",
    "message_discovered_model_display_name": "SCXI11BEIFlex"
  },
  {
    "message_device_id": "b9f85e423bc55c6da0265ca4eed32fb1c910b5a3",
    "message_discovered_device_id": "28aa2a1c-7539-4967-b7f4-6478b21bb37d",
    "timestamp_utc": "2024-11-22T01:27:15.353Z",
    "context_application_version": "8.9.94.418",
    "context_conn_country": "US",
    "context_device_manufacturer": "apple",
    "context_device_model": "iPhone13,4",
    "context_device_type": "mobile",
    "context_os_name": "ios",
    "context_os_version": "18.1",
    "context_receiver_service_timestamp": 1732238863306,
    "context_time": 1732238835353,
    "message_capabilities_resolved": true,
    "message_discover_method": "dial",
    "message_discovered_brand_display_name": "Comcast",
    "message_discovered_device_availablilty": "not_logged_in",
    "message_discovered_device_public_key": null,
    "message_discovered_device_type": "tv",
    "message_discovered_library_version": "",
    "message_discovered_model_display_name": "SCXI11BEIFlex"
  },
  {
    "message_device_id": "b9f85e423bc55c6da0265ca4eed32fb1c910b5a3",
    "message_discovered_device_id": "9c017571-cceb-4aea-b013-8904cc19ce86",
    "timestamp_utc": "2024-11-22T01:27:14.468Z",
    "context_application_version": "8.9.94.418",
    "context_conn_country": "US",
    "context_device_manufacturer": "apple",
    "context_device_model": "iPhone13,4",
    "context_device_type": "mobile",
    "context_os_name": "ios",
    "context_os_version": "18.1",
    "context_receiver_service_timestamp": 1732238863306,
    "context_time": 1732238834468,
    "message_capabilities_resolved": false,
    "message_discover_method": "dial",
    "message_discovered_brand_display_name": "Samsung Electronics",
    "message_discovered_device_availablilty": "not_installed",
    "message_discovered_device_public_key": null,
    "message_discovered_device_type": "tv",
    "message_discovered_library_version": "",
    "message_discovered_model_display_name": "UN75NU6950"
  },
  {
    "message_device_id": "a2143a91a010cf3da7250c77d6d4164ad49eee23",
    "message_discovered_device_id": "9c017571-cceb-4aea-b013-8904cc19ce86",
    "timestamp_utc": "2024-11-21T00:53:14.493Z",
    "context_application_version": "8.9.90.84",
    "context_conn_country": "US",
    "context_device_manufacturer": "apple",
    "context_device_model": "iPad14,4",
    "context_device_type": "tablet",
    "context_os_name": "ios",
    "context_os_version": "18.0.1",
    "context_receiver_service_timestamp": 1732150402493,
    "context_time": 1732150394493,
    "message_capabilities_resolved": false,
    "message_discover_method": "dial",
    "message_discovered_brand_display_name": "Samsung Electronics",
    "message_discovered_device_availablilty": "not_installed",
    "message_discovered_device_public_key": null,
    "message_discovered_device_type": "tv",
    "message_discovered_library_version": "",
    "message_discovered_model_display_name": "UN75NU6950"
  },
  {
    "message_device_id": "a2143a91a010cf3da7250c77d6d4164ad49eee23",
    "message_discovered_device_id": "28aa2a1c-7539-4967-b7f4-6478b21bb37d",
    "timestamp_utc": "2024-11-21T00:53:15.494Z",
    "context_application_version": "8.9.90.84",
    "context_conn_country": "US",
    "context_device_manufacturer": "apple",
    "context_device_model": "iPad14,4",
    "context_device_type": "tablet",
    "context_os_name": "ios",
    "context_os_version": "18.0.1",
    "context_receiver_service_timestamp": 1732150402955,
    "context_time": 1732150395494,
    "message_capabilities_resolved": false,
    "message_discover_method": "dial",
    "message_discovered_brand_display_name": "Comcast",
    "message_discovered_device_availablilty": "not_installed",
    "message_discovered_device_public_key": null,
    "message_discovered_device_type": "tv",
    "message_discovered_library_version": "",
    "message_discovered_model_display_name": "SCXI11BEIFlex"
  },
  {
    "message_device_id": "c15bf853577cb62f93c93512481bef7bd7997366",
    "message_discovered_device_id": "9c017571-cceb-4aea-b013-8904cc19ce86",
    "timestamp_utc": "2024-11-22T02:21:41.172Z",
    "context_application_version": "8.9.94.418",
    "context_conn_country": "US",
    "context_device_manufacturer": "apple",
    "context_device_model": "iPad14,4",
    "context_device_type": "tablet",
    "context_os_name": "ios",
    "context_os_version": "18.0.1",
    "context_receiver_service_timestamp": 1732242102535,
    "context_time": 1732242101172,
    "message_capabilities_resolved": false,
    "message_discover_method": "dial",
    "message_discovered_brand_display_name": "Samsung Electronics",
    "message_discovered_device_availablilty": "not_installed",
    "message_discovered_device_public_key": null,
    "message_discovered_device_type": "tv",
    "message_discovered_library_version": "",
    "message_discovered_model_display_name": "UN75NU6950"
  },
  {
    "message_device_id": "ff9e24d69485eef41b5c100b61b1b8e56e360b2d",
    "message_discovered_device_id": "28aa2a1c-7539-4967-b7f4-6478b21bb37d",
    "timestamp_utc": "2024-11-20T21:37:14.122Z",
    "context_application_version": "8.9.90.84",
    "context_conn_country": "US",
    "context_device_manufacturer": "apple",
    "context_device_model": "iPhone13,4",
    "context_device_type": "mobile",
    "context_os_name": "ios",
    "context_os_version": "18.1",
    "context_receiver_service_timestamp": 1732138645568,
    "context_time": 1732138634122,
    "message_capabilities_resolved": false,
    "message_discover_method": "dial",
    "message_discovered_brand_display_name": "Comcast",
    "message_discovered_device_availablilty": "not_installed",
    "message_discovered_device_public_key": null,
    "message_discovered_device_type": "tv",
    "message_discovered_library_version": "",
    "message_discovered_model_display_name": "SCXI11BEIFlex"
  },
  {
    "message_device_id": "ff9e24d69485eef41b5c100b61b1b8e56e360b2d",
    "message_discovered_device_id": "28aa2a1c-7539-4967-b7f4-6478b21bb37d",
    "timestamp_utc": "2024-11-20T21:37:14.375Z",
    "context_application_version": "8.9.90.84",
    "context_conn_country": "US",
    "context_device_manufacturer": "apple",
    "context_device_model": "iPhone13,4",
    "context_device_type": "mobile",
    "context_os_name": "ios",
    "context_os_version": "18.1",
    "context_receiver_service_timestamp": 1732138645568,
    "context_time": 1732138634375,
    "message_capabilities_resolved": true,
    "message_discover_method": "dial",
    "message_discovered_brand_display_name": "Comcast",
    "message_discovered_device_availablilty": "not_installed",
    "message_discovered_device_public_key": null,
    "message_discovered_device_type": "tv",
    "message_discovered_library_version": "",
    "message_discovered_model_display_name": "SCXI11BEIFlex"
  },
  {
    "message_device_id": "ff9e24d69485eef41b5c100b61b1b8e56e360b2d",
    "message_discovered_device_id": "28aa2a1c-7539-4967-b7f4-6478b21bb37d",
    "timestamp_utc": "2024-11-19T03:49:40.526Z",
    "context_application_version": "8.9.90.84",
    "context_conn_country": "US",
    "context_device_manufacturer": "apple",
    "context_device_model": "iPhone13,4",
    "context_device_type": "mobile",
    "context_os_name": "ios",
    "context_os_version": "18.1",
    "context_receiver_service_timestamp": 1731988191575,
    "context_time": 1731988180526,
    "message_capabilities_resolved": true,
    "message_discover_method": "dial",
    "message_discovered_brand_display_name": "Comcast",
    "message_discovered_device_availablilty": "not_installed",
    "message_discovered_device_public_key": null,
    "message_discovered_device_type": "tv",
    "message_discovered_library_version": "",
    "message_discovered_model_display_name": "SCXI11BEIFlex"
  },
  {
    "message_device_id": "ff9e24d69485eef41b5c100b61b1b8e56e360b2d",
    "message_discovered_device_id": "28aa2a1c-7539-4967-b7f4-6478b21bb37d",
    "timestamp_utc": "2024-11-19T03:49:40.338Z",
    "context_application_version": "8.9.90.84",
    "context_conn_country": "US",
    "context_device_manufacturer": "apple",
    "context_device_model": "iPhone13,4",
    "context_device_type": "mobile",
    "context_os_name": "ios",
    "context_os_version": "18.1",
    "context_receiver_service_timestamp": 1731988191575,
    "context_time": 1731988180338,
    "message_capabilities_resolved": false,
    "message_discover_method": "dial",
    "message_discovered_brand_display_name": "Comcast",
    "message_discovered_device_availablilty": "not_installed",
    "message_discovered_device_public_key": null,
    "message_discovered_device_type": "tv",
    "message_discovered_library_version": "",
    "message_discovered_model_display_name": "SCXI11BEIFlex"
  },
  {
    "message_device_id": "c15bf853577cb62f93c93512481bef7bd7997366",
    "message_discovered_device_id": "28aa2a1c-7539-4967-b7f4-6478b21bb37d",
    "timestamp_utc": "2024-11-22T00:56:07.592Z",
    "context_application_version": "8.9.94.418",
    "context_conn_country": "US",
    "context_device_manufacturer": "apple",
    "context_device_model": "iPad14,4",
    "context_device_type": "tablet",
    "context_os_name": "ios",
    "context_os_version": "18.0.1",
    "context_receiver_service_timestamp": 1732236994418,
    "context_time": 1732236967592,
    "message_capabilities_resolved": false,
    "message_discover_method": "dial",
    "message_discovered_brand_display_name": "Comcast",
    "message_discovered_device_availablilty": "not_installed",
    "message_discovered_device_public_key": null,
    "message_discovered_device_type": "tv",
    "message_discovered_library_version": "",
    "message_discovered_model_display_name": "SCXI11BEIFlex"
  }
]