[
  {
    "message_active_device_id": "7a9fe92b2ffa800e9dbd3da0897d374e4574fdb2",
    "timestamp_utc": "2024-09-30T19:24:33.490Z",
    "context_application_version": "8.9.76.516",
    "context_conn_country": "US",
    "context_device_manufacturer": "apple",
    "context_device_model": "iPhone13,4",
    "context_device_type": "mobile",
    "context_os_name": "ios",
    "context_os_version": "18.0",
    "context_receiver_service_timestamp": 1727724296219,
    "context_time": 1727724273490,
    "message_action": "remote_volume_received",
    "message_action_parameter": "core",
    "message_application_state": "foreground",
    "message_current_route_type": "bluetooth",
    "message_is_social_connect": false,
    "message_old_volume": 1,
    "message_social_connect_session_id": "",
    "message_volume": 1
  },
  {
    "message_active_device_id": "7a9fe92b2ffa800e9dbd3da0897d374e4574fdb2",
    "timestamp_utc": "2024-09-30T21:14:53.231Z",
    "context_application_version": "8.9.76.516",
    "context_conn_country": "US",
    "context_device_manufacturer": "apple",
    "context_device_model": "iPhone13,4",
    "context_device_type": "mobile",
    "context_os_name": "ios",
    "context_os_version": "18.0",
    "context_receiver_service_timestamp": 1727730917348,
    "context_time": 1727730893231,
    "message_action": "remote_volume_received",
    "message_action_parameter": "core",
    "message_application_state": "background",
    "message_current_route_type": "bluetooth",
    "message_is_social_connect": false,
    "message_old_volume": 1,
    "message_social_connect_session_id": "",
    "message_volume": 1
  },
  {
    "message_active_device_id": "7a9fe92b2ffa800e9dbd3da0897d374e4574fdb2",
    "timestamp_utc": "2024-10-28T02:30:50.849Z",
    "context_application_version": "8.9.84.543",
    "context_conn_country": "US",
    "context_device_manufacturer": "apple",
    "context_device_model": "iPhone13,4",
    "context_device_type": "mobile",
    "context_os_name": "ios",
    "context_os_version": "18.0.1",
    "context_receiver_service_timestamp": 1730082677483,
    "context_time": 1730082650849,
    "message_action": "remote_volume_received",
    "message_action_parameter": "core",
    "message_application_state": "background",
    "message_current_route_type": "builtInSpeaker",
    "message_is_social_connect": false,
    "message_old_volume": 1,
    "message_social_connect_session_id": "",
    "message_volume": 1
  },
  {
    "message_active_device_id": "7a9fe92b2ffa800e9dbd3da0897d374e4574fdb2",
    "timestamp_utc": "2024-09-23T18:23:29.007Z",
    "context_application_version": "8.9.76.516",
    "context_conn_country": "US",
    "context_device_manufacturer": "apple",
    "context_device_model": "iPhone13,4",
    "context_device_type": "mobile",
    "context_os_name": "ios",
    "context_os_version": "17.6.1",
    "context_receiver_service_timestamp": 1727115827096,
    "context_time": 1727115809007,
    "message_action": "remote_volume_received",
    "message_action_parameter": "core",
    "message_application_state": "foreground",
    "message_current_route_type": "bluetooth",
    "message_is_social_connect": false,
    "message_old_volume": 1,
    "message_social_connect_session_id": "",
    "message_volume": 1
  },
  {
    "message_active_device_id": "7a9fe92b2ffa800e9dbd3da0897d374e4574fdb2",
    "timestamp_utc": "2024-09-30T19:24:38.314Z",
    "context_application_version": "8.9.76.516",
    "context_conn_country": "US",
    "context_device_manufacturer": "apple",
    "context_device_model": "iPhone13,4",
    "context_device_type": "mobile",
    "context_os_name": "ios",
    "context_os_version": "18.0",
    "context_receiver_service_timestamp": 1727724296466,
    "context_time": 1727724278314,
    "message_action": "remote_volume_received",
    "message_action_parameter": "core",
    "message_application_state": "foreground",
    "message_current_route_type": "bluetooth",
    "message_is_social_connect": false,
    "message_old_volume": 1,
    "message_social_connect_session_id": "",
    "message_volume": 1
  },
  {
    "message_active_device_id": "7a9fe92b2ffa800e9dbd3da0897d374e4574fdb2",
    "timestamp_utc": "2024-09-25T00:10:43.341Z",
    "context_application_version": "8.9.76.516",
    "context_conn_country": "US",
    "context_device_manufacturer": "apple",
    "context_device_model": "iPad14,4",
    "context_device_type": "tablet",
    "context_os_name": "ios",
    "context_os_version": "17.6.1",
    "context_receiver_service_timestamp": 1727223424043,
    "context_time": 1727223043341,
    "message_action": "remote_volume_received",
    "message_action_parameter": "core",
    "message_application_state": "background",
    "message_current_route_type": "bluetooth",
    "message_is_social_connect": false,
    "message_old_volume": 1,
    "message_social_connect_session_id": "",
    "message_volume": 1
  },
  {
    "message_active_device_id": "7a9fe92b2ffa800e9dbd3da0897d374e4574fdb2",
    "timestamp_utc": "2024-09-25T00:10:37.003Z",
    "context_application_version": "8.9.76.516",
    "context_conn_country": "US",
    "context_device_manufacturer": "apple",
    "context_device_model": "iPad14,4",
    "context_device_type": "tablet",
    "context_os_name": "ios",
    "context_os_version": "17.6.1",
    "context_receiver_service_timestamp": 1727223424043,
    "context_time": 1727223037003,
    "message_action": "remote_volume_received",
    "message_action_parameter": "core",
    "message_application_state": "background",
    "message_current_route_type": "bluetooth",
    "message_is_social_connect": false,
    "message_old_volume": 1,
    "message_social_connect_session_id": "",
    "message_volume": 1
  },
  {
    "message_active_device_id": "7a9fe92b2ffa800e9dbd3da0897d374e4574fdb2",
    "timestamp_utc": "2024-09-25T00:10:45.363Z",
    "context_application_version": "8.9.76.516",
    "context_conn_country": "US",
    "context_device_manufacturer": "apple",
    "context_device_model": "iPad14,4",
    "context_device_type": "tablet",
    "context_os_name": "ios",
    "context_os_version": "17.6.1",
    "context_receiver_service_timestamp": 1727223424043,
    "context_time": 1727223045363,
    "message_action": "remote_volume_received",
    "message_action_parameter": "core",
    "message_application_state": "background",
    "message_current_route_type": "bluetooth",
    "message_is_social_connect": false,
    "message_old_volume": 1,
    "message_social_connect_session_id": "",
    "message_volume": 1
  },
  {
    "message_active_device_id": "7a9fe92b2ffa800e9dbd3da0897d374e4574fdb2",
    "timestamp_utc": "2024-09-24T23:57:57.306Z",
    "context_application_version": "8.9.76.516",
    "context_conn_country": "US",
    "context_device_manufacturer": "apple",
    "context_device_model": "iPad14,4",
    "context_device_type": "tablet",
    "context_os_name": "ios",
    "context_os_version": "17.6.1",
    "context_receiver_service_timestamp": 1727222286112,
    "context_time": 1727222277306,
    "message_action": "remote_volume_received",
    "message_action_parameter": "core",
    "message_application_state": "foreground",
    "message_current_route_type": "bluetooth",
    "message_is_social_connect": false,
    "message_old_volume": 1,
    "message_social_connect_session_id": "",
    "message_volume": 1
  },
  {
    "message_active_device_id": "7a9fe92b2ffa800e9dbd3da0897d374e4574fdb2",
    "timestamp_utc": "2024-09-30T21:32:17.630Z",
    "context_application_version": "8.9.76.516",
    "context_conn_country": "US",
    "context_device_manufacturer": "apple",
    "context_device_model": "iPhone13,4",
    "context_device_type": "mobile",
    "context_os_name": "ios",
    "context_os_version": "18.0",
    "context_receiver_service_timestamp": 1727731938905,
    "context_time": 1727731937630,
    "message_action": "remote_volume_received",
    "message_action_parameter": "core",
    "message_application_state": "foreground",
    "message_current_route_type": "bluetooth",
    "message_is_social_connect": false,
    "message_old_volume": 1,
    "message_social_connect_session_id": "",
    "message_volume": 1
  },
  {
    "message_active_device_id": "7a9fe92b2ffa800e9dbd3da0897d374e4574fdb2",
    "timestamp_utc": "2024-09-25T00:06:10.855Z",
    "context_application_version": "8.9.76.516",
    "context_conn_country": "US",
    "context_device_manufacturer": "apple",
    "context_device_model": "iPad14,4",
    "context_device_type": "tablet",
    "context_os_name": "ios",
    "context_os_version": "17.6.1",
    "context_receiver_service_timestamp": 1727223037253,
    "context_time": 1727222770855,
    "message_action": "remote_volume_received",
    "message_action_parameter": "core",
    "message_application_state": "background",
    "message_current_route_type": "bluetooth",
    "message_is_social_connect": false,
    "message_old_volume": 1,
    "message_social_connect_session_id": "",
    "message_volume": 1
  },
  {
    "message_active_device_id": "7a9fe92b2ffa800e9dbd3da0897d374e4574fdb2",
    "timestamp_utc": "2024-09-25T00:06:11.571Z",
    "context_application_version": "8.9.76.516",
    "context_conn_country": "US",
    "context_device_manufacturer": "apple",
    "context_device_model": "iPad14,4",
    "context_device_type": "tablet",
    "context_os_name": "ios",
    "context_os_version": "17.6.1",
    "context_receiver_service_timestamp": 1727223037253,
    "context_time": 1727222771571,
    "message_action": "remote_volume_received",
    "message_action_parameter": "core",
    "message_application_state": "foreground",
    "message_current_route_type": "bluetooth",
    "message_is_social_connect": false,
    "message_old_volume": 1,
    "message_social_connect_session_id": "",
    "message_volume": 1
  },
  {
    "message_active_device_id": "7a9fe92b2ffa800e9dbd3da0897d374e4574fdb2",
    "timestamp_utc": "2024-09-25T00:06:10.942Z",
    "context_application_version": "8.9.76.516",
    "context_conn_country": "US",
    "context_device_manufacturer": "apple",
    "context_device_model": "iPad14,4",
    "context_device_type": "tablet",
    "context_os_name": "ios",
    "context_os_version": "17.6.1",
    "context_receiver_service_timestamp": 1727223037253,
    "context_time": 1727222770942,
    "message_action": "remote_volume_received",
    "message_action_parameter": "core",
    "message_application_state": "background",
    "message_current_route_type": "bluetooth",
    "message_is_social_connect": false,
    "message_old_volume": 1,
    "message_social_connect_session_id": "",
    "message_volume": 1
  },
  {
    "message_active_device_id": "7a9fe92b2ffa800e9dbd3da0897d374e4574fdb2",
    "timestamp_utc": "2024-10-21T22:17:37.660Z",
    "context_application_version": "8.9.82.628",
    "context_conn_country": "US",
    "context_device_manufacturer": "apple",
    "context_device_model": "iPhone13,4",
    "context_device_type": "mobile",
    "context_os_name": "ios",
    "context_os_version": "18.0.1",
    "context_receiver_service_timestamp": 1729549068848,
    "context_time": 1729549057660,
    "message_action": "remote_volume_received",
    "message_action_parameter": "core",
    "message_application_state": "background",
    "message_current_route_type": "bluetooth",
    "message_is_social_connect": false,
    "message_old_volume": 1,
    "message_social_connect_session_id": "",
    "message_volume": 1
  },
  {
    "message_active_device_id": "7a9fe92b2ffa800e9dbd3da0897d374e4574fdb2",
    "timestamp_utc": "2024-09-11T21:50:19.932Z",
    "context_application_version": "8.9.70.592",
    "context_conn_country": "US",
    "context_device_manufacturer": "apple",
    "context_device_model": "iPhone13,4",
    "context_device_type": "mobile",
    "context_os_name": "ios",
    "context_os_version": "17.6.1",
    "context_receiver_service_timestamp": 1726091439215,
    "context_time": 1726091419932,
    "message_action": "remote_volume_received",
    "message_action_parameter": "core",
    "message_application_state": "background",
    "message_current_route_type": "bluetooth",
    "message_is_social_connect": false,
    "message_old_volume": 1,
    "message_social_connect_session_id": "",
    "message_volume": 1
  },
  {
    "message_active_device_id": "7a9fe92b2ffa800e9dbd3da0897d374e4574fdb2",
    "timestamp_utc": "2024-09-23T18:23:29.292Z",
    "context_application_version": "8.9.76.516",
    "context_conn_country": "US",
    "context_device_manufacturer": "apple",
    "context_device_model": "iPhone13,4",
    "context_device_type": "mobile",
    "context_os_name": "ios",
    "context_os_version": "17.6.1",
    "context_receiver_service_timestamp": 1727115827096,
    "context_time": 1727115809292,
    "message_action": "remote_volume_received",
    "message_action_parameter": "core",
    "message_application_state": "foreground",
    "message_current_route_type": "bluetooth",
    "message_is_social_connect": false,
    "message_old_volume": 1,
    "message_social_connect_session_id": "",
    "message_volume": 1
  },
  {
    "message_active_device_id": "7a9fe92b2ffa800e9dbd3da0897d374e4574fdb2",
    "timestamp_utc": "2024-09-25T00:10:38.263Z",
    "context_application_version": "8.9.76.516",
    "context_conn_country": "US",
    "context_device_manufacturer": "apple",
    "context_device_model": "iPad14,4",
    "context_device_type": "tablet",
    "context_os_name": "ios",
    "context_os_version": "17.6.1",
    "context_receiver_service_timestamp": 1727223424043,
    "context_time": 1727223038263,
    "message_action": "remote_volume_received",
    "message_action_parameter": "core",
    "message_application_state": "background",
    "message_current_route_type": "bluetooth",
    "message_is_social_connect": false,
    "message_old_volume": 1,
    "message_social_connect_session_id": "",
    "message_volume": 1
  },
  {
    "message_active_device_id": "7a9fe92b2ffa800e9dbd3da0897d374e4574fdb2",
    "timestamp_utc": "2024-09-30T19:24:28.746Z",
    "context_application_version": "8.9.76.516",
    "context_conn_country": "US",
    "context_device_manufacturer": "apple",
    "context_device_model": "iPhone13,4",
    "context_device_type": "mobile",
    "context_os_name": "ios",
    "context_os_version": "18.0",
    "context_receiver_service_timestamp": 1727724296219,
    "context_time": 1727724268746,
    "message_action": "remote_volume_received",
    "message_action_parameter": "core",
    "message_application_state": "foreground",
    "message_current_route_type": "bluetooth",
    "message_is_social_connect": false,
    "message_old_volume": 1,
    "message_social_connect_session_id": "",
    "message_volume": 1
  },
  {
    "message_active_device_id": "7a9fe92b2ffa800e9dbd3da0897d374e4574fdb2",
    "timestamp_utc": "2024-09-24T23:58:20.788Z",
    "context_application_version": "8.9.76.516",
    "context_conn_country": "US",
    "context_device_manufacturer": "apple",
    "context_device_model": "iPad14,4",
    "context_device_type": "tablet",
    "context_os_name": "ios",
    "context_os_version": "17.6.1",
    "context_receiver_service_timestamp": 1727222315694,
    "context_time": 1727222300788,
    "message_action": "remote_volume_received",
    "message_action_parameter": "core",
    "message_application_state": "background",
    "message_current_route_type": "bluetooth",
    "message_is_social_connect": false,
    "message_old_volume": 1,
    "message_social_connect_session_id": "",
    "message_volume": 1
  },
  {
    "message_active_device_id": "7a9fe92b2ffa800e9dbd3da0897d374e4574fdb2",
    "timestamp_utc": "2024-09-30T21:32:18.150Z",
    "context_application_version": "8.9.76.516",
    "context_conn_country": "US",
    "context_device_manufacturer": "apple",
    "context_device_model": "iPhone13,4",
    "context_device_type": "mobile",
    "context_os_name": "ios",
    "context_os_version": "18.0",
    "context_receiver_service_timestamp": 1727731938905,
    "context_time": 1727731938150,
    "message_action": "remote_volume_received",
    "message_action_parameter": "core",
    "message_application_state": "foreground",
    "message_current_route_type": "bluetooth",
    "message_is_social_connect": false,
    "message_old_volume": 1,
    "message_social_connect_session_id": "",
    "message_volume": 1
  },
  {
    "message_active_device_id": "7a9fe92b2ffa800e9dbd3da0897d374e4574fdb2",
    "timestamp_utc": "2024-09-30T19:24:31.097Z",
    "context_application_version": "8.9.76.516",
    "context_conn_country": "US",
    "context_device_manufacturer": "apple",
    "context_device_model": "iPhone13,4",
    "context_device_type": "mobile",
    "context_os_name": "ios",
    "context_os_version": "18.0",
    "context_receiver_service_timestamp": 1727724296219,
    "context_time": 1727724271097,
    "message_action": "remote_volume_received",
    "message_action_parameter": "core",
    "message_application_state": "foreground",
    "message_current_route_type": "bluetooth",
    "message_is_social_connect": false,
    "message_old_volume": 1,
    "message_social_connect_session_id": "",
    "message_volume": 1
  },
  {
    "message_active_device_id": "7a9fe92b2ffa800e9dbd3da0897d374e4574fdb2",
    "timestamp_utc": "2024-09-23T19:30:06.444Z",
    "context_application_version": "8.9.76.516",
    "context_conn_country": "US",
    "context_device_manufacturer": "apple",
    "context_device_model": "iPhone13,4",
    "context_device_type": "mobile",
    "context_os_name": "ios",
    "context_os_version": "17.6.1",
    "context_receiver_service_timestamp": 1727119808948,
    "context_time": 1727119806444,
    "message_action": "remote_volume_received",
    "message_action_parameter": "core",
    "message_application_state": "foreground",
    "message_current_route_type": "bluetooth",
    "message_is_social_connect": false,
    "message_old_volume": 1,
    "message_social_connect_session_id": "",
    "message_volume": 1
  },
  {
    "message_active_device_id": "7a9fe92b2ffa800e9dbd3da0897d374e4574fdb2",
    "timestamp_utc": "2024-09-11T21:50:19.161Z",
    "context_application_version": "8.9.70.592",
    "context_conn_country": "US",
    "context_device_manufacturer": "apple",
    "context_device_model": "iPhone13,4",
    "context_device_type": "mobile",
    "context_os_name": "ios",
    "context_os_version": "17.6.1",
    "context_receiver_service_timestamp": 1726091439215,
    "context_time": 1726091419161,
    "message_action": "remote_volume_received",
    "message_action_parameter": "core",
    "message_application_state": "background",
    "message_current_route_type": "bluetooth",
    "message_is_social_connect": false,
    "message_old_volume": 1,
    "message_social_connect_session_id": "",
    "message_volume": 1
  },
  {
    "message_active_device_id": "7a9fe92b2ffa800e9dbd3da0897d374e4574fdb2",
    "timestamp_utc": "2024-10-28T02:30:48.882Z",
    "context_application_version": "8.9.84.543",
    "context_conn_country": "US",
    "context_device_manufacturer": "apple",
    "context_device_model": "iPhone13,4",
    "context_device_type": "mobile",
    "context_os_name": "ios",
    "context_os_version": "18.0.1",
    "context_receiver_service_timestamp": 1730082677483,
    "context_time": 1730082648882,
    "message_action": "remote_volume_received",
    "message_action_parameter": "core",
    "message_application_state": "background",
    "message_current_route_type": "builtInSpeaker",
    "message_is_social_connect": false,
    "message_old_volume": 1,
    "message_social_connect_session_id": "",
    "message_volume": 1
  },
  {
    "message_active_device_id": "7a9fe92b2ffa800e9dbd3da0897d374e4574fdb2",
    "timestamp_utc": "2024-09-25T00:17:03.812Z",
    "context_application_version": "8.9.76.516",
    "context_conn_country": "US",
    "context_device_manufacturer": "apple",
    "context_device_model": "iPad14,4",
    "context_device_type": "tablet",
    "context_os_name": "ios",
    "context_os_version": "17.6.1",
    "context_receiver_service_timestamp": 1727223425648,
    "context_time": 1727223423812,
    "message_action": "remote_volume_received",
    "message_action_parameter": "core",
    "message_application_state": "background",
    "message_current_route_type": "bluetooth",
    "message_is_social_connect": false,
    "message_old_volume": 1,
    "message_social_connect_session_id": "",
    "message_volume": 1
  },
  {
    "message_active_device_id": "null",
    "timestamp_utc": "2024-09-23T18:23:28.092Z",
    "context_application_version": "8.9.76.516",
    "context_conn_country": "US",
    "context_device_manufacturer": "apple",
    "context_device_model": "iPhone13,4",
    "context_device_type": "mobile",
    "context_os_name": "ios",
    "context_os_version": "17.6.1",
    "context_receiver_service_timestamp": 1727115827096,
    "context_time": 1727115808092,
    "message_action": "remote_volume_received",
    "message_action_parameter": "core",
    "message_application_state": "foreground",
    "message_current_route_type": "bluetooth",
    "message_is_social_connect": false,
    "message_old_volume": 0.30000001192092896,
    "message_social_connect_session_id": "",
    "message_volume": 1
  },
  {
    "message_active_device_id": "7a9fe92b2ffa800e9dbd3da0897d374e4574fdb2",
    "timestamp_utc": "2024-10-21T22:17:35.404Z",
    "context_application_version": "8.9.82.628",
    "context_conn_country": "US",
    "context_device_manufacturer": "apple",
    "context_device_model": "iPhone13,4",
    "context_device_type": "mobile",
    "context_os_name": "ios",
    "context_os_version": "18.0.1",
    "context_receiver_service_timestamp": 1729549068848,
    "context_time": 1729549055404,
    "message_action": "remote_volume_received",
    "message_action_parameter": "core",
    "message_application_state": "background",
    "message_current_route_type": "bluetooth",
    "message_is_social_connect": false,
    "message_old_volume": 1,
    "message_social_connect_session_id": "",
    "message_volume": 1
  },
  {
    "message_active_device_id": "7a9fe92b2ffa800e9dbd3da0897d374e4574fdb2",
    "timestamp_utc": "2024-09-30T19:24:38.414Z",
    "context_application_version": "8.9.76.516",
    "context_conn_country": "US",
    "context_device_manufacturer": "apple",
    "context_device_model": "iPhone13,4",
    "context_device_type": "mobile",
    "context_os_name": "ios",
    "context_os_version": "18.0",
    "context_receiver_service_timestamp": 1727724296466,
    "context_time": 1727724278414,
    "message_action": "remote_volume_received",
    "message_action_parameter": "core",
    "message_application_state": "foreground",
    "message_current_route_type": "bluetooth",
    "message_is_social_connect": false,
    "message_old_volume": 1,
    "message_social_connect_session_id": "",
    "message_volume": 1
  },
  {
    "message_active_device_id": "7a9fe92b2ffa800e9dbd3da0897d374e4574fdb2",
    "timestamp_utc": "2024-09-30T19:24:37.907Z",
    "context_application_version": "8.9.76.516",
    "context_conn_country": "US",
    "context_device_manufacturer": "apple",
    "context_device_model": "iPhone13,4",
    "context_device_type": "mobile",
    "context_os_name": "ios",
    "context_os_version": "18.0",
    "context_receiver_service_timestamp": 1727724296466,
    "context_time": 1727724277907,
    "message_action": "remote_volume_received",
    "message_action_parameter": "core",
    "message_application_state": "foreground",
    "message_current_route_type": "bluetooth",
    "message_is_social_connect": false,
    "message_old_volume": 1,
    "message_social_connect_session_id": "",
    "message_volume": 1
  },
  {
    "message_active_device_id": "7a9fe92b2ffa800e9dbd3da0897d374e4574fdb2",
    "timestamp_utc": "2024-10-28T02:30:54.059Z",
    "context_application_version": "8.9.84.543",
    "context_conn_country": "US",
    "context_device_manufacturer": "apple",
    "context_device_model": "iPhone13,4",
    "context_device_type": "mobile",
    "context_os_name": "ios",
    "context_os_version": "18.0.1",
    "context_receiver_service_timestamp": 1730082677483,
    "context_time": 1730082654059,
    "message_action": "remote_volume_received",
    "message_action_parameter": "core",
    "message_application_state": "background",
    "message_current_route_type": "builtInSpeaker",
    "message_is_social_connect": false,
    "message_old_volume": 1,
    "message_social_connect_session_id": "",
    "message_volume": 1
  },
  {
    "message_active_device_id": "7a9fe92b2ffa800e9dbd3da0897d374e4574fdb2",
    "timestamp_utc": "2024-10-28T02:30:50.965Z",
    "context_application_version": "8.9.84.543",
    "context_conn_country": "US",
    "context_device_manufacturer": "apple",
    "context_device_model": "iPhone13,4",
    "context_device_type": "mobile",
    "context_os_name": "ios",
    "context_os_version": "18.0.1",
    "context_receiver_service_timestamp": 1730082677483,
    "context_time": 1730082650965,
    "message_action": "remote_volume_received",
    "message_action_parameter": "core",
    "message_application_state": "background",
    "message_current_route_type": "builtInSpeaker",
    "message_is_social_connect": false,
    "message_old_volume": 1,
    "message_social_connect_session_id": "",
    "message_volume": 1
  },
  {
    "message_active_device_id": "7a9fe92b2ffa800e9dbd3da0897d374e4574fdb2",
    "timestamp_utc": "2024-09-25T00:10:39.093Z",
    "context_application_version": "8.9.76.516",
    "context_conn_country": "US",
    "context_device_manufacturer": "apple",
    "context_device_model": "iPad14,4",
    "context_device_type": "tablet",
    "context_os_name": "ios",
    "context_os_version": "17.6.1",
    "context_receiver_service_timestamp": 1727223424043,
    "context_time": 1727223039093,
    "message_action": "remote_volume_received",
    "message_action_parameter": "core",
    "message_application_state": "background",
    "message_current_route_type": "bluetooth",
    "message_is_social_connect": false,
    "message_old_volume": 1,
    "message_social_connect_session_id": "",
    "message_volume": 1
  },
  {
    "message_active_device_id": "7a9fe92b2ffa800e9dbd3da0897d374e4574fdb2",
    "timestamp_utc": "2024-09-11T21:50:20.179Z",
    "context_application_version": "8.9.70.592",
    "context_conn_country": "US",
    "context_device_manufacturer": "apple",
    "context_device_model": "iPhone13,4",
    "context_device_type": "mobile",
    "context_os_name": "ios",
    "context_os_version": "17.6.1",
    "context_receiver_service_timestamp": 1726091439215,
    "context_time": 1726091420179,
    "message_action": "remote_volume_received",
    "message_action_parameter": "core",
    "message_application_state": "background",
    "message_current_route_type": "bluetooth",
    "message_is_social_connect": false,
    "message_old_volume": 1,
    "message_social_connect_session_id": "",
    "message_volume": 1
  },
  {
    "message_active_device_id": "null",
    "timestamp_utc": "2024-10-28T01:33:48.448Z",
    "context_application_version": "8.9.84.543",
    "context_conn_country": "US",
    "context_device_manufacturer": "apple",
    "context_device_model": "iPhone13,4",
    "context_device_type": "mobile",
    "context_os_name": "ios",
    "context_os_version": "18.0.1",
    "context_receiver_service_timestamp": 1730079228848,
    "context_time": 1730079228448,
    "message_action": "remote_volume_received",
    "message_action_parameter": "core",
    "message_application_state": "background",
    "message_current_route_type": "builtInSpeaker",
    "message_is_social_connect": false,
    "message_old_volume": 0.30000001192092896,
    "message_social_connect_session_id": "",
    "message_volume": 1
  },
  {
    "message_active_device_id": "null",
    "timestamp_utc": "2024-09-30T19:24:27.333Z",
    "context_application_version": "8.9.76.516",
    "context_conn_country": "US",
    "context_device_manufacturer": "apple",
    "context_device_model": "iPhone13,4",
    "context_device_type": "mobile",
    "context_os_name": "ios",
    "context_os_version": "18.0",
    "context_receiver_service_timestamp": 1727724296219,
    "context_time": 1727724267333,
    "message_action": "remote_volume_received",
    "message_action_parameter": "core",
    "message_application_state": "foreground",
    "message_current_route_type": "bluetooth",
    "message_is_social_connect": false,
    "message_old_volume": 0.5,
    "message_social_connect_session_id": "",
    "message_volume": 1
  },
  {
    "message_active_device_id": "7a9fe92b2ffa800e9dbd3da0897d374e4574fdb2",
    "timestamp_utc": "2024-09-30T21:14:49.900Z",
    "context_application_version": "8.9.76.516",
    "context_conn_country": "US",
    "context_device_manufacturer": "apple",
    "context_device_model": "iPhone13,4",
    "context_device_type": "mobile",
    "context_os_name": "ios",
    "context_os_version": "18.0",
    "context_receiver_service_timestamp": 1727730917348,
    "context_time": 1727730889900,
    "message_action": "remote_volume_received",
    "message_action_parameter": "core",
    "message_application_state": "foreground",
    "message_current_route_type": "bluetooth",
    "message_is_social_connect": false,
    "message_old_volume": 1,
    "message_social_connect_session_id": "",
    "message_volume": 1
  },
  {
    "message_active_device_id": "7a9fe92b2ffa800e9dbd3da0897d374e4574fdb2",
    "timestamp_utc": "2024-09-25T00:10:37.300Z",
    "context_application_version": "8.9.76.516",
    "context_conn_country": "US",
    "context_device_manufacturer": "apple",
    "context_device_model": "iPad14,4",
    "context_device_type": "tablet",
    "context_os_name": "ios",
    "context_os_version": "17.6.1",
    "context_receiver_service_timestamp": 1727223424043,
    "context_time": 1727223037300,
    "message_action": "remote_volume_received",
    "message_action_parameter": "core",
    "message_application_state": "background",
    "message_current_route_type": "bluetooth",
    "message_is_social_connect": false,
    "message_old_volume": 1,
    "message_social_connect_session_id": "",
    "message_volume": 1
  },
  {
    "message_active_device_id": "7a9fe92b2ffa800e9dbd3da0897d374e4574fdb2",
    "timestamp_utc": "2024-10-28T01:34:25.995Z",
    "context_application_version": "8.9.84.543",
    "context_conn_country": "US",
    "context_device_manufacturer": "apple",
    "context_device_model": "iPhone13,4",
    "context_device_type": "mobile",
    "context_os_name": "ios",
    "context_os_version": "18.0.1",
    "context_receiver_service_timestamp": 1730079275741,
    "context_time": 1730079265995,
    "message_action": "remote_volume_received",
    "message_action_parameter": "core",
    "message_application_state": "background",
    "message_current_route_type": "builtInSpeaker",
    "message_is_social_connect": false,
    "message_old_volume": 1,
    "message_social_connect_session_id": "",
    "message_volume": 1
  },
  {
    "message_active_device_id": "7a9fe92b2ffa800e9dbd3da0897d374e4574fdb2",
    "timestamp_utc": "2024-09-30T21:19:57.666Z",
    "context_application_version": "8.9.76.516",
    "context_conn_country": "US",
    "context_device_manufacturer": "apple",
    "context_device_model": "iPhone13,4",
    "context_device_type": "mobile",
    "context_os_name": "ios",
    "context_os_version": "18.0",
    "context_receiver_service_timestamp": 1727731937641,
    "context_time": 1727731197666,
    "message_action": "remote_volume_received",
    "message_action_parameter": "core",
    "message_application_state": "background",
    "message_current_route_type": "bluetooth",
    "message_is_social_connect": false,
    "message_old_volume": 1,
    "message_social_connect_session_id": "",
    "message_volume": 1
  },
  {
    "message_active_device_id": "7a9fe92b2ffa800e9dbd3da0897d374e4574fdb2",
    "timestamp_utc": "2024-10-28T01:57:02.383Z",
    "context_application_version": "8.9.84.543",
    "context_conn_country": "US",
    "context_device_manufacturer": "apple",
    "context_device_model": "iPhone13,4",
    "context_device_type": "mobile",
    "context_os_name": "ios",
    "context_os_version": "18.0.1",
    "context_receiver_service_timestamp": 1730082650396,
    "context_time": 1730080622383,
    "message_action": "remote_volume_received",
    "message_action_parameter": "core",
    "message_application_state": "foreground",
    "message_current_route_type": "builtInSpeaker",
    "message_is_social_connect": false,
    "message_old_volume": 1,
    "message_social_connect_session_id": "",
    "message_volume": 1
  },
  {
    "message_active_device_id": "7a9fe92b2ffa800e9dbd3da0897d374e4574fdb2",
    "timestamp_utc": "2024-10-28T02:30:55.098Z",
    "context_application_version": "8.9.84.543",
    "context_conn_country": "US",
    "context_device_manufacturer": "apple",
    "context_device_model": "iPhone13,4",
    "context_device_type": "mobile",
    "context_os_name": "ios",
    "context_os_version": "18.0.1",
    "context_receiver_service_timestamp": 1730082677483,
    "context_time": 1730082655098,
    "message_action": "remote_volume_received",
    "message_action_parameter": "core",
    "message_application_state": "background",
    "message_current_route_type": "builtInSpeaker",
    "message_is_social_connect": false,
    "message_old_volume": 1,
    "message_social_connect_session_id": "",
    "message_volume": 1
  },
  {
    "message_active_device_id": "7a9fe92b2ffa800e9dbd3da0897d374e4574fdb2",
    "timestamp_utc": "2024-10-28T01:34:11.363Z",
    "context_application_version": "8.9.84.543",
    "context_conn_country": "US",
    "context_device_manufacturer": "apple",
    "context_device_model": "iPhone13,4",
    "context_device_type": "mobile",
    "context_os_name": "ios",
    "context_os_version": "18.0.1",
    "context_receiver_service_timestamp": 1730079275741,
    "context_time": 1730079251363,
    "message_action": "remote_volume_received",
    "message_action_parameter": "core",
    "message_application_state": "background",
    "message_current_route_type": "builtInSpeaker",
    "message_is_social_connect": false,
    "message_old_volume": 1,
    "message_social_connect_session_id": "",
    "message_volume": 1
  },
  {
    "message_active_device_id": "null",
    "timestamp_utc": "2024-09-30T21:14:49.339Z",
    "context_application_version": "8.9.76.516",
    "context_conn_country": "US",
    "context_device_manufacturer": "apple",
    "context_device_model": "iPhone13,4",
    "context_device_type": "mobile",
    "context_os_name": "ios",
    "context_os_version": "18.0",
    "context_receiver_service_timestamp": 1727730889433,
    "context_time": 1727730889339,
    "message_action": "remote_volume_received",
    "message_action_parameter": "core",
    "message_application_state": "foreground",
    "message_current_route_type": "bluetooth",
    "message_is_social_connect": false,
    "message_old_volume": 1,
    "message_social_connect_session_id": "",
    "message_volume": 1
  },
  {
    "message_active_device_id": "7a9fe92b2ffa800e9dbd3da0897d374e4574fdb2",
    "timestamp_utc": "2024-10-28T01:57:02.568Z",
    "context_application_version": "8.9.84.543",
    "context_conn_country": "US",
    "context_device_manufacturer": "apple",
    "context_device_model": "iPhone13,4",
    "context_device_type": "mobile",
    "context_os_name": "ios",
    "context_os_version": "18.0.1",
    "context_receiver_service_timestamp": 1730082650396,
    "context_time": 1730080622568,
    "message_action": "remote_volume_received",
    "message_action_parameter": "core",
    "message_application_state": "foreground",
    "message_current_route_type": "builtInSpeaker",
    "message_is_social_connect": false,
    "message_old_volume": 1,
    "message_social_connect_session_id": "",
    "message_volume": 1
  },
  {
    "message_active_device_id": "7a9fe92b2ffa800e9dbd3da0897d374e4574fdb2",
    "timestamp_utc": "2024-10-28T01:57:02.187Z",
    "context_application_version": "8.9.84.543",
    "context_conn_country": "US",
    "context_device_manufacturer": "apple",
    "context_device_model": "iPhone13,4",
    "context_device_type": "mobile",
    "context_os_name": "ios",
    "context_os_version": "18.0.1",
    "context_receiver_service_timestamp": 1730082650396,
    "context_time": 1730080622187,
    "message_action": "remote_volume_received",
    "message_action_parameter": "core",
    "message_application_state": "foreground",
    "message_current_route_type": "builtInSpeaker",
    "message_is_social_connect": false,
    "message_old_volume": 1,
    "message_social_connect_session_id": "",
    "message_volume": 1
  },
  {
    "message_active_device_id": "7a9fe92b2ffa800e9dbd3da0897d374e4574fdb2",
    "timestamp_utc": "2024-10-28T01:34:00.922Z",
    "context_application_version": "8.9.84.543",
    "context_conn_country": "US",
    "context_device_manufacturer": "apple",
    "context_device_model": "iPhone13,4",
    "context_device_type": "mobile",
    "context_os_name": "ios",
    "context_os_version": "18.0.1",
    "context_receiver_service_timestamp": 1730079245661,
    "context_time": 1730079240922,
    "message_action": "remote_volume_received",
    "message_action_parameter": "core",
    "message_application_state": "background",
    "message_current_route_type": "builtInSpeaker",
    "message_is_social_connect": false,
    "message_old_volume": 1,
    "message_social_connect_session_id": "",
    "message_volume": 1
  },
  {
    "message_active_device_id": "7a9fe92b2ffa800e9dbd3da0897d374e4574fdb2",
    "timestamp_utc": "2024-09-25T00:10:36.962Z",
    "context_application_version": "8.9.76.516",
    "context_conn_country": "US",
    "context_device_manufacturer": "apple",
    "context_device_model": "iPad14,4",
    "context_device_type": "tablet",
    "context_os_name": "ios",
    "context_os_version": "17.6.1",
    "context_receiver_service_timestamp": 1727223037253,
    "context_time": 1727223036962,
    "message_action": "remote_volume_received",
    "message_action_parameter": "core",
    "message_application_state": "background",
    "message_current_route_type": "bluetooth",
    "message_is_social_connect": false,
    "message_old_volume": 1,
    "message_social_connect_session_id": "",
    "message_volume": 1
  },
  {
    "message_active_device_id": "null",
    "timestamp_utc": "2024-09-24T23:57:42.360Z",
    "context_application_version": "8.9.76.516",
    "context_conn_country": "US",
    "context_device_manufacturer": "apple",
    "context_device_model": "iPad14,4",
    "context_device_type": "tablet",
    "context_os_name": "ios",
    "context_os_version": "17.6.1",
    "context_receiver_service_timestamp": 1727222262485,
    "context_time": 1727222262360,
    "message_action": "remote_volume_received",
    "message_action_parameter": "core",
    "message_application_state": "foreground",
    "message_current_route_type": "bluetooth",
    "message_is_social_connect": false,
    "message_old_volume": 0.45000001788139343,
    "message_social_connect_session_id": "",
    "message_volume": 1
  },
  {
    "message_active_device_id": "null",
    "timestamp_utc": "2024-09-11T21:38:42.071Z",
    "context_application_version": "8.9.70.592",
    "context_conn_country": "US",
    "context_device_manufacturer": "apple",
    "context_device_model": "iPhone13,4",
    "context_device_type": "mobile",
    "context_os_name": "ios",
    "context_os_version": "17.6.1",
    "context_receiver_service_timestamp": 1726090722439,
    "context_time": 1726090722071,
    "message_action": "remote_volume_received",
    "message_action_parameter": "core",
    "message_application_state": "background",
    "message_current_route_type": "bluetooth",
    "message_is_social_connect": false,
    "message_old_volume": 1,
    "message_social_connect_session_id": "",
    "message_volume": 1
  },
  {
    "message_active_device_id": "7a9fe92b2ffa800e9dbd3da0897d374e4574fdb2",
    "timestamp_utc": "2024-09-24T23:57:57.043Z",
    "context_application_version": "8.9.76.516",
    "context_conn_country": "US",
    "context_device_manufacturer": "apple",
    "context_device_model": "iPad14,4",
    "context_device_type": "tablet",
    "context_os_name": "ios",
    "context_os_version": "17.6.1",
    "context_receiver_service_timestamp": 1727222286112,
    "context_time": 1727222277043,
    "message_action": "remote_volume_received",
    "message_action_parameter": "core",
    "message_application_state": "foreground",
    "message_current_route_type": "bluetooth",
    "message_is_social_connect": false,
    "message_old_volume": 1,
    "message_social_connect_session_id": "",
    "message_volume": 1
  },
  {
    "message_active_device_id": "7a9fe92b2ffa800e9dbd3da0897d374e4574fdb2",
    "timestamp_utc": "2024-10-28T02:30:51.352Z",
    "context_application_version": "8.9.84.543",
    "context_conn_country": "US",
    "context_device_manufacturer": "apple",
    "context_device_model": "iPhone13,4",
    "context_device_type": "mobile",
    "context_os_name": "ios",
    "context_os_version": "18.0.1",
    "context_receiver_service_timestamp": 1730082677483,
    "context_time": 1730082651352,
    "message_action": "remote_volume_received",
    "message_action_parameter": "core",
    "message_application_state": "background",
    "message_current_route_type": "builtInSpeaker",
    "message_is_social_connect": false,
    "message_old_volume": 1,
    "message_social_connect_session_id": "",
    "message_volume": 1
  },
  {
    "message_active_device_id": "7a9fe92b2ffa800e9dbd3da0897d374e4574fdb2",
    "timestamp_utc": "2024-09-25T00:10:37.625Z",
    "context_application_version": "8.9.76.516",
    "context_conn_country": "US",
    "context_device_manufacturer": "apple",
    "context_device_model": "iPad14,4",
    "context_device_type": "tablet",
    "context_os_name": "ios",
    "context_os_version": "17.6.1",
    "context_receiver_service_timestamp": 1727223424043,
    "context_time": 1727223037625,
    "message_action": "remote_volume_received",
    "message_action_parameter": "core",
    "message_application_state": "background",
    "message_current_route_type": "bluetooth",
    "message_is_social_connect": false,
    "message_old_volume": 1,
    "message_social_connect_session_id": "",
    "message_volume": 1
  },
  {
    "message_active_device_id": "7a9fe92b2ffa800e9dbd3da0897d374e4574fdb2",
    "timestamp_utc": "2024-10-28T01:57:02.877Z",
    "context_application_version": "8.9.84.543",
    "context_conn_country": "US",
    "context_device_manufacturer": "apple",
    "context_device_model": "iPhone13,4",
    "context_device_type": "mobile",
    "context_os_name": "ios",
    "context_os_version": "18.0.1",
    "context_receiver_service_timestamp": 1730082650396,
    "context_time": 1730080622877,
    "message_action": "remote_volume_received",
    "message_action_parameter": "core",
    "message_application_state": "foreground",
    "message_current_route_type": "builtInSpeaker",
    "message_is_social_connect": false,
    "message_old_volume": 1,
    "message_social_connect_session_id": "",
    "message_volume": 1
  },
  {
    "message_active_device_id": "7a9fe92b2ffa800e9dbd3da0897d374e4574fdb2",
    "timestamp_utc": "2024-09-25T00:10:38.908Z",
    "context_application_version": "8.9.76.516",
    "context_conn_country": "US",
    "context_device_manufacturer": "apple",
    "context_device_model": "iPad14,4",
    "context_device_type": "tablet",
    "context_os_name": "ios",
    "context_os_version": "17.6.1",
    "context_receiver_service_timestamp": 1727223424043,
    "context_time": 1727223038908,
    "message_action": "remote_volume_received",
    "message_action_parameter": "core",
    "message_application_state": "background",
    "message_current_route_type": "bluetooth",
    "message_is_social_connect": false,
    "message_old_volume": 1,
    "message_social_connect_session_id": "",
    "message_volume": 1
  },
  {
    "message_active_device_id": "7a9fe92b2ffa800e9dbd3da0897d374e4574fdb2",
    "timestamp_utc": "2024-10-28T01:57:02.247Z",
    "context_application_version": "8.9.84.543",
    "context_conn_country": "US",
    "context_device_manufacturer": "apple",
    "context_device_model": "iPhone13,4",
    "context_device_type": "mobile",
    "context_os_name": "ios",
    "context_os_version": "18.0.1",
    "context_receiver_service_timestamp": 1730082650396,
    "context_time": 1730080622247,
    "message_action": "remote_volume_received",
    "message_action_parameter": "core",
    "message_application_state": "foreground",
    "message_current_route_type": "builtInSpeaker",
    "message_is_social_connect": false,
    "message_old_volume": 1,
    "message_social_connect_session_id": "",
    "message_volume": 1
  },
  {
    "message_active_device_id": "null",
    "timestamp_utc": "2024-10-21T22:17:34.257Z",
    "context_application_version": "8.9.82.628",
    "context_conn_country": "US",
    "context_device_manufacturer": "apple",
    "context_device_model": "iPhone13,4",
    "context_device_type": "mobile",
    "context_os_name": "ios",
    "context_os_version": "18.0.1",
    "context_receiver_service_timestamp": 1729549054411,
    "context_time": 1729549054257,
    "message_action": "remote_volume_received",
    "message_action_parameter": "core",
    "message_application_state": "foreground",
    "message_current_route_type": "bluetooth",
    "message_is_social_connect": false,
    "message_old_volume": 0.4000000059604645,
    "message_social_connect_session_id": "",
    "message_volume": 1
  },
  {
    "message_active_device_id": "7a9fe92b2ffa800e9dbd3da0897d374e4574fdb2",
    "timestamp_utc": "2024-10-28T01:57:02.633Z",
    "context_application_version": "8.9.84.543",
    "context_conn_country": "US",
    "context_device_manufacturer": "apple",
    "context_device_model": "iPhone13,4",
    "context_device_type": "mobile",
    "context_os_name": "ios",
    "context_os_version": "18.0.1",
    "context_receiver_service_timestamp": 1730082650396,
    "context_time": 1730080622633,
    "message_action": "remote_volume_received",
    "message_action_parameter": "core",
    "message_application_state": "foreground",
    "message_current_route_type": "builtInSpeaker",
    "message_is_social_connect": false,
    "message_old_volume": 1,
    "message_social_connect_session_id": "",
    "message_volume": 1
  },
  {
    "message_active_device_id": "7a9fe92b2ffa800e9dbd3da0897d374e4574fdb2",
    "timestamp_utc": "2024-10-28T02:30:54.004Z",
    "context_application_version": "8.9.84.543",
    "context_conn_country": "US",
    "context_device_manufacturer": "apple",
    "context_device_model": "iPhone13,4",
    "context_device_type": "mobile",
    "context_os_name": "ios",
    "context_os_version": "18.0.1",
    "context_receiver_service_timestamp": 1730082677483,
    "context_time": 1730082654004,
    "message_action": "remote_volume_received",
    "message_action_parameter": "core",
    "message_application_state": "background",
    "message_current_route_type": "builtInSpeaker",
    "message_is_social_connect": false,
    "message_old_volume": 1,
    "message_social_connect_session_id": "",
    "message_volume": 1
  },
  {
    "message_active_device_id": "7a9fe92b2ffa800e9dbd3da0897d374e4574fdb2",
    "timestamp_utc": "2024-09-30T19:24:30.391Z",
    "context_application_version": "8.9.76.516",
    "context_conn_country": "US",
    "context_device_manufacturer": "apple",
    "context_device_model": "iPhone13,4",
    "context_device_type": "mobile",
    "context_os_name": "ios",
    "context_os_version": "18.0",
    "context_receiver_service_timestamp": 1727724296219,
    "context_time": 1727724270391,
    "message_action": "remote_volume_received",
    "message_action_parameter": "core",
    "message_application_state": "foreground",
    "message_current_route_type": "bluetooth",
    "message_is_social_connect": false,
    "message_old_volume": 1,
    "message_social_connect_session_id": "",
    "message_volume": 1
  }
]