[
  {
    "timestamp_utc": "2024-11-06T06:03:05.404Z",
    "context_application_version": "8.9.86.419",
    "context_conn_country": "US",
    "context_device_manufacturer": "apple",
    "context_device_model": "iPad14,4",
    "context_device_type": "tablet",
    "context_os_name": "ios",
    "context_os_version": "18.0.1",
    "context_receiver_service_timestamp": 1730873643618,
    "context_time": 1730872985404,
    "message_nudge_not_shown_reason": "NPBNotVisible",
    "message_nudge_was_shown": false,
    "message_type": "ATTACH"
  },
  {
    "timestamp_utc": "2024-10-28T01:57:02.178Z",
    "context_application_version": "8.9.84.543",
    "context_conn_country": "US",
    "context_device_manufacturer": "apple",
    "context_device_model": "iPhone13,4",
    "context_device_type": "mobile",
    "context_os_name": "ios",
    "context_os_version": "18.0.1",
    "context_receiver_service_timestamp": 1730082650396,
    "context_time": 1730080622178,
    "message_nudge_not_shown_reason": "UINotReady",
    "message_nudge_was_shown": false,
    "message_type": "ATTACH"
  },
  {
    "timestamp_utc": "2024-11-17T03:39:38.575Z",
    "context_application_version": "8.9.90.84",
    "context_conn_country": "US",
    "context_device_manufacturer": "apple",
    "context_device_model": "iPad14,4",
    "context_device_type": "tablet",
    "context_os_name": "ios",
    "context_os_version": "18.0.1",
    "context_receiver_service_timestamp": 1731814802462,
    "context_time": 1731814778575,
    "message_nudge_not_shown_reason": "NPBNotVisible",
    "message_nudge_was_shown": false,
    "message_type": "CONNECT_TO_DEVICE"
  },
  {
    "timestamp_utc": "2024-11-18T17:43:22.152Z",
    "context_application_version": "8.9.90.84",
    "context_conn_country": "US",
    "context_device_manufacturer": "apple",
    "context_device_model": "iPhone13,4",
    "context_device_type": "mobile",
    "context_os_name": "ios",
    "context_os_version": "18.0.1",
    "context_receiver_service_timestamp": 1731951830774,
    "context_time": 1731951802152,
    "message_nudge_not_shown_reason": "UINotReady",
    "message_nudge_was_shown": false,
    "message_type": "CONNECT_TO_DEVICE"
  },
  {
    "timestamp_utc": "2024-10-14T18:22:38.053Z",
    "context_application_version": "8.9.82.628",
    "context_conn_country": "US",
    "context_device_manufacturer": "apple",
    "context_device_model": "iPhone13,4",
    "context_device_type": "mobile",
    "context_os_name": "ios",
    "context_os_version": "18.0.1",
    "context_receiver_service_timestamp": 1728930159241,
    "context_time": 1728930158053,
    "message_nudge_not_shown_reason": "UINotReady",
    "message_nudge_was_shown": false,
    "message_type": "CONNECT_TO_DEVICE"
  },
  {
    "timestamp_utc": "2024-11-16T05:23:54.219Z",
    "context_application_version": "8.9.90.84",
    "context_conn_country": "US",
    "context_device_manufacturer": "apple",
    "context_device_model": "iPad14,4",
    "context_device_type": "tablet",
    "context_os_name": "ios",
    "context_os_version": "18.0.1",
    "context_receiver_service_timestamp": 1731734641124,
    "context_time": 1731734634219,
    "message_nudge_not_shown_reason": "NPBNotVisible",
    "message_nudge_was_shown": false,
    "message_type": "CONNECT_TO_DEVICE"
  },
  {
    "timestamp_utc": "2024-11-08T01:31:33.601Z",
    "context_application_version": "8.9.86.419",
    "context_conn_country": "US",
    "context_device_manufacturer": "apple",
    "context_device_model": "iPhone13,4",
    "context_device_type": "mobile",
    "context_os_name": "ios",
    "context_os_version": "18.0.1",
    "context_receiver_service_timestamp": 1731029512930,
    "context_time": 1731029493601,
    "message_nudge_not_shown_reason": "UINotReady",
    "message_nudge_was_shown": false,
    "message_type": "CONNECT_TO_DEVICE"
  },
  {
    "timestamp_utc": "2024-10-08T21:12:49.574Z",
    "context_application_version": "8.9.76.516",
    "context_conn_country": "US",
    "context_device_manufacturer": "apple",
    "context_device_model": "iPad14,4",
    "context_device_type": "tablet",
    "context_os_name": "ios",
    "context_os_version": "18.0.1",
    "context_receiver_service_timestamp": 1728421989884,
    "context_time": 1728421969574,
    "message_nudge_not_shown_reason": "NPBNotVisible",
    "message_nudge_was_shown": false,
    "message_type": "ATTACH"
  },
  {
    "timestamp_utc": "2024-10-09T02:28:21.169Z",
    "context_application_version": "8.9.76.516",
    "context_conn_country": "US",
    "context_device_manufacturer": "apple",
    "context_device_model": "iPad14,4",
    "context_device_type": "tablet",
    "context_os_name": "ios",
    "context_os_version": "18.0.1",
    "context_receiver_service_timestamp": 1728440915983,
    "context_time": 1728440901169,
    "message_nudge_not_shown_reason": "NPBNotVisible",
    "message_nudge_was_shown": false,
    "message_type": "CONNECT_TO_DEVICE"
  },
  {
    "timestamp_utc": "2024-09-25T02:46:10.624Z",
    "context_application_version": "8.9.76.516",
    "context_conn_country": "US",
    "context_device_manufacturer": "apple",
    "context_device_model": "iPad14,4",
    "context_device_type": "tablet",
    "context_os_name": "ios",
    "context_os_version": "17.6.1",
    "context_receiver_service_timestamp": 1727233953183,
    "context_time": 1727232370624,
    "message_nudge_not_shown_reason": "NPBNotVisible",
    "message_nudge_was_shown": false,
    "message_type": "CONNECT_TO_DEVICE"
  },
  {
    "timestamp_utc": "2024-08-29T03:17:09.776Z",
    "context_application_version": "8.9.68.490",
    "context_conn_country": "US",
    "context_device_manufacturer": "apple",
    "context_device_model": "iPad14,4",
    "context_device_type": "tablet",
    "context_os_name": "ios",
    "context_os_version": "17.5.1",
    "context_receiver_service_timestamp": 1724901429877,
    "context_time": 1724901429776,
    "message_nudge_not_shown_reason": "NPBNotVisible",
    "message_nudge_was_shown": false,
    "message_type": "ATTACH"
  },
  {
    "timestamp_utc": "2024-11-16T05:04:06.850Z",
    "context_application_version": "8.9.90.84",
    "context_conn_country": "US",
    "context_device_manufacturer": "apple",
    "context_device_model": "iPad14,4",
    "context_device_type": "tablet",
    "context_os_name": "ios",
    "context_os_version": "18.0.1",
    "context_receiver_service_timestamp": 1731733471173,
    "context_time": 1731733446850,
    "message_nudge_not_shown_reason": "NPBNotVisible",
    "message_nudge_was_shown": false,
    "message_type": "CONNECT_TO_DEVICE"
  },
  {
    "timestamp_utc": "2024-10-26T21:49:52.734Z",
    "context_application_version": "8.9.86.419",
    "context_conn_country": "US",
    "context_device_manufacturer": "apple",
    "context_device_model": "iPad14,4",
    "context_device_type": "tablet",
    "context_os_name": "ios",
    "context_os_version": "18.0.1",
    "context_receiver_service_timestamp": 1729979392901,
    "context_time": 1729979392734,
    "message_nudge_not_shown_reason": "NPBNotVisible",
    "message_nudge_was_shown": false,
    "message_type": "CONNECT_TO_DEVICE"
  },
  {
    "timestamp_utc": "2024-11-17T03:39:39.493Z",
    "context_application_version": "8.9.90.84",
    "context_conn_country": "US",
    "context_device_manufacturer": "apple",
    "context_device_model": "iPad14,4",
    "context_device_type": "tablet",
    "context_os_name": "ios",
    "context_os_version": "18.0.1",
    "context_receiver_service_timestamp": 1731814802462,
    "context_time": 1731814779493,
    "message_nudge_not_shown_reason": "NPBNotVisible",
    "message_nudge_was_shown": false,
    "message_type": "CONNECT_TO_DEVICE"
  },
  {
    "timestamp_utc": "2024-10-24T06:52:54.801Z",
    "context_application_version": "8.9.82.628",
    "context_conn_country": "US",
    "context_device_manufacturer": "apple",
    "context_device_model": "iPhone13,4",
    "context_device_type": "mobile",
    "context_os_name": "ios",
    "context_os_version": "18.0.1",
    "context_receiver_service_timestamp": 1729752792467,
    "context_time": 1729752774801,
    "message_nudge_not_shown_reason": "MessageDiscarded",
    "message_nudge_was_shown": false,
    "message_type": "ATTACH"
  },
  {
    "timestamp_utc": "2024-09-13T02:44:23.046Z",
    "context_application_version": "8.9.70.592",
    "context_conn_country": "US",
    "context_device_manufacturer": "apple",
    "context_device_model": "iPad14,4",
    "context_device_type": "tablet",
    "context_os_name": "ios",
    "context_os_version": "17.6.1",
    "context_receiver_service_timestamp": 1726195464848,
    "context_time": 1726195463046,
    "message_nudge_not_shown_reason": "NPBNotVisible",
    "message_nudge_was_shown": false,
    "message_type": "CONNECT_TO_DEVICE"
  },
  {
    "timestamp_utc": "2024-10-19T21:40:24.828Z",
    "context_application_version": "8.9.82.628",
    "context_conn_country": "US",
    "context_device_manufacturer": "apple",
    "context_device_model": "iPad14,4",
    "context_device_type": "tablet",
    "context_os_name": "ios",
    "context_os_version": "18.0.1",
    "context_receiver_service_timestamp": 1729374024952,
    "context_time": 1729374024828,
    "message_nudge_not_shown_reason": "NPBNotVisible",
    "message_nudge_was_shown": false,
    "message_type": "ATTACH"
  },
  {
    "timestamp_utc": "2024-10-13T03:40:27.496Z",
    "context_application_version": "8.9.82.628",
    "context_conn_country": "US",
    "context_device_manufacturer": "apple",
    "context_device_model": "iPad14,4",
    "context_device_type": "tablet",
    "context_os_name": "ios",
    "context_os_version": "18.0.1",
    "context_receiver_service_timestamp": 1728790827677,
    "context_time": 1728790827496,
    "message_nudge_not_shown_reason": "NPBNotVisible",
    "message_nudge_was_shown": false,
    "message_type": "ATTACH"
  },
  {
    "timestamp_utc": "2024-11-17T03:39:40.679Z",
    "context_application_version": "8.9.90.84",
    "context_conn_country": "US",
    "context_device_manufacturer": "apple",
    "context_device_model": "iPad14,4",
    "context_device_type": "tablet",
    "context_os_name": "ios",
    "context_os_version": "18.0.1",
    "context_receiver_service_timestamp": 1731814802462,
    "context_time": 1731814780679,
    "message_nudge_not_shown_reason": "NPBNotVisible",
    "message_nudge_was_shown": false,
    "message_type": "CONNECT_TO_DEVICE"
  },
  {
    "timestamp_utc": "2024-10-15T22:23:56.054Z",
    "context_application_version": "8.9.82.628",
    "context_conn_country": "US",
    "context_device_manufacturer": "apple",
    "context_device_model": "iPhone13,4",
    "context_device_type": "mobile",
    "context_os_name": "ios",
    "context_os_version": "18.0.1",
    "context_receiver_service_timestamp": 1729031043329,
    "context_time": 1729031036054,
    "message_nudge_not_shown_reason": "UINotReady",
    "message_nudge_was_shown": false,
    "message_type": "CONNECT_TO_DEVICE"
  },
  {
    "timestamp_utc": "2024-11-22T02:23:09.222Z",
    "context_application_version": "8.9.94.418",
    "context_conn_country": "US",
    "context_device_manufacturer": "apple",
    "context_device_model": "iPad14,4",
    "context_device_type": "tablet",
    "context_os_name": "ios",
    "context_os_version": "18.0.1",
    "context_receiver_service_timestamp": 1732242202128,
    "context_time": 1732242189222,
    "message_nudge_not_shown_reason": "UINotReady",
    "message_nudge_was_shown": false,
    "message_type": "CONNECT_TO_DEVICE"
  },
  {
    "timestamp_utc": "2024-11-22T02:21:42.458Z",
    "context_application_version": "8.9.94.418",
    "context_conn_country": "US",
    "context_device_manufacturer": "apple",
    "context_device_model": "iPad14,4",
    "context_device_type": "tablet",
    "context_os_name": "ios",
    "context_os_version": "18.0.1",
    "context_receiver_service_timestamp": 1732242112175,
    "context_time": 1732242102458,
    "message_nudge_not_shown_reason": "UINotReady",
    "message_nudge_was_shown": false,
    "message_type": "ATTACH"
  },
  {
    "timestamp_utc": "2024-11-18T23:36:06.825Z",
    "context_application_version": "8.9.90.84",
    "context_conn_country": "US",
    "context_device_manufacturer": "apple",
    "context_device_model": "iPhone13,4",
    "context_device_type": "mobile",
    "context_os_name": "ios",
    "context_os_version": "18.0.1",
    "context_receiver_service_timestamp": 1731972975872,
    "context_time": 1731972966825,
    "message_nudge_not_shown_reason": "UINotReady",
    "message_nudge_was_shown": false,
    "message_type": "CONNECT_TO_DEVICE"
  },
  {
    "timestamp_utc": "2024-10-19T06:30:06.552Z",
    "context_application_version": "8.9.82.628",
    "context_conn_country": "US",
    "context_device_manufacturer": "apple",
    "context_device_model": "iPad14,4",
    "context_device_type": "tablet",
    "context_os_name": "ios",
    "context_os_version": "18.0.1",
    "context_receiver_service_timestamp": 1729319406857,
    "context_time": 1729319406552,
    "message_nudge_not_shown_reason": "NPBNotVisible",
    "message_nudge_was_shown": false,
    "message_type": "CONNECT_TO_DEVICE"
  },
  {
    "timestamp_utc": "2024-11-16T06:09:53.942Z",
    "context_application_version": "8.9.90.84",
    "context_conn_country": "US",
    "context_device_manufacturer": "apple",
    "context_device_model": "iPad14,4",
    "context_device_type": "tablet",
    "context_os_name": "ios",
    "context_os_version": "18.0.1",
    "context_receiver_service_timestamp": 1731737401178,
    "context_time": 1731737393942,
    "message_nudge_not_shown_reason": "NPBNotVisible",
    "message_nudge_was_shown": false,
    "message_type": "CONNECT_TO_DEVICE"
  },
  {
    "timestamp_utc": "2024-10-18T09:49:55.724Z",
    "context_application_version": "8.9.82.628",
    "context_conn_country": "US",
    "context_device_manufacturer": "apple",
    "context_device_model": "iPad14,4",
    "context_device_type": "tablet",
    "context_os_name": "ios",
    "context_os_version": "18.0.1",
    "context_receiver_service_timestamp": 1729245006853,
    "context_time": 1729244995724,
    "message_nudge_not_shown_reason": "NPBNotVisible",
    "message_nudge_was_shown": false,
    "message_type": "CONNECT_TO_DEVICE"
  },
  {
    "timestamp_utc": "2024-11-10T14:16:51.210Z",
    "context_application_version": "8.9.90.84",
    "context_conn_country": "US",
    "context_device_manufacturer": "apple",
    "context_device_model": "iPad14,4",
    "context_device_type": "tablet",
    "context_os_name": "ios",
    "context_os_version": "18.0.1",
    "context_receiver_service_timestamp": 1731248219759,
    "context_time": 1731248211210,
    "message_nudge_not_shown_reason": "NPBNotVisible",
    "message_nudge_was_shown": false,
    "message_type": "CONNECT_TO_DEVICE"
  },
  {
    "timestamp_utc": "2024-11-17T03:39:41.811Z",
    "context_application_version": "8.9.90.84",
    "context_conn_country": "US",
    "context_device_manufacturer": "apple",
    "context_device_model": "iPad14,4",
    "context_device_type": "tablet",
    "context_os_name": "ios",
    "context_os_version": "18.0.1",
    "context_receiver_service_timestamp": 1731814802462,
    "context_time": 1731814781811,
    "message_nudge_not_shown_reason": "NPBNotVisible",
    "message_nudge_was_shown": false,
    "message_type": "CONNECT_TO_DEVICE"
  },
  {
    "timestamp_utc": "2024-09-14T00:11:03.421Z",
    "context_application_version": "8.9.74.535",
    "context_conn_country": "US",
    "context_device_manufacturer": "apple",
    "context_device_model": "iPad14,4",
    "context_device_type": "tablet",
    "context_os_name": "ios",
    "context_os_version": "17.6.1",
    "context_receiver_service_timestamp": 1726272674030,
    "context_time": 1726272663421,
    "message_nudge_not_shown_reason": "UINotReady",
    "message_nudge_was_shown": false,
    "message_type": "CONNECT_TO_DEVICE"
  },
  {
    "timestamp_utc": "2024-11-04T20:27:30.024Z",
    "context_application_version": "8.9.86.419",
    "context_conn_country": "US",
    "context_device_manufacturer": "apple",
    "context_device_model": "iPhone13,4",
    "context_device_type": "mobile",
    "context_os_name": "ios",
    "context_os_version": "18.0.1",
    "context_receiver_service_timestamp": 1730752056562,
    "context_time": 1730752050024,
    "message_nudge_not_shown_reason": "UINotReady",
    "message_nudge_was_shown": false,
    "message_type": "CONNECT_TO_DEVICE"
  },
  {
    "timestamp_utc": "2024-10-24T06:52:54.801Z",
    "context_application_version": "8.9.82.628",
    "context_conn_country": "US",
    "context_device_manufacturer": "apple",
    "context_device_model": "iPhone13,4",
    "context_device_type": "mobile",
    "context_os_name": "ios",
    "context_os_version": "18.0.1",
    "context_receiver_service_timestamp": 1729752792467,
    "context_time": 1729752774801,
    "message_nudge_not_shown_reason": "MessageDiscarded",
    "message_nudge_was_shown": false,
    "message_type": "ATTACH"
  },
  {
    "timestamp_utc": "2024-10-19T03:54:01.755Z",
    "context_application_version": "8.9.82.628",
    "context_conn_country": "US",
    "context_device_manufacturer": "apple",
    "context_device_model": "iPad14,4",
    "context_device_type": "tablet",
    "context_os_name": "ios",
    "context_os_version": "18.0.1",
    "context_receiver_service_timestamp": 1729310047447,
    "context_time": 1729310041755,
    "message_nudge_not_shown_reason": "NPBNotVisible",
    "message_nudge_was_shown": false,
    "message_type": "CONNECT_TO_DEVICE"
  },
  {
    "timestamp_utc": "2024-11-12T21:43:28.134Z",
    "context_application_version": "8.9.90.84",
    "context_conn_country": "US",
    "context_device_manufacturer": "apple",
    "context_device_model": "iPad14,4",
    "context_device_type": "tablet",
    "context_os_name": "ios",
    "context_os_version": "18.0.1",
    "context_receiver_service_timestamp": 1731447815344,
    "context_time": 1731447808134,
    "message_nudge_not_shown_reason": "NPBNotVisible",
    "message_nudge_was_shown": false,
    "message_type": "CONNECT_TO_DEVICE"
  },
  {
    "timestamp_utc": "2024-09-20T20:28:02.125Z",
    "context_application_version": "8.9.76.516",
    "context_conn_country": "US",
    "context_device_manufacturer": "apple",
    "context_device_model": "iPhone13,4",
    "context_device_type": "mobile",
    "context_os_name": "ios",
    "context_os_version": "17.6.1",
    "context_receiver_service_timestamp": 1726864089883,
    "context_time": 1726864082125,
    "message_nudge_not_shown_reason": "UINotReady",
    "message_nudge_was_shown": false,
    "message_type": "CONNECT_TO_DEVICE"
  },
  {
    "timestamp_utc": "2024-11-16T05:03:59.987Z",
    "context_application_version": "8.9.90.84",
    "context_conn_country": "US",
    "context_device_manufacturer": "apple",
    "context_device_model": "iPad14,4",
    "context_device_type": "tablet",
    "context_os_name": "ios",
    "context_os_version": "18.0.1",
    "context_receiver_service_timestamp": 1731733441283,
    "context_time": 1731733439987,
    "message_nudge_not_shown_reason": "NPBNotVisible",
    "message_nudge_was_shown": false,
    "message_type": "CONNECT_TO_DEVICE"
  },
  {
    "timestamp_utc": "2024-10-22T07:31:23.853Z",
    "context_application_version": "8.9.82.628",
    "context_conn_country": "US",
    "context_device_manufacturer": "apple",
    "context_device_model": "iPad14,4",
    "context_device_type": "tablet",
    "context_os_name": "ios",
    "context_os_version": "18.0.1",
    "context_receiver_service_timestamp": 1729582291775,
    "context_time": 1729582283853,
    "message_nudge_not_shown_reason": "NPBNotVisible",
    "message_nudge_was_shown": false,
    "message_type": "CONNECT_TO_DEVICE"
  },
  {
    "timestamp_utc": "2024-11-12T21:43:32.791Z",
    "context_application_version": "8.9.90.84",
    "context_conn_country": "US",
    "context_device_manufacturer": "apple",
    "context_device_model": "iPad14,4",
    "context_device_type": "tablet",
    "context_os_name": "ios",
    "context_os_version": "18.0.1",
    "context_receiver_service_timestamp": 1731447815344,
    "context_time": 1731447812791,
    "message_nudge_not_shown_reason": "NPBNotVisible",
    "message_nudge_was_shown": false,
    "message_type": "CONNECT_TO_DEVICE"
  },
  {
    "timestamp_utc": "2024-09-24T23:57:42.389Z",
    "context_application_version": "8.9.76.516",
    "context_conn_country": "US",
    "context_device_manufacturer": "apple",
    "context_device_model": "iPad14,4",
    "context_device_type": "tablet",
    "context_os_name": "ios",
    "context_os_version": "17.6.1",
    "context_receiver_service_timestamp": 1727222262485,
    "context_time": 1727222262389,
    "message_nudge_not_shown_reason": "NPBNotVisible",
    "message_nudge_was_shown": false,
    "message_type": "ATTACH"
  },
  {
    "timestamp_utc": "2024-10-18T09:49:56.466Z",
    "context_application_version": "8.9.82.628",
    "context_conn_country": "US",
    "context_device_manufacturer": "apple",
    "context_device_model": "iPad14,4",
    "context_device_type": "tablet",
    "context_os_name": "ios",
    "context_os_version": "18.0.1",
    "context_receiver_service_timestamp": 1729245006853,
    "context_time": 1729244996466,
    "message_nudge_not_shown_reason": "NPBNotVisible",
    "message_nudge_was_shown": false,
    "message_type": "CONNECT_TO_DEVICE"
  },
  {
    "timestamp_utc": "2024-10-19T03:54:00.827Z",
    "context_application_version": "8.9.82.628",
    "context_conn_country": "US",
    "context_device_manufacturer": "apple",
    "context_device_model": "iPad14,4",
    "context_device_type": "tablet",
    "context_os_name": "ios",
    "context_os_version": "18.0.1",
    "context_receiver_service_timestamp": 1729310047447,
    "context_time": 1729310040827,
    "message_nudge_not_shown_reason": "NPBNotVisible",
    "message_nudge_was_shown": false,
    "message_type": "CONNECT_TO_DEVICE"
  },
  {
    "timestamp_utc": "2024-11-16T05:45:11.365Z",
    "context_application_version": "8.9.90.84",
    "context_conn_country": "US",
    "context_device_manufacturer": "apple",
    "context_device_model": "iPad14,4",
    "context_device_type": "tablet",
    "context_os_name": "ios",
    "context_os_version": "18.0.1",
    "context_receiver_service_timestamp": 1731735931084,
    "context_time": 1731735911365,
    "message_nudge_not_shown_reason": "NPBNotVisible",
    "message_nudge_was_shown": false,
    "message_type": "CONNECT_TO_DEVICE"
  },
  {
    "timestamp_utc": "2024-11-10T14:16:43.115Z",
    "context_application_version": "8.9.90.84",
    "context_conn_country": "US",
    "context_device_manufacturer": "apple",
    "context_device_model": "iPad14,4",
    "context_device_type": "tablet",
    "context_os_name": "ios",
    "context_os_version": "18.0.1",
    "context_receiver_service_timestamp": 1731248208778,
    "context_time": 1731248203115,
    "message_nudge_not_shown_reason": "NPBNotVisible",
    "message_nudge_was_shown": false,
    "message_type": "CONNECT_TO_DEVICE"
  },
  {
    "timestamp_utc": "2024-11-12T21:43:34.665Z",
    "context_application_version": "8.9.90.84",
    "context_conn_country": "US",
    "context_device_manufacturer": "apple",
    "context_device_model": "iPad14,4",
    "context_device_type": "tablet",
    "context_os_name": "ios",
    "context_os_version": "18.0.1",
    "context_receiver_service_timestamp": 1731447815344,
    "context_time": 1731447814665,
    "message_nudge_not_shown_reason": "NPBNotVisible",
    "message_nudge_was_shown": false,
    "message_type": "CONNECT_TO_DEVICE"
  }
]