[
  {
    "message_target_device_id": "5a2bb72e911573a83652c9391e838db8657c1a3f",
    "timestamp_utc": "2024-10-24T06:53:00.792Z",
    "context_application_version": "8.9.82.628",
    "context_conn_country": "US",
    "context_device_manufacturer": "apple",
    "context_device_model": "iPhone13,4",
    "context_device_type": "mobile",
    "context_os_name": "ios",
    "context_os_version": "18.0.1",
    "context_receiver_service_timestamp": 1729752792467,
    "context_time": 1729752780792,
    "message_add_user_duration": 0,
    "message_device_brand": "Apple",
    "message_device_model": "iPad",
    "message_device_software_version": "iphone-8.9.84.543.gba7c62c",
    "message_device_type": "tablet",
    "message_discovery_class": "logged_in",
    "message_duration": 763,
    "message_error_code": "",
    "message_final_device_state": "logged_in",
    "message_final_transfer_state": "success",
    "message_http_response_code": 0,
    "message_initial_device_state": "logged_in",
    "message_login_duration": 0,
    "message_login_error_codes": [
      ""
    ],
    "message_login_retry_count": 0,
    "message_result": "success",
    "message_retry_count": 0,
    "message_target_device_is_group": false,
    "message_target_device_is_local": true,
    "message_transfer_intent_id": "89a1743df8a5e400aa45dd0e4f63acab"
  }
]