[
  {
    "message_playlist_uri": "spotify:playlist:2QSMVeD1MgCNx5iEyFv53t",
    "message_source_context_uri": "spotify:create-playlist:create?entities=spotify:track:4WYmrL0rc1Fiv7CkcETXzA&sourceURI",
    "message_source_view_uri": "spotify:create-playlist:create?entities=spotify:track:4WYmrL0rc1Fiv7CkcETXzA&sourceURI",
    "timestamp_utc": "2024-11-17T08:31:29.026Z",
    "context_application_version": "8.9.90.84",
    "context_conn_country": "US",
    "context_device_manufacturer": "apple",
    "context_device_model": "iPhone13,4",
    "context_device_type": "mobile",
    "context_os_name": "ios",
    "context_os_version": "18.0.1",
    "context_receiver_service_timestamp": 1731832294659,
    "context_time": 1731832289026
  },
  {
    "message_playlist_uri": "spotify:playlist:3m0oKYSbiPZdl1CIQ4jp4r",
    "message_source_context_uri": "spotify:new:playlist",
    "message_source_view_uri": "spotify:new:playlist",
    "timestamp_utc": "2024-08-27T07:20:12.752Z",
    "context_application_version": "8.9.68.490",
    "context_conn_country": "US",
    "context_device_manufacturer": "apple",
    "context_device_model": "iPad14,4",
    "context_device_type": "tablet",
    "context_os_name": "ios",
    "context_os_version": "17.5.1",
    "context_receiver_service_timestamp": 1724743223768,
    "context_time": 1724743212752
  }
]