[
  {
    "message_short_link": null,
    "timestamp_utc": "2024-11-20T19:12:54.693Z",
    "context_application_version": "8.9.90.84",
    "context_conn_country": "US",
    "context_device_manufacturer": "apple",
    "context_device_model": "iPhone13,4",
    "context_device_type": "mobile",
    "context_os_name": "ios",
    "context_os_version": "18.1",
    "context_receiver_service_timestamp": 1732129982463,
    "context_time": 1732129974693,
    "context_user_agent": null,
    "message_deeplink_session_id": "40679af3f9d7fdd7",
    "message_entity_uri": "spotify:album:4fgTXGMq9ztbf3L90gyWCg",
    "message_link": "spotify:album:4fgTXGMq9ztbf3L90gyWCg?utm_medium=internal&utm_source=spotify&utm-campaign=home_widget_ios",
    "message_shortlink_source": null,
    "message_source": ""
  },
  {
    "message_short_link": null,
    "timestamp_utc": "2024-10-09T16:47:09.483Z",
    "context_application_version": "8.9.76.516",
    "context_conn_country": "US",
    "context_device_manufacturer": "apple",
    "context_device_model": "iPhone13,4",
    "context_device_type": "mobile",
    "context_os_name": "ios",
    "context_os_version": "18.0.1",
    "context_receiver_service_timestamp": 1728492432453,
    "context_time": 1728492429483,
    "context_user_agent": null,
    "message_deeplink_session_id": "5ede482098833d5b",
    "message_entity_uri": "spotify:playlist:3J7mtpBF025R7W3m3UA0HH",
    "message_link": "spotify:playlist:3J7mtpBF025R7W3m3UA0HH?utm_medium=internal&utm_source=spotify&utm-campaign=home_widget_ios",
    "message_shortlink_source": null,
    "message_source": ""
  },
  {
    "message_short_link": null,
    "timestamp_utc": "2024-07-08T04:42:13.929Z",
    "context_application_version": "8.9.50.491",
    "context_conn_country": "US",
    "context_device_manufacturer": "apple",
    "context_device_model": "iPhone13,4",
    "context_device_type": "mobile",
    "context_os_name": "ios",
    "context_os_version": "17.5.1",
    "context_receiver_service_timestamp": 1720413779070,
    "context_time": 1720413733929,
    "context_user_agent": null,
    "message_deeplink_session_id": "239a4659fa079bc8",
    "message_entity_uri": "spotify:playlist:37i9dQZEVXbKXQ4mDTEBXq",
    "message_link": "spotify:playlist:37i9dQZEVXbKXQ4mDTEBXq?utm_medium=internal&utm_source=spotify&utm-campaign=home_widget_ios",
    "message_shortlink_source": null,
    "message_source": ""
  },
  {
    "message_short_link": null,
    "timestamp_utc": "2024-06-27T05:34:15.165Z",
    "context_application_version": "8.9.48.455",
    "context_conn_country": "US",
    "context_device_manufacturer": "apple",
    "context_device_model": "iPad14,4",
    "context_device_type": "tablet",
    "context_os_name": "ios",
    "context_os_version": "17.5.1",
    "context_receiver_service_timestamp": 1719494499924,
    "context_time": 1719466455165,
    "context_user_agent": null,
    "message_deeplink_session_id": "a0c72deef06e2858",
    "message_entity_uri": "spotify:",
    "message_link": "https://open.spotify.com/?utm_medium=internal&utm_source=spotify&utm-campaign=app_launcher_lockscreen_widget_ios",
    "message_shortlink_source": "BranchIO",
    "message_source": "com.spotify.client.branch-handler"
  },
  {
    "message_short_link": null,
    "timestamp_utc": "2024-08-21T18:15:29.188Z",
    "context_application_version": "8.9.66.462",
    "context_conn_country": "US",
    "context_device_manufacturer": "apple",
    "context_device_model": "iPhone13,4",
    "context_device_type": "mobile",
    "context_os_name": "ios",
    "context_os_version": "17.5.1",
    "context_receiver_service_timestamp": 1724265263716,
    "context_time": 1724264129188,
    "context_user_agent": null,
    "message_deeplink_session_id": "a73651caa1ab8dfe",
    "message_entity_uri": "spotify:album:441LIDd0vhusODlyByR3zP",
    "message_link": "spotify:album:441LIDd0vhusODlyByR3zP?utm_medium=internal&utm_source=spotify&utm-campaign=home_widget_ios",
    "message_shortlink_source": null,
    "message_source": ""
  },
  {
    "message_short_link": null,
    "timestamp_utc": "2024-08-19T21:17:48.819Z",
    "context_application_version": "8.9.66.462",
    "context_conn_country": "US",
    "context_device_manufacturer": "apple",
    "context_device_model": "iPad14,4",
    "context_device_type": "tablet",
    "context_os_name": "ios",
    "context_os_version": "17.5.1",
    "context_receiver_service_timestamp": 1724102298492,
    "context_time": 1724102268819,
    "context_user_agent": null,
    "message_deeplink_session_id": "40ddebfae9195c3d",
    "message_entity_uri": "spotify:track:1AvLUHxSunGMWWRfEFmWSC",
    "message_link": "https://open.spotify.com/track/1AvLUHxSunGMWWRfEFmWSC#:~:text=A%20Song%20of%20Ice%20and%20Fire%20%2D%20song%20by%20Ramin%20Djawadi%20%7C%20Spotify",
    "message_shortlink_source": null,
    "message_source": "com.spotify.client.universallink"
  },
  {
    "message_short_link": null,
    "timestamp_utc": "2024-08-19T21:17:49.141Z",
    "context_application_version": "8.9.66.462",
    "context_conn_country": "US",
    "context_device_manufacturer": "apple",
    "context_device_model": "iPad14,4",
    "context_device_type": "tablet",
    "context_os_name": "ios",
    "context_os_version": "17.5.1",
    "context_receiver_service_timestamp": 1724102298492,
    "context_time": 1724102269141,
    "context_user_agent": null,
    "message_deeplink_session_id": "8794f13032441052",
    "message_entity_uri": "spotify:track:1AvLUHxSunGMWWRfEFmWSC",
    "message_link": "https://open.spotify.com/track/1AvLUHxSunGMWWRfEFmWSC#:~:text=A%20Song%20of%20Ice%20and%20Fire%20%2D%20song%20by%20Ramin%20Djawadi%20%7C%20Spotify",
    "message_shortlink_source": "BranchIO",
    "message_source": "com.spotify.client.branch-handler"
  },
  {
    "message_short_link": null,
    "timestamp_utc": "2024-09-06T05:04:45.445Z",
    "context_application_version": "8.9.70.592",
    "context_conn_country": "US",
    "context_device_manufacturer": "apple",
    "context_device_model": "iPad14,4",
    "context_device_type": "tablet",
    "context_os_name": "ios",
    "context_os_version": "17.6.1",
    "context_receiver_service_timestamp": 1725601834453,
    "context_time": 1725599085445,
    "context_user_agent": null,
    "message_deeplink_session_id": "3cfc57eaa6822744",
    "message_entity_uri": "spotify:",
    "message_link": "https://open.spotify.com/?utm_medium=internal&utm_source=spotify&utm-campaign=app_launcher_lockscreen_widget_ios",
    "message_shortlink_source": null,
    "message_source": ""
  },
  {
    "message_short_link": null,
    "timestamp_utc": "2024-09-02T21:27:27.974Z",
    "context_application_version": "8.9.68.490",
    "context_conn_country": "US",
    "context_device_manufacturer": "apple",
    "context_device_model": "iPhone13,4",
    "context_device_type": "mobile",
    "context_os_name": "ios",
    "context_os_version": "17.6.1",
    "context_receiver_service_timestamp": 1725312462037,
    "context_time": 1725312447974,
    "context_user_agent": null,
    "message_deeplink_session_id": "2e955decaa7d8500",
    "message_entity_uri": "spotify:search:%C4%90%E1%BB%A2I%20(SPECIAL%20VERSION)%2052Hz",
    "message_link": "https://open.spotify.com/search/%C4%90%E1%BB%A2I%20(SPECIAL%20VERSION)%2052Hz",
    "message_shortlink_source": null,
    "message_source": "com.spotify.client.universallink"
  },
  {
    "message_short_link": null,
    "timestamp_utc": "2024-08-27T23:03:07.933Z",
    "context_application_version": "8.9.68.490",
    "context_conn_country": "US",
    "context_device_manufacturer": "apple",
    "context_device_model": "iPhone13,4",
    "context_device_type": "mobile",
    "context_os_name": "ios",
    "context_os_version": "17.5.1",
    "context_receiver_service_timestamp": 1724799789455,
    "context_time": 1724799787933,
    "context_user_agent": null,
    "message_deeplink_session_id": "b8563ffe686db58d",
    "message_entity_uri": "spotify:playlist:3J7mtpBF025R7W3m3UA0HH",
    "message_link": "spotify:playlist:3J7mtpBF025R7W3m3UA0HH?utm_medium=internal&utm_source=spotify&utm-campaign=home_widget_ios",
    "message_shortlink_source": null,
    "message_source": ""
  },
  {
    "message_short_link": null,
    "timestamp_utc": "2024-11-16T08:11:35.629Z",
    "context_application_version": "8.9.90.84",
    "context_conn_country": "US",
    "context_device_manufacturer": "apple",
    "context_device_model": "iPhone13,4",
    "context_device_type": "mobile",
    "context_os_name": "ios",
    "context_os_version": "18.0.1",
    "context_receiver_service_timestamp": 1731744710907,
    "context_time": 1731744695629,
    "context_user_agent": null,
    "message_deeplink_session_id": "ba44e7b9216176f",
    "message_entity_uri": "spotify:playlist:3J7mtpBF025R7W3m3UA0HH",
    "message_link": "spotify:playlist:3J7mtpBF025R7W3m3UA0HH?utm_medium=internal&utm_source=spotify&utm-campaign=home_widget_ios",
    "message_shortlink_source": null,
    "message_source": ""
  },
  {
    "message_short_link": null,
    "timestamp_utc": "2024-06-27T05:34:14.576Z",
    "context_application_version": "8.9.48.455",
    "context_conn_country": "US",
    "context_device_manufacturer": "apple",
    "context_device_model": "iPad14,4",
    "context_device_type": "tablet",
    "context_os_name": "ios",
    "context_os_version": "17.5.1",
    "context_receiver_service_timestamp": 1719494499924,
    "context_time": 1719466454576,
    "context_user_agent": null,
    "message_deeplink_session_id": "7a923632261ee88",
    "message_entity_uri": "spotify:",
    "message_link": "https://open.spotify.com/?utm_medium=internal&utm_source=spotify&utm-campaign=app_launcher_lockscreen_widget_ios",
    "message_shortlink_source": null,
    "message_source": ""
  },
  {
    "message_short_link": null,
    "timestamp_utc": "2024-07-12T14:38:13.392Z",
    "context_application_version": "8.9.50.491",
    "context_conn_country": "US",
    "context_device_manufacturer": "apple",
    "context_device_model": "iPad14,4",
    "context_device_type": "tablet",
    "context_os_name": "ios",
    "context_os_version": "17.5.1",
    "context_receiver_service_timestamp": 1720816716501,
    "context_time": 1720795093392,
    "context_user_agent": null,
    "message_deeplink_session_id": "380a0e1d91ed6fce",
    "message_entity_uri": "spotify:",
    "message_link": "https://open.spotify.com/?utm_medium=internal&utm_source=spotify&utm-campaign=app_launcher_lockscreen_widget_ios",
    "message_shortlink_source": "BranchIO",
    "message_source": "com.spotify.client.branch-handler"
  },
  {
    "message_short_link": null,
    "timestamp_utc": "2024-11-17T21:11:24.743Z",
    "context_application_version": "8.9.90.84",
    "context_conn_country": "US",
    "context_device_manufacturer": "apple",
    "context_device_model": "iPhone13,4",
    "context_device_type": "mobile",
    "context_os_name": "ios",
    "context_os_version": "18.0.1",
    "context_receiver_service_timestamp": 1731877885620,
    "context_time": 1731877884743,
    "context_user_agent": null,
    "message_deeplink_session_id": "db3150b39c96a816",
    "message_entity_uri": "spotify:playlist:4Q4dO5uhpwg66SsV4JLocV",
    "message_link": "spotify:playlist:4Q4dO5uhpwg66SsV4JLocV?utm_medium=internal&utm_source=spotify&utm-campaign=home_widget_ios",
    "message_shortlink_source": null,
    "message_source": ""
  },
  {
    "message_short_link": null,
    "timestamp_utc": "2024-11-12T00:12:04.227Z",
    "context_application_version": "8.9.90.84",
    "context_conn_country": "US",
    "context_device_manufacturer": "apple",
    "context_device_model": "iPhone13,4",
    "context_device_type": "mobile",
    "context_os_name": "ios",
    "context_os_version": "18.0.1",
    "context_receiver_service_timestamp": 1731370325977,
    "context_time": 1731370324227,
    "context_user_agent": null,
    "message_deeplink_session_id": "174b5cbe9d03204a",
    "message_entity_uri": "spotify:album:0LMT3Tdqs2Zy8VIxwuf47X",
    "message_link": "spotify:album:0LMT3Tdqs2Zy8VIxwuf47X?utm_medium=internal&utm_source=spotify&utm-campaign=home_widget_ios",
    "message_shortlink_source": null,
    "message_source": ""
  },
  {
    "message_short_link": null,
    "timestamp_utc": "2024-09-11T01:08:33.905Z",
    "context_application_version": "8.9.70.592",
    "context_conn_country": "US",
    "context_device_manufacturer": "apple",
    "context_device_model": "iPhone13,4",
    "context_device_type": "mobile",
    "context_os_name": "ios",
    "context_os_version": "17.6.1",
    "context_receiver_service_timestamp": 1726016938297,
    "context_time": 1726016913905,
    "context_user_agent": null,
    "message_deeplink_session_id": "316336bab71b19bf",
    "message_entity_uri": "spotify:playlist:00t8VQTStDa6CxDBwKXig5",
    "message_link": "spotify:playlist:00t8VQTStDa6CxDBwKXig5?utm_medium=internal&utm_source=spotify&utm-campaign=home_widget_ios",
    "message_shortlink_source": null,
    "message_source": ""
  },
  {
    "message_short_link": null,
    "timestamp_utc": "2024-11-12T00:37:51.219Z",
    "context_application_version": "8.9.90.84",
    "context_conn_country": "US",
    "context_device_manufacturer": "apple",
    "context_device_model": "iPhone13,4",
    "context_device_type": "mobile",
    "context_os_name": "ios",
    "context_os_version": "18.0.1",
    "context_receiver_service_timestamp": 1731371876519,
    "context_time": 1731371871219,
    "context_user_agent": null,
    "message_deeplink_session_id": "758c81033642a339",
    "message_entity_uri": "spotify:playlist:3J7mtpBF025R7W3m3UA0HH",
    "message_link": "spotify:playlist:3J7mtpBF025R7W3m3UA0HH?utm_medium=internal&utm_source=spotify&utm-campaign=home_widget_ios",
    "message_shortlink_source": null,
    "message_source": ""
  },
  {
    "message_short_link": null,
    "timestamp_utc": "2024-08-21T18:15:29.229Z",
    "context_application_version": "8.9.66.462",
    "context_conn_country": "US",
    "context_device_manufacturer": "apple",
    "context_device_model": "iPhone13,4",
    "context_device_type": "mobile",
    "context_os_name": "ios",
    "context_os_version": "17.5.1",
    "context_receiver_service_timestamp": 1724265263716,
    "context_time": 1724264129229,
    "context_user_agent": null,
    "message_deeplink_session_id": "6d53a7a7bab96b7a",
    "message_entity_uri": "spotify:album:441LIDd0vhusODlyByR3zP",
    "message_link": "spotify:album:441LIDd0vhusODlyByR3zP?utm_medium=internal&utm_source=spotify&utm-campaign=home_widget_ios",
    "message_shortlink_source": null,
    "message_source": ""
  },
  {
    "message_short_link": null,
    "timestamp_utc": "2024-09-18T17:40:20.264Z",
    "context_application_version": "8.9.74.535",
    "context_conn_country": "US",
    "context_device_manufacturer": "apple",
    "context_device_model": "iPhone13,4",
    "context_device_type": "mobile",
    "context_os_name": "ios",
    "context_os_version": "17.6.1",
    "context_receiver_service_timestamp": 1726692048539,
    "context_time": 1726681220264,
    "context_user_agent": null,
    "message_deeplink_session_id": "b672e9a3d79c5647",
    "message_entity_uri": "spotify:artist:2o8gT0fQmFxGNbowbdgeZe",
    "message_link": "spotify:artist:2o8gT0fQmFxGNbowbdgeZe?utm_medium=internal&utm_source=spotify&utm-campaign=home_widget_ios",
    "message_shortlink_source": null,
    "message_source": ""
  },
  {
    "message_short_link": null,
    "timestamp_utc": "2024-09-25T19:36:32.168Z",
    "context_application_version": "8.9.76.516",
    "context_conn_country": "US",
    "context_device_manufacturer": "apple",
    "context_device_model": "iPhone13,4",
    "context_device_type": "mobile",
    "context_os_name": "ios",
    "context_os_version": "18.0",
    "context_receiver_service_timestamp": 1727292993654,
    "context_time": 1727292992168,
    "context_user_agent": null,
    "message_deeplink_session_id": "3a2943897f0c0ec",
    "message_entity_uri": "spotify:album:2iBpPxxuqu0rsDa99hQuPo",
    "message_link": "spotify:album:2iBpPxxuqu0rsDa99hQuPo?utm_medium=internal&utm_source=spotify&utm-campaign=home_widget_ios",
    "message_shortlink_source": null,
    "message_source": ""
  },
  {
    "message_short_link": "https://spotify.link/KSDeX89lOKb",
    "timestamp_utc": "2024-06-29T01:34:54.370Z",
    "context_application_version": "8.9.50.491",
    "context_conn_country": "US",
    "context_device_manufacturer": "apple",
    "context_device_model": "iPad14,4",
    "context_device_type": "tablet",
    "context_os_name": "ios",
    "context_os_version": "17.5.1",
    "context_receiver_service_timestamp": 1719624895843,
    "context_time": 1719624894370,
    "context_user_agent": null,
    "message_deeplink_session_id": "f7817273e6624b6",
    "message_entity_uri": "spotify:socialsession:2YyktwAKnzinVsLmBix4dJestx4c9QIG7ul0esw0KwF6zS0NbcKLGKjoDux0A41c7F7IsNbt9O8IhISAuJDo025hD1BnBu35kkmgH7jVIWVF",
    "message_link": "https://open.spotify.com/socialsession/2YyktwAKnzinVsLmBix4dJestx4c9QIG7ul0esw0KwF6zS0NbcKLGKjoDux0A41c7F7IsNbt9O8IhISAuJDo025hD1BnBu35kkmgH7jVIWVF?si=_mUaylNVQJmnWJU43oxGqQ&utm_source=share-options-sheet&utm_medium=qr&jam=1&ipl=1",
    "message_shortlink_source": "BranchIO",
    "message_source": "com.spotify.client.branch-handler"
  },
  {
    "message_short_link": null,
    "timestamp_utc": "2024-08-31T03:05:41.742Z",
    "context_application_version": "8.9.68.490",
    "context_conn_country": "US",
    "context_device_manufacturer": "apple",
    "context_device_model": "iPhone13,4",
    "context_device_type": "mobile",
    "context_os_name": "ios",
    "context_os_version": "17.5.1",
    "context_receiver_service_timestamp": 1725073546763,
    "context_time": 1725073541742,
    "context_user_agent": null,
    "message_deeplink_session_id": "11bf21c3929d4be4",
    "message_entity_uri": "spotify:playlist:3J7mtpBF025R7W3m3UA0HH",
    "message_link": "spotify:playlist:3J7mtpBF025R7W3m3UA0HH?utm_medium=internal&utm_source=spotify&utm-campaign=home_widget_ios",
    "message_shortlink_source": null,
    "message_source": ""
  },
  {
    "message_short_link": null,
    "timestamp_utc": "2024-10-16T00:39:31.701Z",
    "context_application_version": "8.9.82.628",
    "context_conn_country": "US",
    "context_device_manufacturer": "apple",
    "context_device_model": "iPhone13,4",
    "context_device_type": "mobile",
    "context_os_name": "ios",
    "context_os_version": "18.0.1",
    "context_receiver_service_timestamp": 1729039200652,
    "context_time": 1729039171701,
    "context_user_agent": null,
    "message_deeplink_session_id": "7710c7122c6f166b",
    "message_entity_uri": "spotify:playlist:3J7mtpBF025R7W3m3UA0HH",
    "message_link": "spotify:playlist:3J7mtpBF025R7W3m3UA0HH?utm_medium=internal&utm_source=spotify&utm-campaign=home_widget_ios",
    "message_shortlink_source": null,
    "message_source": ""
  },
  {
    "message_short_link": null,
    "timestamp_utc": "2024-08-04T09:09:15.718Z",
    "context_application_version": "8.9.60.458",
    "context_conn_country": "US",
    "context_device_manufacturer": "apple",
    "context_device_model": "iPad14,4",
    "context_device_type": "tablet",
    "context_os_name": "ios",
    "context_os_version": "17.5.1",
    "context_receiver_service_timestamp": 1722875838647,
    "context_time": 1722762555718,
    "context_user_agent": null,
    "message_deeplink_session_id": "c30afbe15c1e463e",
    "message_entity_uri": "spotify:",
    "message_link": "https://open.spotify.com/?utm_medium=internal&utm_source=spotify&utm-campaign=app_launcher_lockscreen_widget_ios",
    "message_shortlink_source": "BranchIO",
    "message_source": "com.spotify.client.branch-handler"
  },
  {
    "message_short_link": null,
    "timestamp_utc": "2024-11-13T19:30:38.841Z",
    "context_application_version": "8.9.90.84",
    "context_conn_country": "US",
    "context_device_manufacturer": "apple",
    "context_device_model": "iPhone13,4",
    "context_device_type": "mobile",
    "context_os_name": "ios",
    "context_os_version": "18.0.1",
    "context_receiver_service_timestamp": 1731526240732,
    "context_time": 1731526238841,
    "context_user_agent": null,
    "message_deeplink_session_id": "859e9242543f71e",
    "message_entity_uri": "spotify:album:0LMT3Tdqs2Zy8VIxwuf47X",
    "message_link": "spotify:album:0LMT3Tdqs2Zy8VIxwuf47X?utm_medium=internal&utm_source=spotify&utm-campaign=home_widget_ios",
    "message_shortlink_source": null,
    "message_source": ""
  },
  {
    "message_short_link": null,
    "timestamp_utc": "2024-09-06T05:04:45.716Z",
    "context_application_version": "8.9.70.592",
    "context_conn_country": "US",
    "context_device_manufacturer": "apple",
    "context_device_model": "iPad14,4",
    "context_device_type": "tablet",
    "context_os_name": "ios",
    "context_os_version": "17.6.1",
    "context_receiver_service_timestamp": 1725601834453,
    "context_time": 1725599085716,
    "context_user_agent": null,
    "message_deeplink_session_id": "f2951bc1335658",
    "message_entity_uri": "spotify:",
    "message_link": "https://open.spotify.com/?utm_medium=internal&utm_source=spotify&utm-campaign=app_launcher_lockscreen_widget_ios",
    "message_shortlink_source": "BranchIO",
    "message_source": "com.spotify.client.branch-handler"
  },
  {
    "message_short_link": null,
    "timestamp_utc": "2024-08-04T04:11:48.963Z",
    "context_application_version": "8.9.60.458",
    "context_conn_country": "US",
    "context_device_manufacturer": "apple",
    "context_device_model": "iPad14,4",
    "context_device_type": "tablet",
    "context_os_name": "ios",
    "context_os_version": "17.5.1",
    "context_receiver_service_timestamp": 1722744932653,
    "context_time": 1722744708963,
    "context_user_agent": null,
    "message_deeplink_session_id": "e355d62146010a9c",
    "message_entity_uri": "spotify:track:60TThBDrPpek5k520l0W0L",
    "message_link": "https://open.spotify.com/track/60TThBDrPpek5k520l0W0L?si=5CC935B8-C35E-4BA4-921E-D6A21F0AFCAF&utm_source=system-ua-share",
    "message_shortlink_source": "BranchIO",
    "message_source": "com.spotify.client.branch-handler"
  },
  {
    "message_short_link": null,
    "timestamp_utc": "2024-09-02T21:28:29.004Z",
    "context_application_version": "8.9.68.490",
    "context_conn_country": "US",
    "context_device_manufacturer": "apple",
    "context_device_model": "iPhone13,4",
    "context_device_type": "mobile",
    "context_os_name": "ios",
    "context_os_version": "17.6.1",
    "context_receiver_service_timestamp": 1725312522153,
    "context_time": 1725312509004,
    "context_user_agent": null,
    "message_deeplink_session_id": "3c3354422f2f86b9",
    "message_entity_uri": "spotify:search:%C4%90%E1%BB%A2I%20(SPECIAL%20VERSION)%2052Hz",
    "message_link": "https://open.spotify.com/search/%C4%90%E1%BB%A2I%20(SPECIAL%20VERSION)%2052Hz",
    "message_shortlink_source": null,
    "message_source": "com.spotify.client.universallink"
  },
  {
    "message_short_link": null,
    "timestamp_utc": "2024-08-04T09:09:15.357Z",
    "context_application_version": "8.9.60.458",
    "context_conn_country": "US",
    "context_device_manufacturer": "apple",
    "context_device_model": "iPad14,4",
    "context_device_type": "tablet",
    "context_os_name": "ios",
    "context_os_version": "17.5.1",
    "context_receiver_service_timestamp": 1722875838647,
    "context_time": 1722762555357,
    "context_user_agent": null,
    "message_deeplink_session_id": "ea18c061416e4e1e",
    "message_entity_uri": "spotify:",
    "message_link": "https://open.spotify.com/?utm_medium=internal&utm_source=spotify&utm-campaign=app_launcher_lockscreen_widget_ios",
    "message_shortlink_source": null,
    "message_source": ""
  },
  {
    "message_short_link": null,
    "timestamp_utc": "2024-07-12T14:38:10.466Z",
    "context_application_version": "8.9.50.491",
    "context_conn_country": "US",
    "context_device_manufacturer": "apple",
    "context_device_model": "iPad14,4",
    "context_device_type": "tablet",
    "context_os_name": "ios",
    "context_os_version": "17.5.1",
    "context_receiver_service_timestamp": 1720816716501,
    "context_time": 1720795090466,
    "context_user_agent": null,
    "message_deeplink_session_id": "146892ce0c124b",
    "message_entity_uri": "spotify:",
    "message_link": "https://open.spotify.com/?utm_medium=internal&utm_source=spotify&utm-campaign=app_launcher_lockscreen_widget_ios",
    "message_shortlink_source": null,
    "message_source": ""
  },
  {
    "message_short_link": null,
    "timestamp_utc": "2024-09-02T21:27:28.109Z",
    "context_application_version": "8.9.68.490",
    "context_conn_country": "US",
    "context_device_manufacturer": "apple",
    "context_device_model": "iPhone13,4",
    "context_device_type": "mobile",
    "context_os_name": "ios",
    "context_os_version": "17.6.1",
    "context_receiver_service_timestamp": 1725312462037,
    "context_time": 1725312448109,
    "context_user_agent": null,
    "message_deeplink_session_id": "d9fe0a825fb66334",
    "message_entity_uri": "spotify:search:%C4%90%E1%BB%A2I%20(SPECIAL%20VERSION)%2052Hz",
    "message_link": "https://open.spotify.com/search/%C4%90%E1%BB%A2I%20(SPECIAL%20VERSION)%2052Hz",
    "message_shortlink_source": "BranchIO",
    "message_source": "com.spotify.client.branch-handler"
  },
  {
    "message_short_link": null,
    "timestamp_utc": "2024-10-15T22:06:43.583Z",
    "context_application_version": "8.9.82.628",
    "context_conn_country": "US",
    "context_device_manufacturer": "apple",
    "context_device_model": "iPhone13,4",
    "context_device_type": "mobile",
    "context_os_name": "ios",
    "context_os_version": "18.0.1",
    "context_receiver_service_timestamp": 1729030005807,
    "context_time": 1729030003583,
    "context_user_agent": null,
    "message_deeplink_session_id": "6ed3276330ff22d9",
    "message_entity_uri": "spotify:playlist:5BD3C9Ms0tfPMsnYMg5Juc",
    "message_link": "spotify:playlist:5BD3C9Ms0tfPMsnYMg5Juc?utm_medium=internal&utm_source=spotify&utm-campaign=home_widget_ios",
    "message_shortlink_source": null,
    "message_source": ""
  },
  {
    "message_short_link": null,
    "timestamp_utc": "2024-11-15T17:53:45.989Z",
    "context_application_version": "8.9.90.84",
    "context_conn_country": "US",
    "context_device_manufacturer": "apple",
    "context_device_model": "iPhone13,4",
    "context_device_type": "mobile",
    "context_os_name": "ios",
    "context_os_version": "18.0.1",
    "context_receiver_service_timestamp": 1731693226496,
    "context_time": 1731693225989,
    "context_user_agent": null,
    "message_deeplink_session_id": "2461694f5c4f6daa",
    "message_entity_uri": "spotify:artist:6RHTUrRF63xao58xh9FXYJ",
    "message_link": "spotify:artist:6RHTUrRF63xao58xh9FXYJ?utm_medium=internal&utm_source=spotify&utm-campaign=home_widget_ios",
    "message_shortlink_source": null,
    "message_source": ""
  },
  {
    "message_short_link": null,
    "timestamp_utc": "2024-06-17T04:29:46.253Z",
    "context_application_version": "8.9.44.362",
    "context_conn_country": "US",
    "context_device_manufacturer": "apple",
    "context_device_model": "iPhone13,4",
    "context_device_type": "mobile",
    "context_os_name": "ios",
    "context_os_version": "17.5.1",
    "context_receiver_service_timestamp": 1718598598827,
    "context_time": 1718598586253,
    "context_user_agent": null,
    "message_deeplink_session_id": "a069f787f2bfef16",
    "message_entity_uri": "spotify:playlist:37i9dQZF1EIWCJohaHcLid",
    "message_link": "spotify:playlist:37i9dQZF1EIWCJohaHcLid?utm_medium=internal&utm_source=spotify&utm-campaign=home_widget_ios",
    "message_shortlink_source": null,
    "message_source": ""
  },
  {
    "message_short_link": null,
    "timestamp_utc": "2024-09-13T01:42:26.775Z",
    "context_application_version": "8.9.70.592",
    "context_conn_country": "US",
    "context_device_manufacturer": "apple",
    "context_device_model": "iPhone13,4",
    "context_device_type": "mobile",
    "context_os_name": "ios",
    "context_os_version": "17.6.1",
    "context_receiver_service_timestamp": 1726191748314,
    "context_time": 1726191746775,
    "context_user_agent": null,
    "message_deeplink_session_id": "acc0e752de265e5a",
    "message_entity_uri": "spotify:playlist:3J7mtpBF025R7W3m3UA0HH",
    "message_link": "spotify:playlist:3J7mtpBF025R7W3m3UA0HH?utm_medium=internal&utm_source=spotify&utm-campaign=home_widget_ios",
    "message_shortlink_source": null,
    "message_source": ""
  },
  {
    "message_short_link": null,
    "timestamp_utc": "2024-10-21T16:42:39.086Z",
    "context_application_version": "8.9.82.628",
    "context_conn_country": "US",
    "context_device_manufacturer": "apple",
    "context_device_model": "iPhone13,4",
    "context_device_type": "mobile",
    "context_os_name": "ios",
    "context_os_version": "18.0.1",
    "context_receiver_service_timestamp": 1729528960514,
    "context_time": 1729528959086,
    "context_user_agent": null,
    "message_deeplink_session_id": "3a42aa70dfe86a8a",
    "message_entity_uri": "spotify:artist:2o8gT0fQmFxGNbowbdgeZe",
    "message_link": "spotify:artist:2o8gT0fQmFxGNbowbdgeZe?utm_medium=internal&utm_source=spotify&utm-campaign=home_widget_ios",
    "message_shortlink_source": null,
    "message_source": ""
  },
  {
    "message_short_link": null,
    "timestamp_utc": "2024-08-23T21:30:12.796Z",
    "context_application_version": "8.9.66.462",
    "context_conn_country": "US",
    "context_device_manufacturer": "apple",
    "context_device_model": "iPhone13,4",
    "context_device_type": "mobile",
    "context_os_name": "ios",
    "context_os_version": "17.5.1",
    "context_receiver_service_timestamp": 1724448617579,
    "context_time": 1724448612796,
    "context_user_agent": null,
    "message_deeplink_session_id": "c33688837a7acd10",
    "message_entity_uri": "spotify:playlist:3DhYfL7oJvRDUy5as4yoJp",
    "message_link": "spotify:playlist:3DhYfL7oJvRDUy5as4yoJp?utm_medium=internal&utm_source=spotify&utm-campaign=home_widget_ios",
    "message_shortlink_source": null,
    "message_source": ""
  },
  {
    "message_short_link": null,
    "timestamp_utc": "2024-06-13T02:53:03.554Z",
    "context_application_version": "8.9.44.362",
    "context_conn_country": "US",
    "context_device_manufacturer": "apple",
    "context_device_model": "iPhone13,4",
    "context_device_type": "mobile",
    "context_os_name": "ios",
    "context_os_version": "17.5.1",
    "context_receiver_service_timestamp": 1718247212750,
    "context_time": 1718247183554,
    "context_user_agent": null,
    "message_deeplink_session_id": "21bb77763f2ab088",
    "message_entity_uri": "spotify:playlist:37i9dQZF1DX3pJ8DlmnZlN",
    "message_link": "spotify:playlist:37i9dQZF1DX3pJ8DlmnZlN?utm_medium=internal&utm_source=spotify&utm-campaign=home_widget_ios",
    "message_shortlink_source": null,
    "message_source": ""
  },
  {
    "message_short_link": null,
    "timestamp_utc": "2024-10-01T22:47:41.875Z",
    "context_application_version": "8.9.76.516",
    "context_conn_country": "US",
    "context_device_manufacturer": "apple",
    "context_device_model": "iPhone13,4",
    "context_device_type": "mobile",
    "context_os_name": "ios",
    "context_os_version": "18.0",
    "context_receiver_service_timestamp": 1727822866737,
    "context_time": 1727822861875,
    "context_user_agent": null,
    "message_deeplink_session_id": "1687563feb2e637f",
    "message_entity_uri": "spotify:playlist:6Jf2HaYui4cjFRPvkBrkjQ",
    "message_link": "spotify:playlist:6Jf2HaYui4cjFRPvkBrkjQ?utm_medium=internal&utm_source=spotify&utm-campaign=home_widget_ios",
    "message_shortlink_source": null,
    "message_source": ""
  },
  {
    "message_short_link": null,
    "timestamp_utc": "2024-07-23T07:57:23.345Z",
    "context_application_version": "8.9.54.343",
    "context_conn_country": "US",
    "context_device_manufacturer": "apple",
    "context_device_model": "iPhone13,4",
    "context_device_type": "mobile",
    "context_os_name": "ios",
    "context_os_version": "17.5.1",
    "context_receiver_service_timestamp": 1721721450854,
    "context_time": 1721721443345,
    "context_user_agent": null,
    "message_deeplink_session_id": "e9e8d8c8cd32b5a3",
    "message_entity_uri": "spotify:playlist:37i9dQZF1DX9G93rIVMmzM",
    "message_link": "spotify:playlist:37i9dQZF1DX9G93rIVMmzM?utm_medium=internal&utm_source=spotify&utm-campaign=home_widget_ios",
    "message_shortlink_source": null,
    "message_source": ""
  },
  {
    "message_short_link": null,
    "timestamp_utc": "2024-07-08T16:18:41.421Z",
    "context_application_version": "8.9.50.491",
    "context_conn_country": "US",
    "context_device_manufacturer": "apple",
    "context_device_model": "iPhone13,4",
    "context_device_type": "mobile",
    "context_os_name": "ios",
    "context_os_version": "17.5.1",
    "context_receiver_service_timestamp": 1720455551274,
    "context_time": 1720455521421,
    "context_user_agent": null,
    "message_deeplink_session_id": "fac585a23f01683a",
    "message_entity_uri": "spotify:album:0FzWvaeMBfKBCqxHTLVlB8",
    "message_link": "spotify:album:0FzWvaeMBfKBCqxHTLVlB8?utm_medium=internal&utm_source=spotify&utm-campaign=home_widget_ios",
    "message_shortlink_source": null,
    "message_source": ""
  },
  {
    "message_short_link": null,
    "timestamp_utc": "2024-10-29T22:21:10.040Z",
    "context_application_version": "8.9.86.419",
    "context_conn_country": "US",
    "context_device_manufacturer": "apple",
    "context_device_model": "iPhone13,4",
    "context_device_type": "mobile",
    "context_os_name": "ios",
    "context_os_version": "18.0.1",
    "context_receiver_service_timestamp": 1730240499978,
    "context_time": 1730240470040,
    "context_user_agent": null,
    "message_deeplink_session_id": "af19675d29c0a5",
    "message_entity_uri": "spotify:playlist:5z0gVMPQerW9SAulFKHaXQ",
    "message_link": "spotify:playlist:5z0gVMPQerW9SAulFKHaXQ?utm_medium=internal&utm_source=spotify&utm-campaign=home_widget_ios",
    "message_shortlink_source": null,
    "message_source": ""
  },
  {
    "message_short_link": null,
    "timestamp_utc": "2024-07-19T01:45:31.995Z",
    "context_application_version": "8.9.54.343",
    "context_conn_country": "US",
    "context_device_manufacturer": "apple",
    "context_device_model": "iPhone13,4",
    "context_device_type": "mobile",
    "context_os_name": "ios",
    "context_os_version": "17.5.1",
    "context_receiver_service_timestamp": 1721353536355,
    "context_time": 1721353531995,
    "context_user_agent": null,
    "message_deeplink_session_id": "e3acb454830576cc",
    "message_entity_uri": "spotify:album:0FzWvaeMBfKBCqxHTLVlB8",
    "message_link": "spotify:album:0FzWvaeMBfKBCqxHTLVlB8?utm_medium=internal&utm_source=spotify&utm-campaign=home_widget_ios",
    "message_shortlink_source": null,
    "message_source": ""
  },
  {
    "message_short_link": null,
    "timestamp_utc": "2024-09-02T21:28:29.197Z",
    "context_application_version": "8.9.68.490",
    "context_conn_country": "US",
    "context_device_manufacturer": "apple",
    "context_device_model": "iPhone13,4",
    "context_device_type": "mobile",
    "context_os_name": "ios",
    "context_os_version": "17.6.1",
    "context_receiver_service_timestamp": 1725312522153,
    "context_time": 1725312509197,
    "context_user_agent": null,
    "message_deeplink_session_id": "8895fc88d1a60e4f",
    "message_entity_uri": "spotify:search:%C4%90%E1%BB%A2I%20(SPECIAL%20VERSION)%2052Hz",
    "message_link": "https://open.spotify.com/search/%C4%90%E1%BB%A2I%20(SPECIAL%20VERSION)%2052Hz",
    "message_shortlink_source": "BranchIO",
    "message_source": "com.spotify.client.branch-handler"
  },
  {
    "message_short_link": null,
    "timestamp_utc": "2024-07-08T16:59:32.058Z",
    "context_application_version": "8.9.50.491",
    "context_conn_country": "US",
    "context_device_manufacturer": "apple",
    "context_device_model": "iPhone13,4",
    "context_device_type": "mobile",
    "context_os_name": "ios",
    "context_os_version": "17.5.1",
    "context_receiver_service_timestamp": 1720457976016,
    "context_time": 1720457972058,
    "context_user_agent": null,
    "message_deeplink_session_id": "9801da13248aa767",
    "message_entity_uri": "spotify:album:0FzWvaeMBfKBCqxHTLVlB8",
    "message_link": "spotify:album:0FzWvaeMBfKBCqxHTLVlB8?utm_medium=internal&utm_source=spotify&utm-campaign=home_widget_ios",
    "message_shortlink_source": null,
    "message_source": ""
  },
  {
    "message_short_link": null,
    "timestamp_utc": "2024-10-30T01:11:59.791Z",
    "context_application_version": "8.9.86.419",
    "context_conn_country": "US",
    "context_device_manufacturer": "apple",
    "context_device_model": "iPhone13,4",
    "context_device_type": "mobile",
    "context_os_name": "ios",
    "context_os_version": "18.0.1",
    "context_receiver_service_timestamp": 1730250728533,
    "context_time": 1730250719791,
    "context_user_agent": null,
    "message_deeplink_session_id": "ffc9cb34773a6e",
    "message_entity_uri": "spotify:artist:0UF7XLthtbSF2Eur7559oV",
    "message_link": "spotify:artist:0UF7XLthtbSF2Eur7559oV?utm_medium=internal&utm_source=spotify&utm-campaign=home_widget_ios",
    "message_shortlink_source": null,
    "message_source": ""
  },
  {
    "message_short_link": null,
    "timestamp_utc": "2024-06-30T18:32:49.288Z",
    "context_application_version": "8.9.50.491",
    "context_conn_country": "US",
    "context_device_manufacturer": "apple",
    "context_device_model": "iPhone13,4",
    "context_device_type": "mobile",
    "context_os_name": "ios",
    "context_os_version": "17.5.1",
    "context_receiver_service_timestamp": 1719772375035,
    "context_time": 1719772369288,
    "context_user_agent": null,
    "message_deeplink_session_id": "72471333928c036",
    "message_entity_uri": "spotify:playlist:37i9dQZEVXbKXQ4mDTEBXq",
    "message_link": "spotify:playlist:37i9dQZEVXbKXQ4mDTEBXq?utm_medium=internal&utm_source=spotify&utm-campaign=home_widget_ios",
    "message_shortlink_source": null,
    "message_source": ""
  },
  {
    "message_short_link": null,
    "timestamp_utc": "2024-06-20T22:33:18.937Z",
    "context_application_version": "8.9.48.455",
    "context_conn_country": "US",
    "context_device_manufacturer": "apple",
    "context_device_model": "iPhone13,4",
    "context_device_type": "mobile",
    "context_os_name": "ios",
    "context_os_version": "17.5.1",
    "context_receiver_service_timestamp": 1718922824543,
    "context_time": 1718922798937,
    "context_user_agent": null,
    "message_deeplink_session_id": "edd69ac8930d5c97",
    "message_entity_uri": "spotify:playlist:3J7mtpBF025R7W3m3UA0HH",
    "message_link": "spotify:playlist:3J7mtpBF025R7W3m3UA0HH?utm_medium=internal&utm_source=spotify&utm-campaign=home_widget_ios",
    "message_shortlink_source": null,
    "message_source": ""
  }
]