[
  {
    "message_is_employee": "\u0000",
    "timestamp_utc": "2024-09-11T21:07:16.033Z",
    "context_application_version": "1.2.39.578",
    "context_conn_country": "US",
    "context_device_manufacturer": "Apple Inc.",
    "context_device_model": "MacBookPro16,2",
    "context_device_type": "desktop",
    "context_os_name": "osx",
    "context_os_version": "14.6.1",
    "context_receiver_service_timestamp": 1726088865279,
    "context_time": 1726088836033,
    "message_binary_hash": "0d1b1366afe70beaec5803a4118bbfbdc89399b0",
    "message_is_critical": false,
    "message_revision": 124500454,
    "message_source": "du",
    "message_success": true
  },
  {
    "message_is_employee": "\u0000",
    "timestamp_utc": "2024-10-11T21:02:47.683Z",
    "context_application_version": "1.2.47.364",
    "context_conn_country": "US",
    "context_device_manufacturer": "Apple Inc.",
    "context_device_model": "MacBookPro16,2",
    "context_device_type": "desktop",
    "context_os_name": "osx",
    "context_os_version": "15.0.0",
    "context_receiver_service_timestamp": 1728680596901,
    "context_time": 1728680567683,
    "message_binary_hash": "b209e0ca07a525b412d953df8dc35b6daedb8555",
    "message_is_critical": false,
    "message_revision": 124800405,
    "message_source": "du",
    "message_success": true
  },
  {
    "message_is_employee": "\u0000",
    "timestamp_utc": "2024-10-28T01:15:54.014Z",
    "context_application_version": "1.2.48.405",
    "context_conn_country": "US",
    "context_device_manufacturer": "Apple Inc.",
    "context_device_model": "MacBookPro16,2",
    "context_device_type": "desktop",
    "context_os_name": "osx",
    "context_os_version": "15.0.1",
    "context_receiver_service_timestamp": 1730078154637,
    "context_time": 1730078154014,
    "message_binary_hash": "d078c1b19a8dd3ce08c314d3d1581d77cc019796",
    "message_is_critical": false,
    "message_revision": 124900439,
    "message_source": "du",
    "message_success": true
  },
  {
    "message_is_employee": "\u0000",
    "timestamp_utc": "2024-09-25T08:47:20.859Z",
    "context_application_version": "1.2.45.454",
    "context_conn_country": "US",
    "context_device_manufacturer": "Apple Inc.",
    "context_device_model": "MacBookPro16,2",
    "context_device_type": "desktop",
    "context_os_name": "osx",
    "context_os_version": "14.6.1",
    "context_receiver_service_timestamp": 1727254056397,
    "context_time": 1727254040859,
    "message_binary_hash": "ec863cd99934c09d1e08569986b31b9e616be26e",
    "message_is_critical": false,
    "message_revision": 124700364,
    "message_source": "du",
    "message_success": true
  }
]