[
  {
    "message_is_employee": "\u0000",
    "timestamp_utc": "2024-10-01T06:49:41.980Z",
    "context_application_version": "1.2.47.364",
    "context_conn_country": "US",
    "context_device_manufacturer": "Apple Inc.",
    "context_device_model": "MacBookPro16,2",
    "context_device_type": "desktop",
    "context_os_name": "osx",
    "context_os_version": "15.0.0",
    "context_receiver_service_timestamp": 1727769041494,
    "context_time": 1727765381980,
    "message_error_message": null,
    "message_payload_size": 3,
    "message_request_time_ms": 2370,
    "message_status_code": 200
  },
  {
    "message_is_employee": "\u0000",
    "timestamp_utc": "2024-09-22T04:24:25.598Z",
    "context_application_version": "1.2.45.454",
    "context_conn_country": "US",
    "context_device_manufacturer": "Apple Inc.",
    "context_device_model": "MacBookPro16,2",
    "context_device_type": "desktop",
    "context_os_name": "osx",
    "context_os_version": "14.6.1",
    "context_receiver_service_timestamp": 1726979094874,
    "context_time": 1726979065598,
    "message_error_message": null,
    "message_payload_size": 3,
    "message_request_time_ms": 918,
    "message_status_code": 200
  },
  {
    "message_is_employee": "\u0000",
    "timestamp_utc": "2024-09-22T17:44:33.956Z",
    "context_application_version": "1.2.45.454",
    "context_conn_country": "US",
    "context_device_manufacturer": "Apple Inc.",
    "context_device_model": "MacBookPro16,2",
    "context_device_type": "desktop",
    "context_os_name": "osx",
    "context_os_version": "14.6.1",
    "context_receiver_service_timestamp": 1727030737513,
    "context_time": 1727027073956,
    "message_error_message": null,
    "message_payload_size": 3,
    "message_request_time_ms": 737,
    "message_status_code": 200
  },
  {
    "message_is_employee": "\u0000",
    "timestamp_utc": "2024-09-24T04:51:55.644Z",
    "context_application_version": "1.2.45.454",
    "context_conn_country": "US",
    "context_device_manufacturer": "Apple Inc.",
    "context_device_model": "MacBookPro16,2",
    "context_device_type": "desktop",
    "context_os_name": "osx",
    "context_os_version": "14.6.1",
    "context_receiver_service_timestamp": 1727153543833,
    "context_time": 1727153515644,
    "message_error_message": null,
    "message_payload_size": 3,
    "message_request_time_ms": 910,
    "message_status_code": 200
  },
  {
    "message_is_employee": "\u0000",
    "timestamp_utc": "2024-09-22T14:30:25.437Z",
    "context_application_version": "1.2.45.454",
    "context_conn_country": "US",
    "context_device_manufacturer": "Apple Inc.",
    "context_device_model": "MacBookPro16,2",
    "context_device_type": "desktop",
    "context_os_name": "osx",
    "context_os_version": "14.6.1",
    "context_receiver_service_timestamp": 1727019087930,
    "context_time": 1727015425437,
    "message_error_message": null,
    "message_payload_size": 3,
    "message_request_time_ms": 251,
    "message_status_code": 200
  },
  {
    "message_is_employee": "\u0000",
    "timestamp_utc": "2024-10-28T19:52:02.616Z",
    "context_application_version": "1.2.48.405",
    "context_conn_country": "US",
    "context_device_manufacturer": "Apple Inc.",
    "context_device_model": "MacBookPro16,2",
    "context_device_type": "desktop",
    "context_os_name": "osx",
    "context_os_version": "15.0.1",
    "context_receiver_service_timestamp": 1730145147625,
    "context_time": 1730145122616,
    "message_error_message": null,
    "message_payload_size": 410,
    "message_request_time_ms": 75,
    "message_status_code": 200
  },
  {
    "message_is_employee": "\u0000",
    "timestamp_utc": "2024-09-26T21:42:21.090Z",
    "context_application_version": "1.2.47.364",
    "context_conn_country": "US",
    "context_device_manufacturer": "Apple Inc.",
    "context_device_model": "MacBookPro16,2",
    "context_device_type": "desktop",
    "context_os_name": "osx",
    "context_os_version": "14.6.1",
    "context_receiver_service_timestamp": 1727386970239,
    "context_time": 1727386941090,
    "message_error_message": null,
    "message_payload_size": 3,
    "message_request_time_ms": 954,
    "message_status_code": 200
  },
  {
    "message_is_employee": "\u0000",
    "timestamp_utc": "2024-11-11T23:01:53.351Z",
    "context_application_version": "1.2.49.439",
    "context_conn_country": "US",
    "context_device_manufacturer": "Apple Inc.",
    "context_device_model": "MacBookPro16,2",
    "context_device_type": "desktop",
    "context_os_name": "osx",
    "context_os_version": "15.0.1",
    "context_receiver_service_timestamp": 1731366123439,
    "context_time": 1731366113351,
    "message_error_message": null,
    "message_payload_size": 3,
    "message_request_time_ms": 202,
    "message_status_code": 200
  },
  {
    "message_is_employee": "\u0000",
    "timestamp_utc": "2024-09-11T21:07:16.024Z",
    "context_application_version": "1.2.39.578",
    "context_conn_country": "US",
    "context_device_manufacturer": "Apple Inc.",
    "context_device_model": "MacBookPro16,2",
    "context_device_type": "desktop",
    "context_os_name": "osx",
    "context_os_version": "14.6.1",
    "context_receiver_service_timestamp": 1726088865279,
    "context_time": 1726088836024,
    "message_error_message": null,
    "message_payload_size": 409,
    "message_request_time_ms": 1263,
    "message_status_code": 200
  },
  {
    "message_is_employee": "\u0000",
    "timestamp_utc": "2024-09-26T04:26:55.155Z",
    "context_application_version": "1.2.47.364",
    "context_conn_country": "US",
    "context_device_manufacturer": "Apple Inc.",
    "context_device_model": "MacBookPro16,2",
    "context_device_type": "desktop",
    "context_os_name": "osx",
    "context_os_version": "14.6.1",
    "context_receiver_service_timestamp": 1727324828483,
    "context_time": 1727324815155,
    "message_error_message": null,
    "message_payload_size": 3,
    "message_request_time_ms": 345,
    "message_status_code": 200
  },
  {
    "message_is_employee": "\u0000",
    "timestamp_utc": "2024-09-24T23:47:20.544Z",
    "context_application_version": "1.2.45.454",
    "context_conn_country": "US",
    "context_device_manufacturer": "Apple Inc.",
    "context_device_model": "MacBookPro16,2",
    "context_device_type": "desktop",
    "context_os_name": "osx",
    "context_os_version": "14.6.1",
    "context_receiver_service_timestamp": 1727221669370,
    "context_time": 1727221640544,
    "message_error_message": null,
    "message_payload_size": 3,
    "message_request_time_ms": 1991,
    "message_status_code": 200
  },
  {
    "message_is_employee": "\u0000",
    "timestamp_utc": "2024-09-23T21:03:29.754Z",
    "context_application_version": "1.2.45.454",
    "context_conn_country": "US",
    "context_device_manufacturer": "Apple Inc.",
    "context_device_model": "MacBookPro16,2",
    "context_device_type": "desktop",
    "context_os_name": "osx",
    "context_os_version": "14.6.1",
    "context_receiver_service_timestamp": 1727125409994,
    "context_time": 1727125409754,
    "message_error_message": null,
    "message_payload_size": 3,
    "message_request_time_ms": 103,
    "message_status_code": 200
  },
  {
    "message_is_employee": "\u0000",
    "timestamp_utc": "2024-09-18T18:24:48.647Z",
    "context_application_version": "1.2.45.454",
    "context_conn_country": "US",
    "context_device_manufacturer": "Apple Inc.",
    "context_device_model": "MacBookPro16,2",
    "context_device_type": "desktop",
    "context_os_name": "osx",
    "context_os_version": "14.6.1",
    "context_receiver_service_timestamp": 1726683916898,
    "context_time": 1726683888647,
    "message_error_message": null,
    "message_payload_size": 3,
    "message_request_time_ms": 955,
    "message_status_code": 200
  },
  {
    "message_is_employee": "\u0000",
    "timestamp_utc": "2024-09-26T08:29:44.488Z",
    "context_application_version": "1.2.47.364",
    "context_conn_country": "US",
    "context_device_manufacturer": "Apple Inc.",
    "context_device_model": "MacBookPro16,2",
    "context_device_type": "desktop",
    "context_os_name": "osx",
    "context_os_version": "14.6.1",
    "context_receiver_service_timestamp": 1727339413255,
    "context_time": 1727339384488,
    "message_error_message": null,
    "message_payload_size": 3,
    "message_request_time_ms": 1389,
    "message_status_code": 200
  },
  {
    "message_is_employee": "\u0000",
    "timestamp_utc": "2024-09-22T11:16:31.705Z",
    "context_application_version": "1.2.45.454",
    "context_conn_country": "US",
    "context_device_manufacturer": "Apple Inc.",
    "context_device_model": "MacBookPro16,2",
    "context_device_type": "desktop",
    "context_os_name": "osx",
    "context_os_version": "14.6.1",
    "context_receiver_service_timestamp": 1727003819534,
    "context_time": 1727003791705,
    "message_error_message": null,
    "message_payload_size": 3,
    "message_request_time_ms": 1567,
    "message_status_code": 200
  },
  {
    "message_is_employee": "\u0000",
    "timestamp_utc": "2024-10-12T06:39:56.318Z",
    "context_application_version": "1.2.47.364",
    "context_conn_country": "US",
    "context_device_manufacturer": "Apple Inc.",
    "context_device_model": "MacBookPro16,2",
    "context_device_type": "desktop",
    "context_os_name": "osx",
    "context_os_version": "15.0.0",
    "context_receiver_service_timestamp": 1728715209409,
    "context_time": 1728715196318,
    "message_error_message": null,
    "message_payload_size": 410,
    "message_request_time_ms": 105,
    "message_status_code": 200
  },
  {
    "message_is_employee": "\u0000",
    "timestamp_utc": "2024-09-22T21:48:40.364Z",
    "context_application_version": "1.2.45.454",
    "context_conn_country": "US",
    "context_device_manufacturer": "Apple Inc.",
    "context_device_model": "MacBookPro16,2",
    "context_device_type": "desktop",
    "context_os_name": "osx",
    "context_os_version": "14.6.1",
    "context_receiver_service_timestamp": 1727043922103,
    "context_time": 1727041720364,
    "message_error_message": null,
    "message_payload_size": 3,
    "message_request_time_ms": 2399,
    "message_status_code": 200
  },
  {
    "message_is_employee": "\u0000",
    "timestamp_utc": "2024-09-23T08:47:12.574Z",
    "context_application_version": "1.2.45.454",
    "context_conn_country": "US",
    "context_device_manufacturer": "Apple Inc.",
    "context_device_model": "MacBookPro16,2",
    "context_device_type": "desktop",
    "context_os_name": "osx",
    "context_os_version": "14.6.1",
    "context_receiver_service_timestamp": 1727081262595,
    "context_time": 1727081232574,
    "message_error_message": null,
    "message_payload_size": 3,
    "message_request_time_ms": 197,
    "message_status_code": 200
  },
  {
    "message_is_employee": "\u0000",
    "timestamp_utc": "2024-09-26T12:33:50.363Z",
    "context_application_version": "1.2.47.364",
    "context_conn_country": "US",
    "context_device_manufacturer": "Apple Inc.",
    "context_device_model": "MacBookPro16,2",
    "context_device_type": "desktop",
    "context_os_name": "osx",
    "context_os_version": "14.6.1",
    "context_receiver_service_timestamp": 1727354058148,
    "context_time": 1727354030363,
    "message_error_message": null,
    "message_payload_size": 3,
    "message_request_time_ms": 1506,
    "message_status_code": 200
  },
  {
    "message_is_employee": "\u0000",
    "timestamp_utc": "2024-09-23T15:03:29.758Z",
    "context_application_version": "1.2.45.454",
    "context_conn_country": "US",
    "context_device_manufacturer": "Apple Inc.",
    "context_device_model": "MacBookPro16,2",
    "context_device_type": "desktop",
    "context_os_name": "osx",
    "context_os_version": "14.6.1",
    "context_receiver_service_timestamp": 1727103839525,
    "context_time": 1727103809758,
    "message_error_message": null,
    "message_payload_size": 3,
    "message_request_time_ms": 427,
    "message_status_code": 200
  },
  {
    "message_is_employee": "\u0000",
    "timestamp_utc": "2024-10-28T10:26:04.221Z",
    "context_application_version": "1.2.48.405",
    "context_conn_country": "US",
    "context_device_manufacturer": "Apple Inc.",
    "context_device_model": "MacBookPro16,2",
    "context_device_type": "desktop",
    "context_os_name": "osx",
    "context_os_version": "15.0.1",
    "context_receiver_service_timestamp": 1730111194198,
    "context_time": 1730111164221,
    "message_error_message": null,
    "message_payload_size": 410,
    "message_request_time_ms": 397,
    "message_status_code": 200
  },
  {
    "message_is_employee": "\u0000",
    "timestamp_utc": "2024-09-27T00:44:44.688Z",
    "context_application_version": "1.2.47.364",
    "context_conn_country": "US",
    "context_device_manufacturer": "Apple Inc.",
    "context_device_model": "MacBookPro16,2",
    "context_device_type": "desktop",
    "context_os_name": "osx",
    "context_os_version": "15.0.0",
    "context_receiver_service_timestamp": 1727397913661,
    "context_time": 1727397884688,
    "message_error_message": null,
    "message_payload_size": 3,
    "message_request_time_ms": 1574,
    "message_status_code": 200
  },
  {
    "message_is_employee": "\u0000",
    "timestamp_utc": "2024-10-21T21:28:27.927Z",
    "context_application_version": "1.2.48.405",
    "context_conn_country": "US",
    "context_device_manufacturer": "Apple Inc.",
    "context_device_model": "MacBookPro16,2",
    "context_device_type": "desktop",
    "context_os_name": "osx",
    "context_os_version": "15.0.1",
    "context_receiver_service_timestamp": 1729546108594,
    "context_time": 1729546107927,
    "message_error_message": null,
    "message_payload_size": 3,
    "message_request_time_ms": 2059,
    "message_status_code": 200
  },
  {
    "message_is_employee": "\u0000",
    "timestamp_utc": "2024-10-11T21:02:47.682Z",
    "context_application_version": "1.2.47.364",
    "context_conn_country": "US",
    "context_device_manufacturer": "Apple Inc.",
    "context_device_model": "MacBookPro16,2",
    "context_device_type": "desktop",
    "context_os_name": "osx",
    "context_os_version": "15.0.0",
    "context_receiver_service_timestamp": 1728680596901,
    "context_time": 1728680567682,
    "message_error_message": null,
    "message_payload_size": 410,
    "message_request_time_ms": 1684,
    "message_status_code": 200
  },
  {
    "message_is_employee": "\u0000",
    "timestamp_utc": "2024-09-22T07:44:47.863Z",
    "context_application_version": "1.2.45.454",
    "context_conn_country": "US",
    "context_device_manufacturer": "Apple Inc.",
    "context_device_model": "MacBookPro16,2",
    "context_device_type": "desktop",
    "context_os_name": "osx",
    "context_os_version": "14.6.1",
    "context_receiver_service_timestamp": 1726991117816,
    "context_time": 1726991087863,
    "message_error_message": null,
    "message_payload_size": 3,
    "message_request_time_ms": 257,
    "message_status_code": 200
  },
  {
    "message_is_employee": "\u0000",
    "timestamp_utc": "2024-09-19T06:02:54.933Z",
    "context_application_version": "1.2.45.454",
    "context_conn_country": "US",
    "context_device_manufacturer": "Apple Inc.",
    "context_device_model": "MacBookPro16,2",
    "context_device_type": "desktop",
    "context_os_name": "osx",
    "context_os_version": "14.6.1",
    "context_receiver_service_timestamp": 1726725804672,
    "context_time": 1726725774933,
    "message_error_message": null,
    "message_payload_size": 3,
    "message_request_time_ms": 195,
    "message_status_code": 200
  },
  {
    "message_is_employee": "\u0000",
    "timestamp_utc": "2024-11-11T03:26:32.826Z",
    "context_application_version": "1.2.49.439",
    "context_conn_country": "US",
    "context_device_manufacturer": "Apple Inc.",
    "context_device_model": "MacBookPro16,2",
    "context_device_type": "desktop",
    "context_os_name": "osx",
    "context_os_version": "15.0.1",
    "context_receiver_service_timestamp": 1731295593552,
    "context_time": 1731295592826,
    "message_error_message": null,
    "message_payload_size": 3,
    "message_request_time_ms": 1327,
    "message_status_code": 200
  },
  {
    "message_is_employee": "\u0000",
    "timestamp_utc": "2024-11-04T02:10:45.119Z",
    "context_application_version": "1.2.49.439",
    "context_conn_country": "US",
    "context_device_manufacturer": "Apple Inc.",
    "context_device_model": "MacBookPro16,2",
    "context_device_type": "desktop",
    "context_os_name": "osx",
    "context_os_version": "15.0.1",
    "context_receiver_service_timestamp": 1730686245765,
    "context_time": 1730686245119,
    "message_error_message": null,
    "message_payload_size": 3,
    "message_request_time_ms": 1637,
    "message_status_code": 200
  },
  {
    "message_is_employee": "\u0000",
    "timestamp_utc": "2024-10-01T09:52:44.090Z",
    "context_application_version": "1.2.47.364",
    "context_conn_country": "US",
    "context_device_manufacturer": "Apple Inc.",
    "context_device_model": "MacBookPro16,2",
    "context_device_type": "desktop",
    "context_os_name": "osx",
    "context_os_version": "15.0.0",
    "context_receiver_service_timestamp": 1727783088972,
    "context_time": 1727776364090,
    "message_error_message": null,
    "message_payload_size": 3,
    "message_request_time_ms": 738,
    "message_status_code": 200
  },
  {
    "message_is_employee": "\u0000",
    "timestamp_utc": "2024-10-22T00:42:32.228Z",
    "context_application_version": "1.2.48.405",
    "context_conn_country": "US",
    "context_device_manufacturer": "Apple Inc.",
    "context_device_model": "MacBookPro16,2",
    "context_device_type": "desktop",
    "context_os_name": "osx",
    "context_os_version": "15.0.1",
    "context_receiver_service_timestamp": 1729557983300,
    "context_time": 1729557752228,
    "message_error_message": null,
    "message_payload_size": 3,
    "message_request_time_ms": 89,
    "message_status_code": 200
  },
  {
    "message_is_employee": "\u0000",
    "timestamp_utc": "2024-10-28T04:30:44.745Z",
    "context_application_version": "1.2.48.405",
    "context_conn_country": "US",
    "context_device_manufacturer": "Apple Inc.",
    "context_device_model": "MacBookPro16,2",
    "context_device_type": "desktop",
    "context_os_name": "osx",
    "context_os_version": "15.0.1",
    "context_receiver_service_timestamp": 1730089875252,
    "context_time": 1730089844745,
    "message_error_message": null,
    "message_payload_size": 410,
    "message_request_time_ms": 144,
    "message_status_code": 200
  },
  {
    "message_is_employee": "\u0000",
    "timestamp_utc": "2024-09-25T02:47:20.737Z",
    "context_application_version": "1.2.45.454",
    "context_conn_country": "US",
    "context_device_manufacturer": "Apple Inc.",
    "context_device_model": "MacBookPro16,2",
    "context_device_type": "desktop",
    "context_os_name": "osx",
    "context_os_version": "14.6.1",
    "context_receiver_service_timestamp": 1727232466909,
    "context_time": 1727232440737,
    "message_error_message": null,
    "message_payload_size": 3,
    "message_request_time_ms": 206,
    "message_status_code": 200
  },
  {
    "message_is_employee": "\u0000",
    "timestamp_utc": "2024-09-12T20:42:14.273Z",
    "context_application_version": "1.2.39.578",
    "context_conn_country": "US",
    "context_device_manufacturer": "Apple Inc.",
    "context_device_model": "MacBookPro16,2",
    "context_device_type": "desktop",
    "context_os_name": "osx",
    "context_os_version": "14.6.1",
    "context_receiver_service_timestamp": 1726173735157,
    "context_time": 1726173734273,
    "message_error_message": null,
    "message_payload_size": 409,
    "message_request_time_ms": 2407,
    "message_status_code": 200
  },
  {
    "message_is_employee": "\u0000",
    "timestamp_utc": "2024-09-30T18:17:33.125Z",
    "context_application_version": "1.2.47.364",
    "context_conn_country": "US",
    "context_device_manufacturer": "Apple Inc.",
    "context_device_model": "MacBookPro16,2",
    "context_device_type": "desktop",
    "context_os_name": "osx",
    "context_os_version": "15.0.0",
    "context_receiver_service_timestamp": 1727720265268,
    "context_time": 1727720253125,
    "message_error_message": null,
    "message_payload_size": 3,
    "message_request_time_ms": 1513,
    "message_status_code": 200
  },
  {
    "message_is_employee": "\u0000",
    "timestamp_utc": "2024-09-24T07:55:13.520Z",
    "context_application_version": "1.2.45.454",
    "context_conn_country": "US",
    "context_device_manufacturer": "Apple Inc.",
    "context_device_model": "MacBookPro16,2",
    "context_device_type": "desktop",
    "context_os_name": "osx",
    "context_os_version": "14.6.1",
    "context_receiver_service_timestamp": 1727164541829,
    "context_time": 1727164513520,
    "message_error_message": null,
    "message_payload_size": 3,
    "message_request_time_ms": 878,
    "message_status_code": 200
  },
  {
    "message_is_employee": "\u0000",
    "timestamp_utc": "2024-09-24T10:58:32.611Z",
    "context_application_version": "1.2.45.454",
    "context_conn_country": "US",
    "context_device_manufacturer": "Apple Inc.",
    "context_device_model": "MacBookPro16,2",
    "context_device_type": "desktop",
    "context_os_name": "osx",
    "context_os_version": "14.6.1",
    "context_receiver_service_timestamp": 1727179177806,
    "context_time": 1727175512611,
    "message_error_message": null,
    "message_payload_size": 3,
    "message_request_time_ms": 1104,
    "message_status_code": 200
  },
  {
    "message_is_employee": "\u0000",
    "timestamp_utc": "2024-09-19T03:02:54.876Z",
    "context_application_version": "1.2.45.454",
    "context_conn_country": "US",
    "context_device_manufacturer": "Apple Inc.",
    "context_device_model": "MacBookPro16,2",
    "context_device_type": "desktop",
    "context_os_name": "osx",
    "context_os_version": "14.6.1",
    "context_receiver_service_timestamp": 1726714975051,
    "context_time": 1726714974876,
    "message_error_message": null,
    "message_payload_size": 3,
    "message_request_time_ms": 794,
    "message_status_code": 200
  },
  {
    "message_is_employee": "\u0000",
    "timestamp_utc": "2024-09-18T23:57:07.519Z",
    "context_application_version": "1.2.45.454",
    "context_conn_country": "US",
    "context_device_manufacturer": "Apple Inc.",
    "context_device_model": "MacBookPro16,2",
    "context_device_type": "desktop",
    "context_os_name": "osx",
    "context_os_version": "14.6.1",
    "context_receiver_service_timestamp": 1726703827831,
    "context_time": 1726703827519,
    "message_error_message": null,
    "message_payload_size": 3,
    "message_request_time_ms": 183,
    "message_status_code": 200
  },
  {
    "message_is_employee": "\u0000",
    "timestamp_utc": "2024-10-28T01:15:54.011Z",
    "context_application_version": "1.2.48.405",
    "context_conn_country": "US",
    "context_device_manufacturer": "Apple Inc.",
    "context_device_model": "MacBookPro16,2",
    "context_device_type": "desktop",
    "context_os_name": "osx",
    "context_os_version": "15.0.1",
    "context_receiver_service_timestamp": 1730078154637,
    "context_time": 1730078154011,
    "message_error_message": null,
    "message_payload_size": 410,
    "message_request_time_ms": 1437,
    "message_status_code": 200
  },
  {
    "message_is_employee": "\u0000",
    "timestamp_utc": "2024-11-11T13:54:08.128Z",
    "context_application_version": "1.2.49.439",
    "context_conn_country": "US",
    "context_device_manufacturer": "Apple Inc.",
    "context_device_model": "MacBookPro16,2",
    "context_device_type": "desktop",
    "context_os_name": "osx",
    "context_os_version": "15.0.1",
    "context_receiver_service_timestamp": 1731333267015,
    "context_time": 1731333248128,
    "message_error_message": null,
    "message_payload_size": 3,
    "message_request_time_ms": 10461,
    "message_status_code": 200
  },
  {
    "message_is_employee": "\u0000",
    "timestamp_utc": "2024-09-30T21:17:32.954Z",
    "context_application_version": "1.2.47.364",
    "context_conn_country": "US",
    "context_device_manufacturer": "Apple Inc.",
    "context_device_model": "MacBookPro16,2",
    "context_device_type": "desktop",
    "context_os_name": "osx",
    "context_os_version": "15.0.0",
    "context_receiver_service_timestamp": 1727731082241,
    "context_time": 1727731052954,
    "message_error_message": null,
    "message_payload_size": 3,
    "message_request_time_ms": 78,
    "message_status_code": 200
  },
  {
    "message_is_employee": "\u0000",
    "timestamp_utc": "2024-10-12T00:26:21.415Z",
    "context_application_version": "1.2.47.364",
    "context_conn_country": "US",
    "context_device_manufacturer": "Apple Inc.",
    "context_device_model": "MacBookPro16,2",
    "context_device_type": "desktop",
    "context_os_name": "osx",
    "context_os_version": "15.0.0",
    "context_receiver_service_timestamp": 1728692810832,
    "context_time": 1728692781415,
    "message_error_message": null,
    "message_payload_size": 410,
    "message_request_time_ms": 102,
    "message_status_code": 200
  },
  {
    "message_is_employee": "\u0000",
    "timestamp_utc": "2024-09-25T22:23:52.417Z",
    "context_application_version": "1.2.47.364",
    "context_conn_country": "US",
    "context_device_manufacturer": "Apple Inc.",
    "context_device_model": "MacBookPro16,2",
    "context_device_type": "desktop",
    "context_os_name": "osx",
    "context_os_version": "14.6.1",
    "context_receiver_service_timestamp": 1727306694193,
    "context_time": 1727303032417,
    "message_error_message": null,
    "message_payload_size": 3,
    "message_request_time_ms": 872,
    "message_status_code": 200
  },
  {
    "message_is_employee": "\u0000",
    "timestamp_utc": "2024-09-21T23:55:09.922Z",
    "context_application_version": "1.2.45.454",
    "context_conn_country": "US",
    "context_device_manufacturer": "Apple Inc.",
    "context_device_model": "MacBookPro16,2",
    "context_device_type": "desktop",
    "context_os_name": "osx",
    "context_os_version": "14.6.1",
    "context_receiver_service_timestamp": 1726964319228,
    "context_time": 1726962909922,
    "message_error_message": null,
    "message_payload_size": 3,
    "message_request_time_ms": 1121,
    "message_status_code": 200
  },
  {
    "message_is_employee": "\u0000",
    "timestamp_utc": "2024-10-01T03:46:35.557Z",
    "context_application_version": "1.2.47.364",
    "context_conn_country": "US",
    "context_device_manufacturer": "Apple Inc.",
    "context_device_model": "MacBookPro16,2",
    "context_device_type": "desktop",
    "context_os_name": "osx",
    "context_os_version": "15.0.0",
    "context_receiver_service_timestamp": 1727758057588,
    "context_time": 1727754395557,
    "message_error_message": null,
    "message_payload_size": 3,
    "message_request_time_ms": 709,
    "message_status_code": 200
  },
  {
    "message_is_employee": "\u0000",
    "timestamp_utc": "2024-11-11T10:51:08.072Z",
    "context_application_version": "1.2.49.439",
    "context_conn_country": "US",
    "context_device_manufacturer": "Apple Inc.",
    "context_device_model": "MacBookPro16,2",
    "context_device_type": "desktop",
    "context_os_name": "osx",
    "context_os_version": "15.0.1",
    "context_receiver_service_timestamp": 1731322287083,
    "context_time": 1731322268072,
    "message_error_message": null,
    "message_payload_size": 3,
    "message_request_time_ms": 10301,
    "message_status_code": 200
  },
  {
    "message_is_employee": "\u0000",
    "timestamp_utc": "2024-09-26T18:28:57.707Z",
    "context_application_version": "1.2.47.364",
    "context_conn_country": "US",
    "context_device_manufacturer": "Apple Inc.",
    "context_device_model": "MacBookPro16,2",
    "context_device_type": "desktop",
    "context_os_name": "osx",
    "context_os_version": "14.6.1",
    "context_receiver_service_timestamp": 1727375366119,
    "context_time": 1727375337707,
    "message_error_message": null,
    "message_payload_size": 3,
    "message_request_time_ms": 1193,
    "message_status_code": 200
  },
  {
    "message_is_employee": "\u0000",
    "timestamp_utc": "2024-09-25T08:47:20.857Z",
    "context_application_version": "1.2.45.454",
    "context_conn_country": "US",
    "context_device_manufacturer": "Apple Inc.",
    "context_device_model": "MacBookPro16,2",
    "context_device_type": "desktop",
    "context_os_name": "osx",
    "context_os_version": "14.6.1",
    "context_receiver_service_timestamp": 1727254056397,
    "context_time": 1727254040857,
    "message_error_message": null,
    "message_payload_size": 409,
    "message_request_time_ms": 122,
    "message_status_code": 200
  },
  {
    "message_is_employee": "\u0000",
    "timestamp_utc": "2024-09-26T01:26:54.971Z",
    "context_application_version": "1.2.47.364",
    "context_conn_country": "US",
    "context_device_manufacturer": "Apple Inc.",
    "context_device_model": "MacBookPro16,2",
    "context_device_type": "desktop",
    "context_os_name": "osx",
    "context_os_version": "14.6.1",
    "context_receiver_service_timestamp": 1727315505383,
    "context_time": 1727314014971,
    "message_error_message": null,
    "message_payload_size": 3,
    "message_request_time_ms": 552,
    "message_status_code": 200
  },
  {
    "message_is_employee": "\u0000",
    "timestamp_utc": "2024-09-24T00:03:29.933Z",
    "context_application_version": "1.2.45.454",
    "context_conn_country": "US",
    "context_device_manufacturer": "Apple Inc.",
    "context_device_model": "MacBookPro16,2",
    "context_device_type": "desktop",
    "context_os_name": "osx",
    "context_os_version": "14.6.1",
    "context_receiver_service_timestamp": 1727136214262,
    "context_time": 1727136209933,
    "message_error_message": null,
    "message_payload_size": 3,
    "message_request_time_ms": 185,
    "message_status_code": 200
  },
  {
    "message_is_employee": "\u0000",
    "timestamp_utc": "2024-10-28T13:50:52.677Z",
    "context_application_version": "1.2.48.405",
    "context_conn_country": "US",
    "context_device_manufacturer": "Apple Inc.",
    "context_device_model": "MacBookPro16,2",
    "context_device_type": "desktop",
    "context_os_name": "osx",
    "context_os_version": "15.0.1",
    "context_receiver_service_timestamp": 1730123482306,
    "context_time": 1730123452677,
    "message_error_message": null,
    "message_payload_size": 410,
    "message_request_time_ms": 813,
    "message_status_code": 200
  },
  {
    "message_is_employee": "\u0000",
    "timestamp_utc": "2024-10-12T03:39:56.375Z",
    "context_application_version": "1.2.47.364",
    "context_conn_country": "US",
    "context_device_manufacturer": "Apple Inc.",
    "context_device_model": "MacBookPro16,2",
    "context_device_type": "desktop",
    "context_os_name": "osx",
    "context_os_version": "15.0.0",
    "context_receiver_service_timestamp": 1728704421608,
    "context_time": 1728704396375,
    "message_error_message": null,
    "message_payload_size": 410,
    "message_request_time_ms": 5196,
    "message_status_code": 200
  },
  {
    "message_is_employee": "\u0000",
    "timestamp_utc": "2024-11-11T16:57:00.883Z",
    "context_application_version": "1.2.49.439",
    "context_conn_country": "US",
    "context_device_manufacturer": "Apple Inc.",
    "context_device_model": "MacBookPro16,2",
    "context_device_type": "desktop",
    "context_os_name": "osx",
    "context_os_version": "15.0.1",
    "context_receiver_service_timestamp": 1731344402285,
    "context_time": 1731344220883,
    "message_error_message": null,
    "message_payload_size": 3,
    "message_request_time_ms": 828,
    "message_status_code": 200
  },
  {
    "message_is_employee": "\u0000",
    "timestamp_utc": "2024-11-05T18:13:01.201Z",
    "context_application_version": "1.2.49.439",
    "context_conn_country": "US",
    "context_device_manufacturer": "Apple Inc.",
    "context_device_model": "MacBookPro16,2",
    "context_device_type": "desktop",
    "context_os_name": "osx",
    "context_os_version": "15.0.1",
    "context_receiver_service_timestamp": 1730830381818,
    "context_time": 1730830381201,
    "message_error_message": null,
    "message_payload_size": 3,
    "message_request_time_ms": 1328,
    "message_status_code": 200
  },
  {
    "message_is_employee": "\u0000",
    "timestamp_utc": "2024-09-21T19:30:23.719Z",
    "context_application_version": "1.2.45.454",
    "context_conn_country": "US",
    "context_device_manufacturer": "Apple Inc.",
    "context_device_model": "MacBookPro16,2",
    "context_device_type": "desktop",
    "context_os_name": "osx",
    "context_os_version": "14.6.1",
    "context_receiver_service_timestamp": 1726947045537,
    "context_time": 1726947023719,
    "message_error_message": null,
    "message_payload_size": 3,
    "message_request_time_ms": 1645,
    "message_status_code": 200
  },
  {
    "message_is_employee": "\u0000",
    "timestamp_utc": "2024-10-02T20:43:31.425Z",
    "context_application_version": "1.2.47.364",
    "context_conn_country": "US",
    "context_device_manufacturer": "Apple Inc.",
    "context_device_model": "MacBookPro16,2",
    "context_device_type": "desktop",
    "context_os_name": "osx",
    "context_os_version": "15.0.0",
    "context_receiver_service_timestamp": 1727901811689,
    "context_time": 1727901811425,
    "message_error_message": null,
    "message_payload_size": 3,
    "message_request_time_ms": 75,
    "message_status_code": 200
  },
  {
    "message_is_employee": "\u0000",
    "timestamp_utc": "2024-11-11T07:47:55.099Z",
    "context_application_version": "1.2.49.439",
    "context_conn_country": "US",
    "context_device_manufacturer": "Apple Inc.",
    "context_device_model": "MacBookPro16,2",
    "context_device_type": "desktop",
    "context_os_name": "osx",
    "context_os_version": "15.0.1",
    "context_receiver_service_timestamp": 1731311304337,
    "context_time": 1731311275099,
    "message_error_message": null,
    "message_payload_size": 3,
    "message_request_time_ms": 581,
    "message_status_code": 200
  },
  {
    "message_is_employee": "\u0000",
    "timestamp_utc": "2024-09-25T17:50:21.494Z",
    "context_application_version": "1.2.47.364",
    "context_conn_country": "US",
    "context_device_manufacturer": "Apple Inc.",
    "context_device_model": "MacBookPro16,2",
    "context_device_type": "desktop",
    "context_os_name": "osx",
    "context_os_version": "14.6.1",
    "context_receiver_service_timestamp": 1727286650547,
    "context_time": 1727286621494,
    "message_error_message": null,
    "message_payload_size": 3,
    "message_request_time_ms": 1977,
    "message_status_code": 200
  },
  {
    "message_is_employee": "\u0000",
    "timestamp_utc": "2024-09-25T05:47:20.772Z",
    "context_application_version": "1.2.45.454",
    "context_conn_country": "US",
    "context_device_manufacturer": "Apple Inc.",
    "context_device_model": "MacBookPro16,2",
    "context_device_type": "desktop",
    "context_os_name": "osx",
    "context_os_version": "14.6.1",
    "context_receiver_service_timestamp": 1727243243621,
    "context_time": 1727243240772,
    "message_error_message": null,
    "message_payload_size": 3,
    "message_request_time_ms": 106,
    "message_status_code": 200
  },
  {
    "message_is_employee": "\u0000",
    "timestamp_utc": "2024-09-23T18:03:29.835Z",
    "context_application_version": "1.2.45.454",
    "context_conn_country": "US",
    "context_device_manufacturer": "Apple Inc.",
    "context_device_model": "MacBookPro16,2",
    "context_device_type": "desktop",
    "context_os_name": "osx",
    "context_os_version": "14.6.1",
    "context_receiver_service_timestamp": 1727114610175,
    "context_time": 1727114609835,
    "message_error_message": null,
    "message_payload_size": 3,
    "message_request_time_ms": 130,
    "message_status_code": 200
  },
  {
    "message_is_employee": "\u0000",
    "timestamp_utc": "2024-10-28T16:52:02.622Z",
    "context_application_version": "1.2.48.405",
    "context_conn_country": "US",
    "context_device_manufacturer": "Apple Inc.",
    "context_device_model": "MacBookPro16,2",
    "context_device_type": "desktop",
    "context_os_name": "osx",
    "context_os_version": "15.0.1",
    "context_receiver_service_timestamp": 1730135331576,
    "context_time": 1730134322622,
    "message_error_message": null,
    "message_payload_size": 410,
    "message_request_time_ms": 1485,
    "message_status_code": 200
  },
  {
    "message_is_employee": "\u0000",
    "timestamp_utc": "2024-09-23T11:58:47.449Z",
    "context_application_version": "1.2.45.454",
    "context_conn_country": "US",
    "context_device_manufacturer": "Apple Inc.",
    "context_device_model": "MacBookPro16,2",
    "context_device_type": "desktop",
    "context_os_name": "osx",
    "context_os_version": "14.6.1",
    "context_receiver_service_timestamp": 1727092756863,
    "context_time": 1727092727449,
    "message_error_message": null,
    "message_payload_size": 3,
    "message_request_time_ms": 245,
    "message_status_code": 200
  },
  {
    "message_is_employee": "\u0000",
    "timestamp_utc": "2024-11-11T20:01:53.291Z",
    "context_application_version": "1.2.49.439",
    "context_conn_country": "US",
    "context_device_manufacturer": "Apple Inc.",
    "context_device_model": "MacBookPro16,2",
    "context_device_type": "desktop",
    "context_os_name": "osx",
    "context_os_version": "15.0.1",
    "context_receiver_service_timestamp": 1731355341152,
    "context_time": 1731355313291,
    "message_error_message": null,
    "message_payload_size": 3,
    "message_request_time_ms": 1308,
    "message_status_code": 200
  }
]