[
  {
    "message_is_employee": "\u0000",
    "timestamp_utc": "2024-09-25T09:03:25.918Z",
    "context_application_version": "1.2.45.454",
    "context_conn_country": "US",
    "context_device_manufacturer": "Apple Inc.",
    "context_device_model": "MacBookPro16,2",
    "context_device_type": "desktop",
    "context_os_name": "osx",
    "context_os_version": "14.6.1",
    "context_receiver_service_timestamp": 1727255016585,
    "context_time": 1727255005918,
    "message_already_downloaded_from_revision": 0,
    "message_already_downloaded_to_revision": 0,
    "message_is_critical": false,
    "message_this_message_from_revision": 124500454,
    "message_this_message_to_revision": 124700364,
    "message_will_download": true
  },
  {
    "message_is_employee": "\u0000",
    "timestamp_utc": "2024-09-12T20:52:11.072Z",
    "context_application_version": "1.2.39.578",
    "context_conn_country": "US",
    "context_device_manufacturer": "Apple Inc.",
    "context_device_model": "MacBookPro16,2",
    "context_device_type": "desktop",
    "context_os_name": "osx",
    "context_os_version": "14.6.1",
    "context_receiver_service_timestamp": 1726174332202,
    "context_time": 1726174331072,
    "message_already_downloaded_from_revision": 0,
    "message_already_downloaded_to_revision": 0,
    "message_is_critical": false,
    "message_this_message_from_revision": 123900578,
    "message_this_message_to_revision": 124500454,
    "message_will_download": true
  },
  {
    "message_is_employee": "\u0000",
    "timestamp_utc": "2024-10-28T01:41:15.712Z",
    "context_application_version": "1.2.48.405",
    "context_conn_country": "US",
    "context_device_manufacturer": "Apple Inc.",
    "context_device_model": "MacBookPro16,2",
    "context_device_type": "desktop",
    "context_os_name": "osx",
    "context_os_version": "15.0.1",
    "context_receiver_service_timestamp": 1730079682839,
    "context_time": 1730079675712,
    "message_already_downloaded_from_revision": 0,
    "message_already_downloaded_to_revision": 0,
    "message_is_critical": false,
    "message_this_message_from_revision": 124800405,
    "message_this_message_to_revision": 124900439,
    "message_will_download": true
  },
  {
    "message_is_employee": "\u0000",
    "timestamp_utc": "2024-10-11T21:39:46.641Z",
    "context_application_version": "1.2.47.364",
    "context_conn_country": "US",
    "context_device_manufacturer": "Apple Inc.",
    "context_device_model": "MacBookPro16,2",
    "context_device_type": "desktop",
    "context_os_name": "osx",
    "context_os_version": "15.0.0",
    "context_receiver_service_timestamp": 1728682786929,
    "context_time": 1728682786641,
    "message_already_downloaded_from_revision": 0,
    "message_already_downloaded_to_revision": 0,
    "message_is_critical": false,
    "message_this_message_from_revision": 124700364,
    "message_this_message_to_revision": 124800405,
    "message_will_download": true
  }
]