[
  {
    "message_is_employee": "\u0000",
    "timestamp_utc": "2024-09-25T09:03:54.938Z",
    "context_application_version": "1.2.45.454",
    "context_conn_country": "US",
    "context_device_manufacturer": "Apple Inc.",
    "context_device_model": "MacBookPro16,2",
    "context_device_type": "desktop",
    "context_os_name": "osx",
    "context_os_version": "14.6.1",
    "context_receiver_service_timestamp": 1727255046383,
    "context_time": 1727255034938,
    "message_is_critical": false,
    "message_is_successful": true,
    "message_revision": 124700364
  },
  {
    "message_is_employee": "\u0000",
    "timestamp_utc": "2024-10-28T01:41:40.726Z",
    "context_application_version": "1.2.48.405",
    "context_conn_country": "US",
    "context_device_manufacturer": "Apple Inc.",
    "context_device_model": "MacBookPro16,2",
    "context_device_type": "desktop",
    "context_os_name": "osx",
    "context_os_version": "15.0.1",
    "context_receiver_service_timestamp": 1730079712818,
    "context_time": 1730079700726,
    "message_is_critical": false,
    "message_is_successful": true,
    "message_revision": 124900439
  },
  {
    "message_is_employee": "\u0000",
    "timestamp_utc": "2024-09-12T20:52:30.823Z",
    "context_application_version": "1.2.39.578",
    "context_conn_country": "US",
    "context_device_manufacturer": "Apple Inc.",
    "context_device_model": "MacBookPro16,2",
    "context_device_type": "desktop",
    "context_os_name": "osx",
    "context_os_version": "14.6.1",
    "context_receiver_service_timestamp": 1726177246833,
    "context_time": 1726174350823,
    "message_is_critical": false,
    "message_is_successful": true,
    "message_revision": 124500454
  },
  {
    "message_is_employee": "\u0000",
    "timestamp_utc": "2024-10-11T21:40:20.113Z",
    "context_application_version": "1.2.47.364",
    "context_conn_country": "US",
    "context_device_manufacturer": "Apple Inc.",
    "context_device_model": "MacBookPro16,2",
    "context_device_type": "desktop",
    "context_os_name": "osx",
    "context_os_version": "15.0.0",
    "context_receiver_service_timestamp": 1728682846862,
    "context_time": 1728682820113,
    "message_is_critical": false,
    "message_is_successful": true,
    "message_revision": 124800405
  }
]