[
  {
    "timestamp_utc": "2024-10-21T21:28:25.735Z",
    "context_application_version": "1.2.48.405",
    "context_conn_country": "US",
    "context_device_manufacturer": "Apple Inc.",
    "context_device_model": "MacBookPro16,2",
    "context_device_type": "desktop",
    "context_os_name": "osx",
    "context_os_version": "15.0.1",
    "context_receiver_service_timestamp": 1729546108265,
    "context_time": 1729546105735,
    "message_action_hash": null,
    "message_auth_method": "auto_login",
    "message_oauth_user_agent": null,
    "message_use_auth_client": false
  },
  {
    "timestamp_utc": "2024-09-18T18:24:47.537Z",
    "context_application_version": "1.2.45.454",
    "context_conn_country": "US",
    "context_device_manufacturer": "Apple Inc.",
    "context_device_model": "MacBookPro16,2",
    "context_device_type": "desktop",
    "context_os_name": "osx",
    "context_os_version": "14.6.1",
    "context_receiver_service_timestamp": 1726683916660,
    "context_time": 1726683887537,
    "message_action_hash": null,
    "message_auth_method": "auto_login",
    "message_oauth_user_agent": null,
    "message_use_auth_client": false
  },
  {
    "timestamp_utc": "2024-09-11T21:07:14.603Z",
    "context_application_version": "1.2.39.578",
    "context_conn_country": "US",
    "context_device_manufacturer": "Apple Inc.",
    "context_device_model": "MacBookPro16,2",
    "context_device_type": "desktop",
    "context_os_name": "osx",
    "context_os_version": "14.6.1",
    "context_receiver_service_timestamp": 1726088864966,
    "context_time": 1726088834603,
    "message_action_hash": null,
    "message_auth_method": "auto_login",
    "message_oauth_user_agent": null,
    "message_use_auth_client": null
  },
  {
    "timestamp_utc": "2024-10-28T01:15:52.476Z",
    "context_application_version": "1.2.48.405",
    "context_conn_country": "US",
    "context_device_manufacturer": "Apple Inc.",
    "context_device_model": "MacBookPro16,2",
    "context_device_type": "desktop",
    "context_os_name": "osx",
    "context_os_version": "15.0.1",
    "context_receiver_service_timestamp": 1730078154485,
    "context_time": 1730078152476,
    "message_action_hash": null,
    "message_auth_method": "auto_login",
    "message_oauth_user_agent": null,
    "message_use_auth_client": false
  },
  {
    "timestamp_utc": "2024-11-05T18:12:59.758Z",
    "context_application_version": "1.2.49.439",
    "context_conn_country": "US",
    "context_device_manufacturer": "Apple Inc.",
    "context_device_model": "MacBookPro16,2",
    "context_device_type": "desktop",
    "context_os_name": "osx",
    "context_os_version": "15.0.1",
    "context_receiver_service_timestamp": 1730830381344,
    "context_time": 1730830379758,
    "message_action_hash": null,
    "message_auth_method": "auto_login",
    "message_oauth_user_agent": null,
    "message_use_auth_client": false
  },
  {
    "timestamp_utc": "2024-09-27T00:44:42.831Z",
    "context_application_version": "1.2.47.364",
    "context_conn_country": "US",
    "context_device_manufacturer": "Apple Inc.",
    "context_device_model": "MacBookPro16,2",
    "context_device_type": "desktop",
    "context_os_name": "osx",
    "context_os_version": "15.0.0",
    "context_receiver_service_timestamp": 1727397884755,
    "context_time": 1727397882831,
    "message_action_hash": null,
    "message_auth_method": "auto_login",
    "message_oauth_user_agent": null,
    "message_use_auth_client": false
  },
  {
    "timestamp_utc": "2024-09-21T19:30:21.972Z",
    "context_application_version": "1.2.45.454",
    "context_conn_country": "US",
    "context_device_manufacturer": "Apple Inc.",
    "context_device_model": "MacBookPro16,2",
    "context_device_type": "desktop",
    "context_os_name": "osx",
    "context_os_version": "14.6.1",
    "context_receiver_service_timestamp": 1726947023803,
    "context_time": 1726947021972,
    "message_action_hash": null,
    "message_auth_method": "auto_login",
    "message_oauth_user_agent": null,
    "message_use_auth_client": false
  },
  {
    "timestamp_utc": "2024-10-11T21:02:45.885Z",
    "context_application_version": "1.2.47.364",
    "context_conn_country": "US",
    "context_device_manufacturer": "Apple Inc.",
    "context_device_model": "MacBookPro16,2",
    "context_device_type": "desktop",
    "context_os_name": "osx",
    "context_os_version": "15.0.0",
    "context_receiver_service_timestamp": 1728680567810,
    "context_time": 1728680565885,
    "message_action_hash": null,
    "message_auth_method": "auto_login",
    "message_oauth_user_agent": null,
    "message_use_auth_client": false
  },
  {
    "timestamp_utc": "2024-11-11T03:26:31.376Z",
    "context_application_version": "1.2.49.439",
    "context_conn_country": "US",
    "context_device_manufacturer": "Apple Inc.",
    "context_device_model": "MacBookPro16,2",
    "context_device_type": "desktop",
    "context_os_name": "osx",
    "context_os_version": "15.0.1",
    "context_receiver_service_timestamp": 1731295593435,
    "context_time": 1731295591376,
    "message_action_hash": null,
    "message_auth_method": "auto_login",
    "message_oauth_user_agent": null,
    "message_use_auth_client": false
  },
  {
    "timestamp_utc": "2024-09-24T23:47:18.450Z",
    "context_application_version": "1.2.45.454",
    "context_conn_country": "US",
    "context_device_manufacturer": "Apple Inc.",
    "context_device_model": "MacBookPro16,2",
    "context_device_type": "desktop",
    "context_os_name": "osx",
    "context_os_version": "14.6.1",
    "context_receiver_service_timestamp": 1727221640316,
    "context_time": 1727221638450,
    "message_action_hash": null,
    "message_auth_method": "auto_login",
    "message_oauth_user_agent": null,
    "message_use_auth_client": false
  },
  {
    "timestamp_utc": "2024-09-25T17:50:19.406Z",
    "context_application_version": "1.2.47.364",
    "context_conn_country": "US",
    "context_device_manufacturer": "Apple Inc.",
    "context_device_model": "MacBookPro16,2",
    "context_device_type": "desktop",
    "context_os_name": "osx",
    "context_os_version": "14.6.1",
    "context_receiver_service_timestamp": 1727286621125,
    "context_time": 1727286619406,
    "message_action_hash": null,
    "message_auth_method": "auto_login",
    "message_oauth_user_agent": null,
    "message_use_auth_client": false
  },
  {
    "timestamp_utc": "2024-11-04T02:10:43.326Z",
    "context_application_version": "1.2.49.439",
    "context_conn_country": "US",
    "context_device_manufacturer": "Apple Inc.",
    "context_device_model": "MacBookPro16,2",
    "context_device_type": "desktop",
    "context_os_name": "osx",
    "context_os_version": "15.0.1",
    "context_receiver_service_timestamp": 1730686245473,
    "context_time": 1730686243326,
    "message_action_hash": null,
    "message_auth_method": "auto_login",
    "message_oauth_user_agent": null,
    "message_use_auth_client": false
  },
  {
    "timestamp_utc": "2024-09-30T18:17:31.482Z",
    "context_application_version": "1.2.47.364",
    "context_conn_country": "US",
    "context_device_manufacturer": "Apple Inc.",
    "context_device_model": "MacBookPro16,2",
    "context_device_type": "desktop",
    "context_os_name": "osx",
    "context_os_version": "15.0.0",
    "context_receiver_service_timestamp": 1727720253102,
    "context_time": 1727720251482,
    "message_action_hash": null,
    "message_auth_method": "auto_login",
    "message_oauth_user_agent": null,
    "message_use_auth_client": false
  }
]