[
  {
    "timestamp_utc": "2024-11-18T22:24:03.024Z",
    "context_time": 1731968643024,
    "message_fulfilment_responded_to_fulfillment_event_timestamp": 1731968643024,
    "message_request_type": "SUBS_FULFILMENT"
  },
  {
    "timestamp_utc": "2024-06-18T22:24:02.413Z",
    "context_time": 1718749442413,
    "message_fulfilment_responded_to_fulfillment_event_timestamp": 1718749442413,
    "message_request_type": "SUBS_FULFILMENT"
  },
  {
    "timestamp_utc": "2024-07-18T22:24:02.281Z",
    "context_time": 1721341442281,
    "message_fulfilment_responded_to_fulfillment_event_timestamp": 1721341442281,
    "message_request_type": "SUBS_FULFILMENT"
  },
  {
    "timestamp_utc": "2024-09-18T22:24:02.223Z",
    "context_time": 1726698242223,
    "message_fulfilment_responded_to_fulfillment_event_timestamp": 1726698242223,
    "message_request_type": "SUBS_FULFILMENT"
  },
  {
    "timestamp_utc": "2024-08-18T22:24:02.040Z",
    "context_time": 1724019842040,
    "message_fulfilment_responded_to_fulfillment_event_timestamp": 1724019842040,
    "message_request_type": "SUBS_FULFILMENT"
  },
  {
    "timestamp_utc": "2024-10-18T22:24:02.563Z",
    "context_time": 1729290242563,
    "message_fulfilment_responded_to_fulfillment_event_timestamp": 1729290242563,
    "message_request_type": "SUBS_FULFILMENT"
  }
]