[
  {
    "timestamp_utc": "2024-10-19T06:42:16.608Z",
    "context_application_version": "8.9.82.628",
    "context_conn_country": "US",
    "context_device_manufacturer": "apple",
    "context_device_model": "iPad14,4",
    "context_device_type": "tablet",
    "context_os_name": "ios",
    "context_os_version": "18.0.1",
    "context_receiver_service_timestamp": 1729320147065,
    "context_time": 1729320136608,
    "message_cache_hit": true,
    "message_feed_id": "music-chip",
    "message_is_offline": false
  },
  {
    "timestamp_utc": "2024-10-19T06:42:07.746Z",
    "context_application_version": "8.9.82.628",
    "context_conn_country": "US",
    "context_device_manufacturer": "apple",
    "context_device_model": "iPad14,4",
    "context_device_type": "tablet",
    "context_os_name": "ios",
    "context_os_version": "18.0.1",
    "context_receiver_service_timestamp": 1729320147065,
    "context_time": 1729320127746,
    "message_cache_hit": false,
    "message_feed_id": "music-chip",
    "message_is_offline": false
  }
]