[
  {
    "timestamp_utc": "2024-11-20T17:33:04.456Z",
    "context_application_version": "8.9.90.84",
    "context_conn_country": "US",
    "context_device_manufacturer": "apple",
    "context_device_model": "iPhone13,4",
    "context_device_type": "mobile",
    "context_os_name": "ios",
    "context_os_version": "18.1",
    "context_receiver_service_timestamp": 1732123996510,
    "context_time": 1732123984456,
    "message_action": "install",
    "message_family": "systemSmall",
    "message_kind": "NowPlaying"
  },
  {
    "timestamp_utc": "2024-11-22T01:35:45.177Z",
    "context_application_version": "8.9.94.418",
    "context_conn_country": "US",
    "context_device_manufacturer": "apple",
    "context_device_model": "iPhone13,4",
    "context_device_type": "mobile",
    "context_os_name": "ios",
    "context_os_version": "18.1",
    "context_receiver_service_timestamp": 1732239352538,
    "context_time": 1732239345177,
    "message_action": "uninstall",
    "message_family": "systemSmall",
    "message_kind": "NowPlaying"
  }
]