[
  {
    "timestamp_utc": "2024-10-09T21:13:58.225Z",
    "context_application_version": "8.9.76.516",
    "context_conn_country": "US",
    "context_device_manufacturer": "apple",
    "context_device_model": "iPhone13,4",
    "context_device_type": "mobile",
    "context_os_name": "ios",
    "context_os_version": "18.0.1",
    "context_receiver_service_timestamp": 1728508441091,
    "context_time": 1728508438225,
    "message_reason": "session_changed",
    "message_session_id": "280c69ec7ee81ad92001ddcc4e261e70"
  },
  {
    "timestamp_utc": "2024-10-11T19:21:06.574Z",
    "context_application_version": "8.9.76.516",
    "context_conn_country": "US",
    "context_device_manufacturer": "apple",
    "context_device_model": "iPhone13,4",
    "context_device_type": "mobile",
    "context_os_name": "ios",
    "context_os_version": "18.0.1",
    "context_receiver_service_timestamp": 1728674478961,
    "context_time": 1728674466574,
    "message_reason": "session_changed",
    "message_session_id": "ec5e415b640f4a4d36afb7fec2fa369b"
  },
  {
    "timestamp_utc": "2024-10-23T03:49:37.381Z",
    "context_application_version": "8.9.82.628",
    "context_conn_country": "US",
    "context_device_manufacturer": "apple",
    "context_device_model": "iPhone13,4",
    "context_device_type": "mobile",
    "context_os_name": "ios",
    "context_os_version": "18.0.1",
    "context_receiver_service_timestamp": 1729702035301,
    "context_time": 1729655377381,
    "message_reason": "session_changed",
    "message_session_id": "b93743d5d5002a00f222038a17a7b131"
  },
  {
    "timestamp_utc": "2024-10-15T02:36:32.649Z",
    "context_application_version": "8.9.82.628",
    "context_conn_country": "US",
    "context_device_manufacturer": "apple",
    "context_device_model": "iPhone13,4",
    "context_device_type": "mobile",
    "context_os_name": "ios",
    "context_os_version": "18.0.1",
    "context_receiver_service_timestamp": 1728959814407,
    "context_time": 1728959792649,
    "message_reason": "session_changed",
    "message_session_id": "f277bad4fff51184a1c46789c09c5284"
  },
  {
    "timestamp_utc": "2024-11-01T16:38:22.532Z",
    "context_application_version": "8.9.86.419",
    "context_conn_country": "US",
    "context_device_manufacturer": "apple",
    "context_device_model": "iPhone13,4",
    "context_device_type": "mobile",
    "context_os_name": "ios",
    "context_os_version": "18.0.1",
    "context_receiver_service_timestamp": 1730479109737,
    "context_time": 1730479102532,
    "message_reason": "session_changed",
    "message_session_id": "73f078e13722cb739203ea49be29a36c"
  },
  {
    "timestamp_utc": "2024-11-07T23:03:10.856Z",
    "context_application_version": "8.9.86.419",
    "context_conn_country": "US",
    "context_device_manufacturer": "apple",
    "context_device_model": "iPhone13,4",
    "context_device_type": "mobile",
    "context_os_name": "ios",
    "context_os_version": "18.0.1",
    "context_receiver_service_timestamp": 1731020700367,
    "context_time": 1731020590856,
    "message_reason": "session_changed",
    "message_session_id": "4586cd28c2876b64db43c78a1a0d3c9d"
  },
  {
    "timestamp_utc": "2024-10-22T02:26:16.226Z",
    "context_application_version": "8.9.82.628",
    "context_conn_country": "US",
    "context_device_manufacturer": "apple",
    "context_device_model": "iPhone13,4",
    "context_device_type": "mobile",
    "context_os_name": "ios",
    "context_os_version": "18.0.1",
    "context_receiver_service_timestamp": 1729563979742,
    "context_time": 1729563976226,
    "message_reason": "session_changed",
    "message_session_id": "05e77f248e4b2a4d24b89ca3bd7e9cc2"
  },
  {
    "timestamp_utc": "2024-10-25T17:03:13.914Z",
    "context_application_version": "8.9.84.543",
    "context_conn_country": "US",
    "context_device_manufacturer": "apple",
    "context_device_model": "iPhone13,4",
    "context_device_type": "mobile",
    "context_os_name": "ios",
    "context_os_version": "18.0.1",
    "context_receiver_service_timestamp": 1729875999045,
    "context_time": 1729875793914,
    "message_reason": "session_changed",
    "message_session_id": "cd6a8ea95d04ff8d2232ebb9b2761ffe"
  },
  {
    "timestamp_utc": "2024-10-16T16:29:50.107Z",
    "context_application_version": "8.9.82.628",
    "context_conn_country": "US",
    "context_device_manufacturer": "apple",
    "context_device_model": "iPhone13,4",
    "context_device_type": "mobile",
    "context_os_name": "ios",
    "context_os_version": "18.0.1",
    "context_receiver_service_timestamp": 1729096200943,
    "context_time": 1729096190107,
    "message_reason": "session_changed",
    "message_session_id": "51ee880d1d1fe45300098492ce43a714"
  },
  {
    "timestamp_utc": "2024-11-12T04:43:12.650Z",
    "context_application_version": "8.9.90.84",
    "context_conn_country": "US",
    "context_device_manufacturer": "apple",
    "context_device_model": "iPhone13,4",
    "context_device_type": "mobile",
    "context_os_name": "ios",
    "context_os_version": "18.0.1",
    "context_receiver_service_timestamp": 1731386605160,
    "context_time": 1731386592650,
    "message_reason": "session_changed",
    "message_session_id": "276d163959df6381b7c6e2d8529d3427"
  },
  {
    "timestamp_utc": "2024-10-30T18:27:16.629Z",
    "context_application_version": "8.9.86.419",
    "context_conn_country": "US",
    "context_device_manufacturer": "apple",
    "context_device_model": "iPhone13,4",
    "context_device_type": "mobile",
    "context_os_name": "ios",
    "context_os_version": "18.0.1",
    "context_receiver_service_timestamp": 1730312852469,
    "context_time": 1730312836629,
    "message_reason": "session_changed",
    "message_session_id": "372c9e32bbc71be5d7a423244c76ed43"
  },
  {
    "timestamp_utc": "2024-10-02T22:33:28.895Z",
    "context_application_version": "8.9.76.516",
    "context_conn_country": "US",
    "context_device_manufacturer": "apple",
    "context_device_model": "iPhone13,4",
    "context_device_type": "mobile",
    "context_os_name": "ios",
    "context_os_version": "18.0",
    "context_receiver_service_timestamp": 1727908420463,
    "context_time": 1727908408895,
    "message_reason": "session_changed",
    "message_session_id": "c1e5acb8e5b39ccbbced627bb2e53212"
  },
  {
    "timestamp_utc": "2024-10-17T21:50:12.688Z",
    "context_application_version": "8.9.82.628",
    "context_conn_country": "US",
    "context_device_manufacturer": "apple",
    "context_device_model": "iPhone13,4",
    "context_device_type": "mobile",
    "context_os_name": "ios",
    "context_os_version": "18.0.1",
    "context_receiver_service_timestamp": 1729201828995,
    "context_time": 1729201812688,
    "message_reason": "session_changed",
    "message_session_id": "323e05bd201de69d985005ea9029f1ba"
  },
  {
    "timestamp_utc": "2024-11-08T17:46:22.215Z",
    "context_application_version": "8.9.86.419",
    "context_conn_country": "US",
    "context_device_manufacturer": "apple",
    "context_device_model": "iPhone13,4",
    "context_device_type": "mobile",
    "context_os_name": "ios",
    "context_os_version": "18.0.1",
    "context_receiver_service_timestamp": 1731088249989,
    "context_time": 1731087982215,
    "message_reason": "session_changed",
    "message_session_id": "4ddc0377dd5d12c6aaa660cc58b95124"
  },
  {
    "timestamp_utc": "2024-11-01T16:59:13.318Z",
    "context_application_version": "8.9.86.419",
    "context_conn_country": "US",
    "context_device_manufacturer": "apple",
    "context_device_model": "iPhone13,4",
    "context_device_type": "mobile",
    "context_os_name": "ios",
    "context_os_version": "18.0.1",
    "context_receiver_service_timestamp": 1730480373464,
    "context_time": 1730480353318,
    "message_reason": "session_changed",
    "message_session_id": "c96e6446db949d699a848f5d91915d34"
  },
  {
    "timestamp_utc": "2024-10-30T01:33:05.290Z",
    "context_application_version": "8.9.86.419",
    "context_conn_country": "US",
    "context_device_manufacturer": "apple",
    "context_device_model": "iPhone13,4",
    "context_device_type": "mobile",
    "context_os_name": "ios",
    "context_os_version": "18.0.1",
    "context_receiver_service_timestamp": 1730251991122,
    "context_time": 1730251985290,
    "message_reason": "session_changed",
    "message_session_id": "af4b1d751dff6186784905bc519239c4"
  },
  {
    "timestamp_utc": "2024-10-29T03:41:35.562Z",
    "context_application_version": "8.9.86.419",
    "context_conn_country": "US",
    "context_device_manufacturer": "apple",
    "context_device_model": "iPhone13,4",
    "context_device_type": "mobile",
    "context_os_name": "ios",
    "context_os_version": "18.0.1",
    "context_receiver_service_timestamp": 1730173397892,
    "context_time": 1730173295562,
    "message_reason": "session_changed",
    "message_session_id": "525442ba73c119d9b091a1cc9a61ed34"
  },
  {
    "timestamp_utc": "2024-10-02T01:06:37.295Z",
    "context_application_version": "8.9.76.516",
    "context_conn_country": "US",
    "context_device_manufacturer": "apple",
    "context_device_model": "iPhone13,4",
    "context_device_type": "mobile",
    "context_os_name": "ios",
    "context_os_version": "18.0",
    "context_receiver_service_timestamp": 1727831201610,
    "context_time": 1727831197295,
    "message_reason": "session_changed",
    "message_session_id": "ad07cc51377535afb3ae08eb5671bf31"
  },
  {
    "timestamp_utc": "2024-10-13T18:57:21.095Z",
    "context_application_version": "8.9.82.628",
    "context_conn_country": "US",
    "context_device_manufacturer": "apple",
    "context_device_model": "iPhone13,4",
    "context_device_type": "mobile",
    "context_os_name": "ios",
    "context_os_version": "18.0.1",
    "context_receiver_service_timestamp": 1728845844226,
    "context_time": 1728845841095,
    "message_reason": "session_changed",
    "message_session_id": "82ee7d77a25afbc53c7b9b583ccb4136"
  },
  {
    "timestamp_utc": "2024-10-07T02:35:29.168Z",
    "context_application_version": "8.9.76.516",
    "context_conn_country": "US",
    "context_device_manufacturer": "apple",
    "context_device_model": "iPhone13,4",
    "context_device_type": "mobile",
    "context_os_name": "ios",
    "context_os_version": "18.0.1",
    "context_receiver_service_timestamp": 1728268543264,
    "context_time": 1728268529168,
    "message_reason": "session_changed",
    "message_session_id": "b963510c982cc8e3b7936696357cb187"
  },
  {
    "timestamp_utc": "2024-10-16T02:27:26.769Z",
    "context_application_version": "8.9.82.628",
    "context_conn_country": "US",
    "context_device_manufacturer": "apple",
    "context_device_model": "iPhone13,4",
    "context_device_type": "mobile",
    "context_os_name": "ios",
    "context_os_version": "18.0.1",
    "context_receiver_service_timestamp": 1729045663312,
    "context_time": 1729045646769,
    "message_reason": "session_changed",
    "message_session_id": "1e5f6f945894d1ee967da25959b77786"
  },
  {
    "timestamp_utc": "2024-10-16T21:11:51.652Z",
    "context_application_version": "8.9.82.628",
    "context_conn_country": "US",
    "context_device_manufacturer": "apple",
    "context_device_model": "iPhone13,4",
    "context_device_type": "mobile",
    "context_os_name": "ios",
    "context_os_version": "18.0.1",
    "context_receiver_service_timestamp": 1729113190459,
    "context_time": 1729113111652,
    "message_reason": "session_changed",
    "message_session_id": "44ea8ba01571ac0bf4e3794de393c1fe"
  },
  {
    "timestamp_utc": "2024-11-11T17:49:21.638Z",
    "context_application_version": "8.9.90.84",
    "context_conn_country": "US",
    "context_device_manufacturer": "apple",
    "context_device_model": "iPhone13,4",
    "context_device_type": "mobile",
    "context_os_name": "ios",
    "context_os_version": "18.0.1",
    "context_receiver_service_timestamp": 1731351678482,
    "context_time": 1731347361638,
    "message_reason": "session_changed",
    "message_session_id": "903544d36a5263f8f389b5a53e4bfacf"
  },
  {
    "timestamp_utc": "2024-10-29T03:21:47.768Z",
    "context_application_version": "8.9.86.419",
    "context_conn_country": "US",
    "context_device_manufacturer": "apple",
    "context_device_model": "iPhone13,4",
    "context_device_type": "mobile",
    "context_os_name": "ios",
    "context_os_version": "18.0.1",
    "context_receiver_service_timestamp": 1730172115747,
    "context_time": 1730172107768,
    "message_reason": "session_changed",
    "message_session_id": "2dbb65edfddb86dc487b854e40cc811f"
  },
  {
    "timestamp_utc": "2024-10-16T00:22:24.035Z",
    "context_application_version": "8.9.82.628",
    "context_conn_country": "US",
    "context_device_manufacturer": "apple",
    "context_device_model": "iPhone13,4",
    "context_device_type": "mobile",
    "context_os_name": "ios",
    "context_os_version": "18.0.1",
    "context_receiver_service_timestamp": 1729038167675,
    "context_time": 1729038144035,
    "message_reason": "session_changed",
    "message_session_id": "fa3520b60c948ccdb5a8dc6e4c3f4656"
  },
  {
    "timestamp_utc": "2024-10-16T08:49:55.347Z",
    "context_application_version": "8.9.82.628",
    "context_conn_country": "US",
    "context_device_manufacturer": "apple",
    "context_device_model": "iPhone13,4",
    "context_device_type": "mobile",
    "context_os_name": "ios",
    "context_os_version": "18.0.1",
    "context_receiver_service_timestamp": 1729068597851,
    "context_time": 1729068595347,
    "message_reason": "session_changed",
    "message_session_id": "2204315792a42c38c397ab07c8443485"
  },
  {
    "timestamp_utc": "2024-10-16T02:32:32.584Z",
    "context_application_version": "8.9.82.628",
    "context_conn_country": "US",
    "context_device_manufacturer": "apple",
    "context_device_model": "iPhone13,4",
    "context_device_type": "mobile",
    "context_os_name": "ios",
    "context_os_version": "18.0.1",
    "context_receiver_service_timestamp": 1729052593511,
    "context_time": 1729045952584,
    "message_reason": "session_changed",
    "message_session_id": "2204315792a42c38c397ab07c8443485"
  },
  {
    "timestamp_utc": "2024-10-31T17:31:32.157Z",
    "context_application_version": "8.9.86.419",
    "context_conn_country": "US",
    "context_device_manufacturer": "apple",
    "context_device_model": "iPhone13,4",
    "context_device_type": "mobile",
    "context_os_name": "ios",
    "context_os_version": "18.0.1",
    "context_receiver_service_timestamp": 1730479102370,
    "context_time": 1730395892157,
    "message_reason": "session_changed",
    "message_session_id": "ec859d8bdaf0cc985b35c953d285faf8"
  },
  {
    "timestamp_utc": "2024-11-20T17:51:23.536Z",
    "context_application_version": "8.9.90.84",
    "context_conn_country": "US",
    "context_device_manufacturer": "apple",
    "context_device_model": "iPhone13,4",
    "context_device_type": "mobile",
    "context_os_name": "ios",
    "context_os_version": "18.1",
    "context_receiver_service_timestamp": 1732125346753,
    "context_time": 1732125083536,
    "message_reason": "session_changed",
    "message_session_id": "42e0fa2aa2e23ba3e51227e0496fc648"
  },
  {
    "timestamp_utc": "2024-11-12T01:21:31.614Z",
    "context_application_version": "8.9.90.84",
    "context_conn_country": "US",
    "context_device_manufacturer": "apple",
    "context_device_model": "iPhone13,4",
    "context_device_type": "mobile",
    "context_os_name": "ios",
    "context_os_version": "18.0.1",
    "context_receiver_service_timestamp": 1731380379555,
    "context_time": 1731374491614,
    "message_reason": "session_changed",
    "message_session_id": "cbaec596418b9a04c55d3b9549166d0c"
  },
  {
    "timestamp_utc": "2024-10-09T22:23:44.049Z",
    "context_application_version": "8.9.76.516",
    "context_conn_country": "US",
    "context_device_manufacturer": "apple",
    "context_device_model": "iPhone13,4",
    "context_device_type": "mobile",
    "context_os_name": "ios",
    "context_os_version": "18.0.1",
    "context_receiver_service_timestamp": 1728512626273,
    "context_time": 1728512624049,
    "message_reason": "session_changed",
    "message_session_id": "438c77272d8542c8fa87fa7200e2edfb"
  },
  {
    "timestamp_utc": "2024-10-04T19:18:18.058Z",
    "context_application_version": "8.9.76.516",
    "context_conn_country": "US",
    "context_device_manufacturer": "apple",
    "context_device_model": "iPhone13,4",
    "context_device_type": "mobile",
    "context_os_name": "ios",
    "context_os_version": "18.0",
    "context_receiver_service_timestamp": 1728076724865,
    "context_time": 1728069498058,
    "message_reason": "session_changed",
    "message_session_id": "caa7aa64637a61e4789243ede432991b"
  },
  {
    "timestamp_utc": "2024-10-18T20:00:05.055Z",
    "context_application_version": "8.9.82.628",
    "context_conn_country": "US",
    "context_device_manufacturer": "apple",
    "context_device_model": "iPhone13,4",
    "context_device_type": "mobile",
    "context_os_name": "ios",
    "context_os_version": "18.0.1",
    "context_receiver_service_timestamp": 1729282452254,
    "context_time": 1729281605055,
    "message_reason": "session_changed",
    "message_session_id": "6b45cc857463cd5ebcc400916e976db1"
  },
  {
    "timestamp_utc": "2024-10-30T01:49:54.546Z",
    "context_application_version": "8.9.86.419",
    "context_conn_country": "US",
    "context_device_manufacturer": "apple",
    "context_device_model": "iPhone13,4",
    "context_device_type": "mobile",
    "context_os_name": "ios",
    "context_os_version": "18.0.1",
    "context_receiver_service_timestamp": 1730253006626,
    "context_time": 1730252994546,
    "message_reason": "session_changed",
    "message_session_id": "5bf7a46a59666e9f782b84856c243089"
  },
  {
    "timestamp_utc": "2024-10-16T00:45:43.480Z",
    "context_application_version": "8.9.82.628",
    "context_conn_country": "US",
    "context_device_manufacturer": "apple",
    "context_device_model": "iPhone13,4",
    "context_device_type": "mobile",
    "context_os_name": "ios",
    "context_os_version": "18.0.1",
    "context_receiver_service_timestamp": 1729040221087,
    "context_time": 1729039543480,
    "message_reason": "session_changed",
    "message_session_id": "bb6e53edce8a4b926d75fc2b9545d7d1"
  },
  {
    "timestamp_utc": "2024-10-16T20:08:29.853Z",
    "context_application_version": "8.9.82.628",
    "context_conn_country": "US",
    "context_device_manufacturer": "apple",
    "context_device_model": "iPhone13,4",
    "context_device_type": "mobile",
    "context_os_name": "ios",
    "context_os_version": "18.0.1",
    "context_receiver_service_timestamp": 1729109573801,
    "context_time": 1729109309853,
    "message_reason": "session_changed",
    "message_session_id": "41fcbc6f4e0947d2e277fd8207499ad1"
  },
  {
    "timestamp_utc": "2024-10-05T02:06:01.560Z",
    "context_application_version": "8.9.76.516",
    "context_conn_country": "US",
    "context_device_manufacturer": "apple",
    "context_device_model": "iPhone13,4",
    "context_device_type": "mobile",
    "context_os_name": "ios",
    "context_os_version": "18.0",
    "context_receiver_service_timestamp": 1728094800719,
    "context_time": 1728093961560,
    "message_reason": "session_changed",
    "message_session_id": "545154140acdc5020719940dc3b18c1f"
  },
  {
    "timestamp_utc": "2024-10-30T16:54:55.410Z",
    "context_application_version": "8.9.86.419",
    "context_conn_country": "US",
    "context_device_manufacturer": "apple",
    "context_device_model": "iPhone13,4",
    "context_device_type": "mobile",
    "context_os_name": "ios",
    "context_os_version": "18.0.1",
    "context_receiver_service_timestamp": 1730307298147,
    "context_time": 1730307295410,
    "message_reason": "session_changed",
    "message_session_id": "c974ca16eec803a21ce309788a91d04d"
  },
  {
    "timestamp_utc": "2024-11-12T23:24:54.783Z",
    "context_application_version": "8.9.90.84",
    "context_conn_country": "US",
    "context_device_manufacturer": "apple",
    "context_device_model": "iPhone13,4",
    "context_device_type": "mobile",
    "context_os_name": "ios",
    "context_os_version": "18.0.1",
    "context_receiver_service_timestamp": 1731453935294,
    "context_time": 1731453894783,
    "message_reason": "session_changed",
    "message_session_id": "d2a954f649375d820343874f74b9489e"
  },
  {
    "timestamp_utc": "2024-11-08T19:04:33.239Z",
    "context_application_version": "8.9.86.419",
    "context_conn_country": "US",
    "context_device_manufacturer": "apple",
    "context_device_model": "iPhone13,4",
    "context_device_type": "mobile",
    "context_os_name": "ios",
    "context_os_version": "18.0.1",
    "context_receiver_service_timestamp": 1731092674311,
    "context_time": 1731092673239,
    "message_reason": "session_changed",
    "message_session_id": "9351f233904ed35ed78070014bb38247"
  },
  {
    "timestamp_utc": "2024-11-01T16:42:03.632Z",
    "context_application_version": "8.9.86.419",
    "context_conn_country": "US",
    "context_device_manufacturer": "apple",
    "context_device_model": "iPhone13,4",
    "context_device_type": "mobile",
    "context_os_name": "ios",
    "context_os_version": "18.0.1",
    "context_receiver_service_timestamp": 1730479353650,
    "context_time": 1730479323632,
    "message_reason": "session_changed",
    "message_session_id": "73f078e13722cb739203ea49be29a36c"
  },
  {
    "timestamp_utc": "2024-11-03T21:57:37.740Z",
    "context_application_version": "8.9.86.419",
    "context_conn_country": "US",
    "context_device_manufacturer": "apple",
    "context_device_model": "iPhone13,4",
    "context_device_type": "mobile",
    "context_os_name": "ios",
    "context_os_version": "18.0.1",
    "context_receiver_service_timestamp": 1730671149579,
    "context_time": 1730671057740,
    "message_reason": "session_changed",
    "message_session_id": "80f8a275c819c908e606ad8f9d40dfbd"
  },
  {
    "timestamp_utc": "2024-10-23T20:11:44.498Z",
    "context_application_version": "8.9.82.628",
    "context_conn_country": "US",
    "context_device_manufacturer": "apple",
    "context_device_model": "iPhone13,4",
    "context_device_type": "mobile",
    "context_os_name": "ios",
    "context_os_version": "18.0.1",
    "context_receiver_service_timestamp": 1729724194123,
    "context_time": 1729714304498,
    "message_reason": "session_changed",
    "message_session_id": "edba8f4e857a129932db3c4a1b7cf95a"
  },
  {
    "timestamp_utc": "2024-10-30T01:04:33.782Z",
    "context_application_version": "8.9.86.419",
    "context_conn_country": "US",
    "context_device_manufacturer": "apple",
    "context_device_model": "iPhone13,4",
    "context_device_type": "mobile",
    "context_os_name": "ios",
    "context_os_version": "18.0.1",
    "context_receiver_service_timestamp": 1730250281157,
    "context_time": 1730250273782,
    "message_reason": "session_changed",
    "message_session_id": "6199be9e987f85877acfda830b577f54"
  },
  {
    "timestamp_utc": "2024-10-04T23:42:06.124Z",
    "context_application_version": "8.9.76.516",
    "context_conn_country": "US",
    "context_device_manufacturer": "apple",
    "context_device_model": "iPhone13,4",
    "context_device_type": "mobile",
    "context_os_name": "ios",
    "context_os_version": "18.0",
    "context_receiver_service_timestamp": 1728085326395,
    "context_time": 1728085326124,
    "message_reason": "session_changed",
    "message_session_id": "eb4918f3a7192059e2961edc04dc2030"
  },
  {
    "timestamp_utc": "2024-11-17T21:21:34.858Z",
    "context_application_version": "8.9.90.84",
    "context_conn_country": "US",
    "context_device_manufacturer": "apple",
    "context_device_model": "iPhone13,4",
    "context_device_type": "mobile",
    "context_os_name": "ios",
    "context_os_version": "18.0.1",
    "context_receiver_service_timestamp": 1731878602185,
    "context_time": 1731878494858,
    "message_reason": "session_changed",
    "message_session_id": "7a8389117b03d75488f6446ec50bbb1f"
  },
  {
    "timestamp_utc": "2024-10-25T21:26:38.422Z",
    "context_application_version": "8.9.84.543",
    "context_conn_country": "US",
    "context_device_manufacturer": "apple",
    "context_device_model": "iPhone13,4",
    "context_device_type": "mobile",
    "context_os_name": "ios",
    "context_os_version": "18.0.1",
    "context_receiver_service_timestamp": 1729891783488,
    "context_time": 1729891598422,
    "message_reason": "session_changed",
    "message_session_id": "037f609d0239eed70e07c5132e1af72c"
  },
  {
    "timestamp_utc": "2024-11-20T21:19:25.579Z",
    "context_application_version": "8.9.90.84",
    "context_conn_country": "US",
    "context_device_manufacturer": "apple",
    "context_device_model": "iPhone13,4",
    "context_device_type": "mobile",
    "context_os_name": "ios",
    "context_os_version": "18.1",
    "context_receiver_service_timestamp": 1732138634080,
    "context_time": 1732137565579,
    "message_reason": "session_changed",
    "message_session_id": "c62552ebe294efa69c2e1f4ec0c70756"
  },
  {
    "timestamp_utc": "2024-11-11T17:28:13.162Z",
    "context_application_version": "8.9.90.84",
    "context_conn_country": "US",
    "context_device_manufacturer": "apple",
    "context_device_model": "iPhone13,4",
    "context_device_type": "mobile",
    "context_os_name": "ios",
    "context_os_version": "18.0.1",
    "context_receiver_service_timestamp": 1731346950145,
    "context_time": 1731346093162,
    "message_reason": "session_changed",
    "message_session_id": "df17f7d2eeb22ef5feeaa88855cfcba2"
  },
  {
    "timestamp_utc": "2024-11-08T21:05:15.440Z",
    "context_application_version": "8.9.86.419",
    "context_conn_country": "US",
    "context_device_manufacturer": "apple",
    "context_device_model": "iPhone13,4",
    "context_device_type": "mobile",
    "context_os_name": "ios",
    "context_os_version": "18.0.1",
    "context_receiver_service_timestamp": 1731099932024,
    "context_time": 1731099915440,
    "message_reason": "session_changed",
    "message_session_id": "0d4922e5fd448c352f33c40885fb8407"
  },
  {
    "timestamp_utc": "2024-10-14T23:44:36.822Z",
    "context_application_version": "8.9.82.628",
    "context_conn_country": "US",
    "context_device_manufacturer": "apple",
    "context_device_model": "iPhone13,4",
    "context_device_type": "mobile",
    "context_os_name": "ios",
    "context_os_version": "18.0.1",
    "context_receiver_service_timestamp": 1728949534275,
    "context_time": 1728949476822,
    "message_reason": "session_changed",
    "message_session_id": "ae0df7048482ab834236c18cc57480a2"
  },
  {
    "timestamp_utc": "2024-10-28T20:19:50.110Z",
    "context_application_version": "8.9.84.543",
    "context_conn_country": "US",
    "context_device_manufacturer": "apple",
    "context_device_model": "iPhone13,4",
    "context_device_type": "mobile",
    "context_os_name": "ios",
    "context_os_version": "18.0.1",
    "context_receiver_service_timestamp": 1730148262662,
    "context_time": 1730146790110,
    "message_reason": "session_changed",
    "message_session_id": "a469425d08a268c49021c2b97d0d784e"
  },
  {
    "timestamp_utc": "2024-10-22T17:33:19.268Z",
    "context_application_version": "8.9.82.628",
    "context_conn_country": "US",
    "context_device_manufacturer": "apple",
    "context_device_model": "iPhone13,4",
    "context_device_type": "mobile",
    "context_os_name": "ios",
    "context_os_version": "18.0.1",
    "context_receiver_service_timestamp": 1729620884050,
    "context_time": 1729618399268,
    "message_reason": "session_changed",
    "message_session_id": "a563628e0265cd8b02c10cbcd34fde8c"
  },
  {
    "timestamp_utc": "2024-10-16T21:19:33.273Z",
    "context_application_version": "8.9.82.628",
    "context_conn_country": "US",
    "context_device_manufacturer": "apple",
    "context_device_model": "iPhone13,4",
    "context_device_type": "mobile",
    "context_os_name": "ios",
    "context_os_version": "18.0.1",
    "context_receiver_service_timestamp": 1729113580593,
    "context_time": 1729113573273,
    "message_reason": "session_changed",
    "message_session_id": "13b9dc8f38bda7c5957009012173236b"
  },
  {
    "timestamp_utc": "2024-10-18T18:10:31.653Z",
    "context_application_version": "8.9.82.628",
    "context_conn_country": "US",
    "context_device_manufacturer": "apple",
    "context_device_model": "iPhone13,4",
    "context_device_type": "mobile",
    "context_os_name": "ios",
    "context_os_version": "18.0.1",
    "context_receiver_service_timestamp": 1729278784016,
    "context_time": 1729275031653,
    "message_reason": "session_changed",
    "message_session_id": "1433a4b04743f6cf748540336c8861a5"
  },
  {
    "timestamp_utc": "2024-10-18T15:30:01.256Z",
    "context_application_version": "8.9.82.628",
    "context_conn_country": "US",
    "context_device_manufacturer": "apple",
    "context_device_model": "iPhone13,4",
    "context_device_type": "mobile",
    "context_os_name": "ios",
    "context_os_version": "18.0.1",
    "context_receiver_service_timestamp": 1729265402636,
    "context_time": 1729265401256,
    "message_reason": "session_changed",
    "message_session_id": "4fa3d22795bda213e2e17f68c14116ab"
  },
  {
    "timestamp_utc": "2024-10-05T00:37:49.007Z",
    "context_application_version": "8.9.76.516",
    "context_conn_country": "US",
    "context_device_manufacturer": "apple",
    "context_device_model": "iPhone13,4",
    "context_device_type": "mobile",
    "context_os_name": "ios",
    "context_os_version": "18.0",
    "context_receiver_service_timestamp": 1728088780506,
    "context_time": 1728088669007,
    "message_reason": "session_changed",
    "message_session_id": "fd64466c6fe8a0e38b8f6f3698985551"
  },
  {
    "timestamp_utc": "2024-11-12T03:07:23.744Z",
    "context_application_version": "8.9.90.84",
    "context_conn_country": "US",
    "context_device_manufacturer": "apple",
    "context_device_model": "iPhone13,4",
    "context_device_type": "mobile",
    "context_os_name": "ios",
    "context_os_version": "18.0.1",
    "context_receiver_service_timestamp": 1731381105274,
    "context_time": 1731380843744,
    "message_reason": "session_changed",
    "message_session_id": "c0c3311420e7bc8d396d50cd165c0b14"
  },
  {
    "timestamp_utc": "2024-10-07T15:09:29.141Z",
    "context_application_version": "8.9.76.516",
    "context_conn_country": "US",
    "context_device_manufacturer": "apple",
    "context_device_model": "iPhone13,4",
    "context_device_type": "mobile",
    "context_os_name": "ios",
    "context_os_version": "18.0.1",
    "context_receiver_service_timestamp": 1728313769458,
    "context_time": 1728313769141,
    "message_reason": "session_changed",
    "message_session_id": "9ef5b1b85d1696d768cd48b7ecef4900"
  },
  {
    "timestamp_utc": "2024-11-03T22:29:46.566Z",
    "context_application_version": "8.9.86.419",
    "context_conn_country": "US",
    "context_device_manufacturer": "apple",
    "context_device_model": "iPhone13,4",
    "context_device_type": "mobile",
    "context_os_name": "ios",
    "context_os_version": "18.0.1",
    "context_receiver_service_timestamp": 1730672990369,
    "context_time": 1730672986566,
    "message_reason": "session_changed",
    "message_session_id": "f8b459be9f050bc816eb2ca532f14528"
  },
  {
    "timestamp_utc": "2024-10-18T00:54:59.568Z",
    "context_application_version": "8.9.82.628",
    "context_conn_country": "US",
    "context_device_manufacturer": "apple",
    "context_device_model": "iPhone13,4",
    "context_device_type": "mobile",
    "context_os_name": "ios",
    "context_os_version": "18.0.1",
    "context_receiver_service_timestamp": 1729212910263,
    "context_time": 1729212899568,
    "message_reason": "session_changed",
    "message_session_id": "480cd221af3aed59829c5be611a943c3"
  },
  {
    "timestamp_utc": "2024-10-29T22:37:27.358Z",
    "context_application_version": "8.9.86.419",
    "context_conn_country": "US",
    "context_device_manufacturer": "apple",
    "context_device_model": "iPhone13,4",
    "context_device_type": "mobile",
    "context_os_name": "ios",
    "context_os_version": "18.0.1",
    "context_receiver_service_timestamp": 1730241466264,
    "context_time": 1730241447358,
    "message_reason": "session_changed",
    "message_session_id": "c2f2a7e912a35e540f3c7b347f154e61"
  },
  {
    "timestamp_utc": "2024-11-02T20:42:46.635Z",
    "context_application_version": "8.9.86.419",
    "context_conn_country": "US",
    "context_device_manufacturer": "apple",
    "context_device_model": "iPhone13,4",
    "context_device_type": "mobile",
    "context_os_name": "ios",
    "context_os_version": "18.0.1",
    "context_receiver_service_timestamp": 1730580177119,
    "context_time": 1730580166635,
    "message_reason": "session_changed",
    "message_session_id": "9e0aee4e9b3681c7fe817ac5c9e35f02"
  },
  {
    "timestamp_utc": "2024-10-01T22:34:33.311Z",
    "context_application_version": "8.9.76.516",
    "context_conn_country": "US",
    "context_device_manufacturer": "apple",
    "context_device_model": "iPhone13,4",
    "context_device_type": "mobile",
    "context_os_name": "ios",
    "context_os_version": "18.0",
    "context_receiver_service_timestamp": 1727822101079,
    "context_time": 1727822073311,
    "message_reason": "session_changed",
    "message_session_id": "53dcc4bfa9968f3ad9d39c68b6791efa"
  },
  {
    "timestamp_utc": "2024-11-20T19:21:16.710Z",
    "context_application_version": "8.9.90.84",
    "context_conn_country": "US",
    "context_device_manufacturer": "apple",
    "context_device_model": "iPhone13,4",
    "context_device_type": "mobile",
    "context_os_name": "ios",
    "context_os_version": "18.1",
    "context_receiver_service_timestamp": 1732130501305,
    "context_time": 1732130476710,
    "message_reason": "session_changed",
    "message_session_id": "34ecd76abd2b5e2d39751f894d52bf49"
  },
  {
    "timestamp_utc": "2024-11-10T02:00:40.040Z",
    "context_application_version": "8.9.86.419",
    "context_conn_country": "US",
    "context_device_manufacturer": "apple",
    "context_device_model": "iPhone13,4",
    "context_device_type": "mobile",
    "context_os_name": "ios",
    "context_os_version": "18.0.1",
    "context_receiver_service_timestamp": 1731204042612,
    "context_time": 1731204040040,
    "message_reason": "session_changed",
    "message_session_id": "1d01af528f470706004ddee77d8c4256"
  },
  {
    "timestamp_utc": "2024-11-11T17:15:01.562Z",
    "context_application_version": "8.9.90.84",
    "context_conn_country": "US",
    "context_device_manufacturer": "apple",
    "context_device_model": "iPhone13,4",
    "context_device_type": "mobile",
    "context_os_name": "ios",
    "context_os_version": "18.0.1",
    "context_receiver_service_timestamp": 1731345319538,
    "context_time": 1731345301562,
    "message_reason": "session_changed",
    "message_session_id": "a6426808fa8aa7b667fd2314f7c4d576"
  },
  {
    "timestamp_utc": "2024-10-01T23:03:17.272Z",
    "context_application_version": "8.9.76.516",
    "context_conn_country": "US",
    "context_device_manufacturer": "apple",
    "context_device_model": "iPhone13,4",
    "context_device_type": "mobile",
    "context_os_name": "ios",
    "context_os_version": "18.0",
    "context_receiver_service_timestamp": 1727823804707,
    "context_time": 1727823797272,
    "message_reason": "session_changed",
    "message_session_id": "005f34e89c9dff79f8088d499526b327"
  },
  {
    "timestamp_utc": "2024-11-05T03:48:03.270Z",
    "context_application_version": "8.9.86.419",
    "context_conn_country": "US",
    "context_device_manufacturer": "apple",
    "context_device_model": "iPhone13,4",
    "context_device_type": "mobile",
    "context_os_name": "ios",
    "context_os_version": "18.0.1",
    "context_receiver_service_timestamp": 1730778486762,
    "context_time": 1730778483270,
    "message_reason": "session_changed",
    "message_session_id": "3f79eba9f0f836ae640993916b9568e1"
  },
  {
    "timestamp_utc": "2024-11-02T20:35:12.416Z",
    "context_application_version": "8.9.86.419",
    "context_conn_country": "US",
    "context_device_manufacturer": "apple",
    "context_device_model": "iPhone13,4",
    "context_device_type": "mobile",
    "context_os_name": "ios",
    "context_os_version": "18.0.1",
    "context_receiver_service_timestamp": 1730579734799,
    "context_time": 1730579712416,
    "message_reason": "session_changed",
    "message_session_id": "c6a595839ed1dc5cd13f91773c42aa37"
  },
  {
    "timestamp_utc": "2024-11-15T19:24:27.809Z",
    "context_application_version": "8.9.90.84",
    "context_conn_country": "US",
    "context_device_manufacturer": "apple",
    "context_device_model": "iPhone13,4",
    "context_device_type": "mobile",
    "context_os_name": "ios",
    "context_os_version": "18.0.1",
    "context_receiver_service_timestamp": 1731698669912,
    "context_time": 1731698667809,
    "message_reason": "session_changed",
    "message_session_id": "ecc7206f6c105599ecabc94c2528bb18"
  },
  {
    "timestamp_utc": "2024-10-01T22:34:25.654Z",
    "context_application_version": "8.9.76.516",
    "context_conn_country": "US",
    "context_device_manufacturer": "apple",
    "context_device_model": "iPhone13,4",
    "context_device_type": "mobile",
    "context_os_name": "ios",
    "context_os_version": "18.0",
    "context_receiver_service_timestamp": 1727822070978,
    "context_time": 1727822065654,
    "message_reason": "session_changed",
    "message_session_id": "bb26099c809e130784bef5a5386fe9c1"
  },
  {
    "timestamp_utc": "2024-10-04T22:03:16.960Z",
    "context_application_version": "8.9.76.516",
    "context_conn_country": "US",
    "context_device_manufacturer": "apple",
    "context_device_model": "iPhone13,4",
    "context_device_type": "mobile",
    "context_os_name": "ios",
    "context_os_version": "18.0",
    "context_receiver_service_timestamp": 1728085326114,
    "context_time": 1728079396960,
    "message_reason": "session_changed",
    "message_session_id": "eb4918f3a7192059e2961edc04dc2030"
  },
  {
    "timestamp_utc": "2024-10-09T21:25:12.096Z",
    "context_application_version": "8.9.76.516",
    "context_conn_country": "US",
    "context_device_manufacturer": "apple",
    "context_device_model": "iPhone13,4",
    "context_device_type": "mobile",
    "context_os_name": "ios",
    "context_os_version": "18.0.1",
    "context_receiver_service_timestamp": 1728510048163,
    "context_time": 1728509112096,
    "message_reason": "session_changed",
    "message_session_id": "83700912befe64bf45906342a91c756e"
  },
  {
    "timestamp_utc": "2024-11-06T17:35:12.310Z",
    "context_application_version": "8.9.86.419",
    "context_conn_country": "US",
    "context_device_manufacturer": "apple",
    "context_device_model": "iPhone13,4",
    "context_device_type": "mobile",
    "context_os_name": "ios",
    "context_os_version": "18.0.1",
    "context_receiver_service_timestamp": 1730914600087,
    "context_time": 1730914512310,
    "message_reason": "session_changed",
    "message_session_id": "03d306db22ccdc587b2af5481428f04f"
  },
  {
    "timestamp_utc": "2024-10-18T03:20:52.185Z",
    "context_application_version": "8.9.82.628",
    "context_conn_country": "US",
    "context_device_manufacturer": "apple",
    "context_device_model": "iPhone13,4",
    "context_device_type": "mobile",
    "context_os_name": "ios",
    "context_os_version": "18.0.1",
    "context_receiver_service_timestamp": 1729221658259,
    "context_time": 1729221652185,
    "message_reason": "session_changed",
    "message_session_id": "480cd221af3aed59829c5be611a943c3"
  },
  {
    "timestamp_utc": "2024-10-11T16:55:44.542Z",
    "context_application_version": "8.9.76.516",
    "context_conn_country": "US",
    "context_device_manufacturer": "apple",
    "context_device_model": "iPhone13,4",
    "context_device_type": "mobile",
    "context_os_name": "ios",
    "context_os_version": "18.0.1",
    "context_receiver_service_timestamp": 1728665748046,
    "context_time": 1728665744542,
    "message_reason": "session_changed",
    "message_session_id": "f8fb1f0472d33dbb9e914eef5a9ecdf6"
  },
  {
    "timestamp_utc": "2024-10-12T00:40:39.965Z",
    "context_application_version": "8.9.82.628",
    "context_conn_country": "US",
    "context_device_manufacturer": "apple",
    "context_device_model": "iPhone13,4",
    "context_device_type": "mobile",
    "context_os_name": "ios",
    "context_os_version": "18.0.1",
    "context_receiver_service_timestamp": 1728694375120,
    "context_time": 1728693639965,
    "message_reason": "session_changed",
    "message_session_id": "10b6fe6682bc1373266e7fd97367c33f"
  },
  {
    "timestamp_utc": "2024-11-13T18:01:07.650Z",
    "context_application_version": "8.9.90.84",
    "context_conn_country": "US",
    "context_device_manufacturer": "apple",
    "context_device_model": "iPhone13,4",
    "context_device_type": "mobile",
    "context_os_name": "ios",
    "context_os_version": "18.0.1",
    "context_receiver_service_timestamp": 1731520895080,
    "context_time": 1731520867650,
    "message_reason": "session_changed",
    "message_session_id": "06fa99176b5a664179b97f31010c64bc"
  },
  {
    "timestamp_utc": "2024-11-01T19:07:07.936Z",
    "context_application_version": "8.9.86.419",
    "context_conn_country": "US",
    "context_device_manufacturer": "apple",
    "context_device_model": "iPhone13,4",
    "context_device_type": "mobile",
    "context_os_name": "ios",
    "context_os_version": "18.0.1",
    "context_receiver_service_timestamp": 1730488030963,
    "context_time": 1730488027936,
    "message_reason": "session_changed",
    "message_session_id": "09591570ce810ea08a0c613287db999d"
  },
  {
    "timestamp_utc": "2024-11-22T20:05:59.174Z",
    "context_application_version": "8.9.94.418",
    "context_conn_country": "US",
    "context_device_manufacturer": "apple",
    "context_device_model": "iPhone13,4",
    "context_device_type": "mobile",
    "context_os_name": "ios",
    "context_os_version": "18.1",
    "context_receiver_service_timestamp": 1732305963963,
    "context_time": 1732305959174,
    "message_reason": "session_changed",
    "message_session_id": "e8b0916e77fb186b1e424b90e19d24fc"
  },
  {
    "timestamp_utc": "2024-10-02T16:58:09.161Z",
    "context_application_version": "8.9.76.516",
    "context_conn_country": "US",
    "context_device_manufacturer": "apple",
    "context_device_model": "iPhone13,4",
    "context_device_type": "mobile",
    "context_os_name": "ios",
    "context_os_version": "18.0",
    "context_receiver_service_timestamp": 1727888314190,
    "context_time": 1727888289161,
    "message_reason": "session_changed",
    "message_session_id": "59d0d41cb38b2d1edc9ecd76737c5129"
  },
  {
    "timestamp_utc": "2024-11-13T01:59:07.766Z",
    "context_application_version": "8.9.90.84",
    "context_conn_country": "US",
    "context_device_manufacturer": "apple",
    "context_device_model": "iPhone13,4",
    "context_device_type": "mobile",
    "context_os_name": "ios",
    "context_os_version": "18.0.1",
    "context_receiver_service_timestamp": 1731463326934,
    "context_time": 1731463147766,
    "message_reason": "session_changed",
    "message_session_id": "50ac37232ce68292191dc2f9beb72ee3"
  },
  {
    "timestamp_utc": "2024-11-13T19:46:10.615Z",
    "context_application_version": "8.9.90.84",
    "context_conn_country": "US",
    "context_device_manufacturer": "apple",
    "context_device_model": "iPhone13,4",
    "context_device_type": "mobile",
    "context_os_name": "ios",
    "context_os_version": "18.0.1",
    "context_receiver_service_timestamp": 1731527170713,
    "context_time": 1731527170615,
    "message_reason": "session_changed",
    "message_session_id": "30372431ea643956e803b76be54b0a1a"
  },
  {
    "timestamp_utc": "2024-11-06T02:07:00.779Z",
    "context_application_version": "8.9.86.419",
    "context_conn_country": "US",
    "context_device_manufacturer": "apple",
    "context_device_model": "iPhone13,4",
    "context_device_type": "mobile",
    "context_os_name": "ios",
    "context_os_version": "18.0.1",
    "context_receiver_service_timestamp": 1730858850599,
    "context_time": 1730858820779,
    "message_reason": "session_changed",
    "message_session_id": "c20208d7fb14475b14d77761a41d6118"
  },
  {
    "timestamp_utc": "2024-11-10T01:33:58.192Z",
    "context_application_version": "8.9.86.419",
    "context_conn_country": "US",
    "context_device_manufacturer": "apple",
    "context_device_model": "iPhone13,4",
    "context_device_type": "mobile",
    "context_os_name": "ios",
    "context_os_version": "18.0.1",
    "context_receiver_service_timestamp": 1731202609396,
    "context_time": 1731202438192,
    "message_reason": "session_changed",
    "message_session_id": "05bc84732596e1ab3d0f84fce2150537"
  },
  {
    "timestamp_utc": "2024-11-22T17:54:59.828Z",
    "context_application_version": "8.9.94.418",
    "context_conn_country": "US",
    "context_device_manufacturer": "apple",
    "context_device_model": "iPhone13,4",
    "context_device_type": "mobile",
    "context_os_name": "ios",
    "context_os_version": "18.1",
    "context_receiver_service_timestamp": 1732298108324,
    "context_time": 1732298099828,
    "message_reason": "session_changed",
    "message_session_id": "ba2425d6876dc4b0c12e1968bd66358d"
  },
  {
    "timestamp_utc": "2024-10-30T00:41:49.973Z",
    "context_application_version": "8.9.86.419",
    "context_conn_country": "US",
    "context_device_manufacturer": "apple",
    "context_device_model": "iPhone13,4",
    "context_device_type": "mobile",
    "context_os_name": "ios",
    "context_os_version": "18.0.1",
    "context_receiver_service_timestamp": 1730248913941,
    "context_time": 1730248909973,
    "message_reason": "session_changed",
    "message_session_id": "cc7b40f1c85e89bc9f965fb91a029d12"
  },
  {
    "timestamp_utc": "2024-11-03T22:16:39.648Z",
    "context_application_version": "8.9.86.419",
    "context_conn_country": "US",
    "context_device_manufacturer": "apple",
    "context_device_model": "iPhone13,4",
    "context_device_type": "mobile",
    "context_os_name": "ios",
    "context_os_version": "18.0.1",
    "context_receiver_service_timestamp": 1730672205399,
    "context_time": 1730672199648,
    "message_reason": "session_changed",
    "message_session_id": "0f263dc778185889570a79a2ce6b3aed"
  },
  {
    "timestamp_utc": "2024-11-13T02:43:36.941Z",
    "context_application_version": "8.9.90.84",
    "context_conn_country": "US",
    "context_device_manufacturer": "apple",
    "context_device_model": "iPhone13,4",
    "context_device_type": "mobile",
    "context_os_name": "ios",
    "context_os_version": "18.0.1",
    "context_receiver_service_timestamp": 1731496846953,
    "context_time": 1731465816941,
    "message_reason": "session_changed",
    "message_session_id": "84bf8e8382bac7b2d9ab8f864f2e463b"
  },
  {
    "timestamp_utc": "2024-10-16T08:38:50.267Z",
    "context_application_version": "8.9.82.628",
    "context_conn_country": "US",
    "context_device_manufacturer": "apple",
    "context_device_model": "iPhone13,4",
    "context_device_type": "mobile",
    "context_os_name": "ios",
    "context_os_version": "18.0.1",
    "context_receiver_service_timestamp": 1729067999528,
    "context_time": 1729067930267,
    "message_reason": "session_changed",
    "message_session_id": "2204315792a42c38c397ab07c8443485"
  },
  {
    "timestamp_utc": "2024-11-22T20:01:58.409Z",
    "context_application_version": "8.9.94.418",
    "context_conn_country": "US",
    "context_device_manufacturer": "apple",
    "context_device_model": "iPhone13,4",
    "context_device_type": "mobile",
    "context_os_name": "ios",
    "context_os_version": "18.1",
    "context_receiver_service_timestamp": 1732305724060,
    "context_time": 1732305718409,
    "message_reason": "session_changed",
    "message_session_id": "1e7c73b99ecf1d6720e4ede05e19c8c5"
  },
  {
    "timestamp_utc": "2024-10-01T22:35:24.461Z",
    "context_application_version": "8.9.76.516",
    "context_conn_country": "US",
    "context_device_manufacturer": "apple",
    "context_device_model": "iPhone13,4",
    "context_device_type": "mobile",
    "context_os_name": "ios",
    "context_os_version": "18.0",
    "context_receiver_service_timestamp": 1727822389202,
    "context_time": 1727822124461,
    "message_reason": "session_changed",
    "message_session_id": "0b49fafb4920b4436a67a4e4fdc05915"
  },
  {
    "timestamp_utc": "2024-10-08T00:51:47.387Z",
    "context_application_version": "8.9.76.516",
    "context_conn_country": "US",
    "context_device_manufacturer": "apple",
    "context_device_model": "iPhone13,4",
    "context_device_type": "mobile",
    "context_os_name": "ios",
    "context_os_version": "18.0.1",
    "context_receiver_service_timestamp": 1728348935517,
    "context_time": 1728348707387,
    "message_reason": "session_changed",
    "message_session_id": "7b8bc78b801829071a1d74a613d69287"
  },
  {
    "timestamp_utc": "2024-10-11T20:05:35.573Z",
    "context_application_version": "8.9.76.516",
    "context_conn_country": "US",
    "context_device_manufacturer": "apple",
    "context_device_model": "iPhone13,4",
    "context_device_type": "mobile",
    "context_os_name": "ios",
    "context_os_version": "18.0.1",
    "context_receiver_service_timestamp": 1728681898378,
    "context_time": 1728677135573,
    "message_reason": "session_changed",
    "message_session_id": "f8ebda78d1d03781f359795dc11c2cff"
  },
  {
    "timestamp_utc": "2024-10-11T19:35:31.155Z",
    "context_application_version": "8.9.76.516",
    "context_conn_country": "US",
    "context_device_manufacturer": "apple",
    "context_device_model": "iPhone13,4",
    "context_device_type": "mobile",
    "context_os_name": "ios",
    "context_os_version": "18.0.1",
    "context_receiver_service_timestamp": 1728675352851,
    "context_time": 1728675331155,
    "message_reason": "session_changed",
    "message_session_id": "a95c402e3c23797a70cf7b1460153ccf"
  },
  {
    "timestamp_utc": "2024-10-04T22:05:05.558Z",
    "context_application_version": "8.9.76.516",
    "context_conn_country": "US",
    "context_device_manufacturer": "apple",
    "context_device_model": "iPhone13,4",
    "context_device_type": "mobile",
    "context_os_name": "ios",
    "context_os_version": "18.0",
    "context_receiver_service_timestamp": 1728085326114,
    "context_time": 1728079505558,
    "message_reason": "session_changed",
    "message_session_id": "eb4918f3a7192059e2961edc04dc2030"
  },
  {
    "timestamp_utc": "2024-10-09T17:00:15.095Z",
    "context_application_version": "8.9.76.516",
    "context_conn_country": "US",
    "context_device_manufacturer": "apple",
    "context_device_model": "iPhone13,4",
    "context_device_type": "mobile",
    "context_os_name": "ios",
    "context_os_version": "18.0.1",
    "context_receiver_service_timestamp": 1728493563485,
    "context_time": 1728493215095,
    "message_reason": "session_changed",
    "message_session_id": "eaf5bbf5c321409478c84c4c375cd180"
  },
  {
    "timestamp_utc": "2024-10-04T17:57:50.410Z",
    "context_application_version": "8.9.76.516",
    "context_conn_country": "US",
    "context_device_manufacturer": "apple",
    "context_device_model": "iPhone13,4",
    "context_device_type": "mobile",
    "context_os_name": "ios",
    "context_os_version": "18.0",
    "context_receiver_service_timestamp": 1728064689888,
    "context_time": 1728064670410,
    "message_reason": "session_changed",
    "message_session_id": "40d0b4b8c7ae0243579bf84a064626de"
  },
  {
    "timestamp_utc": "2024-11-02T19:58:14.186Z",
    "context_application_version": "8.9.86.419",
    "context_conn_country": "US",
    "context_device_manufacturer": "apple",
    "context_device_model": "iPhone13,4",
    "context_device_type": "mobile",
    "context_os_name": "ios",
    "context_os_version": "18.0.1",
    "context_receiver_service_timestamp": 1730577507331,
    "context_time": 1730577494186,
    "message_reason": "session_changed",
    "message_session_id": "3bf09adb6da28a9e9fa04f2f6640125d"
  },
  {
    "timestamp_utc": "2024-10-12T00:16:58.261Z",
    "context_application_version": "8.9.82.628",
    "context_conn_country": "US",
    "context_device_manufacturer": "apple",
    "context_device_model": "iPhone13,4",
    "context_device_type": "mobile",
    "context_os_name": "ios",
    "context_os_version": "18.0.1",
    "context_receiver_service_timestamp": 1728692236795,
    "context_time": 1728692218261,
    "message_reason": "session_changed",
    "message_session_id": "14860015cd33de21c92c5689250f439f"
  },
  {
    "timestamp_utc": "2024-10-15T22:23:17.539Z",
    "context_application_version": "8.9.82.628",
    "context_conn_country": "US",
    "context_device_manufacturer": "apple",
    "context_device_model": "iPhone13,4",
    "context_device_type": "mobile",
    "context_os_name": "ios",
    "context_os_version": "18.0.1",
    "context_receiver_service_timestamp": 1729031023396,
    "context_time": 1729030997539,
    "message_reason": "session_changed",
    "message_session_id": "6696753c5d2c55a747aca305bb18262c"
  },
  {
    "timestamp_utc": "2024-10-08T01:21:46.629Z",
    "context_application_version": "8.9.76.516",
    "context_conn_country": "US",
    "context_device_manufacturer": "apple",
    "context_device_model": "iPhone13,4",
    "context_device_type": "mobile",
    "context_os_name": "ios",
    "context_os_version": "18.0.1",
    "context_receiver_service_timestamp": 1728350507721,
    "context_time": 1728350506629,
    "message_reason": "session_changed",
    "message_session_id": "e348822cd588f4a4c4c0af39a666e306"
  },
  {
    "timestamp_utc": "2024-10-21T17:00:44.822Z",
    "context_application_version": "8.9.82.628",
    "context_conn_country": "US",
    "context_device_manufacturer": "apple",
    "context_device_model": "iPhone13,4",
    "context_device_type": "mobile",
    "context_os_name": "ios",
    "context_os_version": "18.0.1",
    "context_receiver_service_timestamp": 1729530060796,
    "context_time": 1729530044822,
    "message_reason": "session_changed",
    "message_session_id": "fe25d29c03a2e083b308815d3278a714"
  },
  {
    "timestamp_utc": "2024-11-12T03:49:05.309Z",
    "context_application_version": "8.9.90.84",
    "context_conn_country": "US",
    "context_device_manufacturer": "apple",
    "context_device_model": "iPhone13,4",
    "context_device_type": "mobile",
    "context_os_name": "ios",
    "context_os_version": "18.0.1",
    "context_receiver_service_timestamp": 1731383368836,
    "context_time": 1731383345309,
    "message_reason": "session_changed",
    "message_session_id": "4d2486031dc0db51a15382dba895adae"
  },
  {
    "timestamp_utc": "2024-11-15T20:50:20.179Z",
    "context_application_version": "8.9.90.84",
    "context_conn_country": "US",
    "context_device_manufacturer": "apple",
    "context_device_model": "iPhone13,4",
    "context_device_type": "mobile",
    "context_os_name": "ios",
    "context_os_version": "18.0.1",
    "context_receiver_service_timestamp": 1731703821555,
    "context_time": 1731703820179,
    "message_reason": "session_changed",
    "message_session_id": "07bf8a14591ad12bcde070f11f8c984d"
  },
  {
    "timestamp_utc": "2024-11-04T18:00:44.056Z",
    "context_application_version": "8.9.86.419",
    "context_conn_country": "US",
    "context_device_manufacturer": "apple",
    "context_device_model": "iPhone13,4",
    "context_device_type": "mobile",
    "context_os_name": "ios",
    "context_os_version": "18.0.1",
    "context_receiver_service_timestamp": 1730743246496,
    "context_time": 1730743244056,
    "message_reason": "session_changed",
    "message_session_id": "e3b6813c838c3b48a4d3ea87047a45e1"
  },
  {
    "timestamp_utc": "2024-11-22T20:51:30.243Z",
    "context_application_version": "8.9.94.418",
    "context_conn_country": "US",
    "context_device_manufacturer": "apple",
    "context_device_model": "iPhone13,4",
    "context_device_type": "mobile",
    "context_os_name": "ios",
    "context_os_version": "18.1",
    "context_receiver_service_timestamp": 1732308692185,
    "context_time": 1732308690243,
    "message_reason": "session_changed",
    "message_session_id": "0217b6e6f173f30b2a70c9999463e387"
  },
  {
    "timestamp_utc": "2024-11-07T22:41:47.001Z",
    "context_application_version": "8.9.86.419",
    "context_conn_country": "US",
    "context_device_manufacturer": "apple",
    "context_device_model": "iPhone13,4",
    "context_device_type": "mobile",
    "context_os_name": "ios",
    "context_os_version": "18.0.1",
    "context_receiver_service_timestamp": 1731019307211,
    "context_time": 1731019307001,
    "message_reason": "session_changed",
    "message_session_id": "76fdd9489480810a8150f7034686ab81"
  },
  {
    "timestamp_utc": "2024-11-08T01:17:39.161Z",
    "context_application_version": "8.9.86.419",
    "context_conn_country": "US",
    "context_device_manufacturer": "apple",
    "context_device_model": "iPhone13,4",
    "context_device_type": "mobile",
    "context_os_name": "ios",
    "context_os_version": "18.0.1",
    "context_receiver_service_timestamp": 1731028676740,
    "context_time": 1731028659161,
    "message_reason": "session_changed",
    "message_session_id": "5dfd21965814c4aac437d30d05cc2a79"
  },
  {
    "timestamp_utc": "2024-10-18T15:47:35.231Z",
    "context_application_version": "8.9.82.628",
    "context_conn_country": "US",
    "context_device_manufacturer": "apple",
    "context_device_model": "iPhone13,4",
    "context_device_type": "mobile",
    "context_os_name": "ios",
    "context_os_version": "18.0.1",
    "context_receiver_service_timestamp": 1729266730758,
    "context_time": 1729266455231,
    "message_reason": "session_changed",
    "message_session_id": "f4285fd69575f502ea920a471358a59b"
  },
  {
    "timestamp_utc": "2024-11-13T02:17:58.733Z",
    "context_application_version": "8.9.90.84",
    "context_conn_country": "US",
    "context_device_manufacturer": "apple",
    "context_device_model": "iPhone13,4",
    "context_device_type": "mobile",
    "context_os_name": "ios",
    "context_os_version": "18.0.1",
    "context_receiver_service_timestamp": 1731465395299,
    "context_time": 1731464278733,
    "message_reason": "session_changed",
    "message_session_id": "43bd1a05cd1e59b2098607f9a93ee40b"
  },
  {
    "timestamp_utc": "2024-10-02T22:42:45.325Z",
    "context_application_version": "8.9.76.516",
    "context_conn_country": "US",
    "context_device_manufacturer": "apple",
    "context_device_model": "iPhone13,4",
    "context_device_type": "mobile",
    "context_os_name": "ios",
    "context_os_version": "18.0",
    "context_receiver_service_timestamp": 1727916855217,
    "context_time": 1727908965325,
    "message_reason": "session_changed",
    "message_session_id": "c1e5acb8e5b39ccbbced627bb2e53212"
  },
  {
    "timestamp_utc": "2024-11-17T22:28:47.345Z",
    "context_application_version": "8.9.90.84",
    "context_conn_country": "US",
    "context_device_manufacturer": "apple",
    "context_device_model": "iPhone13,4",
    "context_device_type": "mobile",
    "context_os_name": "ios",
    "context_os_version": "18.0.1",
    "context_receiver_service_timestamp": 1731911007062,
    "context_time": 1731882527345,
    "message_reason": "session_changed",
    "message_session_id": "9fae6040c0f448193d88924b085f24c0"
  },
  {
    "timestamp_utc": "2024-10-14T16:58:18.409Z",
    "context_application_version": "8.9.82.628",
    "context_conn_country": "US",
    "context_device_manufacturer": "apple",
    "context_device_model": "iPhone13,4",
    "context_device_type": "mobile",
    "context_os_name": "ios",
    "context_os_version": "18.0.1",
    "context_receiver_service_timestamp": 1728925682389,
    "context_time": 1728925098409,
    "message_reason": "session_changed",
    "message_session_id": "15df9400a11214c09798e8e30bad5c4a"
  },
  {
    "timestamp_utc": "2024-11-06T21:54:44.352Z",
    "context_application_version": "8.9.86.419",
    "context_conn_country": "US",
    "context_device_manufacturer": "apple",
    "context_device_model": "iPhone13,4",
    "context_device_type": "mobile",
    "context_os_name": "ios",
    "context_os_version": "18.0.1",
    "context_receiver_service_timestamp": 1731019307211,
    "context_time": 1730930084352,
    "message_reason": "session_changed",
    "message_session_id": "76fdd9489480810a8150f7034686ab81"
  },
  {
    "timestamp_utc": "2024-11-06T21:33:45.528Z",
    "context_application_version": "8.9.86.419",
    "context_conn_country": "US",
    "context_device_manufacturer": "apple",
    "context_device_model": "iPhone13,4",
    "context_device_type": "mobile",
    "context_os_name": "ios",
    "context_os_version": "18.0.1",
    "context_receiver_service_timestamp": 1731019306851,
    "context_time": 1730928825528,
    "message_reason": "session_changed",
    "message_session_id": "76fdd9489480810a8150f7034686ab81"
  },
  {
    "timestamp_utc": "2024-10-07T23:45:07.204Z",
    "context_application_version": "8.9.76.516",
    "context_conn_country": "US",
    "context_device_manufacturer": "apple",
    "context_device_model": "iPhone13,4",
    "context_device_type": "mobile",
    "context_os_name": "ios",
    "context_os_version": "18.0.1",
    "context_receiver_service_timestamp": 1728347714990,
    "context_time": 1728344707204,
    "message_reason": "session_changed",
    "message_session_id": "ce3e65fd8ec59ba0d1be3c3c3272635e"
  },
  {
    "timestamp_utc": "2024-11-01T18:24:19.937Z",
    "context_application_version": "8.9.86.419",
    "context_conn_country": "US",
    "context_device_manufacturer": "apple",
    "context_device_model": "iPhone13,4",
    "context_device_type": "mobile",
    "context_os_name": "ios",
    "context_os_version": "18.0.1",
    "context_receiver_service_timestamp": 1730485498042,
    "context_time": 1730485459937,
    "message_reason": "session_changed",
    "message_session_id": "17eab7d8b26e2412723162ea322bae22"
  },
  {
    "timestamp_utc": "2024-10-07T16:50:17.804Z",
    "context_application_version": "8.9.76.516",
    "context_conn_country": "US",
    "context_device_manufacturer": "apple",
    "context_device_model": "iPhone13,4",
    "context_device_type": "mobile",
    "context_os_name": "ios",
    "context_os_version": "18.0.1",
    "context_receiver_service_timestamp": 1728319836339,
    "context_time": 1728319817804,
    "message_reason": "session_changed",
    "message_session_id": "4f908ca61bfe6f325c77c5e8897d873d"
  },
  {
    "timestamp_utc": "2024-11-02T20:47:52.207Z",
    "context_application_version": "8.9.86.419",
    "context_conn_country": "US",
    "context_device_manufacturer": "apple",
    "context_device_model": "iPhone13,4",
    "context_device_type": "mobile",
    "context_os_name": "ios",
    "context_os_version": "18.0.1",
    "context_receiver_service_timestamp": 1730580477115,
    "context_time": 1730580472207,
    "message_reason": "session_changed",
    "message_session_id": "aed7ac81c893de91d5217798467f3a1c"
  },
  {
    "timestamp_utc": "2024-10-11T19:13:11.021Z",
    "context_application_version": "8.9.76.516",
    "context_conn_country": "US",
    "context_device_manufacturer": "apple",
    "context_device_model": "iPhone13,4",
    "context_device_type": "mobile",
    "context_os_name": "ios",
    "context_os_version": "18.0.1",
    "context_receiver_service_timestamp": 1728674000425,
    "context_time": 1728673991021,
    "message_reason": "session_changed",
    "message_session_id": "2aa53d560ced3d30fe618ad108a93441"
  },
  {
    "timestamp_utc": "2024-10-23T17:03:50.926Z",
    "context_application_version": "8.9.82.628",
    "context_conn_country": "US",
    "context_device_manufacturer": "apple",
    "context_device_model": "iPhone13,4",
    "context_device_type": "mobile",
    "context_os_name": "ios",
    "context_os_version": "18.0.1",
    "context_receiver_service_timestamp": 1729713282641,
    "context_time": 1729703030926,
    "message_reason": "session_changed",
    "message_session_id": "0a6a7b283c2cdca263f3275a8943b351"
  },
  {
    "timestamp_utc": "2024-10-22T22:28:23.248Z",
    "context_application_version": "8.9.82.628",
    "context_conn_country": "US",
    "context_device_manufacturer": "apple",
    "context_device_model": "iPhone13,4",
    "context_device_type": "mobile",
    "context_os_name": "ios",
    "context_os_version": "18.0.1",
    "context_receiver_service_timestamp": 1729636145553,
    "context_time": 1729636103248,
    "message_reason": "session_changed",
    "message_session_id": "8cf04543607c3283955ebee99cc01fc8"
  },
  {
    "timestamp_utc": "2024-10-13T17:58:37.770Z",
    "context_application_version": "8.9.82.628",
    "context_conn_country": "US",
    "context_device_manufacturer": "apple",
    "context_device_model": "iPhone13,4",
    "context_device_type": "mobile",
    "context_os_name": "ios",
    "context_os_version": "18.0.1",
    "context_receiver_service_timestamp": 1728842415278,
    "context_time": 1728842317770,
    "message_reason": "session_changed",
    "message_session_id": "37e14a0d7b94e2f48895c3a940319740"
  },
  {
    "timestamp_utc": "2024-11-19T03:49:46.607Z",
    "context_application_version": "8.9.90.84",
    "context_conn_country": "US",
    "context_device_manufacturer": "apple",
    "context_device_model": "iPhone13,4",
    "context_device_type": "mobile",
    "context_os_name": "ios",
    "context_os_version": "18.1",
    "context_receiver_service_timestamp": 1731988191575,
    "context_time": 1731988186607,
    "message_reason": "session_changed",
    "message_session_id": "82e34262141199983849b391012fed8d"
  },
  {
    "timestamp_utc": "2024-10-11T18:30:15.394Z",
    "context_application_version": "8.9.76.516",
    "context_conn_country": "US",
    "context_device_manufacturer": "apple",
    "context_device_model": "iPhone13,4",
    "context_device_type": "mobile",
    "context_os_name": "ios",
    "context_os_version": "18.0.1",
    "context_receiver_service_timestamp": 1728671427360,
    "context_time": 1728671415394,
    "message_reason": "session_changed",
    "message_session_id": "bb27c17ba673f787c8adb47fd5483197"
  },
  {
    "timestamp_utc": "2024-10-21T20:18:31.250Z",
    "context_application_version": "8.9.82.628",
    "context_conn_country": "US",
    "context_device_manufacturer": "apple",
    "context_device_model": "iPhone13,4",
    "context_device_type": "mobile",
    "context_os_name": "ios",
    "context_os_version": "18.0.1",
    "context_receiver_service_timestamp": 1729541981275,
    "context_time": 1729541911250,
    "message_reason": "session_changed",
    "message_session_id": "994719f34d16c75b24ef36c59dd3e0b4"
  },
  {
    "timestamp_utc": "2024-10-17T23:58:31.278Z",
    "context_application_version": "8.9.82.628",
    "context_conn_country": "US",
    "context_device_manufacturer": "apple",
    "context_device_model": "iPhone13,4",
    "context_device_type": "mobile",
    "context_os_name": "ios",
    "context_os_version": "18.0.1",
    "context_receiver_service_timestamp": 1729209724474,
    "context_time": 1729209511278,
    "message_reason": "session_changed",
    "message_session_id": "f14f468f724386efaafd76ce4eb6bcd4"
  },
  {
    "timestamp_utc": "2024-10-15T02:35:02.318Z",
    "context_application_version": "8.9.82.628",
    "context_conn_country": "US",
    "context_device_manufacturer": "apple",
    "context_device_model": "iPhone13,4",
    "context_device_type": "mobile",
    "context_os_name": "ios",
    "context_os_version": "18.0.1",
    "context_receiver_service_timestamp": 1728959732909,
    "context_time": 1728959702318,
    "message_reason": "session_changed",
    "message_session_id": "f277bad4fff51184a1c46789c09c5284"
  },
  {
    "timestamp_utc": "2024-10-02T00:49:56.715Z",
    "context_application_version": "8.9.76.516",
    "context_conn_country": "US",
    "context_device_manufacturer": "apple",
    "context_device_model": "iPhone13,4",
    "context_device_type": "mobile",
    "context_os_name": "ios",
    "context_os_version": "18.0",
    "context_receiver_service_timestamp": 1727830203894,
    "context_time": 1727830196715,
    "message_reason": "session_changed",
    "message_session_id": "75fe3ad4d3de69c4059bb10f56e409e4"
  },
  {
    "timestamp_utc": "2024-10-21T20:18:20.696Z",
    "context_application_version": "8.9.82.628",
    "context_conn_country": "US",
    "context_device_manufacturer": "apple",
    "context_device_model": "iPhone13,4",
    "context_device_type": "mobile",
    "context_os_name": "ios",
    "context_os_version": "18.0.1",
    "context_receiver_service_timestamp": 1729541909522,
    "context_time": 1729541900696,
    "message_reason": "session_changed",
    "message_session_id": "6901ff430a370647035967d639557c34"
  },
  {
    "timestamp_utc": "2024-11-15T18:06:29.169Z",
    "context_application_version": "8.9.90.84",
    "context_conn_country": "US",
    "context_device_manufacturer": "apple",
    "context_device_model": "iPhone13,4",
    "context_device_type": "mobile",
    "context_os_name": "ios",
    "context_os_version": "18.0.1",
    "context_receiver_service_timestamp": 1731694015369,
    "context_time": 1731693989169,
    "message_reason": "session_changed",
    "message_session_id": "a15ef78351720d890b19e0b359df4015"
  },
  {
    "timestamp_utc": "2024-11-20T19:57:53.781Z",
    "context_application_version": "8.9.90.84",
    "context_conn_country": "US",
    "context_device_manufacturer": "apple",
    "context_device_model": "iPhone13,4",
    "context_device_type": "mobile",
    "context_os_name": "ios",
    "context_os_version": "18.1",
    "context_receiver_service_timestamp": 1732132681157,
    "context_time": 1732132673781,
    "message_reason": "session_changed",
    "message_session_id": "045f8d771072389fa40aeb6231288997"
  },
  {
    "timestamp_utc": "2024-11-18T17:42:02.930Z",
    "context_application_version": "8.9.90.84",
    "context_conn_country": "US",
    "context_device_manufacturer": "apple",
    "context_device_model": "iPhone13,4",
    "context_device_type": "mobile",
    "context_os_name": "ios",
    "context_os_version": "18.0.1",
    "context_receiver_service_timestamp": 1731951741044,
    "context_time": 1731951722930,
    "message_reason": "session_changed",
    "message_session_id": "36ea72bbda73cade8696a85023804d78"
  },
  {
    "timestamp_utc": "2024-10-09T22:43:26.142Z",
    "context_application_version": "8.9.76.516",
    "context_conn_country": "US",
    "context_device_manufacturer": "apple",
    "context_device_model": "iPhone13,4",
    "context_device_type": "mobile",
    "context_os_name": "ios",
    "context_os_version": "18.0.1",
    "context_receiver_service_timestamp": 1728513811306,
    "context_time": 1728513806142,
    "message_reason": "session_changed",
    "message_session_id": "5161999207694249d30432661c9c6639"
  },
  {
    "timestamp_utc": "2024-11-22T19:49:08.827Z",
    "context_application_version": "8.9.94.418",
    "context_conn_country": "US",
    "context_device_manufacturer": "apple",
    "context_device_model": "iPhone13,4",
    "context_device_type": "mobile",
    "context_os_name": "ios",
    "context_os_version": "18.1",
    "context_receiver_service_timestamp": 1732305718333,
    "context_time": 1732304948827,
    "message_reason": "session_changed",
    "message_session_id": "1e7c73b99ecf1d6720e4ede05e19c8c5"
  },
  {
    "timestamp_utc": "2024-10-02T22:32:24.039Z",
    "context_application_version": "8.9.76.516",
    "context_conn_country": "US",
    "context_device_manufacturer": "apple",
    "context_device_model": "iPhone13,4",
    "context_device_type": "mobile",
    "context_os_name": "ios",
    "context_os_version": "18.0",
    "context_receiver_service_timestamp": 1727908401839,
    "context_time": 1727908344039,
    "message_reason": "session_changed",
    "message_session_id": "aa3bfd1021eb32054e8974c23540e4f9"
  },
  {
    "timestamp_utc": "2024-10-04T16:11:03.395Z",
    "context_application_version": "8.9.76.516",
    "context_conn_country": "US",
    "context_device_manufacturer": "apple",
    "context_device_model": "iPhone13,4",
    "context_device_type": "mobile",
    "context_os_name": "ios",
    "context_os_version": "18.0",
    "context_receiver_service_timestamp": 1728058265398,
    "context_time": 1728058263395,
    "message_reason": "session_changed",
    "message_session_id": "e691d40e4ae00ca93c54ba6440f45ec5"
  },
  {
    "timestamp_utc": "2024-10-23T00:12:28.647Z",
    "context_application_version": "8.9.82.628",
    "context_conn_country": "US",
    "context_device_manufacturer": "apple",
    "context_device_model": "iPhone13,4",
    "context_device_type": "mobile",
    "context_os_name": "ios",
    "context_os_version": "18.0.1",
    "context_receiver_service_timestamp": 1729642376530,
    "context_time": 1729642348647,
    "message_reason": "session_changed",
    "message_session_id": "25a16082cbc8212a2d2cc7eda7902e95"
  },
  {
    "timestamp_utc": "2024-10-16T16:52:35.581Z",
    "context_application_version": "8.9.82.628",
    "context_conn_country": "US",
    "context_device_manufacturer": "apple",
    "context_device_model": "iPhone13,4",
    "context_device_type": "mobile",
    "context_os_name": "ios",
    "context_os_version": "18.0.1",
    "context_receiver_service_timestamp": 1729097601809,
    "context_time": 1729097555581,
    "message_reason": "session_changed",
    "message_session_id": "51ee880d1d1fe45300098492ce43a714"
  }
]