[
  {
    "timestamp_utc": "2024-10-16T20:51:20.198Z",
    "context_application_version": "8.9.82.628",
    "context_conn_country": "US",
    "context_device_manufacturer": "apple",
    "context_device_model": "iPhone13,4",
    "context_device_type": "mobile",
    "context_os_name": "ios",
    "context_os_version": "18.0.1",
    "context_receiver_service_timestamp": 1729111892354,
    "context_time": 1729111880198,
    "message_connected_accessories": [
      "car"
    ],
    "message_trigger_feature_identifier": "car_detection",
    "message_trigger_method": "play"
  },
  {
    "timestamp_utc": "2024-10-31T17:21:03.742Z",
    "context_application_version": "8.9.86.419",
    "context_conn_country": "US",
    "context_device_manufacturer": "apple",
    "context_device_model": "iPhone13,4",
    "context_device_type": "mobile",
    "context_os_name": "ios",
    "context_os_version": "18.0.1",
    "context_receiver_service_timestamp": 1730395441989,
    "context_time": 1730395263742,
    "message_connected_accessories": [
      "car"
    ],
    "message_trigger_feature_identifier": "car_detection",
    "message_trigger_method": "play"
  },
  {
    "timestamp_utc": "2024-11-03T21:38:26.671Z",
    "context_application_version": "8.9.86.419",
    "context_conn_country": "US",
    "context_device_manufacturer": "apple",
    "context_device_model": "iPhone13,4",
    "context_device_type": "mobile",
    "context_os_name": "ios",
    "context_os_version": "18.0.1",
    "context_receiver_service_timestamp": 1730669935245,
    "context_time": 1730669906671,
    "message_connected_accessories": [
      "car"
    ],
    "message_trigger_feature_identifier": "car_detection",
    "message_trigger_method": "play"
  },
  {
    "timestamp_utc": "2024-11-18T17:28:00.931Z",
    "context_application_version": "8.9.90.84",
    "context_conn_country": "US",
    "context_device_manufacturer": "apple",
    "context_device_model": "iPhone13,4",
    "context_device_type": "mobile",
    "context_os_name": "ios",
    "context_os_version": "18.0.1",
    "context_receiver_service_timestamp": 1731950900881,
    "context_time": 1731950880931,
    "message_connected_accessories": [
      "car"
    ],
    "message_trigger_feature_identifier": "car_detection",
    "message_trigger_method": "play"
  },
  {
    "timestamp_utc": "2024-11-06T00:53:49.351Z",
    "context_application_version": "8.9.86.419",
    "context_conn_country": "US",
    "context_device_manufacturer": "apple",
    "context_device_model": "iPhone13,4",
    "context_device_type": "mobile",
    "context_os_name": "ios",
    "context_os_version": "18.0.1",
    "context_receiver_service_timestamp": 1730854430149,
    "context_time": 1730854429351,
    "message_connected_accessories": [
      "car"
    ],
    "message_trigger_feature_identifier": "car_detection",
    "message_trigger_method": "play"
  },
  {
    "timestamp_utc": "2024-10-23T00:04:00.212Z",
    "context_application_version": "8.9.82.628",
    "context_conn_country": "US",
    "context_device_manufacturer": "apple",
    "context_device_model": "iPhone13,4",
    "context_device_type": "mobile",
    "context_os_name": "ios",
    "context_os_version": "18.0.1",
    "context_receiver_service_timestamp": 1729641866364,
    "context_time": 1729641840212,
    "message_connected_accessories": [
      "car"
    ],
    "message_trigger_feature_identifier": "car_detection",
    "message_trigger_method": "play"
  },
  {
    "timestamp_utc": "2024-10-02T16:36:49.935Z",
    "context_application_version": "8.9.76.516",
    "context_conn_country": "US",
    "context_device_manufacturer": "apple",
    "context_device_model": "iPhone13,4",
    "context_device_type": "mobile",
    "context_os_name": "ios",
    "context_os_version": "18.0",
    "context_receiver_service_timestamp": 1727887016293,
    "context_time": 1727887009935,
    "message_connected_accessories": [
      "car"
    ],
    "message_trigger_feature_identifier": "car_detection",
    "message_trigger_method": "play"
  },
  {
    "timestamp_utc": "2024-10-15T22:06:44.164Z",
    "context_application_version": "8.9.82.628",
    "context_conn_country": "US",
    "context_device_manufacturer": "apple",
    "context_device_model": "iPhone13,4",
    "context_device_type": "mobile",
    "context_os_name": "ios",
    "context_os_version": "18.0.1",
    "context_receiver_service_timestamp": 1729030005807,
    "context_time": 1729030004164,
    "message_connected_accessories": [
      "car"
    ],
    "message_trigger_feature_identifier": "car_detection",
    "message_trigger_method": "play"
  },
  {
    "timestamp_utc": "2024-11-15T20:33:30.960Z",
    "context_application_version": "8.9.90.84",
    "context_conn_country": "US",
    "context_device_manufacturer": "apple",
    "context_device_model": "iPhone13,4",
    "context_device_type": "mobile",
    "context_os_name": "ios",
    "context_os_version": "18.0.1",
    "context_receiver_service_timestamp": 1731702831858,
    "context_time": 1731702810960,
    "message_connected_accessories": [
      "car"
    ],
    "message_trigger_feature_identifier": "car_detection",
    "message_trigger_method": "play"
  },
  {
    "timestamp_utc": "2024-10-16T16:29:50.107Z",
    "context_application_version": "8.9.82.628",
    "context_conn_country": "US",
    "context_device_manufacturer": "apple",
    "context_device_model": "iPhone13,4",
    "context_device_type": "mobile",
    "context_os_name": "ios",
    "context_os_version": "18.0.1",
    "context_receiver_service_timestamp": 1729096200943,
    "context_time": 1729096190107,
    "message_connected_accessories": [
      "car"
    ],
    "message_trigger_feature_identifier": "car_detection",
    "message_trigger_method": "play"
  },
  {
    "timestamp_utc": "2024-11-15T18:57:21.370Z",
    "context_application_version": "8.9.90.84",
    "context_conn_country": "US",
    "context_device_manufacturer": "apple",
    "context_device_model": "iPhone13,4",
    "context_device_type": "mobile",
    "context_os_name": "ios",
    "context_os_version": "18.0.1",
    "context_receiver_service_timestamp": 1731697048653,
    "context_time": 1731697041370,
    "message_connected_accessories": [
      "car"
    ],
    "message_trigger_feature_identifier": "car_detection",
    "message_trigger_method": "play"
  },
  {
    "timestamp_utc": "2024-10-07T16:42:20.549Z",
    "context_application_version": "8.9.76.516",
    "context_conn_country": "US",
    "context_device_manufacturer": "apple",
    "context_device_model": "iPhone13,4",
    "context_device_type": "mobile",
    "context_os_name": "ios",
    "context_os_version": "18.0.1",
    "context_receiver_service_timestamp": 1728319355998,
    "context_time": 1728319340549,
    "message_connected_accessories": [
      "car"
    ],
    "message_trigger_feature_identifier": "car_detection",
    "message_trigger_method": "play"
  },
  {
    "timestamp_utc": "2024-10-11T16:36:52.723Z",
    "context_application_version": "8.9.76.516",
    "context_conn_country": "US",
    "context_device_manufacturer": "apple",
    "context_device_model": "iPhone13,4",
    "context_device_type": "mobile",
    "context_os_name": "ios",
    "context_os_version": "18.0.1",
    "context_receiver_service_timestamp": 1728664617980,
    "context_time": 1728664612723,
    "message_connected_accessories": [
      "car"
    ],
    "message_trigger_feature_identifier": "car_detection",
    "message_trigger_method": "play"
  },
  {
    "timestamp_utc": "2024-10-23T19:54:57.937Z",
    "context_application_version": "8.9.82.628",
    "context_conn_country": "US",
    "context_device_manufacturer": "apple",
    "context_device_model": "iPhone13,4",
    "context_device_type": "mobile",
    "context_os_name": "ios",
    "context_os_version": "18.0.1",
    "context_receiver_service_timestamp": 1729713300856,
    "context_time": 1729713297937,
    "message_connected_accessories": [
      "car"
    ],
    "message_trigger_feature_identifier": "car_detection",
    "message_trigger_method": "play"
  },
  {
    "timestamp_utc": "2024-10-04T21:18:45.223Z",
    "context_application_version": "8.9.76.516",
    "context_conn_country": "US",
    "context_device_manufacturer": "apple",
    "context_device_model": "iPhone13,4",
    "context_device_type": "mobile",
    "context_os_name": "ios",
    "context_os_version": "18.0",
    "context_receiver_service_timestamp": 1728076730774,
    "context_time": 1728076725223,
    "message_connected_accessories": [
      "car"
    ],
    "message_trigger_feature_identifier": "car_detection",
    "message_trigger_method": "play"
  },
  {
    "timestamp_utc": "2024-10-25T16:47:36.717Z",
    "context_application_version": "8.9.84.543",
    "context_conn_country": "US",
    "context_device_manufacturer": "apple",
    "context_device_model": "iPhone13,4",
    "context_device_type": "mobile",
    "context_os_name": "ios",
    "context_os_version": "18.0.1",
    "context_receiver_service_timestamp": 1729874865853,
    "context_time": 1729874856717,
    "message_connected_accessories": [
      "car"
    ],
    "message_trigger_feature_identifier": "car_detection",
    "message_trigger_method": "play"
  },
  {
    "timestamp_utc": "2024-11-08T18:57:35.572Z",
    "context_application_version": "8.9.86.419",
    "context_conn_country": "US",
    "context_device_manufacturer": "apple",
    "context_device_model": "iPhone13,4",
    "context_device_type": "mobile",
    "context_os_name": "ios",
    "context_os_version": "18.0.1",
    "context_receiver_service_timestamp": 1731092284786,
    "context_time": 1731092255572,
    "message_connected_accessories": [
      "car"
    ],
    "message_trigger_feature_identifier": "car_detection",
    "message_trigger_method": "play"
  },
  {
    "timestamp_utc": "2024-10-22T02:07:39.687Z",
    "context_application_version": "8.9.82.628",
    "context_conn_country": "US",
    "context_device_manufacturer": "apple",
    "context_device_model": "iPhone13,4",
    "context_device_type": "mobile",
    "context_os_name": "ios",
    "context_os_version": "18.0.1",
    "context_receiver_service_timestamp": 1729562868788,
    "context_time": 1729562859687,
    "message_connected_accessories": [
      "car"
    ],
    "message_trigger_feature_identifier": "car_detection",
    "message_trigger_method": "play"
  },
  {
    "timestamp_utc": "2024-10-18T00:26:47.691Z",
    "context_application_version": "8.9.82.628",
    "context_conn_country": "US",
    "context_device_manufacturer": "apple",
    "context_device_model": "iPhone13,4",
    "context_device_type": "mobile",
    "context_os_name": "ios",
    "context_os_version": "18.0.1",
    "context_receiver_service_timestamp": 1729211230136,
    "context_time": 1729211207691,
    "message_connected_accessories": [
      "car"
    ],
    "message_trigger_feature_identifier": "car_detection",
    "message_trigger_method": "play"
  },
  {
    "timestamp_utc": "2024-10-18T17:58:15.003Z",
    "context_application_version": "8.9.82.628",
    "context_conn_country": "US",
    "context_device_manufacturer": "apple",
    "context_device_model": "iPhone13,4",
    "context_device_type": "mobile",
    "context_os_name": "ios",
    "context_os_version": "18.0.1",
    "context_receiver_service_timestamp": 1729274303992,
    "context_time": 1729274295003,
    "message_connected_accessories": [
      "car"
    ],
    "message_trigger_feature_identifier": "car_detection",
    "message_trigger_method": "play"
  },
  {
    "timestamp_utc": "2024-10-12T00:01:49.801Z",
    "context_application_version": "8.9.82.628",
    "context_conn_country": "US",
    "context_device_manufacturer": "apple",
    "context_device_model": "iPhone13,4",
    "context_device_type": "mobile",
    "context_os_name": "ios",
    "context_os_version": "18.0.1",
    "context_receiver_service_timestamp": 1728691310157,
    "context_time": 1728691309801,
    "message_connected_accessories": [
      "car"
    ],
    "message_trigger_feature_identifier": "car_detection",
    "message_trigger_method": "play"
  },
  {
    "timestamp_utc": "2024-11-11T17:14:21.863Z",
    "context_application_version": "8.9.90.84",
    "context_conn_country": "US",
    "context_device_manufacturer": "apple",
    "context_device_model": "iPhone13,4",
    "context_device_type": "mobile",
    "context_os_name": "ios",
    "context_os_version": "18.0.1",
    "context_receiver_service_timestamp": 1731345289890,
    "context_time": 1731345261863,
    "message_connected_accessories": [
      "car"
    ],
    "message_trigger_feature_identifier": "car_detection",
    "message_trigger_method": "play"
  },
  {
    "timestamp_utc": "2024-11-10T01:12:43.828Z",
    "context_application_version": "8.9.86.419",
    "context_conn_country": "US",
    "context_device_manufacturer": "apple",
    "context_device_model": "iPhone13,4",
    "context_device_type": "mobile",
    "context_os_name": "ios",
    "context_os_version": "18.0.1",
    "context_receiver_service_timestamp": 1731201192462,
    "context_time": 1731201163828,
    "message_connected_accessories": [
      "car"
    ],
    "message_trigger_feature_identifier": "car_detection",
    "message_trigger_method": "play"
  },
  {
    "timestamp_utc": "2024-10-21T20:10:33.920Z",
    "context_application_version": "8.9.82.628",
    "context_conn_country": "US",
    "context_device_manufacturer": "apple",
    "context_device_model": "iPhone13,4",
    "context_device_type": "mobile",
    "context_os_name": "ios",
    "context_os_version": "18.0.1",
    "context_receiver_service_timestamp": 1729541434039,
    "context_time": 1729541433920,
    "message_connected_accessories": [
      "car"
    ],
    "message_trigger_feature_identifier": "car_detection",
    "message_trigger_method": "play"
  },
  {
    "timestamp_utc": "2024-11-06T01:35:54.871Z",
    "context_application_version": "8.9.86.419",
    "context_conn_country": "US",
    "context_device_manufacturer": "apple",
    "context_device_model": "iPhone13,4",
    "context_device_type": "mobile",
    "context_os_name": "ios",
    "context_os_version": "18.0.1",
    "context_receiver_service_timestamp": 1730856973989,
    "context_time": 1730856954871,
    "message_connected_accessories": [
      "car"
    ],
    "message_trigger_feature_identifier": "car_detection",
    "message_trigger_method": "play"
  },
  {
    "timestamp_utc": "2024-10-08T00:37:28.381Z",
    "context_application_version": "8.9.76.516",
    "context_conn_country": "US",
    "context_device_manufacturer": "apple",
    "context_device_model": "iPhone13,4",
    "context_device_type": "mobile",
    "context_os_name": "ios",
    "context_os_version": "18.0.1",
    "context_receiver_service_timestamp": 1728347864011,
    "context_time": 1728347848381,
    "message_connected_accessories": [
      "car"
    ],
    "message_trigger_feature_identifier": "car_detection",
    "message_trigger_method": "play"
  },
  {
    "timestamp_utc": "2024-10-13T17:48:41.176Z",
    "context_application_version": "8.9.82.628",
    "context_conn_country": "US",
    "context_device_manufacturer": "apple",
    "context_device_model": "iPhone13,4",
    "context_device_type": "mobile",
    "context_os_name": "ios",
    "context_os_version": "18.0.1",
    "context_receiver_service_timestamp": 1728841722937,
    "context_time": 1728841721176,
    "message_connected_accessories": [
      "car"
    ],
    "message_trigger_feature_identifier": "car_detection",
    "message_trigger_method": "play"
  },
  {
    "timestamp_utc": "2024-10-09T21:13:59.131Z",
    "context_application_version": "8.9.76.516",
    "context_conn_country": "US",
    "context_device_manufacturer": "apple",
    "context_device_model": "iPhone13,4",
    "context_device_type": "mobile",
    "context_os_name": "ios",
    "context_os_version": "18.0.1",
    "context_receiver_service_timestamp": 1728508441091,
    "context_time": 1728508439131,
    "message_connected_accessories": [
      "car"
    ],
    "message_trigger_feature_identifier": "car_detection",
    "message_trigger_method": "play"
  },
  {
    "timestamp_utc": "2024-11-02T19:57:58.618Z",
    "context_application_version": "8.9.86.419",
    "context_conn_country": "US",
    "context_device_manufacturer": "apple",
    "context_device_model": "iPhone13,4",
    "context_device_type": "mobile",
    "context_os_name": "ios",
    "context_os_version": "18.0.1",
    "context_receiver_service_timestamp": 1730577507086,
    "context_time": 1730577478618,
    "message_connected_accessories": [
      "car"
    ],
    "message_trigger_feature_identifier": "car_detection",
    "message_trigger_method": "play"
  },
  {
    "timestamp_utc": "2024-11-06T17:20:33.034Z",
    "context_application_version": "8.9.86.419",
    "context_conn_country": "US",
    "context_device_manufacturer": "apple",
    "context_device_model": "iPhone13,4",
    "context_device_type": "mobile",
    "context_os_name": "ios",
    "context_os_version": "18.0.1",
    "context_receiver_service_timestamp": 1730913662094,
    "context_time": 1730913633034,
    "message_connected_accessories": [
      "car"
    ],
    "message_trigger_feature_identifier": "car_detection",
    "message_trigger_method": "play"
  },
  {
    "timestamp_utc": "2024-11-08T17:28:51.861Z",
    "context_application_version": "8.9.86.419",
    "context_conn_country": "US",
    "context_device_manufacturer": "apple",
    "context_device_model": "iPhone13,4",
    "context_device_type": "mobile",
    "context_os_name": "ios",
    "context_os_version": "18.0.1",
    "context_receiver_service_timestamp": 1731086934377,
    "context_time": 1731086931861,
    "message_connected_accessories": [
      "car"
    ],
    "message_trigger_feature_identifier": "car_detection",
    "message_trigger_method": "play"
  },
  {
    "timestamp_utc": "2024-10-14T23:36:21.849Z",
    "context_application_version": "8.9.82.628",
    "context_conn_country": "US",
    "context_device_manufacturer": "apple",
    "context_device_model": "iPhone13,4",
    "context_device_type": "mobile",
    "context_os_name": "ios",
    "context_os_version": "18.0.1",
    "context_receiver_service_timestamp": 1728948989471,
    "context_time": 1728948981849,
    "message_connected_accessories": [
      "car"
    ],
    "message_trigger_feature_identifier": "car_detection",
    "message_trigger_method": "play"
  },
  {
    "timestamp_utc": "2024-10-07T15:09:29.272Z",
    "context_application_version": "8.9.76.516",
    "context_conn_country": "US",
    "context_device_manufacturer": "apple",
    "context_device_model": "iPhone13,4",
    "context_device_type": "mobile",
    "context_os_name": "ios",
    "context_os_version": "18.0.1",
    "context_receiver_service_timestamp": 1728313784489,
    "context_time": 1728313769272,
    "message_connected_accessories": [
      "car"
    ],
    "message_trigger_feature_identifier": "car_detection",
    "message_trigger_method": "play"
  },
  {
    "timestamp_utc": "2024-10-16T21:13:20.493Z",
    "context_application_version": "8.9.82.628",
    "context_conn_country": "US",
    "context_device_manufacturer": "apple",
    "context_device_model": "iPhone13,4",
    "context_device_type": "mobile",
    "context_os_name": "ios",
    "context_os_version": "18.0.1",
    "context_receiver_service_timestamp": 1729113210323,
    "context_time": 1729113200493,
    "message_connected_accessories": [
      "car"
    ],
    "message_trigger_feature_identifier": "car_detection",
    "message_trigger_method": "play"
  },
  {
    "timestamp_utc": "2024-10-23T02:28:32.927Z",
    "context_application_version": "8.9.82.628",
    "context_conn_country": "US",
    "context_device_manufacturer": "apple",
    "context_device_model": "iPhone13,4",
    "context_device_type": "mobile",
    "context_os_name": "ios",
    "context_os_version": "18.0.1",
    "context_receiver_service_timestamp": 1729650516953,
    "context_time": 1729650512927,
    "message_connected_accessories": [
      "car"
    ],
    "message_trigger_feature_identifier": "car_detection",
    "message_trigger_method": "play"
  },
  {
    "timestamp_utc": "2024-11-13T19:03:00.386Z",
    "context_application_version": "8.9.90.84",
    "context_conn_country": "US",
    "context_device_manufacturer": "apple",
    "context_device_model": "iPhone13,4",
    "context_device_type": "mobile",
    "context_os_name": "ios",
    "context_os_version": "18.0.1",
    "context_receiver_service_timestamp": 1731524628758,
    "context_time": 1731524580386,
    "message_connected_accessories": [
      "car"
    ],
    "message_trigger_feature_identifier": "car_detection",
    "message_trigger_method": "play"
  },
  {
    "timestamp_utc": "2024-11-12T04:26:11.132Z",
    "context_application_version": "8.9.90.84",
    "context_conn_country": "US",
    "context_device_manufacturer": "apple",
    "context_device_model": "iPhone13,4",
    "context_device_type": "mobile",
    "context_os_name": "ios",
    "context_os_version": "18.0.1",
    "context_receiver_service_timestamp": 1731385585222,
    "context_time": 1731385571132,
    "message_connected_accessories": [
      "car"
    ],
    "message_trigger_feature_identifier": "car_detection",
    "message_trigger_method": "play"
  },
  {
    "timestamp_utc": "2024-10-16T02:27:42.984Z",
    "context_application_version": "8.9.82.628",
    "context_conn_country": "US",
    "context_device_manufacturer": "apple",
    "context_device_model": "iPhone13,4",
    "context_device_type": "mobile",
    "context_os_name": "ios",
    "context_os_version": "18.0.1",
    "context_receiver_service_timestamp": 1729045952747,
    "context_time": 1729045662984,
    "message_connected_accessories": [
      "car"
    ],
    "message_trigger_feature_identifier": "car_detection",
    "message_trigger_method": "play"
  },
  {
    "timestamp_utc": "2024-10-21T16:42:41.005Z",
    "context_application_version": "8.9.82.628",
    "context_conn_country": "US",
    "context_device_manufacturer": "apple",
    "context_device_model": "iPhone13,4",
    "context_device_type": "mobile",
    "context_os_name": "ios",
    "context_os_version": "18.0.1",
    "context_receiver_service_timestamp": 1729528977313,
    "context_time": 1729528961005,
    "message_connected_accessories": [
      "car"
    ],
    "message_trigger_feature_identifier": "car_detection",
    "message_trigger_method": "play"
  },
  {
    "timestamp_utc": "2024-11-13T01:16:50.371Z",
    "context_application_version": "8.9.90.84",
    "context_conn_country": "US",
    "context_device_manufacturer": "apple",
    "context_device_model": "iPhone13,4",
    "context_device_type": "mobile",
    "context_os_name": "ios",
    "context_os_version": "18.0.1",
    "context_receiver_service_timestamp": 1731460637655,
    "context_time": 1731460610371,
    "message_connected_accessories": [
      "car"
    ],
    "message_trigger_feature_identifier": "car_detection",
    "message_trigger_method": "play"
  },
  {
    "timestamp_utc": "2024-10-29T03:21:27.658Z",
    "context_application_version": "8.9.86.419",
    "context_conn_country": "US",
    "context_device_manufacturer": "apple",
    "context_device_model": "iPhone13,4",
    "context_device_type": "mobile",
    "context_os_name": "ios",
    "context_os_version": "18.0.1",
    "context_receiver_service_timestamp": 1730172092265,
    "context_time": 1730172087658,
    "message_connected_accessories": [
      "car"
    ],
    "message_trigger_feature_identifier": "car_detection",
    "message_trigger_method": "play"
  },
  {
    "timestamp_utc": "2024-11-05T23:08:42.907Z",
    "context_application_version": "8.9.86.419",
    "context_conn_country": "US",
    "context_device_manufacturer": "apple",
    "context_device_model": "iPhone13,4",
    "context_device_type": "mobile",
    "context_os_name": "ios",
    "context_os_version": "18.0.1",
    "context_receiver_service_timestamp": 1730848132852,
    "context_time": 1730848122907,
    "message_connected_accessories": [
      "car"
    ],
    "message_trigger_feature_identifier": "car_detection",
    "message_trigger_method": "play"
  }
]