[
  {
    "timestamp_utc": "2024-10-08T01:06:48.526Z",
    "context_application_version": "8.9.76.516",
    "context_conn_country": "US",
    "context_device_manufacturer": "apple",
    "context_device_model": "iPhone13,4",
    "context_device_type": "mobile",
    "context_os_name": "ios",
    "context_os_version": "18.0.1",
    "context_receiver_service_timestamp": 1728349626956,
    "context_time": 1728349608526,
    "message_message": "aborted_due_to_restrictions",
    "message_reason": "abort",
    "message_restrictions": [
      "music_is_playing"
    ],
    "message_trigger_feature_identifier": "car_detection",
    "message_trigger_method": "unresolved"
  },
  {
    "timestamp_utc": "2024-11-17T22:19:52.745Z",
    "context_application_version": "8.9.90.84",
    "context_conn_country": "US",
    "context_device_manufacturer": "apple",
    "context_device_model": "iPhone13,4",
    "context_device_type": "mobile",
    "context_os_name": "ios",
    "context_os_version": "18.0.1",
    "context_receiver_service_timestamp": 1731881994246,
    "context_time": 1731881992745,
    "message_message": "aborted_due_to_restrictions",
    "message_reason": "abort",
    "message_restrictions": [
      "music_is_playing"
    ],
    "message_trigger_feature_identifier": "car_detection",
    "message_trigger_method": "unresolved"
  },
  {
    "timestamp_utc": "2024-11-20T19:07:48.808Z",
    "context_application_version": "8.9.90.84",
    "context_conn_country": "US",
    "context_device_manufacturer": "apple",
    "context_device_model": "iPhone13,4",
    "context_device_type": "mobile",
    "context_os_name": "ios",
    "context_os_version": "18.1",
    "context_receiver_service_timestamp": 1732129672861,
    "context_time": 1732129668808,
    "message_message": "aborted_due_to_restrictions",
    "message_reason": "abort",
    "message_restrictions": [
      "other_audio_playing",
      "user_on_a_call"
    ],
    "message_trigger_feature_identifier": "car_detection",
    "message_trigger_method": "unresolved"
  },
  {
    "timestamp_utc": "2024-10-07T23:30:56.068Z",
    "context_application_version": "8.9.76.516",
    "context_conn_country": "US",
    "context_device_manufacturer": "apple",
    "context_device_model": "iPhone13,4",
    "context_device_type": "mobile",
    "context_os_name": "ios",
    "context_os_version": "18.0.1",
    "context_receiver_service_timestamp": 1728343856538,
    "context_time": 1728343856068,
    "message_message": "aborted_due_to_restrictions",
    "message_reason": "abort",
    "message_restrictions": [
      "music_is_playing"
    ],
    "message_trigger_feature_identifier": "car_detection",
    "message_trigger_method": "unresolved"
  },
  {
    "timestamp_utc": "2024-11-08T00:47:20.776Z",
    "context_application_version": "8.9.86.419",
    "context_conn_country": "US",
    "context_device_manufacturer": "apple",
    "context_device_model": "iPhone13,4",
    "context_device_type": "mobile",
    "context_os_name": "ios",
    "context_os_version": "18.0.1",
    "context_receiver_service_timestamp": 1731026842959,
    "context_time": 1731026840776,
    "message_message": "aborted_due_to_restrictions",
    "message_reason": "abort",
    "message_restrictions": [
      "music_is_playing"
    ],
    "message_trigger_feature_identifier": "car_detection",
    "message_trigger_method": "unresolved"
  },
  {
    "timestamp_utc": "2024-10-28T20:08:30.517Z",
    "context_application_version": "8.9.84.543",
    "context_conn_country": "US",
    "context_device_manufacturer": "apple",
    "context_device_model": "iPhone13,4",
    "context_device_type": "mobile",
    "context_os_name": "ios",
    "context_os_version": "18.0.1",
    "context_receiver_service_timestamp": 1730146178483,
    "context_time": 1730146110517,
    "message_message": "aborted_due_to_restrictions",
    "message_reason": "abort",
    "message_restrictions": [
      "music_is_playing"
    ],
    "message_trigger_feature_identifier": "car_detection",
    "message_trigger_method": "unresolved"
  },
  {
    "timestamp_utc": "2024-11-22T20:31:40.484Z",
    "context_application_version": "8.9.94.418",
    "context_conn_country": "US",
    "context_device_manufacturer": "apple",
    "context_device_model": "iPhone13,4",
    "context_device_type": "mobile",
    "context_os_name": "ios",
    "context_os_version": "18.1",
    "context_receiver_service_timestamp": 1732307504543,
    "context_time": 1732307500484,
    "message_message": "aborted_due_to_restrictions",
    "message_reason": "abort",
    "message_restrictions": [
      "music_is_playing"
    ],
    "message_trigger_feature_identifier": "car_detection",
    "message_trigger_method": "unresolved"
  },
  {
    "timestamp_utc": "2024-10-11T19:50:26.219Z",
    "context_application_version": "8.9.76.516",
    "context_conn_country": "US",
    "context_device_manufacturer": "apple",
    "context_device_model": "iPhone13,4",
    "context_device_type": "mobile",
    "context_os_name": "ios",
    "context_os_version": "18.0.1",
    "context_receiver_service_timestamp": 1728676252948,
    "context_time": 1728676226219,
    "message_message": "aborted_due_to_restrictions",
    "message_reason": "abort",
    "message_restrictions": [
      "music_is_playing"
    ],
    "message_trigger_feature_identifier": "car_detection",
    "message_trigger_method": "unresolved"
  },
  {
    "timestamp_utc": "2024-11-22T20:02:07.625Z",
    "context_application_version": "8.9.94.418",
    "context_conn_country": "US",
    "context_device_manufacturer": "apple",
    "context_device_model": "iPhone13,4",
    "context_device_type": "mobile",
    "context_os_name": "ios",
    "context_os_version": "18.1",
    "context_receiver_service_timestamp": 1732305730416,
    "context_time": 1732305727625,
    "message_message": "aborted_due_to_restrictions",
    "message_reason": "abort",
    "message_restrictions": [
      "music_is_playing"
    ],
    "message_trigger_feature_identifier": "car_detection",
    "message_trigger_method": "unresolved"
  },
  {
    "timestamp_utc": "2024-11-20T21:11:09.549Z",
    "context_application_version": "8.9.90.84",
    "context_conn_country": "US",
    "context_device_manufacturer": "apple",
    "context_device_model": "iPhone13,4",
    "context_device_type": "mobile",
    "context_os_name": "ios",
    "context_os_version": "18.1",
    "context_receiver_service_timestamp": 1732137084263,
    "context_time": 1732137069549,
    "message_message": "aborted_due_to_restrictions",
    "message_reason": "abort",
    "message_restrictions": [
      "music_is_playing"
    ],
    "message_trigger_feature_identifier": "car_detection",
    "message_trigger_method": "unresolved"
  },
  {
    "timestamp_utc": "2024-10-11T18:17:09.482Z",
    "context_application_version": "8.9.76.516",
    "context_conn_country": "US",
    "context_device_manufacturer": "apple",
    "context_device_model": "iPhone13,4",
    "context_device_type": "mobile",
    "context_os_name": "ios",
    "context_os_version": "18.0.1",
    "context_receiver_service_timestamp": 1728670640261,
    "context_time": 1728670629482,
    "message_message": "aborted_due_to_restrictions",
    "message_reason": "abort",
    "message_restrictions": [
      "music_is_playing"
    ],
    "message_trigger_feature_identifier": "car_detection",
    "message_trigger_method": "unresolved"
  },
  {
    "timestamp_utc": "2024-11-01T18:24:57.831Z",
    "context_application_version": "8.9.86.419",
    "context_conn_country": "US",
    "context_device_manufacturer": "apple",
    "context_device_model": "iPhone13,4",
    "context_device_type": "mobile",
    "context_os_name": "ios",
    "context_os_version": "18.0.1",
    "context_receiver_service_timestamp": 1730485498042,
    "context_time": 1730485497831,
    "message_message": "aborted_due_to_restrictions",
    "message_reason": "abort",
    "message_restrictions": [
      "other_audio_playing"
    ],
    "message_trigger_feature_identifier": "car_detection",
    "message_trigger_method": "unresolved"
  },
  {
    "timestamp_utc": "2024-10-09T22:28:14.616Z",
    "context_application_version": "8.9.76.516",
    "context_conn_country": "US",
    "context_device_manufacturer": "apple",
    "context_device_model": "iPhone13,4",
    "context_device_type": "mobile",
    "context_os_name": "ios",
    "context_os_version": "18.0.1",
    "context_receiver_service_timestamp": 1728512916637,
    "context_time": 1728512894616,
    "message_message": "aborted_due_to_restrictions",
    "message_reason": "abort",
    "message_restrictions": [
      "music_is_playing"
    ],
    "message_trigger_feature_identifier": "car_detection",
    "message_trigger_method": "unresolved"
  },
  {
    "timestamp_utc": "2024-10-12T00:19:08.456Z",
    "context_application_version": "8.9.82.628",
    "context_conn_country": "US",
    "context_device_manufacturer": "apple",
    "context_device_model": "iPhone13,4",
    "context_device_type": "mobile",
    "context_os_name": "ios",
    "context_os_version": "18.0.1",
    "context_receiver_service_timestamp": 1728692353627,
    "context_time": 1728692348456,
    "message_message": "aborted_due_to_restrictions",
    "message_reason": "abort",
    "message_restrictions": [
      "music_is_playing"
    ],
    "message_trigger_feature_identifier": "car_detection",
    "message_trigger_method": "unresolved"
  },
  {
    "timestamp_utc": "2024-10-16T00:35:35.985Z",
    "context_application_version": "8.9.82.628",
    "context_conn_country": "US",
    "context_device_manufacturer": "apple",
    "context_device_model": "iPhone13,4",
    "context_device_type": "mobile",
    "context_os_name": "ios",
    "context_os_version": "18.0.1",
    "context_receiver_service_timestamp": 1729038959885,
    "context_time": 1729038935985,
    "message_message": "aborted_due_to_restrictions",
    "message_reason": "abort",
    "message_restrictions": [
      "music_is_playing"
    ],
    "message_trigger_feature_identifier": "car_detection",
    "message_trigger_method": "unresolved"
  },
  {
    "timestamp_utc": "2024-11-17T21:11:24.915Z",
    "context_application_version": "8.9.90.84",
    "context_conn_country": "US",
    "context_device_manufacturer": "apple",
    "context_device_model": "iPhone13,4",
    "context_device_type": "mobile",
    "context_os_name": "ios",
    "context_os_version": "18.0.1",
    "context_receiver_service_timestamp": 1731877885620,
    "context_time": 1731877884915,
    "message_message": "aborted_due_to_restrictions",
    "message_reason": "abort",
    "message_restrictions": [
      "music_is_playing"
    ],
    "message_trigger_feature_identifier": "car_detection",
    "message_trigger_method": "unresolved"
  },
  {
    "timestamp_utc": "2024-11-05T03:30:48.108Z",
    "context_application_version": "8.9.86.419",
    "context_conn_country": "US",
    "context_device_manufacturer": "apple",
    "context_device_model": "iPhone13,4",
    "context_device_type": "mobile",
    "context_os_name": "ios",
    "context_os_version": "18.0.1",
    "context_receiver_service_timestamp": 1730777498597,
    "context_time": 1730777448108,
    "message_message": "aborted_due_to_restrictions",
    "message_reason": "abort",
    "message_restrictions": [
      "other_audio_playing"
    ],
    "message_trigger_feature_identifier": "car_detection",
    "message_trigger_method": "unresolved"
  },
  {
    "timestamp_utc": "2024-11-20T17:36:24.881Z",
    "context_application_version": "8.9.90.84",
    "context_conn_country": "US",
    "context_device_manufacturer": "apple",
    "context_device_model": "iPhone13,4",
    "context_device_type": "mobile",
    "context_os_name": "ios",
    "context_os_version": "18.1",
    "context_receiver_service_timestamp": 1732124209676,
    "context_time": 1732124184881,
    "message_message": "connect_sync_timeout",
    "message_reason": "abort",
    "message_restrictions": [
    ],
    "message_trigger_feature_identifier": "car_detection",
    "message_trigger_method": "play"
  },
  {
    "timestamp_utc": "2024-10-04T15:54:20.871Z",
    "context_application_version": "8.9.76.516",
    "context_conn_country": "US",
    "context_device_manufacturer": "apple",
    "context_device_model": "iPhone13,4",
    "context_device_type": "mobile",
    "context_os_name": "ios",
    "context_os_version": "18.0",
    "context_receiver_service_timestamp": 1728057275359,
    "context_time": 1728057260871,
    "message_message": "aborted_due_to_restrictions",
    "message_reason": "abort",
    "message_restrictions": [
      "other_audio_playing"
    ],
    "message_trigger_feature_identifier": "car_detection",
    "message_trigger_method": "unresolved"
  },
  {
    "timestamp_utc": "2024-10-04T17:46:32.365Z",
    "context_application_version": "8.9.76.516",
    "context_conn_country": "US",
    "context_device_manufacturer": "apple",
    "context_device_model": "iPhone13,4",
    "context_device_type": "mobile",
    "context_os_name": "ios",
    "context_os_version": "18.0",
    "context_receiver_service_timestamp": 1728063998114,
    "context_time": 1728063992365,
    "message_message": "aborted_due_to_restrictions",
    "message_reason": "abort",
    "message_restrictions": [
      "music_is_playing"
    ],
    "message_trigger_feature_identifier": "car_detection",
    "message_trigger_method": "unresolved"
  },
  {
    "timestamp_utc": "2024-10-05T00:05:12.527Z",
    "context_application_version": "8.9.76.516",
    "context_conn_country": "US",
    "context_device_manufacturer": "apple",
    "context_device_model": "iPhone13,4",
    "context_device_type": "mobile",
    "context_os_name": "ios",
    "context_os_version": "18.0",
    "context_receiver_service_timestamp": 1728086715411,
    "context_time": 1728086712527,
    "message_message": "aborted_due_to_restrictions",
    "message_reason": "abort",
    "message_restrictions": [
      "music_is_playing"
    ],
    "message_trigger_feature_identifier": "car_detection",
    "message_trigger_method": "unresolved"
  },
  {
    "timestamp_utc": "2024-11-12T00:33:50.605Z",
    "context_application_version": "8.9.90.84",
    "context_conn_country": "US",
    "context_device_manufacturer": "apple",
    "context_device_model": "iPhone13,4",
    "context_device_type": "mobile",
    "context_os_name": "ios",
    "context_os_version": "18.0.1",
    "context_receiver_service_timestamp": 1731371632512,
    "context_time": 1731371630605,
    "message_message": "aborted_due_to_restrictions",
    "message_reason": "abort",
    "message_restrictions": [
      "music_is_playing"
    ],
    "message_trigger_feature_identifier": "car_detection",
    "message_trigger_method": "unresolved"
  },
  {
    "timestamp_utc": "2024-10-02T00:04:39.540Z",
    "context_application_version": "8.9.76.516",
    "context_conn_country": "US",
    "context_device_manufacturer": "apple",
    "context_device_model": "iPhone13,4",
    "context_device_type": "mobile",
    "context_os_name": "ios",
    "context_os_version": "18.0",
    "context_receiver_service_timestamp": 1727827485229,
    "context_time": 1727827479540,
    "message_message": "aborted_due_to_restrictions",
    "message_reason": "abort",
    "message_restrictions": [
      "music_is_playing"
    ],
    "message_trigger_feature_identifier": "car_detection",
    "message_trigger_method": "unresolved"
  },
  {
    "timestamp_utc": "2024-10-13T18:40:36.181Z",
    "context_application_version": "8.9.82.628",
    "context_conn_country": "US",
    "context_device_manufacturer": "apple",
    "context_device_model": "iPhone13,4",
    "context_device_type": "mobile",
    "context_os_name": "ios",
    "context_os_version": "18.0.1",
    "context_receiver_service_timestamp": 1728844837539,
    "context_time": 1728844836181,
    "message_message": "aborted_due_to_restrictions",
    "message_reason": "abort",
    "message_restrictions": [
      "music_is_playing"
    ],
    "message_trigger_feature_identifier": "car_detection",
    "message_trigger_method": "unresolved"
  },
  {
    "timestamp_utc": "2024-11-10T01:47:27.824Z",
    "context_application_version": "8.9.86.419",
    "context_conn_country": "US",
    "context_device_manufacturer": "apple",
    "context_device_model": "iPhone13,4",
    "context_device_type": "mobile",
    "context_os_name": "ios",
    "context_os_version": "18.0.1",
    "context_receiver_service_timestamp": 1731203265148,
    "context_time": 1731203247824,
    "message_message": "aborted_due_to_restrictions",
    "message_reason": "abort",
    "message_restrictions": [
      "music_is_playing"
    ],
    "message_trigger_feature_identifier": "car_detection",
    "message_trigger_method": "unresolved"
  },
  {
    "timestamp_utc": "2024-10-30T16:38:13.729Z",
    "context_application_version": "8.9.86.419",
    "context_conn_country": "US",
    "context_device_manufacturer": "apple",
    "context_device_model": "iPhone13,4",
    "context_device_type": "mobile",
    "context_os_name": "ios",
    "context_os_version": "18.0.1",
    "context_receiver_service_timestamp": 1730306295837,
    "context_time": 1730306293729,
    "message_message": "aborted_due_to_restrictions",
    "message_reason": "abort",
    "message_restrictions": [
      "music_is_playing"
    ],
    "message_trigger_feature_identifier": "car_detection",
    "message_trigger_method": "unresolved"
  },
  {
    "timestamp_utc": "2024-11-02T20:42:35.821Z",
    "context_application_version": "8.9.86.419",
    "context_conn_country": "US",
    "context_device_manufacturer": "apple",
    "context_device_model": "iPhone13,4",
    "context_device_type": "mobile",
    "context_os_name": "ios",
    "context_os_version": "18.0.1",
    "context_receiver_service_timestamp": 1730580159724,
    "context_time": 1730580155821,
    "message_message": "aborted_due_to_restrictions",
    "message_reason": "abort",
    "message_restrictions": [
      "music_is_playing"
    ],
    "message_trigger_feature_identifier": "car_detection",
    "message_trigger_method": "unresolved"
  },
  {
    "timestamp_utc": "2024-11-15T17:53:46.018Z",
    "context_application_version": "8.9.90.84",
    "context_conn_country": "US",
    "context_device_manufacturer": "apple",
    "context_device_model": "iPhone13,4",
    "context_device_type": "mobile",
    "context_os_name": "ios",
    "context_os_version": "18.0.1",
    "context_receiver_service_timestamp": 1731693226496,
    "context_time": 1731693226018,
    "message_message": "aborted_due_to_restrictions",
    "message_reason": "abort",
    "message_restrictions": [
      "music_is_playing"
    ],
    "message_trigger_feature_identifier": "car_detection",
    "message_trigger_method": "unresolved"
  },
  {
    "timestamp_utc": "2024-11-01T18:17:46.493Z",
    "context_application_version": "8.9.86.419",
    "context_conn_country": "US",
    "context_device_manufacturer": "apple",
    "context_device_model": "iPhone13,4",
    "context_device_type": "mobile",
    "context_os_name": "ios",
    "context_os_version": "18.0.1",
    "context_receiver_service_timestamp": 1730485069679,
    "context_time": 1730485066493,
    "message_message": "aborted_due_to_restrictions",
    "message_reason": "abort",
    "message_restrictions": [
      "music_is_playing"
    ],
    "message_trigger_feature_identifier": "car_detection",
    "message_trigger_method": "unresolved"
  },
  {
    "timestamp_utc": "2024-10-16T19:51:49.013Z",
    "context_application_version": "8.9.82.628",
    "context_conn_country": "US",
    "context_device_manufacturer": "apple",
    "context_device_model": "iPhone13,4",
    "context_device_type": "mobile",
    "context_os_name": "ios",
    "context_os_version": "18.0.1",
    "context_receiver_service_timestamp": 1729108310305,
    "context_time": 1729108309013,
    "message_message": "aborted_due_to_restrictions",
    "message_reason": "abort",
    "message_restrictions": [
      "music_is_playing"
    ],
    "message_trigger_feature_identifier": "car_detection",
    "message_trigger_method": "unresolved"
  },
  {
    "timestamp_utc": "2024-10-18T15:30:05.238Z",
    "context_application_version": "8.9.82.628",
    "context_conn_country": "US",
    "context_device_manufacturer": "apple",
    "context_device_model": "iPhone13,4",
    "context_device_type": "mobile",
    "context_os_name": "ios",
    "context_os_version": "18.0.1",
    "context_receiver_service_timestamp": 1729265413327,
    "context_time": 1729265405238,
    "message_message": "aborted_due_to_restrictions",
    "message_reason": "abort",
    "message_restrictions": [
      "music_is_playing"
    ],
    "message_trigger_feature_identifier": "car_detection",
    "message_trigger_method": "unresolved"
  },
  {
    "timestamp_utc": "2024-10-09T22:10:19.923Z",
    "context_application_version": "8.9.76.516",
    "context_conn_country": "US",
    "context_device_manufacturer": "apple",
    "context_device_model": "iPhone13,4",
    "context_device_type": "mobile",
    "context_os_name": "ios",
    "context_os_version": "18.0.1",
    "context_receiver_service_timestamp": 1728511833143,
    "context_time": 1728511819923,
    "message_message": "aborted_due_to_restrictions",
    "message_reason": "abort",
    "message_restrictions": [
      "music_is_playing"
    ],
    "message_trigger_feature_identifier": "car_detection",
    "message_trigger_method": "unresolved"
  },
  {
    "timestamp_utc": "2024-10-21T20:18:27.775Z",
    "context_application_version": "8.9.82.628",
    "context_conn_country": "US",
    "context_device_manufacturer": "apple",
    "context_device_model": "iPhone13,4",
    "context_device_type": "mobile",
    "context_os_name": "ios",
    "context_os_version": "18.0.1",
    "context_receiver_service_timestamp": 1729541909522,
    "context_time": 1729541907775,
    "message_message": "aborted_due_to_restrictions",
    "message_reason": "abort",
    "message_restrictions": [
      "user_on_a_call",
      "music_is_playing"
    ],
    "message_trigger_feature_identifier": "car_detection",
    "message_trigger_method": "unresolved"
  },
  {
    "timestamp_utc": "2024-10-30T00:19:42.418Z",
    "context_application_version": "8.9.86.419",
    "context_conn_country": "US",
    "context_device_manufacturer": "apple",
    "context_device_model": "iPhone13,4",
    "context_device_type": "mobile",
    "context_os_name": "ios",
    "context_os_version": "18.0.1",
    "context_receiver_service_timestamp": 1730247606955,
    "context_time": 1730247582418,
    "message_message": "aborted_due_to_restrictions",
    "message_reason": "abort",
    "message_restrictions": [
      "music_is_playing"
    ],
    "message_trigger_feature_identifier": "car_detection",
    "message_trigger_method": "unresolved"
  },
  {
    "timestamp_utc": "2024-10-14T16:42:00.386Z",
    "context_application_version": "8.9.82.628",
    "context_conn_country": "US",
    "context_device_manufacturer": "apple",
    "context_device_model": "iPhone13,4",
    "context_device_type": "mobile",
    "context_os_name": "ios",
    "context_os_version": "18.0.1",
    "context_receiver_service_timestamp": 1728924127418,
    "context_time": 1728924120386,
    "message_message": "aborted_due_to_restrictions",
    "message_reason": "abort",
    "message_restrictions": [
      "music_is_playing"
    ],
    "message_trigger_feature_identifier": "car_detection",
    "message_trigger_method": "unresolved"
  },
  {
    "timestamp_utc": "2024-11-22T17:39:08.129Z",
    "context_application_version": "8.9.94.418",
    "context_conn_country": "US",
    "context_device_manufacturer": "apple",
    "context_device_model": "iPhone13,4",
    "context_device_type": "mobile",
    "context_os_name": "ios",
    "context_os_version": "18.1",
    "context_receiver_service_timestamp": 1732297151453,
    "context_time": 1732297148129,
    "message_message": "aborted_due_to_restrictions",
    "message_reason": "abort",
    "message_restrictions": [
      "music_is_playing"
    ],
    "message_trigger_feature_identifier": "car_detection",
    "message_trigger_method": "unresolved"
  },
  {
    "timestamp_utc": "2024-10-16T00:11:13.661Z",
    "context_application_version": "8.9.82.628",
    "context_conn_country": "US",
    "context_device_manufacturer": "apple",
    "context_device_model": "iPhone13,4",
    "context_device_type": "mobile",
    "context_os_name": "ios",
    "context_os_version": "18.0.1",
    "context_receiver_service_timestamp": 1729037475342,
    "context_time": 1729037473661,
    "message_message": "aborted_due_to_restrictions",
    "message_reason": "abort",
    "message_restrictions": [
      "music_is_playing"
    ],
    "message_trigger_feature_identifier": "car_detection",
    "message_trigger_method": "unresolved"
  },
  {
    "timestamp_utc": "2024-10-11T19:29:22.385Z",
    "context_application_version": "8.9.76.516",
    "context_conn_country": "US",
    "context_device_manufacturer": "apple",
    "context_device_model": "iPhone13,4",
    "context_device_type": "mobile",
    "context_os_name": "ios",
    "context_os_version": "18.0.1",
    "context_receiver_service_timestamp": 1728674963008,
    "context_time": 1728674962385,
    "message_message": "aborted_due_to_restrictions",
    "message_reason": "abort",
    "message_restrictions": [
      "music_is_playing"
    ],
    "message_trigger_feature_identifier": "car_detection",
    "message_trigger_method": "unresolved"
  },
  {
    "timestamp_utc": "2024-10-30T00:46:54.362Z",
    "context_application_version": "8.9.86.419",
    "context_conn_country": "US",
    "context_device_manufacturer": "apple",
    "context_device_model": "iPhone13,4",
    "context_device_type": "mobile",
    "context_os_name": "ios",
    "context_os_version": "18.0.1",
    "context_receiver_service_timestamp": 1730249218325,
    "context_time": 1730249214362,
    "message_message": "aborted_due_to_restrictions",
    "message_reason": "abort",
    "message_restrictions": [
      "music_is_playing"
    ],
    "message_trigger_feature_identifier": "car_detection",
    "message_trigger_method": "unresolved"
  },
  {
    "timestamp_utc": "2024-11-12T03:27:50.525Z",
    "context_application_version": "8.9.90.84",
    "context_conn_country": "US",
    "context_device_manufacturer": "apple",
    "context_device_model": "iPhone13,4",
    "context_device_type": "mobile",
    "context_os_name": "ios",
    "context_os_version": "18.0.1",
    "context_receiver_service_timestamp": 1731382072837,
    "context_time": 1731382070525,
    "message_message": "aborted_due_to_restrictions",
    "message_reason": "abort",
    "message_restrictions": [
      "music_is_playing"
    ],
    "message_trigger_feature_identifier": "car_detection",
    "message_trigger_method": "unresolved"
  },
  {
    "timestamp_utc": "2024-10-16T02:07:42.909Z",
    "context_application_version": "8.9.82.628",
    "context_conn_country": "US",
    "context_device_manufacturer": "apple",
    "context_device_model": "iPhone13,4",
    "context_device_type": "mobile",
    "context_os_name": "ios",
    "context_os_version": "18.0.1",
    "context_receiver_service_timestamp": 1729044464049,
    "context_time": 1729044462909,
    "message_message": "aborted_due_to_restrictions",
    "message_reason": "abort",
    "message_restrictions": [
      "music_is_playing"
    ],
    "message_trigger_feature_identifier": "car_detection",
    "message_trigger_method": "unresolved"
  },
  {
    "timestamp_utc": "2024-11-18T22:14:06.444Z",
    "context_application_version": "8.9.90.84",
    "context_conn_country": "US",
    "context_device_manufacturer": "apple",
    "context_device_model": "iPhone13,4",
    "context_device_type": "mobile",
    "context_os_name": "ios",
    "context_os_version": "18.0.1",
    "context_receiver_service_timestamp": 1731968048488,
    "context_time": 1731968046444,
    "message_message": "connect_sync_timeout",
    "message_reason": "abort",
    "message_restrictions": [
    ],
    "message_trigger_feature_identifier": "car_detection",
    "message_trigger_method": "play"
  },
  {
    "timestamp_utc": "2024-11-13T02:08:58.939Z",
    "context_application_version": "8.9.90.84",
    "context_conn_country": "US",
    "context_device_manufacturer": "apple",
    "context_device_model": "iPhone13,4",
    "context_device_type": "mobile",
    "context_os_name": "ios",
    "context_os_version": "18.0.1",
    "context_receiver_service_timestamp": 1731463760003,
    "context_time": 1731463738939,
    "message_message": "aborted_due_to_restrictions",
    "message_reason": "abort",
    "message_restrictions": [
      "music_is_playing"
    ],
    "message_trigger_feature_identifier": "car_detection",
    "message_trigger_method": "unresolved"
  },
  {
    "timestamp_utc": "2024-11-04T17:46:07.454Z",
    "context_application_version": "8.9.86.419",
    "context_conn_country": "US",
    "context_device_manufacturer": "apple",
    "context_device_model": "iPhone13,4",
    "context_device_type": "mobile",
    "context_os_name": "ios",
    "context_os_version": "18.0.1",
    "context_receiver_service_timestamp": 1730742369157,
    "context_time": 1730742367454,
    "message_message": "aborted_due_to_restrictions",
    "message_reason": "abort",
    "message_restrictions": [
      "music_is_playing"
    ],
    "message_trigger_feature_identifier": "car_detection",
    "message_trigger_method": "unresolved"
  },
  {
    "timestamp_utc": "2024-10-18T19:32:16.469Z",
    "context_application_version": "8.9.82.628",
    "context_conn_country": "US",
    "context_device_manufacturer": "apple",
    "context_device_model": "iPhone13,4",
    "context_device_type": "mobile",
    "context_os_name": "ios",
    "context_os_version": "18.0.1",
    "context_receiver_service_timestamp": 1729279938859,
    "context_time": 1729279936469,
    "message_message": "aborted_due_to_restrictions",
    "message_reason": "abort",
    "message_restrictions": [
      "music_is_playing"
    ],
    "message_trigger_feature_identifier": "car_detection",
    "message_trigger_method": "unresolved"
  },
  {
    "timestamp_utc": "2024-10-21T20:19:40.218Z",
    "context_application_version": "8.9.82.628",
    "context_conn_country": "US",
    "context_device_manufacturer": "apple",
    "context_device_model": "iPhone13,4",
    "context_device_type": "mobile",
    "context_os_name": "ios",
    "context_os_version": "18.0.1",
    "context_receiver_service_timestamp": 1729541983854,
    "context_time": 1729541980218,
    "message_message": "aborted_due_to_restrictions",
    "message_reason": "abort",
    "message_restrictions": [
      "other_audio_playing",
      "user_on_a_call"
    ],
    "message_trigger_feature_identifier": "car_detection",
    "message_trigger_method": "unresolved"
  },
  {
    "timestamp_utc": "2024-10-07T01:49:39.900Z",
    "context_application_version": "8.9.76.516",
    "context_conn_country": "US",
    "context_device_manufacturer": "apple",
    "context_device_model": "iPhone13,4",
    "context_device_type": "mobile",
    "context_os_name": "ios",
    "context_os_version": "18.0.1",
    "context_receiver_service_timestamp": 1728265789598,
    "context_time": 1728265779900,
    "message_message": "aborted_due_to_restrictions",
    "message_reason": "abort",
    "message_restrictions": [
      "music_is_playing"
    ],
    "message_trigger_feature_identifier": "car_detection",
    "message_trigger_method": "unresolved"
  },
  {
    "timestamp_utc": "2024-11-13T17:47:03.253Z",
    "context_application_version": "8.9.90.84",
    "context_conn_country": "US",
    "context_device_manufacturer": "apple",
    "context_device_model": "iPhone13,4",
    "context_device_type": "mobile",
    "context_os_name": "ios",
    "context_os_version": "18.0.1",
    "context_receiver_service_timestamp": 1731520026179,
    "context_time": 1731520023253,
    "message_message": "aborted_due_to_restrictions",
    "message_reason": "abort",
    "message_restrictions": [
      "music_is_playing"
    ],
    "message_trigger_feature_identifier": "car_detection",
    "message_trigger_method": "unresolved"
  },
  {
    "timestamp_utc": "2024-10-01T22:47:41.951Z",
    "context_application_version": "8.9.76.516",
    "context_conn_country": "US",
    "context_device_manufacturer": "apple",
    "context_device_model": "iPhone13,4",
    "context_device_type": "mobile",
    "context_os_name": "ios",
    "context_os_version": "18.0",
    "context_receiver_service_timestamp": 1727822866737,
    "context_time": 1727822861951,
    "message_message": "aborted_due_to_restrictions",
    "message_reason": "abort",
    "message_restrictions": [
      "music_is_playing"
    ],
    "message_trigger_feature_identifier": "car_detection",
    "message_trigger_method": "unresolved"
  },
  {
    "timestamp_utc": "2024-10-17T21:32:03.583Z",
    "context_application_version": "8.9.82.628",
    "context_conn_country": "US",
    "context_device_manufacturer": "apple",
    "context_device_model": "iPhone13,4",
    "context_device_type": "mobile",
    "context_os_name": "ios",
    "context_os_version": "18.0.1",
    "context_receiver_service_timestamp": 1729200726074,
    "context_time": 1729200723583,
    "message_message": "aborted_due_to_restrictions",
    "message_reason": "abort",
    "message_restrictions": [
      "music_is_playing"
    ],
    "message_trigger_feature_identifier": "car_detection",
    "message_trigger_method": "unresolved"
  }
]