[
  {
    "message_target_uri": "/album/7uuTZn2ae80nrDSuBJG0RI",
    "message_view_uri": "/search/studying coding",
    "timestamp_utc": "2024-11-05T20:34:57.224Z",
    "context_application_version": "1.2.49.439",
    "context_conn_country": "US",
    "context_receiver_service_timestamp": 1731295603944,
    "context_time": 1730838897224,
    "context_user_agent": null,
    "message_action_intent": "navigate",
    "message_action_type": "click",
    "message_browser_name": null,
    "message_browser_os": null,
    "message_browser_platform": null,
    "message_item_id": "",
    "message_page": "search"
  },
  {
    "message_target_uri": "spotify:playlist:37i9dQZF1DZ06evO0BEOzm",
    "message_view_uri": "/",
    "timestamp_utc": "2024-09-24T23:53:01.508Z",
    "context_application_version": "1.2.45.454",
    "context_conn_country": "US",
    "context_receiver_service_timestamp": 1727221991951,
    "context_time": 1727221981508,
    "context_user_agent": null,
    "message_action_intent": "pause",
    "message_action_type": "click",
    "message_browser_name": null,
    "message_browser_os": null,
    "message_browser_platform": null,
    "message_item_id": "",
    "message_page": null
  },
  {
    "message_target_uri": null,
    "message_view_uri": "/search/studying coding",
    "timestamp_utc": "2024-11-05T18:29:54.564Z",
    "context_application_version": "1.2.49.439",
    "context_conn_country": "US",
    "context_receiver_service_timestamp": 1730831402287,
    "context_time": 1730831394564,
    "context_user_agent": null,
    "message_action_intent": "play",
    "message_action_type": "click",
    "message_browser_name": null,
    "message_browser_os": null,
    "message_browser_platform": null,
    "message_item_id": "search-page/search-results/search-results-tracklist/row/0",
    "message_page": "search"
  },
  {
    "message_target_uri": null,
    "message_view_uri": "/search/studying late",
    "timestamp_utc": "2024-09-22T11:22:56.100Z",
    "context_application_version": "1.2.45.454",
    "context_conn_country": "US",
    "context_receiver_service_timestamp": 1727004181948,
    "context_time": 1727004176100,
    "context_user_agent": null,
    "message_action_intent": "play",
    "message_action_type": "click",
    "message_browser_name": null,
    "message_browser_os": null,
    "message_browser_platform": null,
    "message_item_id": "search-page/search-results/search-results-tracklist/row/0",
    "message_page": "search"
  },
  {
    "message_target_uri": null,
    "message_view_uri": "/album/3kjHLu1pL7tdY88GFwEkl6",
    "timestamp_utc": "2024-09-25T00:06:21.838Z",
    "context_application_version": "1.2.45.454",
    "context_conn_country": "US",
    "context_receiver_service_timestamp": 1727222791041,
    "context_time": 1727222781838,
    "context_user_agent": null,
    "message_action_intent": "play",
    "message_action_type": "click",
    "message_browser_name": null,
    "message_browser_os": null,
    "message_browser_platform": null,
    "message_item_id": "album-tracklist/row/8",
    "message_page": "album"
  },
  {
    "message_target_uri": null,
    "message_view_uri": "/playlist/0TZzI1kxrnrBeTgyczHQIl",
    "timestamp_utc": "2024-09-23T19:30:13.730Z",
    "context_application_version": "1.2.45.454",
    "context_conn_country": "US",
    "context_receiver_service_timestamp": 1727119818044,
    "context_time": 1727119813730,
    "context_user_agent": null,
    "message_action_intent": "play",
    "message_action_type": "click",
    "message_browser_name": null,
    "message_browser_os": null,
    "message_browser_platform": null,
    "message_item_id": "playlist-tracklist/row/0",
    "message_page": "playlist"
  },
  {
    "message_target_uri": null,
    "message_view_uri": "/search/heads will roll",
    "timestamp_utc": "2024-10-11T22:29:05.751Z",
    "context_application_version": "1.2.47.364",
    "context_conn_country": "US",
    "context_receiver_service_timestamp": 1728685748752,
    "context_time": 1728685745751,
    "context_user_agent": null,
    "message_action_intent": "pause",
    "message_action_type": "click",
    "message_browser_name": null,
    "message_browser_os": null,
    "message_browser_platform": null,
    "message_item_id": "now-playing-bar",
    "message_page": "search"
  },
  {
    "message_target_uri": "spotify:playlist:37i9dQZF1F0sijgNaJdgit",
    "message_view_uri": "/recent-searches",
    "timestamp_utc": "2024-09-25T05:25:26.706Z",
    "context_application_version": "1.2.45.454",
    "context_conn_country": "US",
    "context_receiver_service_timestamp": 1727241926989,
    "context_time": 1727241926706,
    "context_user_agent": null,
    "message_action_intent": "navigate",
    "message_action_type": "click",
    "message_browser_name": null,
    "message_browser_os": null,
    "message_browser_platform": null,
    "message_item_id": "search-page/search-history/4",
    "message_page": "recent-searches"
  },
  {
    "message_target_uri": null,
    "message_view_uri": "/playlist/3DhYfL7oJvRDUy5as4yoJp",
    "timestamp_utc": "2024-09-18T18:25:16.127Z",
    "context_application_version": "1.2.45.454",
    "context_conn_country": "US",
    "context_receiver_service_timestamp": 1726683919736,
    "context_time": 1726683916127,
    "context_user_agent": null,
    "message_action_intent": "play",
    "message_action_type": "click",
    "message_browser_name": null,
    "message_browser_os": null,
    "message_browser_platform": null,
    "message_item_id": "playlist-tracklist/row/0",
    "message_page": "playlist"
  },
  {
    "message_target_uri": null,
    "message_view_uri": "/album/3kjHLu1pL7tdY88GFwEkl6",
    "timestamp_utc": "2024-09-25T00:07:22.092Z",
    "context_application_version": "1.2.45.454",
    "context_conn_country": "US",
    "context_receiver_service_timestamp": 1727222851041,
    "context_time": 1727222842092,
    "context_user_agent": null,
    "message_action_intent": "seek",
    "message_action_type": "click",
    "message_browser_name": null,
    "message_browser_os": null,
    "message_browser_platform": null,
    "message_item_id": "now-playing-bar",
    "message_page": "album"
  },
  {
    "message_target_uri": null,
    "message_view_uri": "/album/3kjHLu1pL7tdY88GFwEkl6",
    "timestamp_utc": "2024-09-25T00:05:28.007Z",
    "context_application_version": "1.2.45.454",
    "context_conn_country": "US",
    "context_receiver_service_timestamp": 1727222731059,
    "context_time": 1727222728007,
    "context_user_agent": null,
    "message_action_intent": "play",
    "message_action_type": "click",
    "message_browser_name": null,
    "message_browser_os": null,
    "message_browser_platform": null,
    "message_item_id": "now-playing-bar",
    "message_page": "album"
  },
  {
    "message_target_uri": null,
    "message_view_uri": "/playlist/3m0oKYSbiPZdl1CIQ4jp4r",
    "timestamp_utc": "2024-09-21T20:36:43.710Z",
    "context_application_version": "1.2.45.454",
    "context_conn_country": "US",
    "context_receiver_service_timestamp": 1726951004705,
    "context_time": 1726951003710,
    "context_user_agent": null,
    "message_action_intent": "play",
    "message_action_type": "click",
    "message_browser_name": null,
    "message_browser_os": null,
    "message_browser_platform": null,
    "message_item_id": "playlist-tracklist/row/7",
    "message_page": "playlist"
  },
  {
    "message_target_uri": "spotify:playlist:37i9dQZF1Fa1IIVtEpGUcU",
    "message_view_uri": "/search/my top ",
    "timestamp_utc": "2024-09-25T17:52:08.495Z",
    "context_application_version": "1.2.47.364",
    "context_conn_country": "US",
    "context_receiver_service_timestamp": 1727286732917,
    "context_time": 1727286728495,
    "context_user_agent": null,
    "message_action_intent": "play",
    "message_action_type": "click",
    "message_browser_name": null,
    "message_browser_os": null,
    "message_browser_platform": null,
    "message_item_id": "search-page/search-results/top-result-card",
    "message_page": "search"
  },
  {
    "message_target_uri": "spotify:track:24iEb8yKTCjTNp1rZzeLGW",
    "message_view_uri": "/search/lay down ",
    "timestamp_utc": "2024-09-25T00:09:31.319Z",
    "context_application_version": "1.2.45.454",
    "context_conn_country": "US",
    "context_receiver_service_timestamp": 1727222981006,
    "context_time": 1727222971319,
    "context_user_agent": null,
    "message_action_intent": "navigate",
    "message_action_type": "click",
    "message_browser_name": null,
    "message_browser_os": null,
    "message_browser_platform": null,
    "message_item_id": "search-page/search-results/top-result-card",
    "message_page": "search"
  },
  {
    "message_target_uri": null,
    "message_view_uri": "/album/3kjHLu1pL7tdY88GFwEkl6",
    "timestamp_utc": "2024-09-25T00:02:40.068Z",
    "context_application_version": "1.2.45.454",
    "context_conn_country": "US",
    "context_receiver_service_timestamp": 1727222561098,
    "context_time": 1727222560068,
    "context_user_agent": null,
    "message_action_intent": "seek",
    "message_action_type": "click",
    "message_browser_name": null,
    "message_browser_os": null,
    "message_browser_platform": null,
    "message_item_id": "now-playing-bar",
    "message_page": "album"
  },
  {
    "message_target_uri": "spotify:playlist:37i9dQZF1DZ06evO4iRboc",
    "message_view_uri": "/artist/7gW0r5CkdEUMm42w9XpyZO",
    "timestamp_utc": "2024-06-12T21:58:59.568Z",
    "context_application_version": "1.2.38.720",
    "context_conn_country": "US",
    "context_receiver_service_timestamp": 1718229544908,
    "context_time": 1718229539568,
    "context_user_agent": null,
    "message_action_intent": "navigate",
    "message_action_type": "click",
    "message_browser_name": null,
    "message_browser_os": null,
    "message_browser_platform": null,
    "message_item_id": "shelf/featuring/card/0",
    "message_page": "artist"
  },
  {
    "message_target_uri": null,
    "message_view_uri": "/album/3kjHLu1pL7tdY88GFwEkl6",
    "timestamp_utc": "2024-09-25T00:07:10.444Z",
    "context_application_version": "1.2.45.454",
    "context_conn_country": "US",
    "context_receiver_service_timestamp": 1727222831047,
    "context_time": 1727222830444,
    "context_user_agent": null,
    "message_action_intent": "seek",
    "message_action_type": "click",
    "message_browser_name": null,
    "message_browser_os": null,
    "message_browser_platform": null,
    "message_item_id": "now-playing-bar",
    "message_page": "album"
  },
  {
    "message_target_uri": null,
    "message_view_uri": "/playlist/6R18Q2qW16x77KuyVy0YnF",
    "timestamp_utc": "2024-09-22T11:30:38.439Z",
    "context_application_version": "1.2.45.454",
    "context_conn_country": "US",
    "context_receiver_service_timestamp": 1727004641939,
    "context_time": 1727004638439,
    "context_user_agent": null,
    "message_action_intent": "play",
    "message_action_type": "click",
    "message_browser_name": null,
    "message_browser_os": null,
    "message_browser_platform": null,
    "message_item_id": "playlist-tracklist/row/0",
    "message_page": "playlist"
  },
  {
    "message_target_uri": null,
    "message_view_uri": "/album/3kjHLu1pL7tdY88GFwEkl6",
    "timestamp_utc": "2024-09-25T00:03:25.505Z",
    "context_application_version": "1.2.45.454",
    "context_conn_country": "US",
    "context_receiver_service_timestamp": 1727222611159,
    "context_time": 1727222605505,
    "context_user_agent": null,
    "message_action_intent": "play",
    "message_action_type": "click",
    "message_browser_name": null,
    "message_browser_os": null,
    "message_browser_platform": null,
    "message_item_id": "now-playing-bar",
    "message_page": "album"
  },
  {
    "message_target_uri": "spotify:playlist:3DhYfL7oJvRDUy5as4yoJp",
    "message_view_uri": "/",
    "timestamp_utc": "2024-09-21T19:30:45.016Z",
    "context_application_version": "1.2.45.454",
    "context_conn_country": "US",
    "context_receiver_service_timestamp": 1726947054631,
    "context_time": 1726947045016,
    "context_user_agent": null,
    "message_action_intent": "play",
    "message_action_type": "click",
    "message_browser_name": null,
    "message_browser_os": null,
    "message_browser_platform": null,
    "message_item_id": "",
    "message_page": null
  },
  {
    "message_target_uri": "spotify:playlist:2ndjIXc08a5al6z82AT9Kd",
    "message_view_uri": "/search/studying late",
    "timestamp_utc": "2024-09-22T11:18:35.937Z",
    "context_application_version": "1.2.45.454",
    "context_conn_country": "US",
    "context_receiver_service_timestamp": 1727003922304,
    "context_time": 1727003915937,
    "context_user_agent": null,
    "message_action_intent": "play",
    "message_action_type": "click",
    "message_browser_name": null,
    "message_browser_os": null,
    "message_browser_platform": null,
    "message_item_id": "search-page/search-results/top-result-card",
    "message_page": "search"
  },
  {
    "message_target_uri": "spotify:playlist:37i9dQZF1EQpesGsmIyqcW",
    "message_view_uri": "/",
    "timestamp_utc": "2024-09-30T18:17:48.845Z",
    "context_application_version": "1.2.47.364",
    "context_conn_country": "US",
    "context_receiver_service_timestamp": 1727720273883,
    "context_time": 1727720268845,
    "context_user_agent": null,
    "message_action_intent": "play",
    "message_action_type": "click",
    "message_browser_name": null,
    "message_browser_os": null,
    "message_browser_platform": null,
    "message_item_id": "",
    "message_page": null
  },
  {
    "message_target_uri": null,
    "message_view_uri": "/album/3kjHLu1pL7tdY88GFwEkl6",
    "timestamp_utc": "2024-09-25T00:03:29.533Z",
    "context_application_version": "1.2.45.454",
    "context_conn_country": "US",
    "context_receiver_service_timestamp": 1727222611159,
    "context_time": 1727222609533,
    "context_user_agent": null,
    "message_action_intent": "play",
    "message_action_type": "click",
    "message_browser_name": null,
    "message_browser_os": null,
    "message_browser_platform": null,
    "message_item_id": "now-playing-bar",
    "message_page": "album"
  },
  {
    "message_target_uri": null,
    "message_view_uri": "/search/dark ac",
    "timestamp_utc": "2024-09-26T19:59:05.964Z",
    "context_application_version": "1.2.47.364",
    "context_conn_country": "US",
    "context_receiver_service_timestamp": 1727380749182,
    "context_time": 1727380745964,
    "context_user_agent": null,
    "message_action_intent": "pause",
    "message_action_type": "click",
    "message_browser_name": null,
    "message_browser_os": null,
    "message_browser_platform": null,
    "message_item_id": "now-playing-bar",
    "message_page": "search"
  },
  {
    "message_target_uri": null,
    "message_view_uri": "/playlist/37i9dQZF1DZ06evO4iRboc",
    "timestamp_utc": "2024-06-12T21:59:25.261Z",
    "context_application_version": "1.2.38.720",
    "context_conn_country": "US",
    "context_receiver_service_timestamp": 1718229574674,
    "context_time": 1718229565261,
    "context_user_agent": null,
    "message_action_intent": "play",
    "message_action_type": "click",
    "message_browser_name": null,
    "message_browser_os": null,
    "message_browser_platform": null,
    "message_item_id": "playlist-tracklist/row/2",
    "message_page": "playlist"
  },
  {
    "message_target_uri": "spotify:playlist:3m0oKYSbiPZdl1CIQ4jp4r",
    "message_view_uri": "/",
    "timestamp_utc": "2024-09-21T20:36:31.060Z",
    "context_application_version": "1.2.45.454",
    "context_conn_country": "US",
    "context_receiver_service_timestamp": 1726950994573,
    "context_time": 1726950991060,
    "context_user_agent": null,
    "message_action_intent": "play",
    "message_action_type": "click",
    "message_browser_name": null,
    "message_browser_os": null,
    "message_browser_platform": null,
    "message_item_id": "",
    "message_page": null
  },
  {
    "message_target_uri": "spotify:album:2iBpPxxuqu0rsDa99hQuPo",
    "message_view_uri": "/album/2iBpPxxuqu0rsDa99hQuPo",
    "timestamp_utc": "2024-09-25T00:09:35.358Z",
    "context_application_version": "1.2.45.454",
    "context_conn_country": "US",
    "context_receiver_service_timestamp": 1727222981006,
    "context_time": 1727222975358,
    "context_user_agent": null,
    "message_action_intent": "play",
    "message_action_type": "click",
    "message_browser_name": null,
    "message_browser_os": null,
    "message_browser_platform": null,
    "message_item_id": "/button",
    "message_page": "album"
  },
  {
    "message_target_uri": "spotify:playlist:37i9dQZF1DWSgrQDsmAXok",
    "message_view_uri": "/",
    "timestamp_utc": "2024-09-24T23:47:26.748Z",
    "context_application_version": "1.2.45.454",
    "context_conn_country": "US",
    "context_receiver_service_timestamp": 1727221651259,
    "context_time": 1727221646748,
    "context_user_agent": null,
    "message_action_intent": "play",
    "message_action_type": "click",
    "message_browser_name": null,
    "message_browser_os": null,
    "message_browser_platform": null,
    "message_item_id": "",
    "message_page": null
  },
  {
    "message_target_uri": "spotify:album:7p5Nfjf6G1SC4xveOYrmHc",
    "message_view_uri": "/",
    "timestamp_utc": "2024-09-18T18:25:09.715Z",
    "context_application_version": "1.2.45.454",
    "context_conn_country": "US",
    "context_receiver_service_timestamp": 1726683919736,
    "context_time": 1726683909715,
    "context_user_agent": null,
    "message_action_intent": "play",
    "message_action_type": "click",
    "message_browser_name": null,
    "message_browser_os": null,
    "message_browser_platform": null,
    "message_item_id": "",
    "message_page": null
  },
  {
    "message_target_uri": "/album/3kjHLu1pL7tdY88GFwEkl6",
    "message_view_uri": "/",
    "timestamp_utc": "2024-09-24T23:58:04.727Z",
    "context_application_version": "1.2.45.454",
    "context_conn_country": "US",
    "context_receiver_service_timestamp": 1727222291048,
    "context_time": 1727222284727,
    "context_user_agent": null,
    "message_action_intent": "navigate",
    "message_action_type": "click",
    "message_browser_name": null,
    "message_browser_os": null,
    "message_browser_platform": null,
    "message_item_id": "now-playing-bar",
    "message_page": null
  },
  {
    "message_target_uri": null,
    "message_view_uri": "/playlist/37i9dQZF1F0sijgNaJdgit",
    "timestamp_utc": "2024-09-25T09:42:30.184Z",
    "context_application_version": "1.2.45.454",
    "context_conn_country": "US",
    "context_receiver_service_timestamp": 1727257354371,
    "context_time": 1727257350184,
    "context_user_agent": null,
    "message_action_intent": "play",
    "message_action_type": "click",
    "message_browser_name": null,
    "message_browser_os": null,
    "message_browser_platform": null,
    "message_item_id": "playlist-tracklist/row/3",
    "message_page": "playlist"
  },
  {
    "message_target_uri": null,
    "message_view_uri": "/playlist/0TZzI1kxrnrBeTgyczHQIl",
    "timestamp_utc": "2024-09-23T23:47:53.418Z",
    "context_application_version": "1.2.45.454",
    "context_conn_country": "US",
    "context_receiver_service_timestamp": 1727135278459,
    "context_time": 1727135273418,
    "context_user_agent": null,
    "message_action_intent": "pause",
    "message_action_type": "click",
    "message_browser_name": null,
    "message_browser_os": null,
    "message_browser_platform": null,
    "message_item_id": "now-playing-bar",
    "message_page": "playlist"
  },
  {
    "message_target_uri": null,
    "message_view_uri": "/",
    "timestamp_utc": "2024-11-05T18:28:46.797Z",
    "context_application_version": "1.2.49.439",
    "context_conn_country": "US",
    "context_receiver_service_timestamp": 1730831332295,
    "context_time": 1730831326797,
    "context_user_agent": null,
    "message_action_intent": "play",
    "message_action_type": "click",
    "message_browser_name": null,
    "message_browser_os": null,
    "message_browser_platform": null,
    "message_item_id": "now-playing-bar",
    "message_page": null
  },
  {
    "message_target_uri": null,
    "message_view_uri": "/album/3kjHLu1pL7tdY88GFwEkl6",
    "timestamp_utc": "2024-09-25T00:02:37.489Z",
    "context_application_version": "1.2.45.454",
    "context_conn_country": "US",
    "context_receiver_service_timestamp": 1727222561098,
    "context_time": 1727222557489,
    "context_user_agent": null,
    "message_action_intent": "play",
    "message_action_type": "click",
    "message_browser_name": null,
    "message_browser_os": null,
    "message_browser_platform": null,
    "message_item_id": "now-playing-bar",
    "message_page": "album"
  },
  {
    "message_target_uri": null,
    "message_view_uri": "/playlist/0TZzI1kxrnrBeTgyczHQIl",
    "timestamp_utc": "2024-09-23T23:01:13.740Z",
    "context_application_version": "1.2.45.454",
    "context_conn_country": "US",
    "context_receiver_service_timestamp": 1727132478397,
    "context_time": 1727132473740,
    "context_user_agent": null,
    "message_action_intent": "play",
    "message_action_type": "click",
    "message_browser_name": null,
    "message_browser_os": null,
    "message_browser_platform": null,
    "message_item_id": "playlist-tracklist/row/0",
    "message_page": "playlist"
  },
  {
    "message_target_uri": null,
    "message_view_uri": "/playlist/2ndjIXc08a5al6z82AT9Kd",
    "timestamp_utc": "2024-09-26T19:30:35.928Z",
    "context_application_version": "1.2.47.364",
    "context_conn_country": "US",
    "context_receiver_service_timestamp": 1727379039557,
    "context_time": 1727379035928,
    "context_user_agent": null,
    "message_action_intent": "play",
    "message_action_type": "click",
    "message_browser_name": null,
    "message_browser_os": null,
    "message_browser_platform": null,
    "message_item_id": "playlist-tracklist/row/0",
    "message_page": "playlist"
  },
  {
    "message_target_uri": null,
    "message_view_uri": "/playlist/6Jf2HaYui4cjFRPvkBrkjQ",
    "timestamp_utc": "2024-09-30T18:18:05.366Z",
    "context_application_version": "1.2.47.364",
    "context_conn_country": "US",
    "context_receiver_service_timestamp": 1727720294519,
    "context_time": 1727720285366,
    "context_user_agent": null,
    "message_action_intent": "play",
    "message_action_type": "click",
    "message_browser_name": null,
    "message_browser_os": null,
    "message_browser_platform": null,
    "message_item_id": "playlist-tracklist/row/0",
    "message_page": "playlist"
  },
  {
    "message_target_uri": "spotify:album:1OojCidx0eoPKch2M0Kz31",
    "message_view_uri": "/playlist/37i9dQZF1E35qSYnSQb7cK",
    "timestamp_utc": "2024-10-28T19:58:10.340Z",
    "context_application_version": "1.2.48.405",
    "context_conn_country": "US",
    "context_receiver_service_timestamp": 1730145491391,
    "context_time": 1730145490340,
    "context_user_agent": null,
    "message_action_intent": "navigate",
    "message_action_type": "click",
    "message_browser_name": null,
    "message_browser_os": null,
    "message_browser_platform": null,
    "message_item_id": "playlist-tracklist/row/1",
    "message_page": "playlist"
  },
  {
    "message_target_uri": null,
    "message_view_uri": "/playlist/37i9dQZF1F0sijgNaJdgit",
    "timestamp_utc": "2024-09-25T17:51:59.386Z",
    "context_application_version": "1.2.47.364",
    "context_conn_country": "US",
    "context_receiver_service_timestamp": 1727286721717,
    "context_time": 1727286719386,
    "context_user_agent": null,
    "message_action_intent": "pause",
    "message_action_type": "click",
    "message_browser_name": null,
    "message_browser_os": null,
    "message_browser_platform": null,
    "message_item_id": "now-playing-bar",
    "message_page": "playlist"
  },
  {
    "message_target_uri": "spotify:playlist:3bZTQGrvewbkJJe6UpTFKc",
    "message_view_uri": "/search/studying late",
    "timestamp_utc": "2024-09-22T11:24:53.256Z",
    "context_application_version": "1.2.45.454",
    "context_conn_country": "US",
    "context_receiver_service_timestamp": 1727004302136,
    "context_time": 1727004293256,
    "context_user_agent": null,
    "message_action_intent": "play",
    "message_action_type": "click",
    "message_browser_name": null,
    "message_browser_os": null,
    "message_browser_platform": null,
    "message_item_id": "search-page/search-results/playlists/2",
    "message_page": "search"
  },
  {
    "message_target_uri": null,
    "message_view_uri": "/playlist/3DhYfL7oJvRDUy5as4yoJp",
    "timestamp_utc": "2024-09-19T04:34:13.986Z",
    "context_application_version": "1.2.45.454",
    "context_conn_country": "US",
    "context_receiver_service_timestamp": 1726720459940,
    "context_time": 1726720453986,
    "context_user_agent": null,
    "message_action_intent": "play",
    "message_action_type": "click",
    "message_browser_name": null,
    "message_browser_os": null,
    "message_browser_platform": null,
    "message_item_id": "now-playing-bar",
    "message_page": "playlist"
  },
  {
    "message_target_uri": null,
    "message_view_uri": "/playlist/0TZzI1kxrnrBeTgyczHQIl",
    "timestamp_utc": "2024-09-23T23:55:54.781Z",
    "context_application_version": "1.2.45.454",
    "context_conn_country": "US",
    "context_receiver_service_timestamp": 1727135758552,
    "context_time": 1727135754781,
    "context_user_agent": null,
    "message_action_intent": "pause",
    "message_action_type": "click",
    "message_browser_name": null,
    "message_browser_os": null,
    "message_browser_platform": null,
    "message_item_id": "now-playing-bar",
    "message_page": "playlist"
  },
  {
    "message_target_uri": "spotify:playlist:37i9dQZF1E35qSYnSQb7cK",
    "message_view_uri": "/",
    "timestamp_utc": "2024-10-28T01:16:11.902Z",
    "context_application_version": "1.2.48.405",
    "context_conn_country": "US",
    "context_receiver_service_timestamp": 1730078175108,
    "context_time": 1730078171902,
    "context_user_agent": null,
    "message_action_intent": "navigate",
    "message_action_type": "click",
    "message_browser_name": null,
    "message_browser_os": null,
    "message_browser_platform": null,
    "message_item_id": "",
    "message_page": null
  },
  {
    "message_target_uri": "spotify:playlist:2ndjIXc08a5al6z82AT9Kd",
    "message_view_uri": "/search",
    "timestamp_utc": "2024-09-26T19:30:31.938Z",
    "context_application_version": "1.2.47.364",
    "context_conn_country": "US",
    "context_receiver_service_timestamp": 1727379039557,
    "context_time": 1727379031938,
    "context_user_agent": null,
    "message_action_intent": "navigate",
    "message_action_type": "click",
    "message_browser_name": null,
    "message_browser_os": null,
    "message_browser_platform": null,
    "message_item_id": "search-page/search-history/0",
    "message_page": "search"
  },
  {
    "message_target_uri": null,
    "message_view_uri": "/playlist/2ndjIXc08a5al6z82AT9Kd",
    "timestamp_utc": "2024-09-22T11:22:51.085Z",
    "context_application_version": "1.2.45.454",
    "context_conn_country": "US",
    "context_receiver_service_timestamp": 1727004171939,
    "context_time": 1727004171085,
    "context_user_agent": null,
    "message_action_intent": "play",
    "message_action_type": "click",
    "message_browser_name": null,
    "message_browser_os": null,
    "message_browser_platform": null,
    "message_item_id": "playlist-tracklist/row/1",
    "message_page": "playlist"
  },
  {
    "message_target_uri": "spotify:episode:0xIOeves1EMwAi7PgwDmpI",
    "message_view_uri": "/search/studying late",
    "timestamp_utc": "2024-09-22T11:30:32.067Z",
    "context_application_version": "1.2.45.454",
    "context_conn_country": "US",
    "context_receiver_service_timestamp": 1727004632833,
    "context_time": 1727004632067,
    "context_user_agent": null,
    "message_action_intent": "play",
    "message_action_type": "click",
    "message_browser_name": null,
    "message_browser_os": null,
    "message_browser_platform": null,
    "message_item_id": "search-page/search-results/episodes/3",
    "message_page": "search"
  },
  {
    "message_target_uri": null,
    "message_view_uri": "/album/3kjHLu1pL7tdY88GFwEkl6",
    "timestamp_utc": "2024-09-25T00:04:53.911Z",
    "context_application_version": "1.2.45.454",
    "context_conn_country": "US",
    "context_receiver_service_timestamp": 1727222701126,
    "context_time": 1727222693911,
    "context_user_agent": null,
    "message_action_intent": "pause",
    "message_action_type": "click",
    "message_browser_name": null,
    "message_browser_os": null,
    "message_browser_platform": null,
    "message_item_id": "now-playing-bar",
    "message_page": "album"
  },
  {
    "message_target_uri": "spotify:playlist:23dA4m6KTZ2B56lN8BQ8ij",
    "message_view_uri": "/search/studying late",
    "timestamp_utc": "2024-09-22T11:24:50.333Z",
    "context_application_version": "1.2.45.454",
    "context_conn_country": "US",
    "context_receiver_service_timestamp": 1727004291940,
    "context_time": 1727004290333,
    "context_user_agent": null,
    "message_action_intent": "play",
    "message_action_type": "click",
    "message_browser_name": null,
    "message_browser_os": null,
    "message_browser_platform": null,
    "message_item_id": "search-page/search-results/playlists/3",
    "message_page": "search"
  },
  {
    "message_target_uri": "spotify:playlist:37i9dQZF1F0sijgNaJdgit",
    "message_view_uri": "/recent-searches",
    "timestamp_utc": "2024-09-25T05:25:23.880Z",
    "context_application_version": "1.2.45.454",
    "context_conn_country": "US",
    "context_receiver_service_timestamp": 1727241926989,
    "context_time": 1727241923880,
    "context_user_agent": null,
    "message_action_intent": "play",
    "message_action_type": "click",
    "message_browser_name": null,
    "message_browser_os": null,
    "message_browser_platform": null,
    "message_item_id": "search-page/search-history/4",
    "message_page": "recent-searches"
  },
  {
    "message_target_uri": null,
    "message_view_uri": "/",
    "timestamp_utc": "2024-09-25T17:50:45.309Z",
    "context_application_version": "1.2.47.364",
    "context_conn_country": "US",
    "context_receiver_service_timestamp": 1727286652608,
    "context_time": 1727286645309,
    "context_user_agent": null,
    "message_action_intent": "play",
    "message_action_type": "click",
    "message_browser_name": null,
    "message_browser_os": null,
    "message_browser_platform": null,
    "message_item_id": "now-playing-bar",
    "message_page": null
  },
  {
    "message_target_uri": null,
    "message_view_uri": "/album/3kjHLu1pL7tdY88GFwEkl6",
    "timestamp_utc": "2024-09-24T23:59:26.130Z",
    "context_application_version": "1.2.45.454",
    "context_conn_country": "US",
    "context_receiver_service_timestamp": 1727222371301,
    "context_time": 1727222366130,
    "context_user_agent": null,
    "message_action_intent": "play",
    "message_action_type": "double-click",
    "message_browser_name": null,
    "message_browser_os": null,
    "message_browser_platform": null,
    "message_item_id": "album-tracklist/row/10",
    "message_page": "album"
  },
  {
    "message_target_uri": null,
    "message_view_uri": "/",
    "timestamp_utc": "2024-09-11T21:08:00.026Z",
    "context_application_version": "1.2.39.578",
    "context_conn_country": "US",
    "context_receiver_service_timestamp": 1726088886953,
    "context_time": 1726088880026,
    "context_user_agent": null,
    "message_action_intent": "play",
    "message_action_type": "click",
    "message_browser_name": null,
    "message_browser_os": null,
    "message_browser_platform": null,
    "message_item_id": "now-playing-bar",
    "message_page": null
  },
  {
    "message_target_uri": "spotify:playlist:3m0oKYSbiPZdl1CIQ4jp4r",
    "message_view_uri": "/playlist/3m0oKYSbiPZdl1CIQ4jp4r",
    "timestamp_utc": "2024-09-21T20:36:38.729Z",
    "context_application_version": "1.2.45.454",
    "context_conn_country": "US",
    "context_receiver_service_timestamp": 1726951004705,
    "context_time": 1726950998729,
    "context_user_agent": null,
    "message_action_intent": "playlisting",
    "message_action_type": "click",
    "message_browser_name": null,
    "message_browser_os": null,
    "message_browser_platform": null,
    "message_item_id": "playlist-tracklist/row/0/contextmenu/track/remove-from-playlist",
    "message_page": "playlist"
  },
  {
    "message_target_uri": null,
    "message_view_uri": "/album/3kjHLu1pL7tdY88GFwEkl6",
    "timestamp_utc": "2024-09-25T00:05:25.493Z",
    "context_application_version": "1.2.45.454",
    "context_conn_country": "US",
    "context_receiver_service_timestamp": 1727222731059,
    "context_time": 1727222725493,
    "context_user_agent": null,
    "message_action_intent": "pause",
    "message_action_type": "click",
    "message_browser_name": null,
    "message_browser_os": null,
    "message_browser_platform": null,
    "message_item_id": "now-playing-bar",
    "message_page": "album"
  },
  {
    "message_target_uri": "spotify:playlist:0tBZqbt0BDrGQX8XhD6Ndg",
    "message_view_uri": "/search/studying late",
    "timestamp_utc": "2024-09-22T11:24:46.904Z",
    "context_application_version": "1.2.45.454",
    "context_conn_country": "US",
    "context_receiver_service_timestamp": 1727004291940,
    "context_time": 1727004286904,
    "context_user_agent": null,
    "message_action_intent": "play",
    "message_action_type": "click",
    "message_browser_name": null,
    "message_browser_os": null,
    "message_browser_platform": null,
    "message_item_id": "search-page/search-results/playlists/1",
    "message_page": "search"
  },
  {
    "message_target_uri": "spotify:playlist:2ndjIXc08a5al6z82AT9Kd",
    "message_view_uri": "/search",
    "timestamp_utc": "2024-09-26T19:30:31.935Z",
    "context_application_version": "1.2.47.364",
    "context_conn_country": "US",
    "context_receiver_service_timestamp": 1727379039557,
    "context_time": 1727379031935,
    "context_user_agent": null,
    "message_action_intent": "navigate",
    "message_action_type": "click",
    "message_browser_name": null,
    "message_browser_os": null,
    "message_browser_platform": null,
    "message_item_id": "search-page/search-history/0",
    "message_page": "search"
  },
  {
    "message_target_uri": "spotify:playlist:5z0gVMPQerW9SAulFKHaXQ",
    "message_view_uri": "/playlist/5z0gVMPQerW9SAulFKHaXQ",
    "timestamp_utc": "2024-09-19T05:51:04.277Z",
    "context_application_version": "1.2.45.454",
    "context_conn_country": "US",
    "context_receiver_service_timestamp": 1726725070466,
    "context_time": 1726725064277,
    "context_user_agent": null,
    "message_action_intent": "play",
    "message_action_type": "click",
    "message_browser_name": null,
    "message_browser_os": null,
    "message_browser_platform": null,
    "message_item_id": "/button",
    "message_page": "playlist"
  },
  {
    "message_target_uri": "spotify:playlist:15U9N9qC3XMs0z7jyfOMgN",
    "message_view_uri": "/artist/7gW0r5CkdEUMm42w9XpyZO",
    "timestamp_utc": "2024-06-12T21:58:45.276Z",
    "context_application_version": "1.2.38.720",
    "context_conn_country": "US",
    "context_receiver_service_timestamp": 1718229535331,
    "context_time": 1718229525276,
    "context_user_agent": null,
    "message_action_intent": "navigate",
    "message_action_type": "click",
    "message_browser_name": null,
    "message_browser_os": null,
    "message_browser_platform": null,
    "message_item_id": "shelf/artist-playlists/card/0",
    "message_page": "artist"
  },
  {
    "message_target_uri": null,
    "message_view_uri": "/album/3kjHLu1pL7tdY88GFwEkl6",
    "timestamp_utc": "2024-09-25T00:06:08.127Z",
    "context_application_version": "1.2.45.454",
    "context_conn_country": "US",
    "context_receiver_service_timestamp": 1727222771112,
    "context_time": 1727222768127,
    "context_user_agent": null,
    "message_action_intent": "pause",
    "message_action_type": "click",
    "message_browser_name": null,
    "message_browser_os": null,
    "message_browser_platform": null,
    "message_item_id": "now-playing-bar",
    "message_page": "album"
  },
  {
    "message_target_uri": "spotify:playlist:2ndjIXc08a5al6z82AT9Kd",
    "message_view_uri": "/search/studying late",
    "timestamp_utc": "2024-09-22T11:22:45.393Z",
    "context_application_version": "1.2.45.454",
    "context_conn_country": "US",
    "context_receiver_service_timestamp": 1727004171939,
    "context_time": 1727004165393,
    "context_user_agent": null,
    "message_action_intent": "navigate",
    "message_action_type": "click",
    "message_browser_name": null,
    "message_browser_os": null,
    "message_browser_platform": null,
    "message_item_id": "search-page/search-results/top-result-card",
    "message_page": "search"
  },
  {
    "message_target_uri": "spotify:playlist:37i9dQZF1EIdr6CLfTmq2O",
    "message_view_uri": "/",
    "timestamp_utc": "2024-09-30T18:17:44.913Z",
    "context_application_version": "1.2.47.364",
    "context_conn_country": "US",
    "context_receiver_service_timestamp": 1727720273883,
    "context_time": 1727720264913,
    "context_user_agent": null,
    "message_action_intent": "play",
    "message_action_type": "click",
    "message_browser_name": null,
    "message_browser_os": null,
    "message_browser_platform": null,
    "message_item_id": "",
    "message_page": null
  },
  {
    "message_target_uri": "",
    "message_view_uri": "/",
    "timestamp_utc": "2024-10-22T01:16:05.452Z",
    "context_application_version": "1.2.48.405",
    "context_conn_country": "US",
    "context_receiver_service_timestamp": 1730078165352,
    "context_time": 1729559765452,
    "context_user_agent": null,
    "message_action_intent": "navigate",
    "message_action_type": "click",
    "message_browser_name": null,
    "message_browser_os": null,
    "message_browser_platform": null,
    "message_item_id": "",
    "message_page": null
  },
  {
    "message_target_uri": "spotify:playlist:37i9dQZF1F0sijgNaJdgit",
    "message_view_uri": "/",
    "timestamp_utc": "2024-09-25T17:51:58.455Z",
    "context_application_version": "1.2.47.364",
    "context_conn_country": "US",
    "context_receiver_service_timestamp": 1727286721717,
    "context_time": 1727286718455,
    "context_user_agent": null,
    "message_action_intent": "navigate",
    "message_action_type": "click",
    "message_browser_name": null,
    "message_browser_os": null,
    "message_browser_platform": null,
    "message_item_id": "",
    "message_page": null
  },
  {
    "message_target_uri": "/album/3kjHLu1pL7tdY88GFwEkl6",
    "message_view_uri": "/album/3kjHLu1pL7tdY88GFwEkl6",
    "timestamp_utc": "2024-09-24T23:59:01.473Z",
    "context_application_version": "1.2.45.454",
    "context_conn_country": "US",
    "context_receiver_service_timestamp": 1727222351030,
    "context_time": 1727222341473,
    "context_user_agent": null,
    "message_action_intent": "navigate",
    "message_action_type": "click",
    "message_browser_name": null,
    "message_browser_os": null,
    "message_browser_platform": null,
    "message_item_id": "now-playing-bar",
    "message_page": "album"
  },
  {
    "message_target_uri": null,
    "message_view_uri": "/playlist/2ndjIXc08a5al6z82AT9Kd",
    "timestamp_utc": "2024-09-26T19:30:38.877Z",
    "context_application_version": "1.2.47.364",
    "context_conn_country": "US",
    "context_receiver_service_timestamp": 1727379039557,
    "context_time": 1727379038877,
    "context_user_agent": null,
    "message_action_intent": "play",
    "message_action_type": "click",
    "message_browser_name": null,
    "message_browser_os": null,
    "message_browser_platform": null,
    "message_item_id": "playlist-tracklist/row/1",
    "message_page": "playlist"
  },
  {
    "message_target_uri": "spotify:playlist:6Jf2HaYui4cjFRPvkBrkjQ",
    "message_view_uri": "/search/vietnamese coffee shop",
    "timestamp_utc": "2024-09-30T18:18:03.181Z",
    "context_application_version": "1.2.47.364",
    "context_conn_country": "US",
    "context_receiver_service_timestamp": 1727720284272,
    "context_time": 1727720283181,
    "context_user_agent": null,
    "message_action_intent": "navigate",
    "message_action_type": "click",
    "message_browser_name": null,
    "message_browser_os": null,
    "message_browser_platform": null,
    "message_item_id": "search-page/search-results/top-result-card",
    "message_page": "search"
  },
  {
    "message_target_uri": null,
    "message_view_uri": "/album/3kjHLu1pL7tdY88GFwEkl6",
    "timestamp_utc": "2024-09-25T00:05:22.081Z",
    "context_application_version": "1.2.45.454",
    "context_conn_country": "US",
    "context_receiver_service_timestamp": 1727222731059,
    "context_time": 1727222722081,
    "context_user_agent": null,
    "message_action_intent": "play",
    "message_action_type": "click",
    "message_browser_name": null,
    "message_browser_os": null,
    "message_browser_platform": null,
    "message_item_id": "now-playing-bar",
    "message_page": "album"
  },
  {
    "message_target_uri": null,
    "message_view_uri": "/playlist/37i9dQZF1DZ06evO4iRboc",
    "timestamp_utc": "2024-06-12T21:59:19.740Z",
    "context_application_version": "1.2.38.720",
    "context_conn_country": "US",
    "context_receiver_service_timestamp": 1718229564658,
    "context_time": 1718229559740,
    "context_user_agent": null,
    "message_action_intent": "play",
    "message_action_type": "click",
    "message_browser_name": null,
    "message_browser_os": null,
    "message_browser_platform": null,
    "message_item_id": "playlist-tracklist/row/1",
    "message_page": "playlist"
  },
  {
    "message_target_uri": null,
    "message_view_uri": "/playlist/6Jf2HaYui4cjFRPvkBrkjQ",
    "timestamp_utc": "2024-09-30T21:14:47.222Z",
    "context_application_version": "1.2.47.364",
    "context_conn_country": "US",
    "context_receiver_service_timestamp": 1727730893829,
    "context_time": 1727730887222,
    "context_user_agent": null,
    "message_action_intent": "pause",
    "message_action_type": "click",
    "message_browser_name": null,
    "message_browser_os": null,
    "message_browser_platform": null,
    "message_item_id": "now-playing-bar",
    "message_page": "playlist"
  },
  {
    "message_target_uri": "spotify:playlist:3m0oKYSbiPZdl1CIQ4jp4r",
    "message_view_uri": "/",
    "timestamp_utc": "2024-09-21T20:36:32.915Z",
    "context_application_version": "1.2.45.454",
    "context_conn_country": "US",
    "context_receiver_service_timestamp": 1726950994573,
    "context_time": 1726950992915,
    "context_user_agent": null,
    "message_action_intent": "navigate",
    "message_action_type": "click",
    "message_browser_name": null,
    "message_browser_os": null,
    "message_browser_platform": null,
    "message_item_id": "",
    "message_page": null
  },
  {
    "message_target_uri": null,
    "message_view_uri": "/album/3kjHLu1pL7tdY88GFwEkl6",
    "timestamp_utc": "2024-09-25T00:02:45.520Z",
    "context_application_version": "1.2.45.454",
    "context_conn_country": "US",
    "context_receiver_service_timestamp": 1727222571044,
    "context_time": 1727222565520,
    "context_user_agent": null,
    "message_action_intent": "seek",
    "message_action_type": "click",
    "message_browser_name": null,
    "message_browser_os": null,
    "message_browser_platform": null,
    "message_item_id": "now-playing-bar",
    "message_page": "album"
  },
  {
    "message_target_uri": null,
    "message_view_uri": "/playlist/6R18Q2qW16x77KuyVy0YnF",
    "timestamp_utc": "2024-09-22T12:08:26.967Z",
    "context_application_version": "1.2.45.454",
    "context_conn_country": "US",
    "context_receiver_service_timestamp": 1727006911964,
    "context_time": 1727006906967,
    "context_user_agent": null,
    "message_action_intent": "play",
    "message_action_type": "click",
    "message_browser_name": null,
    "message_browser_os": null,
    "message_browser_platform": null,
    "message_item_id": "row/0",
    "message_page": "playlist"
  },
  {
    "message_target_uri": null,
    "message_view_uri": "/album/3kjHLu1pL7tdY88GFwEkl6",
    "timestamp_utc": "2024-09-25T00:07:21.237Z",
    "context_application_version": "1.2.45.454",
    "context_conn_country": "US",
    "context_receiver_service_timestamp": 1727222851041,
    "context_time": 1727222841237,
    "context_user_agent": null,
    "message_action_intent": "seek",
    "message_action_type": "click",
    "message_browser_name": null,
    "message_browser_os": null,
    "message_browser_platform": null,
    "message_item_id": "now-playing-bar",
    "message_page": "album"
  },
  {
    "message_target_uri": null,
    "message_view_uri": "/album/3kjHLu1pL7tdY88GFwEkl6",
    "timestamp_utc": "2024-09-25T00:03:26.428Z",
    "context_application_version": "1.2.45.454",
    "context_conn_country": "US",
    "context_receiver_service_timestamp": 1727222611159,
    "context_time": 1727222606428,
    "context_user_agent": null,
    "message_action_intent": "pause",
    "message_action_type": "click",
    "message_browser_name": null,
    "message_browser_os": null,
    "message_browser_platform": null,
    "message_item_id": "now-playing-bar",
    "message_page": "album"
  },
  {
    "message_target_uri": "spotify:playlist:37i9dQZF1F0sijgNaJdgit",
    "message_view_uri": "/",
    "timestamp_utc": "2024-09-30T18:17:41.715Z",
    "context_application_version": "1.2.47.364",
    "context_conn_country": "US",
    "context_receiver_service_timestamp": 1727720264050,
    "context_time": 1727720261715,
    "context_user_agent": null,
    "message_action_intent": "play",
    "message_action_type": "click",
    "message_browser_name": null,
    "message_browser_os": null,
    "message_browser_platform": null,
    "message_item_id": "",
    "message_page": null
  },
  {
    "message_target_uri": "spotify:artist:2o8gT0fQmFxGNbowbdgeZe",
    "message_view_uri": "/artist/2o8gT0fQmFxGNbowbdgeZe",
    "timestamp_utc": "2024-09-19T04:38:48.378Z",
    "context_application_version": "1.2.45.454",
    "context_conn_country": "US",
    "context_receiver_service_timestamp": 1726720729916,
    "context_time": 1726720728378,
    "context_user_agent": null,
    "message_action_intent": "play",
    "message_action_type": "click",
    "message_browser_name": null,
    "message_browser_os": null,
    "message_browser_platform": null,
    "message_item_id": "/button",
    "message_page": "artist"
  },
  {
    "message_target_uri": "spotify:app:recent-searches",
    "message_view_uri": "/search",
    "timestamp_utc": "2024-09-25T05:25:17.290Z",
    "context_application_version": "1.2.45.454",
    "context_conn_country": "US",
    "context_receiver_service_timestamp": 1727241926989,
    "context_time": 1727241917290,
    "context_user_agent": null,
    "message_action_intent": "navigate",
    "message_action_type": "click",
    "message_browser_name": null,
    "message_browser_os": null,
    "message_browser_platform": null,
    "message_item_id": "search-page",
    "message_page": "search"
  },
  {
    "message_target_uri": null,
    "message_view_uri": "/artist/7gW0r5CkdEUMm42w9XpyZO/discography/all",
    "timestamp_utc": "2024-05-30T17:52:58.121Z",
    "context_application_version": "1.2.35.663",
    "context_conn_country": "US",
    "context_receiver_service_timestamp": 1717091583645,
    "context_time": 1717091578121,
    "context_user_agent": null,
    "message_action_intent": "play",
    "message_action_type": "click",
    "message_browser_name": null,
    "message_browser_os": null,
    "message_browser_platform": null,
    "message_item_id": "now-playing-bar",
    "message_page": "artist"
  },
  {
    "message_target_uri": null,
    "message_view_uri": "/album/3kjHLu1pL7tdY88GFwEkl6",
    "timestamp_utc": "2024-09-24T23:59:24.478Z",
    "context_application_version": "1.2.45.454",
    "context_conn_country": "US",
    "context_receiver_service_timestamp": 1727222371301,
    "context_time": 1727222364478,
    "context_user_agent": null,
    "message_action_intent": "play",
    "message_action_type": "click",
    "message_browser_name": null,
    "message_browser_os": null,
    "message_browser_platform": null,
    "message_item_id": "album-tracklist/row/10",
    "message_page": "album"
  },
  {
    "message_target_uri": null,
    "message_view_uri": "/album/2iBpPxxuqu0rsDa99hQuPo",
    "timestamp_utc": "2024-09-25T00:09:32.687Z",
    "context_application_version": "1.2.45.454",
    "context_conn_country": "US",
    "context_receiver_service_timestamp": 1727222981006,
    "context_time": 1727222972687,
    "context_user_agent": null,
    "message_action_intent": "play",
    "message_action_type": "click",
    "message_browser_name": null,
    "message_browser_os": null,
    "message_browser_platform": null,
    "message_item_id": "now-playing-bar",
    "message_page": "album"
  },
  {
    "message_target_uri": null,
    "message_view_uri": "/album/3kjHLu1pL7tdY88GFwEkl6",
    "timestamp_utc": "2024-09-25T00:01:12.880Z",
    "context_application_version": "1.2.45.454",
    "context_conn_country": "US",
    "context_receiver_service_timestamp": 1727222481079,
    "context_time": 1727222472880,
    "context_user_agent": null,
    "message_action_intent": "pause",
    "message_action_type": "click",
    "message_browser_name": null,
    "message_browser_os": null,
    "message_browser_platform": null,
    "message_item_id": "now-playing-bar",
    "message_page": "album"
  },
  {
    "message_target_uri": null,
    "message_view_uri": "/album/3kjHLu1pL7tdY88GFwEkl6",
    "timestamp_utc": "2024-09-25T00:03:13.295Z",
    "context_application_version": "1.2.45.454",
    "context_conn_country": "US",
    "context_receiver_service_timestamp": 1727222601105,
    "context_time": 1727222593295,
    "context_user_agent": null,
    "message_action_intent": "pause",
    "message_action_type": "click",
    "message_browser_name": null,
    "message_browser_os": null,
    "message_browser_platform": null,
    "message_item_id": "now-playing-bar",
    "message_page": "album"
  },
  {
    "message_target_uri": "spotify:album:2iBpPxxuqu0rsDa99hQuPo",
    "message_view_uri": "/album/2iBpPxxuqu0rsDa99hQuPo",
    "timestamp_utc": "2024-09-25T00:10:27.805Z",
    "context_application_version": "1.2.45.454",
    "context_conn_country": "US",
    "context_receiver_service_timestamp": 1727223031986,
    "context_time": 1727223027805,
    "context_user_agent": null,
    "message_action_intent": "pause",
    "message_action_type": "click",
    "message_browser_name": null,
    "message_browser_os": null,
    "message_browser_platform": null,
    "message_item_id": "/button",
    "message_page": "album"
  },
  {
    "message_target_uri": null,
    "message_view_uri": "/album/3kjHLu1pL7tdY88GFwEkl6",
    "timestamp_utc": "2024-09-25T00:07:27.232Z",
    "context_application_version": "1.2.45.454",
    "context_conn_country": "US",
    "context_receiver_service_timestamp": 1727222851041,
    "context_time": 1727222847232,
    "context_user_agent": null,
    "message_action_intent": "pause",
    "message_action_type": "click",
    "message_browser_name": null,
    "message_browser_os": null,
    "message_browser_platform": null,
    "message_item_id": "now-playing-bar",
    "message_page": "album"
  },
  {
    "message_target_uri": null,
    "message_view_uri": "/playlist/3m0oKYSbiPZdl1CIQ4jp4r",
    "timestamp_utc": "2024-09-21T20:36:45.376Z",
    "context_application_version": "1.2.45.454",
    "context_conn_country": "US",
    "context_receiver_service_timestamp": 1726951014537,
    "context_time": 1726951005376,
    "context_user_agent": null,
    "message_action_intent": "play",
    "message_action_type": "click",
    "message_browser_name": null,
    "message_browser_os": null,
    "message_browser_platform": null,
    "message_item_id": "playlist-tracklist/row/7",
    "message_page": "playlist"
  },
  {
    "message_target_uri": null,
    "message_view_uri": "/playlist/37i9dQZF1F0sijgNaJdgit",
    "timestamp_utc": "2024-09-25T05:25:30.488Z",
    "context_application_version": "1.2.45.454",
    "context_conn_country": "US",
    "context_receiver_service_timestamp": 1727241936987,
    "context_time": 1727241930488,
    "context_user_agent": null,
    "message_action_intent": "play",
    "message_action_type": "click",
    "message_browser_name": null,
    "message_browser_os": null,
    "message_browser_platform": null,
    "message_item_id": "playlist-tracklist/row/1",
    "message_page": "playlist"
  },
  {
    "message_target_uri": null,
    "message_view_uri": "/playlist/3m0oKYSbiPZdl1CIQ4jp4r",
    "timestamp_utc": "2024-09-21T20:36:44.225Z",
    "context_application_version": "1.2.45.454",
    "context_conn_country": "US",
    "context_receiver_service_timestamp": 1726951004705,
    "context_time": 1726951004225,
    "context_user_agent": null,
    "message_action_intent": "pause",
    "message_action_type": "click",
    "message_browser_name": null,
    "message_browser_os": null,
    "message_browser_platform": null,
    "message_item_id": "playlist-tracklist/row/7",
    "message_page": "playlist"
  },
  {
    "message_target_uri": "/search/heads%20will%20roll",
    "message_view_uri": "/",
    "timestamp_utc": "2024-10-11T21:02:53.432Z",
    "context_application_version": "1.2.47.364",
    "context_conn_country": "US",
    "context_receiver_service_timestamp": 1728680579377,
    "context_time": 1728680573432,
    "context_user_agent": null,
    "message_action_intent": "navigate",
    "message_action_type": "click",
    "message_browser_name": null,
    "message_browser_os": null,
    "message_browser_platform": null,
    "message_item_id": "",
    "message_page": null
  },
  {
    "message_target_uri": null,
    "message_view_uri": "/playlist/0TZzI1kxrnrBeTgyczHQIl",
    "timestamp_utc": "2024-09-23T18:23:16.625Z",
    "context_application_version": "1.2.45.454",
    "context_conn_country": "US",
    "context_receiver_service_timestamp": 1727115797932,
    "context_time": 1727115796625,
    "context_user_agent": null,
    "message_action_intent": "play",
    "message_action_type": "click",
    "message_browser_name": null,
    "message_browser_os": null,
    "message_browser_platform": null,
    "message_item_id": "now-playing-bar",
    "message_page": "playlist"
  },
  {
    "message_target_uri": "spotify:track:6HoYz6oC2y3OWfeJIOooM7",
    "message_view_uri": "/search/heads will roll",
    "timestamp_utc": "2024-10-11T21:02:58.109Z",
    "context_application_version": "1.2.47.364",
    "context_conn_country": "US",
    "context_receiver_service_timestamp": 1728680579377,
    "context_time": 1728680578109,
    "context_user_agent": null,
    "message_action_intent": "play",
    "message_action_type": "click",
    "message_browser_name": null,
    "message_browser_os": null,
    "message_browser_platform": null,
    "message_item_id": "search-page/search-results/top-result-card",
    "message_page": "search"
  },
  {
    "message_target_uri": null,
    "message_view_uri": "/album/3kjHLu1pL7tdY88GFwEkl6",
    "timestamp_utc": "2024-09-25T00:07:07.264Z",
    "context_application_version": "1.2.45.454",
    "context_conn_country": "US",
    "context_receiver_service_timestamp": 1727222831047,
    "context_time": 1727222827264,
    "context_user_agent": null,
    "message_action_intent": "seek",
    "message_action_type": "click",
    "message_browser_name": null,
    "message_browser_os": null,
    "message_browser_platform": null,
    "message_item_id": "now-playing-bar",
    "message_page": "album"
  },
  {
    "message_target_uri": null,
    "message_view_uri": "/album/3kjHLu1pL7tdY88GFwEkl6",
    "timestamp_utc": "2024-09-25T00:02:40.722Z",
    "context_application_version": "1.2.45.454",
    "context_conn_country": "US",
    "context_receiver_service_timestamp": 1727222561098,
    "context_time": 1727222560722,
    "context_user_agent": null,
    "message_action_intent": "seek",
    "message_action_type": "click",
    "message_browser_name": null,
    "message_browser_os": null,
    "message_browser_platform": null,
    "message_item_id": "now-playing-bar",
    "message_page": "album"
  },
  {
    "message_target_uri": null,
    "message_view_uri": "/search/dark ac",
    "timestamp_utc": "2024-09-26T19:30:58.770Z",
    "context_application_version": "1.2.47.364",
    "context_conn_country": "US",
    "context_receiver_service_timestamp": 1727379060250,
    "context_time": 1727379058770,
    "context_user_agent": null,
    "message_action_intent": "play",
    "message_action_type": "click",
    "message_browser_name": null,
    "message_browser_os": null,
    "message_browser_platform": null,
    "message_item_id": "search-page/search-results/search-results-tracklist/row/0",
    "message_page": "search"
  }
]