[
  {
    "timestamp_utc": "2024-11-20T19:12:54.849Z",
    "context_time": 1732129974849,
    "message_duration": 17,
    "message_events_count": 0,
    "message_has_pool_party_recommendations": false,
    "message_individual_events_count": 0,
    "message_is_eligible_for_fallback": true,
    "message_request_entity_uri": "spotify:album:4fgTXGMq9ztbf3L90gyWCg",
    "message_requested_extension_kind": "LIVE_EVENTS",
    "message_seed_artist_uri": "spotify:artist:1HY2Jd0NmPuamShAr6KMms",
    "message_status_code": 200,
    "message_timestamp": 1732129974832
  },
  {
    "timestamp_utc": "2024-11-13T19:30:39.039Z",
    "context_time": 1731526239039,
    "message_duration": 19,
    "message_events_count": 1,
    "message_has_pool_party_recommendations": false,
    "message_individual_events_count": 0,
    "message_is_eligible_for_fallback": true,
    "message_request_entity_uri": "spotify:album:0LMT3Tdqs2Zy8VIxwuf47X",
    "message_requested_extension_kind": "LIVE_EVENTS",
    "message_seed_artist_uri": "spotify:artist:6RHTUrRF63xao58xh9FXYJ",
    "message_status_code": 200,
    "message_timestamp": 1731526239020
  },
  {
    "timestamp_utc": "2024-11-10T01:12:50.384Z",
    "context_time": 1731201170384,
    "message_duration": 13,
    "message_events_count": 0,
    "message_has_pool_party_recommendations": false,
    "message_individual_events_count": 0,
    "message_is_eligible_for_fallback": true,
    "message_request_entity_uri": "spotify:album:0LMT3Tdqs2Zy8VIxwuf47X",
    "message_requested_extension_kind": "LIVE_EVENTS",
    "message_seed_artist_uri": "spotify:artist:6RHTUrRF63xao58xh9FXYJ",
    "message_status_code": 200,
    "message_timestamp": 1731201170371
  },
  {
    "timestamp_utc": "2024-11-11T20:01:45.668Z",
    "context_time": 1731355305668,
    "message_duration": 9,
    "message_events_count": 0,
    "message_has_pool_party_recommendations": false,
    "message_individual_events_count": 0,
    "message_is_eligible_for_fallback": true,
    "message_request_entity_uri": "spotify:album:6C0V9soofrEQjpPn4PBpuu",
    "message_requested_extension_kind": "LIVE_EVENTS",
    "message_seed_artist_uri": "spotify:artist:1HY2Jd0NmPuamShAr6KMms",
    "message_status_code": 200,
    "message_timestamp": 1731355305659
  },
  {
    "timestamp_utc": "2024-11-15T18:57:43.505Z",
    "context_time": 1731697063505,
    "message_duration": 9,
    "message_events_count": 0,
    "message_has_pool_party_recommendations": false,
    "message_individual_events_count": 0,
    "message_is_eligible_for_fallback": true,
    "message_request_entity_uri": "spotify:album:6BzxX6zkDsYKFJ04ziU5xQ",
    "message_requested_extension_kind": "LIVE_EVENTS",
    "message_seed_artist_uri": "spotify:artist:6vWDO969PvNqNYHIOW5v0m",
    "message_status_code": 200,
    "message_timestamp": 1731697063496
  },
  {
    "timestamp_utc": "2024-11-02T19:58:07.537Z",
    "context_time": 1730577487537,
    "message_duration": 11,
    "message_events_count": 0,
    "message_has_pool_party_recommendations": false,
    "message_individual_events_count": 0,
    "message_is_eligible_for_fallback": true,
    "message_request_entity_uri": "spotify:album:6C0V9soofrEQjpPn4PBpuu",
    "message_requested_extension_kind": "LIVE_EVENTS",
    "message_seed_artist_uri": "spotify:artist:1HY2Jd0NmPuamShAr6KMms",
    "message_status_code": 200,
    "message_timestamp": 1730577487526
  },
  {
    "timestamp_utc": "2024-11-11T04:57:34.667Z",
    "context_time": 1731301054667,
    "message_duration": 7,
    "message_events_count": 0,
    "message_has_pool_party_recommendations": false,
    "message_individual_events_count": 0,
    "message_is_eligible_for_fallback": true,
    "message_request_entity_uri": "spotify:album:0LMT3Tdqs2Zy8VIxwuf47X",
    "message_requested_extension_kind": "LIVE_EVENTS",
    "message_seed_artist_uri": "spotify:artist:6RHTUrRF63xao58xh9FXYJ",
    "message_status_code": 200,
    "message_timestamp": 1731301054660
  },
  {
    "timestamp_utc": "2024-11-06T17:51:19.709Z",
    "context_time": 1730915479709,
    "message_duration": 9,
    "message_events_count": 0,
    "message_has_pool_party_recommendations": false,
    "message_individual_events_count": 0,
    "message_is_eligible_for_fallback": true,
    "message_request_entity_uri": "spotify:album:6C0V9soofrEQjpPn4PBpuu",
    "message_requested_extension_kind": "LIVE_EVENTS",
    "message_seed_artist_uri": "spotify:artist:1HY2Jd0NmPuamShAr6KMms",
    "message_status_code": 200,
    "message_timestamp": 1730915479700
  },
  {
    "timestamp_utc": "2024-10-30T01:19:39.791Z",
    "context_time": 1730251179791,
    "message_duration": 11,
    "message_events_count": 2,
    "message_has_pool_party_recommendations": false,
    "message_individual_events_count": 0,
    "message_is_eligible_for_fallback": true,
    "message_request_entity_uri": "spotify:playlist:37i9dQZF1DZ06evO0tCnkI",
    "message_requested_extension_kind": "LIVE_EVENTS",
    "message_seed_artist_uri": "spotify:artist:0UF7XLthtbSF2Eur7559oV",
    "message_status_code": 200,
    "message_timestamp": 1730251179780
  },
  {
    "timestamp_utc": "2024-11-15T18:57:45.439Z",
    "context_time": 1731697065439,
    "message_duration": 9,
    "message_events_count": 0,
    "message_has_pool_party_recommendations": false,
    "message_individual_events_count": 0,
    "message_is_eligible_for_fallback": true,
    "message_request_entity_uri": "spotify:album:6FJxoadUE4JNVwWHghBwnb",
    "message_requested_extension_kind": "LIVE_EVENTS",
    "message_seed_artist_uri": "spotify:artist:6vWDO969PvNqNYHIOW5v0m",
    "message_status_code": 200,
    "message_timestamp": 1731697065430
  },
  {
    "timestamp_utc": "2024-11-12T00:12:04.361Z",
    "context_time": 1731370324361,
    "message_duration": 12,
    "message_events_count": 0,
    "message_has_pool_party_recommendations": false,
    "message_individual_events_count": 0,
    "message_is_eligible_for_fallback": true,
    "message_request_entity_uri": "spotify:album:0LMT3Tdqs2Zy8VIxwuf47X",
    "message_requested_extension_kind": "LIVE_EVENTS",
    "message_seed_artist_uri": "spotify:artist:6RHTUrRF63xao58xh9FXYJ",
    "message_status_code": 200,
    "message_timestamp": 1731370324349
  }
]