[
  {
    "timestamp_utc": "2024-10-12T09:08:13.242Z",
    "context_application_version": "8.9.82.628",
    "context_conn_country": "US",
    "context_device_manufacturer": "apple",
    "context_device_model": "iPad14,4",
    "context_device_type": "tablet",
    "context_os_name": "ios",
    "context_os_version": "18.0.1",
    "context_receiver_service_timestamp": 1728724113187,
    "context_time": 1728724093242,
    "message_enabled_sources": 0,
    "message_owned_size": 0,
    "message_owned_tracks": 0,
    "message_total_size": 0,
    "message_total_tracks": 0,
    "message_tracks_bad_format": 0,
    "message_tracks_drm_protected": 0,
    "message_tracks_not_found": 0,
    "message_tracks_reallocated_repaired": 0,
    "message_tracks_unknown_pruned": 0
  },
  {
    "timestamp_utc": "2024-10-23T07:33:45.684Z",
    "context_application_version": "8.9.82.628",
    "context_conn_country": "US",
    "context_device_manufacturer": "apple",
    "context_device_model": "iPad14,4",
    "context_device_type": "tablet",
    "context_os_name": "ios",
    "context_os_version": "18.0.1",
    "context_receiver_service_timestamp": 1729668846293,
    "context_time": 1729668825684,
    "message_enabled_sources": 0,
    "message_owned_size": 0,
    "message_owned_tracks": 0,
    "message_total_size": 0,
    "message_total_tracks": 0,
    "message_tracks_bad_format": 0,
    "message_tracks_drm_protected": 0,
    "message_tracks_not_found": 0,
    "message_tracks_reallocated_repaired": 0,
    "message_tracks_unknown_pruned": 0
  },
  {
    "timestamp_utc": "2024-11-19T03:27:01.569Z",
    "context_application_version": "8.9.90.84",
    "context_conn_country": "US",
    "context_device_manufacturer": "apple",
    "context_device_model": "iPhone13,4",
    "context_device_type": "mobile",
    "context_os_name": "ios",
    "context_os_version": "18.1",
    "context_receiver_service_timestamp": 1731986824295,
    "context_time": 1731986821569,
    "message_enabled_sources": 0,
    "message_owned_size": 0,
    "message_owned_tracks": 0,
    "message_total_size": 0,
    "message_total_tracks": 0,
    "message_tracks_bad_format": 0,
    "message_tracks_drm_protected": 0,
    "message_tracks_not_found": 0,
    "message_tracks_reallocated_repaired": 0,
    "message_tracks_unknown_pruned": 0
  },
  {
    "timestamp_utc": "2024-09-16T18:10:48.898Z",
    "context_application_version": "8.9.74.535",
    "context_conn_country": "US",
    "context_device_manufacturer": "apple",
    "context_device_model": "iPhone13,4",
    "context_device_type": "mobile",
    "context_os_name": "ios",
    "context_os_version": "17.6.1",
    "context_receiver_service_timestamp": 1726510263007,
    "context_time": 1726510248898,
    "message_enabled_sources": 0,
    "message_owned_size": 0,
    "message_owned_tracks": 0,
    "message_total_size": 0,
    "message_total_tracks": 0,
    "message_tracks_bad_format": 0,
    "message_tracks_drm_protected": 0,
    "message_tracks_not_found": 0,
    "message_tracks_reallocated_repaired": 0,
    "message_tracks_unknown_pruned": 0
  },
  {
    "timestamp_utc": "2024-09-16T16:32:36.779Z",
    "context_application_version": "8.9.74.535",
    "context_conn_country": "US",
    "context_device_manufacturer": "apple",
    "context_device_model": "iPhone13,4",
    "context_device_type": "mobile",
    "context_os_name": "ios",
    "context_os_version": "17.6.1",
    "context_receiver_service_timestamp": 1726504377036,
    "context_time": 1726504356779,
    "message_enabled_sources": 0,
    "message_owned_size": 0,
    "message_owned_tracks": 0,
    "message_total_size": 0,
    "message_total_tracks": 0,
    "message_tracks_bad_format": 0,
    "message_tracks_drm_protected": 0,
    "message_tracks_not_found": 0,
    "message_tracks_reallocated_repaired": 0,
    "message_tracks_unknown_pruned": 0
  },
  {
    "timestamp_utc": "2024-09-03T05:44:02.172Z",
    "context_application_version": "8.9.68.490",
    "context_conn_country": "US",
    "context_device_manufacturer": "apple",
    "context_device_model": "iPad14,4",
    "context_device_type": "tablet",
    "context_os_name": "ios",
    "context_os_version": "17.6.1",
    "context_receiver_service_timestamp": 1725342251416,
    "context_time": 1725342242172,
    "message_enabled_sources": 0,
    "message_owned_size": 0,
    "message_owned_tracks": 0,
    "message_total_size": 0,
    "message_total_tracks": 0,
    "message_tracks_bad_format": 0,
    "message_tracks_drm_protected": 0,
    "message_tracks_not_found": 0,
    "message_tracks_reallocated_repaired": 0,
    "message_tracks_unknown_pruned": 0
  },
  {
    "timestamp_utc": "2024-10-10T22:12:27.329Z",
    "context_application_version": "8.9.76.516",
    "context_conn_country": "US",
    "context_device_manufacturer": "apple",
    "context_device_model": "iPhone13,4",
    "context_device_type": "mobile",
    "context_os_name": "ios",
    "context_os_version": "18.0.1",
    "context_receiver_service_timestamp": 1728598367403,
    "context_time": 1728598347329,
    "message_enabled_sources": 0,
    "message_owned_size": 0,
    "message_owned_tracks": 0,
    "message_total_size": 0,
    "message_total_tracks": 0,
    "message_tracks_bad_format": 0,
    "message_tracks_drm_protected": 0,
    "message_tracks_not_found": 0,
    "message_tracks_reallocated_repaired": 0,
    "message_tracks_unknown_pruned": 0
  },
  {
    "timestamp_utc": "2024-10-23T19:54:52.213Z",
    "context_application_version": "8.9.82.628",
    "context_conn_country": "US",
    "context_device_manufacturer": "apple",
    "context_device_model": "iPhone13,4",
    "context_device_type": "mobile",
    "context_os_name": "ios",
    "context_os_version": "18.0.1",
    "context_receiver_service_timestamp": 1729713300856,
    "context_time": 1729713292213,
    "message_enabled_sources": 0,
    "message_owned_size": 0,
    "message_owned_tracks": 0,
    "message_total_size": 0,
    "message_total_tracks": 0,
    "message_tracks_bad_format": 0,
    "message_tracks_drm_protected": 0,
    "message_tracks_not_found": 0,
    "message_tracks_reallocated_repaired": 0,
    "message_tracks_unknown_pruned": 0
  },
  {
    "timestamp_utc": "2024-10-11T21:02:56.248Z",
    "context_application_version": "1.2.47.364",
    "context_conn_country": "US",
    "context_device_manufacturer": "Apple Inc.",
    "context_device_model": "MacBookPro16,2",
    "context_device_type": "desktop",
    "context_os_name": "osx",
    "context_os_version": "15.0.0",
    "context_receiver_service_timestamp": 1728680596901,
    "context_time": 1728680576248,
    "message_enabled_sources": 2,
    "message_owned_size": 0,
    "message_owned_tracks": 0,
    "message_total_size": 221392,
    "message_total_tracks": 16,
    "message_tracks_bad_format": 0,
    "message_tracks_drm_protected": 0,
    "message_tracks_not_found": 0,
    "message_tracks_reallocated_repaired": 0,
    "message_tracks_unknown_pruned": 0
  },
  {
    "timestamp_utc": "2024-11-11T04:57:38.649Z",
    "context_application_version": "8.9.90.84",
    "context_conn_country": "US",
    "context_device_manufacturer": "apple",
    "context_device_model": "iPhone13,4",
    "context_device_type": "mobile",
    "context_os_name": "ios",
    "context_os_version": "18.0.1",
    "context_receiver_service_timestamp": 1731301078820,
    "context_time": 1731301058649,
    "message_enabled_sources": 0,
    "message_owned_size": 0,
    "message_owned_tracks": 0,
    "message_total_size": 0,
    "message_total_tracks": 0,
    "message_tracks_bad_format": 0,
    "message_tracks_drm_protected": 0,
    "message_tracks_not_found": 0,
    "message_tracks_reallocated_repaired": 0,
    "message_tracks_unknown_pruned": 0
  },
  {
    "timestamp_utc": "2024-09-30T19:24:36.121Z",
    "context_application_version": "8.9.76.516",
    "context_conn_country": "US",
    "context_device_manufacturer": "apple",
    "context_device_model": "iPhone13,4",
    "context_device_type": "mobile",
    "context_os_name": "ios",
    "context_os_version": "18.0",
    "context_receiver_service_timestamp": 1727724296219,
    "context_time": 1727724276121,
    "message_enabled_sources": 0,
    "message_owned_size": 0,
    "message_owned_tracks": 0,
    "message_total_size": 0,
    "message_total_tracks": 0,
    "message_tracks_bad_format": 0,
    "message_tracks_drm_protected": 0,
    "message_tracks_not_found": 0,
    "message_tracks_reallocated_repaired": 0,
    "message_tracks_unknown_pruned": 0
  },
  {
    "timestamp_utc": "2024-09-30T16:33:44.934Z",
    "context_application_version": "8.9.76.516",
    "context_conn_country": "US",
    "context_device_manufacturer": "apple",
    "context_device_model": "iPhone13,4",
    "context_device_type": "mobile",
    "context_os_name": "ios",
    "context_os_version": "18.0",
    "context_receiver_service_timestamp": 1727714045137,
    "context_time": 1727714024934,
    "message_enabled_sources": 0,
    "message_owned_size": 0,
    "message_owned_tracks": 0,
    "message_total_size": 0,
    "message_total_tracks": 0,
    "message_tracks_bad_format": 0,
    "message_tracks_drm_protected": 0,
    "message_tracks_not_found": 0,
    "message_tracks_reallocated_repaired": 0,
    "message_tracks_unknown_pruned": 0
  },
  {
    "timestamp_utc": "2024-10-20T00:30:10.960Z",
    "context_application_version": "8.9.82.628",
    "context_conn_country": "US",
    "context_device_manufacturer": "apple",
    "context_device_model": "iPhone13,4",
    "context_device_type": "mobile",
    "context_os_name": "ios",
    "context_os_version": "18.0.1",
    "context_receiver_service_timestamp": 1729384231069,
    "context_time": 1729384210960,
    "message_enabled_sources": 0,
    "message_owned_size": 0,
    "message_owned_tracks": 0,
    "message_total_size": 0,
    "message_total_tracks": 0,
    "message_tracks_bad_format": 0,
    "message_tracks_drm_protected": 0,
    "message_tracks_not_found": 0,
    "message_tracks_reallocated_repaired": 0,
    "message_tracks_unknown_pruned": 0
  },
  {
    "timestamp_utc": "2024-10-28T01:16:02.834Z",
    "context_application_version": "1.2.48.405",
    "context_conn_country": "US",
    "context_device_manufacturer": "Apple Inc.",
    "context_device_model": "MacBookPro16,2",
    "context_device_type": "desktop",
    "context_os_name": "osx",
    "context_os_version": "15.0.1",
    "context_receiver_service_timestamp": 1730078182813,
    "context_time": 1730078162834,
    "message_enabled_sources": 2,
    "message_owned_size": 0,
    "message_owned_tracks": 0,
    "message_total_size": 221392,
    "message_total_tracks": 16,
    "message_tracks_bad_format": 0,
    "message_tracks_drm_protected": 0,
    "message_tracks_not_found": 0,
    "message_tracks_reallocated_repaired": 0,
    "message_tracks_unknown_pruned": 0
  },
  {
    "timestamp_utc": "2024-09-06T01:06:55.875Z",
    "context_application_version": "8.9.68.490",
    "context_conn_country": "US",
    "context_device_manufacturer": "apple",
    "context_device_model": "iPhone13,4",
    "context_device_type": "mobile",
    "context_os_name": "ios",
    "context_os_version": "17.6.1",
    "context_receiver_service_timestamp": 1725584835960,
    "context_time": 1725584815875,
    "message_enabled_sources": 0,
    "message_owned_size": 0,
    "message_owned_tracks": 0,
    "message_total_size": 0,
    "message_total_tracks": 0,
    "message_tracks_bad_format": 0,
    "message_tracks_drm_protected": 0,
    "message_tracks_not_found": 0,
    "message_tracks_reallocated_repaired": 0,
    "message_tracks_unknown_pruned": 0
  },
  {
    "timestamp_utc": "2024-10-12T00:01:57.343Z",
    "context_application_version": "8.9.82.628",
    "context_conn_country": "US",
    "context_device_manufacturer": "apple",
    "context_device_model": "iPhone13,4",
    "context_device_type": "mobile",
    "context_os_name": "ios",
    "context_os_version": "18.0.1",
    "context_receiver_service_timestamp": 1728691337252,
    "context_time": 1728691317343,
    "message_enabled_sources": 0,
    "message_owned_size": 0,
    "message_owned_tracks": 0,
    "message_total_size": 0,
    "message_total_tracks": 0,
    "message_tracks_bad_format": 0,
    "message_tracks_drm_protected": 0,
    "message_tracks_not_found": 0,
    "message_tracks_reallocated_repaired": 0,
    "message_tracks_unknown_pruned": 0
  },
  {
    "timestamp_utc": "2024-09-23T16:15:47.990Z",
    "context_application_version": "8.9.76.516",
    "context_conn_country": "US",
    "context_device_manufacturer": "apple",
    "context_device_model": "iPhone13,4",
    "context_device_type": "mobile",
    "context_os_name": "ios",
    "context_os_version": "17.6.1",
    "context_receiver_service_timestamp": 1727108168963,
    "context_time": 1727108147990,
    "message_enabled_sources": 0,
    "message_owned_size": 0,
    "message_owned_tracks": 0,
    "message_total_size": 0,
    "message_total_tracks": 0,
    "message_tracks_bad_format": 0,
    "message_tracks_drm_protected": 0,
    "message_tracks_not_found": 0,
    "message_tracks_reallocated_repaired": 0,
    "message_tracks_unknown_pruned": 0
  },
  {
    "timestamp_utc": "2024-10-29T03:21:35.686Z",
    "context_application_version": "8.9.86.419",
    "context_conn_country": "US",
    "context_device_manufacturer": "apple",
    "context_device_model": "iPhone13,4",
    "context_device_type": "mobile",
    "context_os_name": "ios",
    "context_os_version": "18.0.1",
    "context_receiver_service_timestamp": 1730172115747,
    "context_time": 1730172095686,
    "message_enabled_sources": 0,
    "message_owned_size": 0,
    "message_owned_tracks": 0,
    "message_total_size": 0,
    "message_total_tracks": 0,
    "message_tracks_bad_format": 0,
    "message_tracks_drm_protected": 0,
    "message_tracks_not_found": 0,
    "message_tracks_reallocated_repaired": 0,
    "message_tracks_unknown_pruned": 0
  },
  {
    "timestamp_utc": "2024-10-29T22:21:19.863Z",
    "context_application_version": "8.9.86.419",
    "context_conn_country": "US",
    "context_device_manufacturer": "apple",
    "context_device_model": "iPhone13,4",
    "context_device_type": "mobile",
    "context_os_name": "ios",
    "context_os_version": "18.0.1",
    "context_receiver_service_timestamp": 1730240499978,
    "context_time": 1730240479863,
    "message_enabled_sources": 0,
    "message_owned_size": 0,
    "message_owned_tracks": 0,
    "message_total_size": 0,
    "message_total_tracks": 0,
    "message_tracks_bad_format": 0,
    "message_tracks_drm_protected": 0,
    "message_tracks_not_found": 0,
    "message_tracks_reallocated_repaired": 0,
    "message_tracks_unknown_pruned": 0
  },
  {
    "timestamp_utc": "2024-11-22T19:20:43.874Z",
    "context_application_version": "8.9.94.418",
    "context_conn_country": "US",
    "context_device_manufacturer": "apple",
    "context_device_model": "iPhone13,4",
    "context_device_type": "mobile",
    "context_os_name": "ios",
    "context_os_version": "18.1",
    "context_receiver_service_timestamp": 1732303263900,
    "context_time": 1732303243874,
    "message_enabled_sources": 0,
    "message_owned_size": 0,
    "message_owned_tracks": 0,
    "message_total_size": 0,
    "message_total_tracks": 0,
    "message_tracks_bad_format": 0,
    "message_tracks_drm_protected": 0,
    "message_tracks_not_found": 0,
    "message_tracks_reallocated_repaired": 0,
    "message_tracks_unknown_pruned": 0
  },
  {
    "timestamp_utc": "2024-11-06T01:35:53.873Z",
    "context_application_version": "8.9.86.419",
    "context_conn_country": "US",
    "context_device_manufacturer": "apple",
    "context_device_model": "iPhone13,4",
    "context_device_type": "mobile",
    "context_os_name": "ios",
    "context_os_version": "18.0.1",
    "context_receiver_service_timestamp": 1730856973989,
    "context_time": 1730856953873,
    "message_enabled_sources": 0,
    "message_owned_size": 0,
    "message_owned_tracks": 0,
    "message_total_size": 0,
    "message_total_tracks": 0,
    "message_tracks_bad_format": 0,
    "message_tracks_drm_protected": 0,
    "message_tracks_not_found": 0,
    "message_tracks_reallocated_repaired": 0,
    "message_tracks_unknown_pruned": 0
  },
  {
    "timestamp_utc": "2024-09-06T05:04:55.115Z",
    "context_application_version": "8.9.70.592",
    "context_conn_country": "US",
    "context_device_manufacturer": "apple",
    "context_device_model": "iPad14,4",
    "context_device_type": "tablet",
    "context_os_name": "ios",
    "context_os_version": "17.6.1",
    "context_receiver_service_timestamp": 1725601834453,
    "context_time": 1725599095115,
    "message_enabled_sources": 0,
    "message_owned_size": 0,
    "message_owned_tracks": 0,
    "message_total_size": 0,
    "message_total_tracks": 0,
    "message_tracks_bad_format": 0,
    "message_tracks_drm_protected": 0,
    "message_tracks_not_found": 0,
    "message_tracks_reallocated_repaired": 0,
    "message_tracks_unknown_pruned": 0
  },
  {
    "timestamp_utc": "2024-09-02T21:08:41.438Z",
    "context_application_version": "8.9.68.490",
    "context_conn_country": "US",
    "context_device_manufacturer": "apple",
    "context_device_model": "iPhone13,4",
    "context_device_type": "mobile",
    "context_os_name": "ios",
    "context_os_version": "17.6.1",
    "context_receiver_service_timestamp": 1725311341348,
    "context_time": 1725311321438,
    "message_enabled_sources": 0,
    "message_owned_size": 0,
    "message_owned_tracks": 0,
    "message_total_size": 0,
    "message_total_tracks": 0,
    "message_tracks_bad_format": 0,
    "message_tracks_drm_protected": 0,
    "message_tracks_not_found": 0,
    "message_tracks_reallocated_repaired": 0,
    "message_tracks_unknown_pruned": 0
  },
  {
    "timestamp_utc": "2024-10-24T03:58:19.728Z",
    "context_application_version": "8.9.84.543",
    "context_conn_country": "US",
    "context_device_manufacturer": "apple",
    "context_device_model": "iPad14,4",
    "context_device_type": "tablet",
    "context_os_name": "ios",
    "context_os_version": "18.0.1",
    "context_receiver_service_timestamp": 1729742309106,
    "context_time": 1729742299728,
    "message_enabled_sources": 0,
    "message_owned_size": 0,
    "message_owned_tracks": 0,
    "message_total_size": 0,
    "message_total_tracks": 0,
    "message_tracks_bad_format": 0,
    "message_tracks_drm_protected": 0,
    "message_tracks_not_found": 0,
    "message_tracks_reallocated_repaired": 0,
    "message_tracks_unknown_pruned": 0
  },
  {
    "timestamp_utc": "2024-09-10T03:18:29.572Z",
    "context_application_version": "8.9.70.592",
    "context_conn_country": "US",
    "context_device_manufacturer": "apple",
    "context_device_model": "iPad14,4",
    "context_device_type": "tablet",
    "context_os_name": "ios",
    "context_os_version": "17.6.1",
    "context_receiver_service_timestamp": 1725938329993,
    "context_time": 1725938309572,
    "message_enabled_sources": 0,
    "message_owned_size": 0,
    "message_owned_tracks": 0,
    "message_total_size": 0,
    "message_total_tracks": 0,
    "message_tracks_bad_format": 0,
    "message_tracks_drm_protected": 0,
    "message_tracks_not_found": 0,
    "message_tracks_reallocated_repaired": 0,
    "message_tracks_unknown_pruned": 0
  },
  {
    "timestamp_utc": "2024-11-06T19:50:24.717Z",
    "context_application_version": "8.9.86.419",
    "context_conn_country": "US",
    "context_device_manufacturer": "apple",
    "context_device_model": "iPhone13,4",
    "context_device_type": "mobile",
    "context_os_name": "ios",
    "context_os_version": "18.0.1",
    "context_receiver_service_timestamp": 1730922635291,
    "context_time": 1730922624717,
    "message_enabled_sources": 0,
    "message_owned_size": 0,
    "message_owned_tracks": 0,
    "message_total_size": 0,
    "message_total_tracks": 0,
    "message_tracks_bad_format": 0,
    "message_tracks_drm_protected": 0,
    "message_tracks_not_found": 0,
    "message_tracks_reallocated_repaired": 0,
    "message_tracks_unknown_pruned": 0
  },
  {
    "timestamp_utc": "2024-09-23T18:23:27.852Z",
    "context_application_version": "8.9.76.516",
    "context_conn_country": "US",
    "context_device_manufacturer": "apple",
    "context_device_model": "iPhone13,4",
    "context_device_type": "mobile",
    "context_os_name": "ios",
    "context_os_version": "17.6.1",
    "context_receiver_service_timestamp": 1727115827096,
    "context_time": 1727115807852,
    "message_enabled_sources": 0,
    "message_owned_size": 0,
    "message_owned_tracks": 0,
    "message_total_size": 0,
    "message_total_tracks": 0,
    "message_tracks_bad_format": 0,
    "message_tracks_drm_protected": 0,
    "message_tracks_not_found": 0,
    "message_tracks_reallocated_repaired": 0,
    "message_tracks_unknown_pruned": 0
  },
  {
    "timestamp_utc": "2024-09-21T19:30:32.272Z",
    "context_application_version": "1.2.45.454",
    "context_conn_country": "US",
    "context_device_manufacturer": "Apple Inc.",
    "context_device_model": "MacBookPro16,2",
    "context_device_type": "desktop",
    "context_os_name": "osx",
    "context_os_version": "14.6.1",
    "context_receiver_service_timestamp": 1726947045537,
    "context_time": 1726947032272,
    "message_enabled_sources": 2,
    "message_owned_size": 0,
    "message_owned_tracks": 0,
    "message_total_size": 221392,
    "message_total_tracks": 16,
    "message_tracks_bad_format": 0,
    "message_tracks_drm_protected": 0,
    "message_tracks_not_found": 0,
    "message_tracks_reallocated_repaired": 0,
    "message_tracks_unknown_pruned": 0
  },
  {
    "timestamp_utc": "2024-09-04T16:27:03.514Z",
    "context_application_version": "8.9.68.490",
    "context_conn_country": "US",
    "context_device_manufacturer": "apple",
    "context_device_model": "iPhone13,4",
    "context_device_type": "mobile",
    "context_os_name": "ios",
    "context_os_version": "17.6.1",
    "context_receiver_service_timestamp": 1725467342436,
    "context_time": 1725467223514,
    "message_enabled_sources": 0,
    "message_owned_size": 0,
    "message_owned_tracks": 0,
    "message_total_size": 0,
    "message_total_tracks": 0,
    "message_tracks_bad_format": 0,
    "message_tracks_drm_protected": 0,
    "message_tracks_not_found": 0,
    "message_tracks_reallocated_repaired": 0,
    "message_tracks_unknown_pruned": 0
  },
  {
    "timestamp_utc": "2024-10-07T01:40:48.239Z",
    "context_application_version": "8.9.76.516",
    "context_conn_country": "US",
    "context_device_manufacturer": "apple",
    "context_device_model": "iPhone13,4",
    "context_device_type": "mobile",
    "context_os_name": "ios",
    "context_os_version": "18.0.1",
    "context_receiver_service_timestamp": 1728265258123,
    "context_time": 1728265248239,
    "message_enabled_sources": 0,
    "message_owned_size": 0,
    "message_owned_tracks": 0,
    "message_total_size": 0,
    "message_total_tracks": 0,
    "message_tracks_bad_format": 0,
    "message_tracks_drm_protected": 0,
    "message_tracks_not_found": 0,
    "message_tracks_reallocated_repaired": 0,
    "message_tracks_unknown_pruned": 0
  },
  {
    "timestamp_utc": "2024-10-25T16:47:44.550Z",
    "context_application_version": "8.9.84.543",
    "context_conn_country": "US",
    "context_device_manufacturer": "apple",
    "context_device_model": "iPhone13,4",
    "context_device_type": "mobile",
    "context_os_name": "ios",
    "context_os_version": "18.0.1",
    "context_receiver_service_timestamp": 1729874865853,
    "context_time": 1729874864550,
    "message_enabled_sources": 0,
    "message_owned_size": 0,
    "message_owned_tracks": 0,
    "message_total_size": 0,
    "message_total_tracks": 0,
    "message_tracks_bad_format": 0,
    "message_tracks_drm_protected": 0,
    "message_tracks_not_found": 0,
    "message_tracks_reallocated_repaired": 0,
    "message_tracks_unknown_pruned": 0
  },
  {
    "timestamp_utc": "2024-09-27T00:44:53.448Z",
    "context_application_version": "1.2.47.364",
    "context_conn_country": "US",
    "context_device_manufacturer": "Apple Inc.",
    "context_device_model": "MacBookPro16,2",
    "context_device_type": "desktop",
    "context_os_name": "osx",
    "context_os_version": "15.0.0",
    "context_receiver_service_timestamp": 1727397913661,
    "context_time": 1727397893448,
    "message_enabled_sources": 2,
    "message_owned_size": 0,
    "message_owned_tracks": 0,
    "message_total_size": 221392,
    "message_total_tracks": 16,
    "message_tracks_bad_format": 0,
    "message_tracks_drm_protected": 0,
    "message_tracks_not_found": 0,
    "message_tracks_reallocated_repaired": 0,
    "message_tracks_unknown_pruned": 0
  },
  {
    "timestamp_utc": "2024-11-02T19:58:07.159Z",
    "context_application_version": "8.9.86.419",
    "context_conn_country": "US",
    "context_device_manufacturer": "apple",
    "context_device_model": "iPhone13,4",
    "context_device_type": "mobile",
    "context_os_name": "ios",
    "context_os_version": "18.0.1",
    "context_receiver_service_timestamp": 1730577507331,
    "context_time": 1730577487159,
    "message_enabled_sources": 0,
    "message_owned_size": 0,
    "message_owned_tracks": 0,
    "message_total_size": 0,
    "message_total_tracks": 0,
    "message_tracks_bad_format": 0,
    "message_tracks_drm_protected": 0,
    "message_tracks_not_found": 0,
    "message_tracks_reallocated_repaired": 0,
    "message_tracks_unknown_pruned": 0
  },
  {
    "timestamp_utc": "2024-10-18T15:24:12.632Z",
    "context_application_version": "8.9.82.628",
    "context_conn_country": "US",
    "context_device_manufacturer": "apple",
    "context_device_model": "iPhone13,4",
    "context_device_type": "mobile",
    "context_os_name": "ios",
    "context_os_version": "18.0.1",
    "context_receiver_service_timestamp": 1729265073063,
    "context_time": 1729265052632,
    "message_enabled_sources": 0,
    "message_owned_size": 0,
    "message_owned_tracks": 0,
    "message_total_size": 0,
    "message_total_tracks": 0,
    "message_tracks_bad_format": 0,
    "message_tracks_drm_protected": 0,
    "message_tracks_not_found": 0,
    "message_tracks_reallocated_repaired": 0,
    "message_tracks_unknown_pruned": 0
  },
  {
    "timestamp_utc": "2024-09-24T23:47:28.751Z",
    "context_application_version": "1.2.45.454",
    "context_conn_country": "US",
    "context_device_manufacturer": "Apple Inc.",
    "context_device_model": "MacBookPro16,2",
    "context_device_type": "desktop",
    "context_os_name": "osx",
    "context_os_version": "14.6.1",
    "context_receiver_service_timestamp": 1727221669370,
    "context_time": 1727221648751,
    "message_enabled_sources": 2,
    "message_owned_size": 0,
    "message_owned_tracks": 0,
    "message_total_size": 221392,
    "message_total_tracks": 16,
    "message_tracks_bad_format": 0,
    "message_tracks_drm_protected": 0,
    "message_tracks_not_found": 0,
    "message_tracks_reallocated_repaired": 0,
    "message_tracks_unknown_pruned": 0
  },
  {
    "timestamp_utc": "2024-10-16T20:51:28.651Z",
    "context_application_version": "8.9.82.628",
    "context_conn_country": "US",
    "context_device_manufacturer": "apple",
    "context_device_model": "iPhone13,4",
    "context_device_type": "mobile",
    "context_os_name": "ios",
    "context_os_version": "18.0.1",
    "context_receiver_service_timestamp": 1729111892627,
    "context_time": 1729111888651,
    "message_enabled_sources": 0,
    "message_owned_size": 0,
    "message_owned_tracks": 0,
    "message_total_size": 0,
    "message_total_tracks": 0,
    "message_tracks_bad_format": 0,
    "message_tracks_drm_protected": 0,
    "message_tracks_not_found": 0,
    "message_tracks_reallocated_repaired": 0,
    "message_tracks_unknown_pruned": 0
  },
  {
    "timestamp_utc": "2024-09-12T00:30:25.215Z",
    "context_application_version": "8.9.70.592",
    "context_conn_country": "US",
    "context_device_manufacturer": "apple",
    "context_device_model": "iPhone13,4",
    "context_device_type": "mobile",
    "context_os_name": "ios",
    "context_os_version": "17.6.1",
    "context_receiver_service_timestamp": 1726101045610,
    "context_time": 1726101025215,
    "message_enabled_sources": 0,
    "message_owned_size": 0,
    "message_owned_tracks": 0,
    "message_total_size": 0,
    "message_total_tracks": 0,
    "message_tracks_bad_format": 0,
    "message_tracks_drm_protected": 0,
    "message_tracks_not_found": 0,
    "message_tracks_reallocated_repaired": 0,
    "message_tracks_unknown_pruned": 0
  },
  {
    "timestamp_utc": "2024-09-28T23:20:11.410Z",
    "context_application_version": "8.9.76.516",
    "context_conn_country": "US",
    "context_device_manufacturer": "apple",
    "context_device_model": "iPhone13,4",
    "context_device_type": "mobile",
    "context_os_name": "ios",
    "context_os_version": "18.0",
    "context_receiver_service_timestamp": 1727565631452,
    "context_time": 1727565611410,
    "message_enabled_sources": 0,
    "message_owned_size": 0,
    "message_owned_tracks": 0,
    "message_total_size": 0,
    "message_total_tracks": 0,
    "message_tracks_bad_format": 0,
    "message_tracks_drm_protected": 0,
    "message_tracks_not_found": 0,
    "message_tracks_reallocated_repaired": 0,
    "message_tracks_unknown_pruned": 0
  },
  {
    "timestamp_utc": "2024-11-04T02:10:53.939Z",
    "context_application_version": "1.2.49.439",
    "context_conn_country": "US",
    "context_device_manufacturer": "Apple Inc.",
    "context_device_model": "MacBookPro16,2",
    "context_device_type": "desktop",
    "context_os_name": "osx",
    "context_os_version": "15.0.1",
    "context_receiver_service_timestamp": 1730686273779,
    "context_time": 1730686253939,
    "message_enabled_sources": 2,
    "message_owned_size": 0,
    "message_owned_tracks": 0,
    "message_total_size": 221392,
    "message_total_tracks": 16,
    "message_tracks_bad_format": 0,
    "message_tracks_drm_protected": 0,
    "message_tracks_not_found": 0,
    "message_tracks_reallocated_repaired": 0,
    "message_tracks_unknown_pruned": 0
  },
  {
    "timestamp_utc": "2024-08-28T18:21:36.637Z",
    "context_application_version": "8.9.68.490",
    "context_conn_country": "US",
    "context_device_manufacturer": "apple",
    "context_device_model": "iPhone13,4",
    "context_device_type": "mobile",
    "context_os_name": "ios",
    "context_os_version": "17.5.1",
    "context_receiver_service_timestamp": 1724869316816,
    "context_time": 1724869296637,
    "message_enabled_sources": 0,
    "message_owned_size": 0,
    "message_owned_tracks": 0,
    "message_total_size": 0,
    "message_total_tracks": 0,
    "message_tracks_bad_format": 0,
    "message_tracks_drm_protected": 0,
    "message_tracks_not_found": 0,
    "message_tracks_reallocated_repaired": 0,
    "message_tracks_unknown_pruned": 0
  },
  {
    "timestamp_utc": "2024-09-25T07:49:18.023Z",
    "context_application_version": "8.9.76.516",
    "context_conn_country": "US",
    "context_device_manufacturer": "apple",
    "context_device_model": "iPad14,4",
    "context_device_type": "tablet",
    "context_os_name": "ios",
    "context_os_version": "18.0",
    "context_receiver_service_timestamp": 1727250578243,
    "context_time": 1727250558023,
    "message_enabled_sources": 0,
    "message_owned_size": 0,
    "message_owned_tracks": 0,
    "message_total_size": 0,
    "message_total_tracks": 0,
    "message_tracks_bad_format": 0,
    "message_tracks_drm_protected": 0,
    "message_tracks_not_found": 0,
    "message_tracks_reallocated_repaired": 0,
    "message_tracks_unknown_pruned": 0
  },
  {
    "timestamp_utc": "2024-08-31T22:26:13.088Z",
    "context_application_version": "8.9.68.490",
    "context_conn_country": "US",
    "context_device_manufacturer": "apple",
    "context_device_model": "iPad14,4",
    "context_device_type": "tablet",
    "context_os_name": "ios",
    "context_os_version": "17.6.1",
    "context_receiver_service_timestamp": 1725143193178,
    "context_time": 1725143173088,
    "message_enabled_sources": 0,
    "message_owned_size": 0,
    "message_owned_tracks": 0,
    "message_total_size": 0,
    "message_total_tracks": 0,
    "message_tracks_bad_format": 0,
    "message_tracks_drm_protected": 0,
    "message_tracks_not_found": 0,
    "message_tracks_reallocated_repaired": 0,
    "message_tracks_unknown_pruned": 0
  },
  {
    "timestamp_utc": "2024-10-23T00:04:06.323Z",
    "context_application_version": "8.9.82.628",
    "context_conn_country": "US",
    "context_device_manufacturer": "apple",
    "context_device_model": "iPhone13,4",
    "context_device_type": "mobile",
    "context_os_name": "ios",
    "context_os_version": "18.0.1",
    "context_receiver_service_timestamp": 1729641866364,
    "context_time": 1729641846323,
    "message_enabled_sources": 0,
    "message_owned_size": 0,
    "message_owned_tracks": 0,
    "message_total_size": 0,
    "message_total_tracks": 0,
    "message_tracks_bad_format": 0,
    "message_tracks_drm_protected": 0,
    "message_tracks_not_found": 0,
    "message_tracks_reallocated_repaired": 0,
    "message_tracks_unknown_pruned": 0
  },
  {
    "timestamp_utc": "2024-10-01T00:13:06.935Z",
    "context_application_version": "8.9.76.516",
    "context_conn_country": "US",
    "context_device_manufacturer": "apple",
    "context_device_model": "iPhone13,4",
    "context_device_type": "mobile",
    "context_os_name": "ios",
    "context_os_version": "18.0",
    "context_receiver_service_timestamp": 1727741607156,
    "context_time": 1727741586935,
    "message_enabled_sources": 0,
    "message_owned_size": 0,
    "message_owned_tracks": 0,
    "message_total_size": 0,
    "message_total_tracks": 0,
    "message_tracks_bad_format": 0,
    "message_tracks_drm_protected": 0,
    "message_tracks_not_found": 0,
    "message_tracks_reallocated_repaired": 0,
    "message_tracks_unknown_pruned": 0
  },
  {
    "timestamp_utc": "2024-10-31T17:21:12.235Z",
    "context_application_version": "8.9.86.419",
    "context_conn_country": "US",
    "context_device_manufacturer": "apple",
    "context_device_model": "iPhone13,4",
    "context_device_type": "mobile",
    "context_os_name": "ios",
    "context_os_version": "18.0.1",
    "context_receiver_service_timestamp": 1730395441989,
    "context_time": 1730395272235,
    "message_enabled_sources": 0,
    "message_owned_size": 0,
    "message_owned_tracks": 0,
    "message_total_size": 0,
    "message_total_tracks": 0,
    "message_tracks_bad_format": 0,
    "message_tracks_drm_protected": 0,
    "message_tracks_not_found": 0,
    "message_tracks_reallocated_repaired": 0,
    "message_tracks_unknown_pruned": 0
  },
  {
    "timestamp_utc": "2024-09-25T17:50:29.787Z",
    "context_application_version": "1.2.47.364",
    "context_conn_country": "US",
    "context_device_manufacturer": "Apple Inc.",
    "context_device_model": "MacBookPro16,2",
    "context_device_type": "desktop",
    "context_os_name": "osx",
    "context_os_version": "14.6.1",
    "context_receiver_service_timestamp": 1727286650547,
    "context_time": 1727286629787,
    "message_enabled_sources": 2,
    "message_owned_size": 0,
    "message_owned_tracks": 0,
    "message_total_size": 221392,
    "message_total_tracks": 16,
    "message_tracks_bad_format": 0,
    "message_tracks_drm_protected": 0,
    "message_tracks_not_found": 0,
    "message_tracks_reallocated_repaired": 0,
    "message_tracks_unknown_pruned": 0
  },
  {
    "timestamp_utc": "2024-11-10T03:11:59.486Z",
    "context_application_version": "8.9.90.84",
    "context_conn_country": "US",
    "context_device_manufacturer": "apple",
    "context_device_model": "iPad14,4",
    "context_device_type": "tablet",
    "context_os_name": "ios",
    "context_os_version": "18.0.1",
    "context_receiver_service_timestamp": 1731208339495,
    "context_time": 1731208319486,
    "message_enabled_sources": 0,
    "message_owned_size": 0,
    "message_owned_tracks": 0,
    "message_total_size": 0,
    "message_total_tracks": 0,
    "message_tracks_bad_format": 0,
    "message_tracks_drm_protected": 0,
    "message_tracks_not_found": 0,
    "message_tracks_reallocated_repaired": 0,
    "message_tracks_unknown_pruned": 0
  },
  {
    "timestamp_utc": "2024-09-30T18:17:41.908Z",
    "context_application_version": "1.2.47.364",
    "context_conn_country": "US",
    "context_device_manufacturer": "Apple Inc.",
    "context_device_model": "MacBookPro16,2",
    "context_device_type": "desktop",
    "context_os_name": "osx",
    "context_os_version": "15.0.0",
    "context_receiver_service_timestamp": 1727720265268,
    "context_time": 1727720261908,
    "message_enabled_sources": 2,
    "message_owned_size": 0,
    "message_owned_tracks": 0,
    "message_total_size": 221392,
    "message_total_tracks": 16,
    "message_tracks_bad_format": 0,
    "message_tracks_drm_protected": 0,
    "message_tracks_not_found": 0,
    "message_tracks_reallocated_repaired": 0,
    "message_tracks_unknown_pruned": 0
  },
  {
    "timestamp_utc": "2024-11-11T19:33:44.030Z",
    "context_application_version": "8.9.90.84",
    "context_conn_country": "US",
    "context_device_manufacturer": "apple",
    "context_device_model": "iPhone13,4",
    "context_device_type": "mobile",
    "context_os_name": "ios",
    "context_os_version": "18.0.1",
    "context_receiver_service_timestamp": 1731353644128,
    "context_time": 1731353624030,
    "message_enabled_sources": 0,
    "message_owned_size": 0,
    "message_owned_tracks": 0,
    "message_total_size": 0,
    "message_total_tracks": 0,
    "message_tracks_bad_format": 0,
    "message_tracks_drm_protected": 0,
    "message_tracks_not_found": 0,
    "message_tracks_reallocated_repaired": 0,
    "message_tracks_unknown_pruned": 0
  },
  {
    "timestamp_utc": "2024-11-10T01:12:52.340Z",
    "context_application_version": "8.9.86.419",
    "context_conn_country": "US",
    "context_device_manufacturer": "apple",
    "context_device_model": "iPhone13,4",
    "context_device_type": "mobile",
    "context_os_name": "ios",
    "context_os_version": "18.0.1",
    "context_receiver_service_timestamp": 1731201192858,
    "context_time": 1731201172340,
    "message_enabled_sources": 0,
    "message_owned_size": 0,
    "message_owned_tracks": 0,
    "message_total_size": 0,
    "message_total_tracks": 0,
    "message_tracks_bad_format": 0,
    "message_tracks_drm_protected": 0,
    "message_tracks_not_found": 0,
    "message_tracks_reallocated_repaired": 0,
    "message_tracks_unknown_pruned": 0
  },
  {
    "timestamp_utc": "2024-10-07T11:17:32.740Z",
    "context_application_version": "8.9.76.516",
    "context_conn_country": "US",
    "context_device_manufacturer": "apple",
    "context_device_model": "iPad14,4",
    "context_device_type": "tablet",
    "context_os_name": "ios",
    "context_os_version": "18.0.1",
    "context_receiver_service_timestamp": 1728299936519,
    "context_time": 1728299852740,
    "message_enabled_sources": 0,
    "message_owned_size": 0,
    "message_owned_tracks": 0,
    "message_total_size": 0,
    "message_total_tracks": 0,
    "message_tracks_bad_format": 0,
    "message_tracks_drm_protected": 0,
    "message_tracks_not_found": 0,
    "message_tracks_reallocated_repaired": 0,
    "message_tracks_unknown_pruned": 0
  },
  {
    "timestamp_utc": "2024-09-18T18:24:57.949Z",
    "context_application_version": "1.2.45.454",
    "context_conn_country": "US",
    "context_device_manufacturer": "Apple Inc.",
    "context_device_model": "MacBookPro16,2",
    "context_device_type": "desktop",
    "context_os_name": "osx",
    "context_os_version": "14.6.1",
    "context_receiver_service_timestamp": 1726683916898,
    "context_time": 1726683897949,
    "message_enabled_sources": 2,
    "message_owned_size": 0,
    "message_owned_tracks": 0,
    "message_total_size": 221392,
    "message_total_tracks": 16,
    "message_tracks_bad_format": 0,
    "message_tracks_drm_protected": 0,
    "message_tracks_not_found": 0,
    "message_tracks_reallocated_repaired": 0,
    "message_tracks_unknown_pruned": 0
  },
  {
    "timestamp_utc": "2024-11-20T17:36:29.298Z",
    "context_application_version": "8.9.90.84",
    "context_conn_country": "US",
    "context_device_manufacturer": "apple",
    "context_device_model": "iPhone13,4",
    "context_device_type": "mobile",
    "context_os_name": "ios",
    "context_os_version": "18.1",
    "context_receiver_service_timestamp": 1732124209676,
    "context_time": 1732124189298,
    "message_enabled_sources": 0,
    "message_owned_size": 0,
    "message_owned_tracks": 0,
    "message_total_size": 0,
    "message_total_tracks": 0,
    "message_tracks_bad_format": 0,
    "message_tracks_drm_protected": 0,
    "message_tracks_not_found": 0,
    "message_tracks_reallocated_repaired": 0,
    "message_tracks_unknown_pruned": 0
  },
  {
    "timestamp_utc": "2024-09-28T06:06:50.510Z",
    "context_application_version": "8.9.76.516",
    "context_conn_country": "US",
    "context_device_manufacturer": "apple",
    "context_device_model": "iPad14,4",
    "context_device_type": "tablet",
    "context_os_name": "ios",
    "context_os_version": "18.0",
    "context_receiver_service_timestamp": 1727503630466,
    "context_time": 1727503610510,
    "message_enabled_sources": 0,
    "message_owned_size": 0,
    "message_owned_tracks": 0,
    "message_total_size": 0,
    "message_total_tracks": 0,
    "message_tracks_bad_format": 0,
    "message_tracks_drm_protected": 0,
    "message_tracks_not_found": 0,
    "message_tracks_reallocated_repaired": 0,
    "message_tracks_unknown_pruned": 0
  },
  {
    "timestamp_utc": "2024-10-21T21:28:36.280Z",
    "context_application_version": "1.2.48.405",
    "context_conn_country": "US",
    "context_device_manufacturer": "Apple Inc.",
    "context_device_model": "MacBookPro16,2",
    "context_device_type": "desktop",
    "context_os_name": "osx",
    "context_os_version": "15.0.1",
    "context_receiver_service_timestamp": 1729546136594,
    "context_time": 1729546116280,
    "message_enabled_sources": 2,
    "message_owned_size": 0,
    "message_owned_tracks": 0,
    "message_total_size": 221392,
    "message_total_tracks": 16,
    "message_tracks_bad_format": 0,
    "message_tracks_drm_protected": 0,
    "message_tracks_not_found": 0,
    "message_tracks_reallocated_repaired": 0,
    "message_tracks_unknown_pruned": 0
  },
  {
    "timestamp_utc": "2024-10-24T23:58:38.408Z",
    "context_application_version": "8.9.86.419",
    "context_conn_country": "US",
    "context_device_manufacturer": "apple",
    "context_device_model": "iPad14,4",
    "context_device_type": "tablet",
    "context_os_name": "ios",
    "context_os_version": "18.0.1",
    "context_receiver_service_timestamp": 1729814338311,
    "context_time": 1729814318408,
    "message_enabled_sources": 0,
    "message_owned_size": 0,
    "message_owned_tracks": 0,
    "message_total_size": 0,
    "message_total_tracks": 0,
    "message_tracks_bad_format": 0,
    "message_tracks_drm_protected": 0,
    "message_tracks_not_found": 0,
    "message_tracks_reallocated_repaired": 0,
    "message_tracks_unknown_pruned": 0
  },
  {
    "timestamp_utc": "2024-09-04T00:41:14.901Z",
    "context_application_version": "8.9.68.490",
    "context_conn_country": "US",
    "context_device_manufacturer": "apple",
    "context_device_model": "iPhone13,4",
    "context_device_type": "mobile",
    "context_os_name": "ios",
    "context_os_version": "17.6.1",
    "context_receiver_service_timestamp": 1725410495568,
    "context_time": 1725410474901,
    "message_enabled_sources": 0,
    "message_owned_size": 0,
    "message_owned_tracks": 0,
    "message_total_size": 0,
    "message_total_tracks": 0,
    "message_tracks_bad_format": 0,
    "message_tracks_drm_protected": 0,
    "message_tracks_not_found": 0,
    "message_tracks_reallocated_repaired": 0,
    "message_tracks_unknown_pruned": 0
  },
  {
    "timestamp_utc": "2024-11-21T00:53:23.651Z",
    "context_application_version": "8.9.90.84",
    "context_conn_country": "US",
    "context_device_manufacturer": "apple",
    "context_device_model": "iPad14,4",
    "context_device_type": "tablet",
    "context_os_name": "ios",
    "context_os_version": "18.0.1",
    "context_receiver_service_timestamp": 1732150423683,
    "context_time": 1732150403651,
    "message_enabled_sources": 0,
    "message_owned_size": 0,
    "message_owned_tracks": 0,
    "message_total_size": 0,
    "message_total_tracks": 0,
    "message_tracks_bad_format": 0,
    "message_tracks_drm_protected": 0,
    "message_tracks_not_found": 0,
    "message_tracks_reallocated_repaired": 0,
    "message_tracks_unknown_pruned": 0
  },
  {
    "timestamp_utc": "2024-09-11T21:07:25.206Z",
    "context_application_version": "1.2.39.578",
    "context_conn_country": "US",
    "context_device_manufacturer": "Apple Inc.",
    "context_device_model": "MacBookPro16,2",
    "context_device_type": "desktop",
    "context_os_name": "osx",
    "context_os_version": "14.6.1",
    "context_receiver_service_timestamp": 1726088865545,
    "context_time": 1726088845206,
    "message_enabled_sources": 2,
    "message_owned_size": 0,
    "message_owned_tracks": 0,
    "message_total_size": 221392,
    "message_total_tracks": 16,
    "message_tracks_bad_format": 0,
    "message_tracks_drm_protected": 0,
    "message_tracks_not_found": 0,
    "message_tracks_reallocated_repaired": 0,
    "message_tracks_unknown_pruned": 0
  },
  {
    "timestamp_utc": "2024-09-17T05:12:36.582Z",
    "context_application_version": "8.9.74.535",
    "context_conn_country": "US",
    "context_device_manufacturer": "apple",
    "context_device_model": "iPad14,4",
    "context_device_type": "tablet",
    "context_os_name": "ios",
    "context_os_version": "17.6.1",
    "context_receiver_service_timestamp": 1726549976890,
    "context_time": 1726549956582,
    "message_enabled_sources": 0,
    "message_owned_size": 0,
    "message_owned_tracks": 0,
    "message_total_size": 0,
    "message_total_tracks": 0,
    "message_tracks_bad_format": 0,
    "message_tracks_drm_protected": 0,
    "message_tracks_not_found": 0,
    "message_tracks_reallocated_repaired": 0,
    "message_tracks_unknown_pruned": 0
  },
  {
    "timestamp_utc": "2024-09-24T13:55:36.374Z",
    "context_application_version": "8.9.76.516",
    "context_conn_country": "US",
    "context_device_manufacturer": "apple",
    "context_device_model": "iPad14,4",
    "context_device_type": "tablet",
    "context_os_name": "ios",
    "context_os_version": "17.6.1",
    "context_receiver_service_timestamp": 1727186157370,
    "context_time": 1727186136374,
    "message_enabled_sources": 0,
    "message_owned_size": 0,
    "message_owned_tracks": 0,
    "message_total_size": 0,
    "message_total_tracks": 0,
    "message_tracks_bad_format": 0,
    "message_tracks_drm_protected": 0,
    "message_tracks_not_found": 0,
    "message_tracks_reallocated_repaired": 0,
    "message_tracks_unknown_pruned": 0
  },
  {
    "timestamp_utc": "2024-11-16T08:11:45.776Z",
    "context_application_version": "8.9.90.84",
    "context_conn_country": "US",
    "context_device_manufacturer": "apple",
    "context_device_model": "iPhone13,4",
    "context_device_type": "mobile",
    "context_os_name": "ios",
    "context_os_version": "18.0.1",
    "context_receiver_service_timestamp": 1731744710907,
    "context_time": 1731744705776,
    "message_enabled_sources": 0,
    "message_owned_size": 0,
    "message_owned_tracks": 0,
    "message_total_size": 0,
    "message_total_tracks": 0,
    "message_tracks_bad_format": 0,
    "message_tracks_drm_protected": 0,
    "message_tracks_not_found": 0,
    "message_tracks_reallocated_repaired": 0,
    "message_tracks_unknown_pruned": 0
  },
  {
    "timestamp_utc": "2024-09-03T01:25:27.954Z",
    "context_application_version": "8.9.68.490",
    "context_conn_country": "US",
    "context_device_manufacturer": "apple",
    "context_device_model": "iPhone13,4",
    "context_device_type": "mobile",
    "context_os_name": "ios",
    "context_os_version": "17.6.1",
    "context_receiver_service_timestamp": 1725326747815,
    "context_time": 1725326727954,
    "message_enabled_sources": 0,
    "message_owned_size": 0,
    "message_owned_tracks": 0,
    "message_total_size": 0,
    "message_total_tracks": 0,
    "message_tracks_bad_format": 0,
    "message_tracks_drm_protected": 0,
    "message_tracks_not_found": 0,
    "message_tracks_reallocated_repaired": 0,
    "message_tracks_unknown_pruned": 0
  },
  {
    "timestamp_utc": "2024-11-22T00:56:14.405Z",
    "context_application_version": "8.9.94.418",
    "context_conn_country": "US",
    "context_device_manufacturer": "apple",
    "context_device_model": "iPad14,4",
    "context_device_type": "tablet",
    "context_os_name": "ios",
    "context_os_version": "18.0.1",
    "context_receiver_service_timestamp": 1732236994640,
    "context_time": 1732236974405,
    "message_enabled_sources": 0,
    "message_owned_size": 0,
    "message_owned_tracks": 0,
    "message_total_size": 0,
    "message_total_tracks": 0,
    "message_tracks_bad_format": 0,
    "message_tracks_drm_protected": 0,
    "message_tracks_not_found": 0,
    "message_tracks_reallocated_repaired": 0,
    "message_tracks_unknown_pruned": 0
  },
  {
    "timestamp_utc": "2024-10-18T06:32:02.183Z",
    "context_application_version": "8.9.82.628",
    "context_conn_country": "US",
    "context_device_manufacturer": "apple",
    "context_device_model": "iPhone13,4",
    "context_device_type": "mobile",
    "context_os_name": "ios",
    "context_os_version": "18.0.1",
    "context_receiver_service_timestamp": 1729233123968,
    "context_time": 1729233122183,
    "message_enabled_sources": 0,
    "message_owned_size": 0,
    "message_owned_tracks": 0,
    "message_total_size": 0,
    "message_total_tracks": 0,
    "message_tracks_bad_format": 0,
    "message_tracks_drm_protected": 0,
    "message_tracks_not_found": 0,
    "message_tracks_reallocated_repaired": 0,
    "message_tracks_unknown_pruned": 0
  },
  {
    "timestamp_utc": "2024-09-09T18:21:47.878Z",
    "context_application_version": "8.9.70.592",
    "context_conn_country": "US",
    "context_device_manufacturer": "apple",
    "context_device_model": "iPhone13,4",
    "context_device_type": "mobile",
    "context_os_name": "ios",
    "context_os_version": "17.6.1",
    "context_receiver_service_timestamp": 1725906128083,
    "context_time": 1725906107878,
    "message_enabled_sources": 0,
    "message_owned_size": 0,
    "message_owned_tracks": 0,
    "message_total_size": 0,
    "message_total_tracks": 0,
    "message_tracks_bad_format": 0,
    "message_tracks_drm_protected": 0,
    "message_tracks_not_found": 0,
    "message_tracks_reallocated_repaired": 0,
    "message_tracks_unknown_pruned": 0
  },
  {
    "timestamp_utc": "2024-11-20T19:07:51.223Z",
    "context_application_version": "8.9.90.84",
    "context_conn_country": "US",
    "context_device_manufacturer": "apple",
    "context_device_model": "iPhone13,4",
    "context_device_type": "mobile",
    "context_os_name": "ios",
    "context_os_version": "18.1",
    "context_receiver_service_timestamp": 1732129672861,
    "context_time": 1732129671223,
    "message_enabled_sources": 0,
    "message_owned_size": 0,
    "message_owned_tracks": 0,
    "message_total_size": 0,
    "message_total_tracks": 0,
    "message_tracks_bad_format": 0,
    "message_tracks_drm_protected": 0,
    "message_tracks_not_found": 0,
    "message_tracks_reallocated_repaired": 0,
    "message_tracks_unknown_pruned": 0
  },
  {
    "timestamp_utc": "2024-11-03T21:38:35.229Z",
    "context_application_version": "8.9.86.419",
    "context_conn_country": "US",
    "context_device_manufacturer": "apple",
    "context_device_model": "iPhone13,4",
    "context_device_type": "mobile",
    "context_os_name": "ios",
    "context_os_version": "18.0.1",
    "context_receiver_service_timestamp": 1730669935560,
    "context_time": 1730669915229,
    "message_enabled_sources": 0,
    "message_owned_size": 0,
    "message_owned_tracks": 0,
    "message_total_size": 0,
    "message_total_tracks": 0,
    "message_tracks_bad_format": 0,
    "message_tracks_drm_protected": 0,
    "message_tracks_not_found": 0,
    "message_tracks_reallocated_repaired": 0,
    "message_tracks_unknown_pruned": 0
  },
  {
    "timestamp_utc": "2024-08-27T04:29:03.975Z",
    "context_application_version": "8.9.68.490",
    "context_conn_country": "US",
    "context_device_manufacturer": "apple",
    "context_device_model": "iPad14,4",
    "context_device_type": "tablet",
    "context_os_name": "ios",
    "context_os_version": "17.5.1",
    "context_receiver_service_timestamp": 1724732963973,
    "context_time": 1724732943975,
    "message_enabled_sources": 0,
    "message_owned_size": 0,
    "message_owned_tracks": 0,
    "message_total_size": 0,
    "message_total_tracks": 0,
    "message_tracks_bad_format": 0,
    "message_tracks_drm_protected": 0,
    "message_tracks_not_found": 0,
    "message_tracks_reallocated_repaired": 0,
    "message_tracks_unknown_pruned": 0
  },
  {
    "timestamp_utc": "2024-09-10T23:56:51.797Z",
    "context_application_version": "8.9.70.592",
    "context_conn_country": "US",
    "context_device_manufacturer": "apple",
    "context_device_model": "iPhone13,4",
    "context_device_type": "mobile",
    "context_os_name": "ios",
    "context_os_version": "17.6.1",
    "context_receiver_service_timestamp": 1726012632254,
    "context_time": 1726012611797,
    "message_enabled_sources": 0,
    "message_owned_size": 0,
    "message_owned_tracks": 0,
    "message_total_size": 0,
    "message_total_tracks": 0,
    "message_tracks_bad_format": 0,
    "message_tracks_drm_protected": 0,
    "message_tracks_not_found": 0,
    "message_tracks_reallocated_repaired": 0,
    "message_tracks_unknown_pruned": 0
  },
  {
    "timestamp_utc": "2024-08-26T17:32:21.953Z",
    "context_application_version": "8.9.66.462",
    "context_conn_country": "US",
    "context_device_manufacturer": "apple",
    "context_device_model": "iPhone13,4",
    "context_device_type": "mobile",
    "context_os_name": "ios",
    "context_os_version": "17.5.1",
    "context_receiver_service_timestamp": 1724693562043,
    "context_time": 1724693541953,
    "message_enabled_sources": 0,
    "message_owned_size": 0,
    "message_owned_tracks": 0,
    "message_total_size": 0,
    "message_total_tracks": 0,
    "message_tracks_bad_format": 0,
    "message_tracks_drm_protected": 0,
    "message_tracks_not_found": 0,
    "message_tracks_reallocated_repaired": 0,
    "message_tracks_unknown_pruned": 0
  },
  {
    "timestamp_utc": "2024-09-25T02:40:55.059Z",
    "context_application_version": "8.9.76.516",
    "context_conn_country": "US",
    "context_device_manufacturer": "apple",
    "context_device_model": "iPhone13,4",
    "context_device_type": "mobile",
    "context_os_name": "ios",
    "context_os_version": "17.6.1",
    "context_receiver_service_timestamp": 1727232060924,
    "context_time": 1727232055059,
    "message_enabled_sources": 0,
    "message_owned_size": 0,
    "message_owned_tracks": 0,
    "message_total_size": 0,
    "message_total_tracks": 0,
    "message_tracks_bad_format": 0,
    "message_tracks_drm_protected": 0,
    "message_tracks_not_found": 0,
    "message_tracks_reallocated_repaired": 0,
    "message_tracks_unknown_pruned": 0
  },
  {
    "timestamp_utc": "2024-10-04T01:12:36.422Z",
    "context_application_version": "8.9.76.516",
    "context_conn_country": "US",
    "context_device_manufacturer": "apple",
    "context_device_model": "iPhone13,4",
    "context_device_type": "mobile",
    "context_os_name": "ios",
    "context_os_version": "18.0",
    "context_receiver_service_timestamp": 1728004376617,
    "context_time": 1728004356422,
    "message_enabled_sources": 0,
    "message_owned_size": 0,
    "message_owned_tracks": 0,
    "message_total_size": 0,
    "message_total_tracks": 0,
    "message_tracks_bad_format": 0,
    "message_tracks_drm_protected": 0,
    "message_tracks_not_found": 0,
    "message_tracks_reallocated_repaired": 0,
    "message_tracks_unknown_pruned": 0
  },
  {
    "timestamp_utc": "2024-11-19T01:05:36.259Z",
    "context_application_version": "8.9.90.84",
    "context_conn_country": "US",
    "context_device_manufacturer": "apple",
    "context_device_model": "iPhone13,4",
    "context_device_type": "mobile",
    "context_os_name": "ios",
    "context_os_version": "18.0.1",
    "context_receiver_service_timestamp": 1731978343340,
    "context_time": 1731978336259,
    "message_enabled_sources": 0,
    "message_owned_size": 0,
    "message_owned_tracks": 0,
    "message_total_size": 0,
    "message_total_tracks": 0,
    "message_tracks_bad_format": 0,
    "message_tracks_drm_protected": 0,
    "message_tracks_not_found": 0,
    "message_tracks_reallocated_repaired": 0,
    "message_tracks_unknown_pruned": 0
  },
  {
    "timestamp_utc": "2024-09-22T22:25:29.238Z",
    "context_application_version": "8.9.76.516",
    "context_conn_country": "US",
    "context_device_manufacturer": "apple",
    "context_device_model": "iPhone13,4",
    "context_device_type": "mobile",
    "context_os_name": "ios",
    "context_os_version": "17.6.1",
    "context_receiver_service_timestamp": 1727043948967,
    "context_time": 1727043929238,
    "message_enabled_sources": 0,
    "message_owned_size": 0,
    "message_owned_tracks": 0,
    "message_total_size": 0,
    "message_total_tracks": 0,
    "message_tracks_bad_format": 0,
    "message_tracks_drm_protected": 0,
    "message_tracks_not_found": 0,
    "message_tracks_reallocated_repaired": 0,
    "message_tracks_unknown_pruned": 0
  },
  {
    "timestamp_utc": "2024-11-11T03:26:41.711Z",
    "context_application_version": "1.2.49.439",
    "context_conn_country": "US",
    "context_device_manufacturer": "Apple Inc.",
    "context_device_model": "MacBookPro16,2",
    "context_device_type": "desktop",
    "context_os_name": "osx",
    "context_os_version": "15.0.1",
    "context_receiver_service_timestamp": 1731295621979,
    "context_time": 1731295601711,
    "message_enabled_sources": 2,
    "message_owned_size": 0,
    "message_owned_tracks": 0,
    "message_total_size": 221392,
    "message_total_tracks": 16,
    "message_tracks_bad_format": 0,
    "message_tracks_drm_protected": 0,
    "message_tracks_not_found": 0,
    "message_tracks_reallocated_repaired": 0,
    "message_tracks_unknown_pruned": 0
  },
  {
    "timestamp_utc": "2024-09-18T20:40:58.052Z",
    "context_application_version": "8.9.74.535",
    "context_conn_country": "US",
    "context_device_manufacturer": "apple",
    "context_device_model": "iPhone13,4",
    "context_device_type": "mobile",
    "context_os_name": "ios",
    "context_os_version": "17.6.1",
    "context_receiver_service_timestamp": 1726692078065,
    "context_time": 1726692058052,
    "message_enabled_sources": 0,
    "message_owned_size": 0,
    "message_owned_tracks": 0,
    "message_total_size": 0,
    "message_total_tracks": 0,
    "message_tracks_bad_format": 0,
    "message_tracks_drm_protected": 0,
    "message_tracks_not_found": 0,
    "message_tracks_reallocated_repaired": 0,
    "message_tracks_unknown_pruned": 0
  },
  {
    "timestamp_utc": "2024-08-28T05:15:00.526Z",
    "context_application_version": "8.9.68.490",
    "context_conn_country": "US",
    "context_device_manufacturer": "apple",
    "context_device_model": "iPad14,4",
    "context_device_type": "tablet",
    "context_os_name": "ios",
    "context_os_version": "17.5.1",
    "context_receiver_service_timestamp": 1724822115971,
    "context_time": 1724822100526,
    "message_enabled_sources": 0,
    "message_owned_size": 0,
    "message_owned_tracks": 0,
    "message_total_size": 0,
    "message_total_tracks": 0,
    "message_tracks_bad_format": 0,
    "message_tracks_drm_protected": 0,
    "message_tracks_not_found": 0,
    "message_tracks_reallocated_repaired": 0,
    "message_tracks_unknown_pruned": 0
  },
  {
    "timestamp_utc": "2024-09-04T19:06:01.492Z",
    "context_application_version": "8.9.68.490",
    "context_conn_country": "US",
    "context_device_manufacturer": "apple",
    "context_device_model": "iPhone13,4",
    "context_device_type": "mobile",
    "context_os_name": "ios",
    "context_os_version": "17.6.1",
    "context_receiver_service_timestamp": 1725476770814,
    "context_time": 1725476761492,
    "message_enabled_sources": 0,
    "message_owned_size": 0,
    "message_owned_tracks": 0,
    "message_total_size": 0,
    "message_total_tracks": 0,
    "message_tracks_bad_format": 0,
    "message_tracks_drm_protected": 0,
    "message_tracks_not_found": 0,
    "message_tracks_reallocated_repaired": 0,
    "message_tracks_unknown_pruned": 0
  },
  {
    "timestamp_utc": "2024-10-04T19:15:24.401Z",
    "context_application_version": "8.9.76.516",
    "context_conn_country": "US",
    "context_device_manufacturer": "apple",
    "context_device_model": "iPhone13,4",
    "context_device_type": "mobile",
    "context_os_name": "ios",
    "context_os_version": "18.0",
    "context_receiver_service_timestamp": 1728069344318,
    "context_time": 1728069324401,
    "message_enabled_sources": 0,
    "message_owned_size": 0,
    "message_owned_tracks": 0,
    "message_total_size": 0,
    "message_total_tracks": 0,
    "message_tracks_bad_format": 0,
    "message_tracks_drm_protected": 0,
    "message_tracks_not_found": 0,
    "message_tracks_reallocated_repaired": 0,
    "message_tracks_unknown_pruned": 0
  },
  {
    "timestamp_utc": "2024-08-27T10:16:08.722Z",
    "context_application_version": "8.9.68.490",
    "context_conn_country": "US",
    "context_device_manufacturer": "apple",
    "context_device_model": "iPad14,4",
    "context_device_type": "tablet",
    "context_os_name": "ios",
    "context_os_version": "17.5.1",
    "context_receiver_service_timestamp": 1724753788697,
    "context_time": 1724753768722,
    "message_enabled_sources": 0,
    "message_owned_size": 0,
    "message_owned_tracks": 0,
    "message_total_size": 0,
    "message_total_tracks": 0,
    "message_tracks_bad_format": 0,
    "message_tracks_drm_protected": 0,
    "message_tracks_not_found": 0,
    "message_tracks_reallocated_repaired": 0,
    "message_tracks_unknown_pruned": 0
  },
  {
    "timestamp_utc": "2024-09-09T01:28:08.809Z",
    "context_application_version": "8.9.70.592",
    "context_conn_country": "US",
    "context_device_manufacturer": "apple",
    "context_device_model": "iPhone13,4",
    "context_device_type": "mobile",
    "context_os_name": "ios",
    "context_os_version": "17.6.1",
    "context_receiver_service_timestamp": 1725845290601,
    "context_time": 1725845288809,
    "message_enabled_sources": 0,
    "message_owned_size": 0,
    "message_owned_tracks": 0,
    "message_total_size": 0,
    "message_total_tracks": 0,
    "message_tracks_bad_format": 0,
    "message_tracks_drm_protected": 0,
    "message_tracks_not_found": 0,
    "message_tracks_reallocated_repaired": 0,
    "message_tracks_unknown_pruned": 0
  },
  {
    "timestamp_utc": "2024-09-10T07:13:32.209Z",
    "context_application_version": "8.9.70.592",
    "context_conn_country": "US",
    "context_device_manufacturer": "apple",
    "context_device_model": "iPhone13,4",
    "context_device_type": "mobile",
    "context_os_name": "ios",
    "context_os_version": "17.6.1",
    "context_receiver_service_timestamp": 1725954217449,
    "context_time": 1725952412209,
    "message_enabled_sources": 0,
    "message_owned_size": 0,
    "message_owned_tracks": 0,
    "message_total_size": 0,
    "message_total_tracks": 0,
    "message_tracks_bad_format": 0,
    "message_tracks_drm_protected": 0,
    "message_tracks_not_found": 0,
    "message_tracks_reallocated_repaired": 0,
    "message_tracks_unknown_pruned": 0
  },
  {
    "timestamp_utc": "2024-09-29T00:32:34.929Z",
    "context_application_version": "8.9.76.516",
    "context_conn_country": "US",
    "context_device_manufacturer": "apple",
    "context_device_model": "iPhone13,4",
    "context_device_type": "mobile",
    "context_os_name": "ios",
    "context_os_version": "18.0",
    "context_receiver_service_timestamp": 1727569964911,
    "context_time": 1727569954929,
    "message_enabled_sources": 0,
    "message_owned_size": 0,
    "message_owned_tracks": 0,
    "message_total_size": 0,
    "message_total_tracks": 0,
    "message_tracks_bad_format": 0,
    "message_tracks_drm_protected": 0,
    "message_tracks_not_found": 0,
    "message_tracks_reallocated_repaired": 0,
    "message_tracks_unknown_pruned": 0
  },
  {
    "timestamp_utc": "2024-09-25T15:27:09.092Z",
    "context_application_version": "8.9.76.516",
    "context_conn_country": "US",
    "context_device_manufacturer": "apple",
    "context_device_model": "iPhone13,4",
    "context_device_type": "mobile",
    "context_os_name": "ios",
    "context_os_version": "18.0",
    "context_receiver_service_timestamp": 1727281187635,
    "context_time": 1727278029092,
    "message_enabled_sources": 0,
    "message_owned_size": 0,
    "message_owned_tracks": 0,
    "message_total_size": 0,
    "message_total_tracks": 0,
    "message_tracks_bad_format": 0,
    "message_tracks_drm_protected": 0,
    "message_tracks_not_found": 0,
    "message_tracks_reallocated_repaired": 0,
    "message_tracks_unknown_pruned": 0
  },
  {
    "timestamp_utc": "2024-11-11T17:14:29.579Z",
    "context_application_version": "8.9.90.84",
    "context_conn_country": "US",
    "context_device_manufacturer": "apple",
    "context_device_model": "iPhone13,4",
    "context_device_type": "mobile",
    "context_os_name": "ios",
    "context_os_version": "18.0.1",
    "context_receiver_service_timestamp": 1731345289890,
    "context_time": 1731345269579,
    "message_enabled_sources": 0,
    "message_owned_size": 0,
    "message_owned_tracks": 0,
    "message_total_size": 0,
    "message_total_tracks": 0,
    "message_tracks_bad_format": 0,
    "message_tracks_drm_protected": 0,
    "message_tracks_not_found": 0,
    "message_tracks_reallocated_repaired": 0,
    "message_tracks_unknown_pruned": 0
  },
  {
    "timestamp_utc": "2024-11-05T18:13:10.165Z",
    "context_application_version": "1.2.49.439",
    "context_conn_country": "US",
    "context_device_manufacturer": "Apple Inc.",
    "context_device_model": "MacBookPro16,2",
    "context_device_type": "desktop",
    "context_os_name": "osx",
    "context_os_version": "15.0.1",
    "context_receiver_service_timestamp": 1730830410279,
    "context_time": 1730830390165,
    "message_enabled_sources": 2,
    "message_owned_size": 0,
    "message_owned_tracks": 0,
    "message_total_size": 221392,
    "message_total_tracks": 16,
    "message_tracks_bad_format": 0,
    "message_tracks_drm_protected": 0,
    "message_tracks_not_found": 0,
    "message_tracks_reallocated_repaired": 0,
    "message_tracks_unknown_pruned": 0
  },
  {
    "timestamp_utc": "2024-10-05T19:51:47.876Z",
    "context_application_version": "8.9.76.516",
    "context_conn_country": "US",
    "context_device_manufacturer": "apple",
    "context_device_model": "iPad14,4",
    "context_device_type": "tablet",
    "context_os_name": "ios",
    "context_os_version": "18.0",
    "context_receiver_service_timestamp": 1728157928394,
    "context_time": 1728157907876,
    "message_enabled_sources": 0,
    "message_owned_size": 0,
    "message_owned_tracks": 0,
    "message_total_size": 0,
    "message_total_tracks": 0,
    "message_tracks_bad_format": 0,
    "message_tracks_drm_protected": 0,
    "message_tracks_not_found": 0,
    "message_tracks_reallocated_repaired": 0,
    "message_tracks_unknown_pruned": 0
  },
  {
    "timestamp_utc": "2024-10-29T03:18:33.194Z",
    "context_application_version": "8.9.86.419",
    "context_conn_country": "US",
    "context_device_manufacturer": "apple",
    "context_device_model": "iPhone13,4",
    "context_device_type": "mobile",
    "context_os_name": "ios",
    "context_os_version": "18.0.1",
    "context_receiver_service_timestamp": 1730171926135,
    "context_time": 1730171913194,
    "message_enabled_sources": 0,
    "message_owned_size": 0,
    "message_owned_tracks": 0,
    "message_total_size": 0,
    "message_total_tracks": 0,
    "message_tracks_bad_format": 0,
    "message_tracks_drm_protected": 0,
    "message_tracks_not_found": 0,
    "message_tracks_reallocated_repaired": 0,
    "message_tracks_unknown_pruned": 0
  },
  {
    "timestamp_utc": "2024-09-20T16:32:42.561Z",
    "context_application_version": "8.9.76.516",
    "context_conn_country": "US",
    "context_device_manufacturer": "apple",
    "context_device_model": "iPhone13,4",
    "context_device_type": "mobile",
    "context_os_name": "ios",
    "context_os_version": "17.6.1",
    "context_receiver_service_timestamp": 1726849982685,
    "context_time": 1726849962561,
    "message_enabled_sources": 0,
    "message_owned_size": 0,
    "message_owned_tracks": 0,
    "message_total_size": 0,
    "message_total_tracks": 0,
    "message_tracks_bad_format": 0,
    "message_tracks_drm_protected": 0,
    "message_tracks_not_found": 0,
    "message_tracks_reallocated_repaired": 0,
    "message_tracks_unknown_pruned": 0
  },
  {
    "timestamp_utc": "2024-09-06T18:00:34.025Z",
    "context_application_version": "8.9.70.592",
    "context_conn_country": "US",
    "context_device_manufacturer": "apple",
    "context_device_model": "iPhone13,4",
    "context_device_type": "mobile",
    "context_os_name": "ios",
    "context_os_version": "17.6.1",
    "context_receiver_service_timestamp": 1725645640494,
    "context_time": 1725645634025,
    "message_enabled_sources": 0,
    "message_owned_size": 0,
    "message_owned_tracks": 0,
    "message_total_size": 0,
    "message_total_tracks": 0,
    "message_tracks_bad_format": 0,
    "message_tracks_drm_protected": 0,
    "message_tracks_not_found": 0,
    "message_tracks_reallocated_repaired": 0,
    "message_tracks_unknown_pruned": 0
  },
  {
    "timestamp_utc": "2024-09-13T16:26:22.396Z",
    "context_application_version": "8.9.74.535",
    "context_conn_country": "US",
    "context_device_manufacturer": "apple",
    "context_device_model": "iPhone13,4",
    "context_device_type": "mobile",
    "context_os_name": "ios",
    "context_os_version": "17.6.1",
    "context_receiver_service_timestamp": 1726244802542,
    "context_time": 1726244782396,
    "message_enabled_sources": 0,
    "message_owned_size": 0,
    "message_owned_tracks": 0,
    "message_total_size": 0,
    "message_total_tracks": 0,
    "message_tracks_bad_format": 0,
    "message_tracks_drm_protected": 0,
    "message_tracks_not_found": 0,
    "message_tracks_reallocated_repaired": 0,
    "message_tracks_unknown_pruned": 0
  },
  {
    "timestamp_utc": "2024-10-09T16:45:34.988Z",
    "context_application_version": "8.9.76.516",
    "context_conn_country": "US",
    "context_device_manufacturer": "apple",
    "context_device_model": "iPhone13,4",
    "context_device_type": "mobile",
    "context_os_name": "ios",
    "context_os_version": "18.0.1",
    "context_receiver_service_timestamp": 1728492354927,
    "context_time": 1728492334988,
    "message_enabled_sources": 0,
    "message_owned_size": 0,
    "message_owned_tracks": 0,
    "message_total_size": 0,
    "message_total_tracks": 0,
    "message_tracks_bad_format": 0,
    "message_tracks_drm_protected": 0,
    "message_tracks_not_found": 0,
    "message_tracks_reallocated_repaired": 0,
    "message_tracks_unknown_pruned": 0
  },
  {
    "timestamp_utc": "2024-10-04T04:41:27.232Z",
    "context_application_version": "8.9.76.516",
    "context_conn_country": "US",
    "context_device_manufacturer": "apple",
    "context_device_model": "iPad14,4",
    "context_device_type": "tablet",
    "context_os_name": "ios",
    "context_os_version": "18.0",
    "context_receiver_service_timestamp": 1728157904103,
    "context_time": 1728016887232,
    "message_enabled_sources": 0,
    "message_owned_size": 0,
    "message_owned_tracks": 0,
    "message_total_size": 0,
    "message_total_tracks": 0,
    "message_tracks_bad_format": 0,
    "message_tracks_drm_protected": 0,
    "message_tracks_not_found": 0,
    "message_tracks_reallocated_repaired": 0,
    "message_tracks_unknown_pruned": 0
  },
  {
    "timestamp_utc": "2024-10-26T07:19:59.354Z",
    "context_application_version": "8.9.86.419",
    "context_conn_country": "US",
    "context_device_manufacturer": "apple",
    "context_device_model": "iPad14,4",
    "context_device_type": "tablet",
    "context_os_name": "ios",
    "context_os_version": "18.0.1",
    "context_receiver_service_timestamp": 1729927219425,
    "context_time": 1729927199354,
    "message_enabled_sources": 0,
    "message_owned_size": 0,
    "message_owned_tracks": 0,
    "message_total_size": 0,
    "message_total_tracks": 0,
    "message_tracks_bad_format": 0,
    "message_tracks_drm_protected": 0,
    "message_tracks_not_found": 0,
    "message_tracks_reallocated_repaired": 0,
    "message_tracks_unknown_pruned": 0
  },
  {
    "timestamp_utc": "2024-08-27T02:08:40.280Z",
    "context_application_version": "8.9.68.490",
    "context_conn_country": "US",
    "context_device_manufacturer": "apple",
    "context_device_model": "iPhone13,4",
    "context_device_type": "mobile",
    "context_os_name": "ios",
    "context_os_version": "17.5.1",
    "context_receiver_service_timestamp": 1724724540208,
    "context_time": 1724724520280,
    "message_enabled_sources": 0,
    "message_owned_size": 0,
    "message_owned_tracks": 0,
    "message_total_size": 0,
    "message_total_tracks": 0,
    "message_tracks_bad_format": 0,
    "message_tracks_drm_protected": 0,
    "message_tracks_not_found": 0,
    "message_tracks_reallocated_repaired": 0,
    "message_tracks_unknown_pruned": 0
  },
  {
    "timestamp_utc": "2024-08-27T00:01:48.947Z",
    "context_application_version": "8.9.68.490",
    "context_conn_country": "US",
    "context_device_manufacturer": "apple",
    "context_device_model": "iPhone13,4",
    "context_device_type": "mobile",
    "context_os_name": "ios",
    "context_os_version": "17.5.1",
    "context_receiver_service_timestamp": 1724716928882,
    "context_time": 1724716908947,
    "message_enabled_sources": 0,
    "message_owned_size": 0,
    "message_owned_tracks": 0,
    "message_total_size": 0,
    "message_total_tracks": 0,
    "message_tracks_bad_format": 0,
    "message_tracks_drm_protected": 0,
    "message_tracks_not_found": 0,
    "message_tracks_reallocated_repaired": 0,
    "message_tracks_unknown_pruned": 0
  },
  {
    "timestamp_utc": "2024-11-08T18:57:44.327Z",
    "context_application_version": "8.9.86.419",
    "context_conn_country": "US",
    "context_device_manufacturer": "apple",
    "context_device_model": "iPhone13,4",
    "context_device_type": "mobile",
    "context_os_name": "ios",
    "context_os_version": "18.0.1",
    "context_receiver_service_timestamp": 1731092285155,
    "context_time": 1731092264327,
    "message_enabled_sources": 0,
    "message_owned_size": 0,
    "message_owned_tracks": 0,
    "message_total_size": 0,
    "message_total_tracks": 0,
    "message_tracks_bad_format": 0,
    "message_tracks_drm_protected": 0,
    "message_tracks_not_found": 0,
    "message_tracks_reallocated_repaired": 0,
    "message_tracks_unknown_pruned": 0
  },
  {
    "timestamp_utc": "2024-10-27T03:43:18.435Z",
    "context_application_version": "8.9.84.543",
    "context_conn_country": "US",
    "context_device_manufacturer": "apple",
    "context_device_model": "iPhone13,4",
    "context_device_type": "mobile",
    "context_os_name": "ios",
    "context_os_version": "18.0.1",
    "context_receiver_service_timestamp": 1730000618735,
    "context_time": 1730000598435,
    "message_enabled_sources": 0,
    "message_owned_size": 0,
    "message_owned_tracks": 0,
    "message_total_size": 0,
    "message_total_tracks": 0,
    "message_tracks_bad_format": 0,
    "message_tracks_drm_protected": 0,
    "message_tracks_not_found": 0,
    "message_tracks_reallocated_repaired": 0,
    "message_tracks_unknown_pruned": 0
  },
  {
    "timestamp_utc": "2024-09-08T19:04:13.692Z",
    "context_application_version": "8.9.70.592",
    "context_conn_country": "US",
    "context_device_manufacturer": "apple",
    "context_device_model": "iPhone13,4",
    "context_device_type": "mobile",
    "context_os_name": "ios",
    "context_os_version": "17.6.1",
    "context_receiver_service_timestamp": 1725822268190,
    "context_time": 1725822253692,
    "message_enabled_sources": 0,
    "message_owned_size": 0,
    "message_owned_tracks": 0,
    "message_total_size": 0,
    "message_total_tracks": 0,
    "message_tracks_bad_format": 0,
    "message_tracks_drm_protected": 0,
    "message_tracks_not_found": 0,
    "message_tracks_reallocated_repaired": 0,
    "message_tracks_unknown_pruned": 0
  },
  {
    "timestamp_utc": "2024-11-22T01:27:23.370Z",
    "context_application_version": "8.9.94.418",
    "context_conn_country": "US",
    "context_device_manufacturer": "apple",
    "context_device_model": "iPhone13,4",
    "context_device_type": "mobile",
    "context_os_name": "ios",
    "context_os_version": "18.1",
    "context_receiver_service_timestamp": 1732238863306,
    "context_time": 1732238843370,
    "message_enabled_sources": 0,
    "message_owned_size": 0,
    "message_owned_tracks": 0,
    "message_total_size": 0,
    "message_total_tracks": 0,
    "message_tracks_bad_format": 0,
    "message_tracks_drm_protected": 0,
    "message_tracks_not_found": 0,
    "message_tracks_reallocated_repaired": 0,
    "message_tracks_unknown_pruned": 0
  },
  {
    "timestamp_utc": "2024-10-07T23:06:06.515Z",
    "context_application_version": "8.9.76.516",
    "context_conn_country": "US",
    "context_device_manufacturer": "apple",
    "context_device_model": "iPhone13,4",
    "context_device_type": "mobile",
    "context_os_name": "ios",
    "context_os_version": "18.0.1",
    "context_receiver_service_timestamp": 1728342387001,
    "context_time": 1728342366515,
    "message_enabled_sources": 0,
    "message_owned_size": 0,
    "message_owned_tracks": 0,
    "message_total_size": 0,
    "message_total_tracks": 0,
    "message_tracks_bad_format": 0,
    "message_tracks_drm_protected": 0,
    "message_tracks_not_found": 0,
    "message_tracks_reallocated_repaired": 0,
    "message_tracks_unknown_pruned": 0
  },
  {
    "timestamp_utc": "2024-10-22T02:07:47.699Z",
    "context_application_version": "8.9.82.628",
    "context_conn_country": "US",
    "context_device_manufacturer": "apple",
    "context_device_model": "iPhone13,4",
    "context_device_type": "mobile",
    "context_os_name": "ios",
    "context_os_version": "18.0.1",
    "context_receiver_service_timestamp": 1729562869108,
    "context_time": 1729562867699,
    "message_enabled_sources": 0,
    "message_owned_size": 0,
    "message_owned_tracks": 0,
    "message_total_size": 0,
    "message_total_tracks": 0,
    "message_tracks_bad_format": 0,
    "message_tracks_drm_protected": 0,
    "message_tracks_not_found": 0,
    "message_tracks_reallocated_repaired": 0,
    "message_tracks_unknown_pruned": 0
  },
  {
    "timestamp_utc": "2024-09-01T20:43:20.648Z",
    "context_application_version": "8.9.68.490",
    "context_conn_country": "US",
    "context_device_manufacturer": "apple",
    "context_device_model": "iPhone13,4",
    "context_device_type": "mobile",
    "context_os_name": "ios",
    "context_os_version": "17.6.1",
    "context_receiver_service_timestamp": 1725223420957,
    "context_time": 1725223400648,
    "message_enabled_sources": 0,
    "message_owned_size": 0,
    "message_owned_tracks": 0,
    "message_total_size": 0,
    "message_total_tracks": 0,
    "message_tracks_bad_format": 0,
    "message_tracks_drm_protected": 0,
    "message_tracks_not_found": 0,
    "message_tracks_reallocated_repaired": 0,
    "message_tracks_unknown_pruned": 0
  },
  {
    "timestamp_utc": "2024-11-12T08:03:17.460Z",
    "context_application_version": "8.9.90.84",
    "context_conn_country": "US",
    "context_device_manufacturer": "apple",
    "context_device_model": "iPad14,4",
    "context_device_type": "tablet",
    "context_os_name": "ios",
    "context_os_version": "18.0.1",
    "context_receiver_service_timestamp": 1731398617507,
    "context_time": 1731398597460,
    "message_enabled_sources": 0,
    "message_owned_size": 0,
    "message_owned_tracks": 0,
    "message_total_size": 0,
    "message_total_tracks": 0,
    "message_tracks_bad_format": 0,
    "message_tracks_drm_protected": 0,
    "message_tracks_not_found": 0,
    "message_tracks_reallocated_repaired": 0,
    "message_tracks_unknown_pruned": 0
  },
  {
    "timestamp_utc": "2024-11-06T06:03:13.796Z",
    "context_application_version": "8.9.86.419",
    "context_conn_country": "US",
    "context_device_manufacturer": "apple",
    "context_device_model": "iPad14,4",
    "context_device_type": "tablet",
    "context_os_name": "ios",
    "context_os_version": "18.0.1",
    "context_receiver_service_timestamp": 1730873643618,
    "context_time": 1730872993796,
    "message_enabled_sources": 0,
    "message_owned_size": 0,
    "message_owned_tracks": 0,
    "message_total_size": 0,
    "message_total_tracks": 0,
    "message_tracks_bad_format": 0,
    "message_tracks_drm_protected": 0,
    "message_tracks_not_found": 0,
    "message_tracks_reallocated_repaired": 0,
    "message_tracks_unknown_pruned": 0
  },
  {
    "timestamp_utc": "2024-09-22T22:29:19.897Z",
    "context_application_version": "8.9.76.516",
    "context_conn_country": "US",
    "context_device_manufacturer": "apple",
    "context_device_model": "iPhone13,4",
    "context_device_type": "mobile",
    "context_os_name": "ios",
    "context_os_version": "17.6.1",
    "context_receiver_service_timestamp": 1727044179817,
    "context_time": 1727044159897,
    "message_enabled_sources": 0,
    "message_owned_size": 0,
    "message_owned_tracks": 0,
    "message_total_size": 0,
    "message_total_tracks": 0,
    "message_tracks_bad_format": 0,
    "message_tracks_drm_protected": 0,
    "message_tracks_not_found": 0,
    "message_tracks_reallocated_repaired": 0,
    "message_tracks_unknown_pruned": 0
  },
  {
    "timestamp_utc": "2024-08-29T00:04:29.021Z",
    "context_application_version": "8.9.68.490",
    "context_conn_country": "US",
    "context_device_manufacturer": "apple",
    "context_device_model": "iPhone13,4",
    "context_device_type": "mobile",
    "context_os_name": "ios",
    "context_os_version": "17.5.1",
    "context_receiver_service_timestamp": 1724889869146,
    "context_time": 1724889869021,
    "message_enabled_sources": 0,
    "message_owned_size": 0,
    "message_owned_tracks": 0,
    "message_total_size": 0,
    "message_total_tracks": 0,
    "message_tracks_bad_format": 0,
    "message_tracks_drm_protected": 0,
    "message_tracks_not_found": 0,
    "message_tracks_reallocated_repaired": 0,
    "message_tracks_unknown_pruned": 0
  },
  {
    "timestamp_utc": "2024-09-14T00:05:42.395Z",
    "context_application_version": "8.9.74.535",
    "context_conn_country": "US",
    "context_device_manufacturer": "apple",
    "context_device_model": "iPad14,4",
    "context_device_type": "tablet",
    "context_os_name": "ios",
    "context_os_version": "17.6.1",
    "context_receiver_service_timestamp": 1726272362830,
    "context_time": 1726272342395,
    "message_enabled_sources": 0,
    "message_owned_size": 0,
    "message_owned_tracks": 0,
    "message_total_size": 0,
    "message_total_tracks": 0,
    "message_tracks_bad_format": 0,
    "message_tracks_drm_protected": 0,
    "message_tracks_not_found": 0,
    "message_tracks_reallocated_repaired": 0,
    "message_tracks_unknown_pruned": 0
  },
  {
    "timestamp_utc": "2024-10-07T00:56:15.597Z",
    "context_application_version": "8.9.76.516",
    "context_conn_country": "US",
    "context_device_manufacturer": "apple",
    "context_device_model": "iPhone13,4",
    "context_device_type": "mobile",
    "context_os_name": "ios",
    "context_os_version": "18.0.1",
    "context_receiver_service_timestamp": 1728262595496,
    "context_time": 1728262575597,
    "message_enabled_sources": 0,
    "message_owned_size": 0,
    "message_owned_tracks": 0,
    "message_total_size": 0,
    "message_total_tracks": 0,
    "message_tracks_bad_format": 0,
    "message_tracks_drm_protected": 0,
    "message_tracks_not_found": 0,
    "message_tracks_reallocated_repaired": 0,
    "message_tracks_unknown_pruned": 0
  },
  {
    "timestamp_utc": "2024-10-25T23:44:05.439Z",
    "context_application_version": "8.9.84.543",
    "context_conn_country": "US",
    "context_device_manufacturer": "apple",
    "context_device_model": "iPhone13,4",
    "context_device_type": "mobile",
    "context_os_name": "ios",
    "context_os_version": "18.0.1",
    "context_receiver_service_timestamp": 1729899865636,
    "context_time": 1729899845439,
    "message_enabled_sources": 0,
    "message_owned_size": 0,
    "message_owned_tracks": 0,
    "message_total_size": 0,
    "message_total_tracks": 0,
    "message_tracks_bad_format": 0,
    "message_tracks_drm_protected": 0,
    "message_tracks_not_found": 0,
    "message_tracks_reallocated_repaired": 0,
    "message_tracks_unknown_pruned": 0
  },
  {
    "timestamp_utc": "2024-10-19T21:31:23.684Z",
    "context_application_version": "8.9.82.628",
    "context_conn_country": "US",
    "context_device_manufacturer": "apple",
    "context_device_model": "iPhone13,4",
    "context_device_type": "mobile",
    "context_os_name": "ios",
    "context_os_version": "18.0.1",
    "context_receiver_service_timestamp": 1729373503639,
    "context_time": 1729373483684,
    "message_enabled_sources": 0,
    "message_owned_size": 0,
    "message_owned_tracks": 0,
    "message_total_size": 0,
    "message_total_tracks": 0,
    "message_tracks_bad_format": 0,
    "message_tracks_drm_protected": 0,
    "message_tracks_not_found": 0,
    "message_tracks_reallocated_repaired": 0,
    "message_tracks_unknown_pruned": 0
  },
  {
    "timestamp_utc": "2024-10-14T23:17:09.440Z",
    "context_application_version": "8.9.82.628",
    "context_conn_country": "US",
    "context_device_manufacturer": "apple",
    "context_device_model": "iPhone13,4",
    "context_device_type": "mobile",
    "context_os_name": "ios",
    "context_os_version": "18.0.1",
    "context_receiver_service_timestamp": 1728947833627,
    "context_time": 1728947829440,
    "message_enabled_sources": 0,
    "message_owned_size": 0,
    "message_owned_tracks": 0,
    "message_total_size": 0,
    "message_total_tracks": 0,
    "message_tracks_bad_format": 0,
    "message_tracks_drm_protected": 0,
    "message_tracks_not_found": 0,
    "message_tracks_reallocated_repaired": 0,
    "message_tracks_unknown_pruned": 0
  },
  {
    "timestamp_utc": "2024-09-21T02:45:41.147Z",
    "context_application_version": "8.9.76.516",
    "context_conn_country": "US",
    "context_device_manufacturer": "apple",
    "context_device_model": "iPad14,4",
    "context_device_type": "tablet",
    "context_os_name": "ios",
    "context_os_version": "17.6.1",
    "context_receiver_service_timestamp": 1726886761137,
    "context_time": 1726886741147,
    "message_enabled_sources": 0,
    "message_owned_size": 0,
    "message_owned_tracks": 0,
    "message_total_size": 0,
    "message_total_tracks": 0,
    "message_tracks_bad_format": 0,
    "message_tracks_drm_protected": 0,
    "message_tracks_not_found": 0,
    "message_tracks_reallocated_repaired": 0,
    "message_tracks_unknown_pruned": 0
  },
  {
    "timestamp_utc": "2024-09-06T23:13:13.542Z",
    "context_application_version": "8.9.70.592",
    "context_conn_country": "US",
    "context_device_manufacturer": "apple",
    "context_device_model": "iPhone13,4",
    "context_device_type": "mobile",
    "context_os_name": "ios",
    "context_os_version": "17.6.1",
    "context_receiver_service_timestamp": 1725664413676,
    "context_time": 1725664393542,
    "message_enabled_sources": 0,
    "message_owned_size": 0,
    "message_owned_tracks": 0,
    "message_total_size": 0,
    "message_total_tracks": 0,
    "message_tracks_bad_format": 0,
    "message_tracks_drm_protected": 0,
    "message_tracks_not_found": 0,
    "message_tracks_reallocated_repaired": 0,
    "message_tracks_unknown_pruned": 0
  },
  {
    "timestamp_utc": "2024-08-28T21:47:07.229Z",
    "context_application_version": "8.9.68.490",
    "context_conn_country": "US",
    "context_device_manufacturer": "apple",
    "context_device_model": "iPad14,4",
    "context_device_type": "tablet",
    "context_os_name": "ios",
    "context_os_version": "17.5.1",
    "context_receiver_service_timestamp": 1724881647215,
    "context_time": 1724881627229,
    "message_enabled_sources": 0,
    "message_owned_size": 0,
    "message_owned_tracks": 0,
    "message_total_size": 0,
    "message_total_tracks": 0,
    "message_tracks_bad_format": 0,
    "message_tracks_drm_protected": 0,
    "message_tracks_not_found": 0,
    "message_tracks_reallocated_repaired": 0,
    "message_tracks_unknown_pruned": 0
  },
  {
    "timestamp_utc": "2024-10-17T04:26:13.443Z",
    "context_application_version": "8.9.82.628",
    "context_conn_country": "US",
    "context_device_manufacturer": "apple",
    "context_device_model": "iPad14,4",
    "context_device_type": "tablet",
    "context_os_name": "ios",
    "context_os_version": "18.0.1",
    "context_receiver_service_timestamp": 1729139179444,
    "context_time": 1729139173443,
    "message_enabled_sources": 0,
    "message_owned_size": 0,
    "message_owned_tracks": 0,
    "message_total_size": 0,
    "message_total_tracks": 0,
    "message_tracks_bad_format": 0,
    "message_tracks_drm_protected": 0,
    "message_tracks_not_found": 0,
    "message_tracks_reallocated_repaired": 0,
    "message_tracks_unknown_pruned": 0
  },
  {
    "timestamp_utc": "2024-09-01T17:11:01.522Z",
    "context_application_version": "8.9.68.490",
    "context_conn_country": "US",
    "context_device_manufacturer": "apple",
    "context_device_model": "iPhone13,4",
    "context_device_type": "mobile",
    "context_os_name": "ios",
    "context_os_version": "17.6.1",
    "context_receiver_service_timestamp": 1725210681672,
    "context_time": 1725210661522,
    "message_enabled_sources": 0,
    "message_owned_size": 0,
    "message_owned_tracks": 0,
    "message_total_size": 0,
    "message_total_tracks": 0,
    "message_tracks_bad_format": 0,
    "message_tracks_drm_protected": 0,
    "message_tracks_not_found": 0,
    "message_tracks_reallocated_repaired": 0,
    "message_tracks_unknown_pruned": 0
  },
  {
    "timestamp_utc": "2024-10-15T22:06:43.454Z",
    "context_application_version": "8.9.82.628",
    "context_conn_country": "US",
    "context_device_manufacturer": "apple",
    "context_device_model": "iPhone13,4",
    "context_device_type": "mobile",
    "context_os_name": "ios",
    "context_os_version": "18.0.1",
    "context_receiver_service_timestamp": 1729030005807,
    "context_time": 1729030003454,
    "message_enabled_sources": 0,
    "message_owned_size": 0,
    "message_owned_tracks": 0,
    "message_total_size": 0,
    "message_total_tracks": 0,
    "message_tracks_bad_format": 0,
    "message_tracks_drm_protected": 0,
    "message_tracks_not_found": 0,
    "message_tracks_reallocated_repaired": 0,
    "message_tracks_unknown_pruned": 0
  },
  {
    "timestamp_utc": "2024-11-08T17:29:00.107Z",
    "context_application_version": "8.9.86.419",
    "context_conn_country": "US",
    "context_device_manufacturer": "apple",
    "context_device_model": "iPhone13,4",
    "context_device_type": "mobile",
    "context_os_name": "ios",
    "context_os_version": "18.0.1",
    "context_receiver_service_timestamp": 1731086960031,
    "context_time": 1731086940107,
    "message_enabled_sources": 0,
    "message_owned_size": 0,
    "message_owned_tracks": 0,
    "message_total_size": 0,
    "message_total_tracks": 0,
    "message_tracks_bad_format": 0,
    "message_tracks_drm_protected": 0,
    "message_tracks_not_found": 0,
    "message_tracks_reallocated_repaired": 0,
    "message_tracks_unknown_pruned": 0
  },
  {
    "timestamp_utc": "2024-11-06T17:51:23.577Z",
    "context_application_version": "8.9.86.419",
    "context_conn_country": "US",
    "context_device_manufacturer": "apple",
    "context_device_model": "iPhone13,4",
    "context_device_type": "mobile",
    "context_os_name": "ios",
    "context_os_version": "18.0.1",
    "context_receiver_service_timestamp": 1730915488728,
    "context_time": 1730915483577,
    "message_enabled_sources": 0,
    "message_owned_size": 0,
    "message_owned_tracks": 0,
    "message_total_size": 0,
    "message_total_tracks": 0,
    "message_tracks_bad_format": 0,
    "message_tracks_drm_protected": 0,
    "message_tracks_not_found": 0,
    "message_tracks_reallocated_repaired": 0,
    "message_tracks_unknown_pruned": 0
  }
]