[
  {
    "message_id": "my_music",
    "timestamp_utc": "2024-09-21T19:30:32.272Z",
    "context_application_version": "1.2.45.454",
    "context_conn_country": "US",
    "context_device_manufacturer": "Apple Inc.",
    "context_device_model": "MacBookPro16,2",
    "context_device_type": "desktop",
    "context_os_name": "osx",
    "context_os_version": "14.6.1",
    "context_receiver_service_timestamp": 1726947045537,
    "context_time": 1726947032272,
    "message_tracks": 10
  },
  {
    "message_id": "downloads",
    "timestamp_utc": "2024-11-11T03:26:41.712Z",
    "context_application_version": "1.2.49.439",
    "context_conn_country": "US",
    "context_device_manufacturer": "Apple Inc.",
    "context_device_model": "MacBookPro16,2",
    "context_device_type": "desktop",
    "context_os_name": "osx",
    "context_os_version": "15.0.1",
    "context_receiver_service_timestamp": 1731295621979,
    "context_time": 1731295601712,
    "message_tracks": 6
  },
  {
    "message_id": "my_music",
    "timestamp_utc": "2024-09-11T21:07:25.207Z",
    "context_application_version": "1.2.39.578",
    "context_conn_country": "US",
    "context_device_manufacturer": "Apple Inc.",
    "context_device_model": "MacBookPro16,2",
    "context_device_type": "desktop",
    "context_os_name": "osx",
    "context_os_version": "14.6.1",
    "context_receiver_service_timestamp": 1726088865545,
    "context_time": 1726088845207,
    "message_tracks": 10
  },
  {
    "message_id": "my_music",
    "timestamp_utc": "2024-10-11T21:02:56.249Z",
    "context_application_version": "1.2.47.364",
    "context_conn_country": "US",
    "context_device_manufacturer": "Apple Inc.",
    "context_device_model": "MacBookPro16,2",
    "context_device_type": "desktop",
    "context_os_name": "osx",
    "context_os_version": "15.0.0",
    "context_receiver_service_timestamp": 1728680596901,
    "context_time": 1728680576249,
    "message_tracks": 10
  },
  {
    "message_id": "my_music",
    "timestamp_utc": "2024-09-18T18:24:57.950Z",
    "context_application_version": "1.2.45.454",
    "context_conn_country": "US",
    "context_device_manufacturer": "Apple Inc.",
    "context_device_model": "MacBookPro16,2",
    "context_device_type": "desktop",
    "context_os_name": "osx",
    "context_os_version": "14.6.1",
    "context_receiver_service_timestamp": 1726683916898,
    "context_time": 1726683897950,
    "message_tracks": 10
  },
  {
    "message_id": "downloads",
    "timestamp_utc": "2024-09-25T17:50:29.787Z",
    "context_application_version": "1.2.47.364",
    "context_conn_country": "US",
    "context_device_manufacturer": "Apple Inc.",
    "context_device_model": "MacBookPro16,2",
    "context_device_type": "desktop",
    "context_os_name": "osx",
    "context_os_version": "14.6.1",
    "context_receiver_service_timestamp": 1727286650547,
    "context_time": 1727286629787,
    "message_tracks": 6
  },
  {
    "message_id": "downloads",
    "timestamp_utc": "2024-09-21T19:30:32.272Z",
    "context_application_version": "1.2.45.454",
    "context_conn_country": "US",
    "context_device_manufacturer": "Apple Inc.",
    "context_device_model": "MacBookPro16,2",
    "context_device_type": "desktop",
    "context_os_name": "osx",
    "context_os_version": "14.6.1",
    "context_receiver_service_timestamp": 1726947045537,
    "context_time": 1726947032272,
    "message_tracks": 6
  },
  {
    "message_id": "my_music",
    "timestamp_utc": "2024-11-04T02:10:53.940Z",
    "context_application_version": "1.2.49.439",
    "context_conn_country": "US",
    "context_device_manufacturer": "Apple Inc.",
    "context_device_model": "MacBookPro16,2",
    "context_device_type": "desktop",
    "context_os_name": "osx",
    "context_os_version": "15.0.1",
    "context_receiver_service_timestamp": 1730686273779,
    "context_time": 1730686253940,
    "message_tracks": 10
  },
  {
    "message_id": "downloads",
    "timestamp_utc": "2024-09-27T00:44:53.448Z",
    "context_application_version": "1.2.47.364",
    "context_conn_country": "US",
    "context_device_manufacturer": "Apple Inc.",
    "context_device_model": "MacBookPro16,2",
    "context_device_type": "desktop",
    "context_os_name": "osx",
    "context_os_version": "15.0.0",
    "context_receiver_service_timestamp": 1727397913661,
    "context_time": 1727397893448,
    "message_tracks": 6
  },
  {
    "message_id": "downloads",
    "timestamp_utc": "2024-11-05T18:13:10.166Z",
    "context_application_version": "1.2.49.439",
    "context_conn_country": "US",
    "context_device_manufacturer": "Apple Inc.",
    "context_device_model": "MacBookPro16,2",
    "context_device_type": "desktop",
    "context_os_name": "osx",
    "context_os_version": "15.0.1",
    "context_receiver_service_timestamp": 1730830410279,
    "context_time": 1730830390166,
    "message_tracks": 6
  },
  {
    "message_id": "my_music",
    "timestamp_utc": "2024-09-25T17:50:29.787Z",
    "context_application_version": "1.2.47.364",
    "context_conn_country": "US",
    "context_device_manufacturer": "Apple Inc.",
    "context_device_model": "MacBookPro16,2",
    "context_device_type": "desktop",
    "context_os_name": "osx",
    "context_os_version": "14.6.1",
    "context_receiver_service_timestamp": 1727286650547,
    "context_time": 1727286629787,
    "message_tracks": 10
  },
  {
    "message_id": "my_music",
    "timestamp_utc": "2024-10-21T21:28:36.281Z",
    "context_application_version": "1.2.48.405",
    "context_conn_country": "US",
    "context_device_manufacturer": "Apple Inc.",
    "context_device_model": "MacBookPro16,2",
    "context_device_type": "desktop",
    "context_os_name": "osx",
    "context_os_version": "15.0.1",
    "context_receiver_service_timestamp": 1729546136594,
    "context_time": 1729546116281,
    "message_tracks": 10
  },
  {
    "message_id": "downloads",
    "timestamp_utc": "2024-09-11T21:07:25.206Z",
    "context_application_version": "1.2.39.578",
    "context_conn_country": "US",
    "context_device_manufacturer": "Apple Inc.",
    "context_device_model": "MacBookPro16,2",
    "context_device_type": "desktop",
    "context_os_name": "osx",
    "context_os_version": "14.6.1",
    "context_receiver_service_timestamp": 1726088865545,
    "context_time": 1726088845206,
    "message_tracks": 6
  },
  {
    "message_id": "downloads",
    "timestamp_utc": "2024-09-30T18:17:41.908Z",
    "context_application_version": "1.2.47.364",
    "context_conn_country": "US",
    "context_device_manufacturer": "Apple Inc.",
    "context_device_model": "MacBookPro16,2",
    "context_device_type": "desktop",
    "context_os_name": "osx",
    "context_os_version": "15.0.0",
    "context_receiver_service_timestamp": 1727720265268,
    "context_time": 1727720261908,
    "message_tracks": 6
  },
  {
    "message_id": "my_music",
    "timestamp_utc": "2024-11-05T18:13:10.166Z",
    "context_application_version": "1.2.49.439",
    "context_conn_country": "US",
    "context_device_manufacturer": "Apple Inc.",
    "context_device_model": "MacBookPro16,2",
    "context_device_type": "desktop",
    "context_os_name": "osx",
    "context_os_version": "15.0.1",
    "context_receiver_service_timestamp": 1730830410279,
    "context_time": 1730830390166,
    "message_tracks": 10
  },
  {
    "message_id": "my_music",
    "timestamp_utc": "2024-09-24T23:47:28.752Z",
    "context_application_version": "1.2.45.454",
    "context_conn_country": "US",
    "context_device_manufacturer": "Apple Inc.",
    "context_device_model": "MacBookPro16,2",
    "context_device_type": "desktop",
    "context_os_name": "osx",
    "context_os_version": "14.6.1",
    "context_receiver_service_timestamp": 1727221669370,
    "context_time": 1727221648752,
    "message_tracks": 10
  },
  {
    "message_id": "downloads",
    "timestamp_utc": "2024-10-28T01:16:02.834Z",
    "context_application_version": "1.2.48.405",
    "context_conn_country": "US",
    "context_device_manufacturer": "Apple Inc.",
    "context_device_model": "MacBookPro16,2",
    "context_device_type": "desktop",
    "context_os_name": "osx",
    "context_os_version": "15.0.1",
    "context_receiver_service_timestamp": 1730078182813,
    "context_time": 1730078162834,
    "message_tracks": 6
  },
  {
    "message_id": "downloads",
    "timestamp_utc": "2024-10-11T21:02:56.248Z",
    "context_application_version": "1.2.47.364",
    "context_conn_country": "US",
    "context_device_manufacturer": "Apple Inc.",
    "context_device_model": "MacBookPro16,2",
    "context_device_type": "desktop",
    "context_os_name": "osx",
    "context_os_version": "15.0.0",
    "context_receiver_service_timestamp": 1728680596901,
    "context_time": 1728680576248,
    "message_tracks": 6
  },
  {
    "message_id": "downloads",
    "timestamp_utc": "2024-11-04T02:10:53.940Z",
    "context_application_version": "1.2.49.439",
    "context_conn_country": "US",
    "context_device_manufacturer": "Apple Inc.",
    "context_device_model": "MacBookPro16,2",
    "context_device_type": "desktop",
    "context_os_name": "osx",
    "context_os_version": "15.0.1",
    "context_receiver_service_timestamp": 1730686273779,
    "context_time": 1730686253940,
    "message_tracks": 6
  },
  {
    "message_id": "my_music",
    "timestamp_utc": "2024-09-30T18:17:41.908Z",
    "context_application_version": "1.2.47.364",
    "context_conn_country": "US",
    "context_device_manufacturer": "Apple Inc.",
    "context_device_model": "MacBookPro16,2",
    "context_device_type": "desktop",
    "context_os_name": "osx",
    "context_os_version": "15.0.0",
    "context_receiver_service_timestamp": 1727720265268,
    "context_time": 1727720261908,
    "message_tracks": 10
  },
  {
    "message_id": "downloads",
    "timestamp_utc": "2024-09-18T18:24:57.949Z",
    "context_application_version": "1.2.45.454",
    "context_conn_country": "US",
    "context_device_manufacturer": "Apple Inc.",
    "context_device_model": "MacBookPro16,2",
    "context_device_type": "desktop",
    "context_os_name": "osx",
    "context_os_version": "14.6.1",
    "context_receiver_service_timestamp": 1726683916898,
    "context_time": 1726683897949,
    "message_tracks": 6
  },
  {
    "message_id": "my_music",
    "timestamp_utc": "2024-10-28T01:16:02.834Z",
    "context_application_version": "1.2.48.405",
    "context_conn_country": "US",
    "context_device_manufacturer": "Apple Inc.",
    "context_device_model": "MacBookPro16,2",
    "context_device_type": "desktop",
    "context_os_name": "osx",
    "context_os_version": "15.0.1",
    "context_receiver_service_timestamp": 1730078182813,
    "context_time": 1730078162834,
    "message_tracks": 10
  },
  {
    "message_id": "downloads",
    "timestamp_utc": "2024-10-21T21:28:36.281Z",
    "context_application_version": "1.2.48.405",
    "context_conn_country": "US",
    "context_device_manufacturer": "Apple Inc.",
    "context_device_model": "MacBookPro16,2",
    "context_device_type": "desktop",
    "context_os_name": "osx",
    "context_os_version": "15.0.1",
    "context_receiver_service_timestamp": 1729546136594,
    "context_time": 1729546116281,
    "message_tracks": 6
  },
  {
    "message_id": "downloads",
    "timestamp_utc": "2024-09-24T23:47:28.752Z",
    "context_application_version": "1.2.45.454",
    "context_conn_country": "US",
    "context_device_manufacturer": "Apple Inc.",
    "context_device_model": "MacBookPro16,2",
    "context_device_type": "desktop",
    "context_os_name": "osx",
    "context_os_version": "14.6.1",
    "context_receiver_service_timestamp": 1727221669370,
    "context_time": 1727221648752,
    "message_tracks": 6
  },
  {
    "message_id": "my_music",
    "timestamp_utc": "2024-09-27T00:44:53.448Z",
    "context_application_version": "1.2.47.364",
    "context_conn_country": "US",
    "context_device_manufacturer": "Apple Inc.",
    "context_device_model": "MacBookPro16,2",
    "context_device_type": "desktop",
    "context_os_name": "osx",
    "context_os_version": "15.0.0",
    "context_receiver_service_timestamp": 1727397913661,
    "context_time": 1727397893448,
    "message_tracks": 10
  },
  {
    "message_id": "my_music",
    "timestamp_utc": "2024-11-11T03:26:41.712Z",
    "context_application_version": "1.2.49.439",
    "context_conn_country": "US",
    "context_device_manufacturer": "Apple Inc.",
    "context_device_model": "MacBookPro16,2",
    "context_device_type": "desktop",
    "context_os_name": "osx",
    "context_os_version": "15.0.1",
    "context_receiver_service_timestamp": 1731295621979,
    "context_time": 1731295601712,
    "message_tracks": 10
  }
]