[
  {
    "timestamp_utc": "2024-10-01T22:30:11.008Z",
    "context_application_version": "8.9.76.516",
    "context_conn_country": "US",
    "context_device_manufacturer": "apple",
    "context_device_model": "iPhone13,4",
    "context_device_type": "mobile",
    "context_os_name": "ios",
    "context_os_version": "18.0",
    "context_receiver_service_timestamp": 1727821830923,
    "context_time": 1727821811008,
    "message_message_uuid": null,
    "message_priority": "Default",
    "message_reason": null,
    "message_type": "Slate"
  }
]