[
  {
    "timestamp_utc": "2024-10-23T06:52:57.666Z",
    "context_application_version": "8.9.82.628",
    "context_conn_country": "US",
    "context_device_manufacturer": "apple",
    "context_device_model": "iPad14,4",
    "context_device_type": "tablet",
    "context_os_name": "ios",
    "context_os_version": "18.0.1",
    "context_receiver_service_timestamp": 1729666381248,
    "context_time": 1729666377666,
    "message_message_uuid": "96920BAC-083D-4884-B625-F3914B61CBA4",
    "message_priority": "Default",
    "message_type": "Slate"
  }
]