[
  {
    "timestamp_utc": "2024-09-01T03:03:29.662Z",
    "context_application_version": "8.9.68.490",
    "context_conn_country": "US",
    "context_device_manufacturer": "apple",
    "context_device_model": "iPad14,4",
    "context_device_type": "tablet",
    "context_os_name": "ios",
    "context_os_version": "17.6.1",
    "context_receiver_service_timestamp": 1725159826298,
    "context_time": 1725159809662,
    "context_user_agent": null,
    "message_is_snippet": false,
    "message_lyrics_format": "card",
    "message_playback_id": "adf93d4eb37b19e8bf3ab189f351217a",
    "message_sync_type": "LINE_SYNCED",
    "message_track_uri": "spotify:track:1Ym6aMuT5bliaZMC67AmPp"
  },
  {
    "timestamp_utc": "2024-06-28T11:36:33.752Z",
    "context_application_version": "8.9.50.491",
    "context_conn_country": "US",
    "context_device_manufacturer": "apple",
    "context_device_model": "iPad14,4",
    "context_device_type": "tablet",
    "context_os_name": "ios",
    "context_os_version": "17.5.1",
    "context_receiver_service_timestamp": 1719574614271,
    "context_time": 1719574593752,
    "context_user_agent": null,
    "message_is_snippet": false,
    "message_lyrics_format": "card",
    "message_playback_id": "834b7ea1ce79525f50ec831d67c2272e",
    "message_sync_type": "LINE_SYNCED",
    "message_track_uri": "spotify:track:0WbMK4wrZ1wFSty9F7FCgu"
  },
  {
    "timestamp_utc": "2024-09-30T21:34:23.226Z",
    "context_application_version": "8.9.76.516",
    "context_conn_country": "US",
    "context_device_manufacturer": "apple",
    "context_device_model": "iPhone13,4",
    "context_device_type": "mobile",
    "context_os_name": "ios",
    "context_os_version": "18.0",
    "context_receiver_service_timestamp": 1727732071426,
    "context_time": 1727732063226,
    "context_user_agent": null,
    "message_is_snippet": false,
    "message_lyrics_format": "card",
    "message_playback_id": "4ebc7b22e807b7c3b0a9f9ac6579d7c4",
    "message_sync_type": "LINE_SYNCED",
    "message_track_uri": "spotify:track:4KGGeE7RJsgLNZmnxGFlOj"
  },
  {
    "timestamp_utc": "2024-07-15T04:26:44.608Z",
    "context_application_version": "8.9.54.343",
    "context_conn_country": "US",
    "context_device_manufacturer": "apple",
    "context_device_model": "iPhone13,4",
    "context_device_type": "mobile",
    "context_os_name": "ios",
    "context_os_version": "17.5.1",
    "context_receiver_service_timestamp": 1721017620565,
    "context_time": 1721017604608,
    "context_user_agent": null,
    "message_is_snippet": false,
    "message_lyrics_format": "card",
    "message_playback_id": "c891fd74d731c4def759db0dc5198a23",
    "message_sync_type": "LINE_SYNCED",
    "message_track_uri": "spotify:track:2OUK5td58k4BV2GvFdfdzr"
  },
  {
    "timestamp_utc": "2024-10-27T03:43:17.151Z",
    "context_application_version": "8.9.84.543",
    "context_conn_country": "US",
    "context_device_manufacturer": "apple",
    "context_device_model": "iPhone13,4",
    "context_device_type": "mobile",
    "context_os_name": "ios",
    "context_os_version": "18.0.1",
    "context_receiver_service_timestamp": 1730000618735,
    "context_time": 1730000597151,
    "context_user_agent": null,
    "message_is_snippet": false,
    "message_lyrics_format": "card",
    "message_playback_id": "68a8af1cfd3bfb3e48123f0eda03060f",
    "message_sync_type": "LINE_SYNCED",
    "message_track_uri": "spotify:track:5vNRhkKd0yEAg8suGBpjeY"
  },
  {
    "timestamp_utc": "2024-07-04T19:14:44.106Z",
    "context_application_version": "8.9.50.491",
    "context_conn_country": "US",
    "context_device_manufacturer": "apple",
    "context_device_model": "iPhone13,4",
    "context_device_type": "mobile",
    "context_os_name": "ios",
    "context_os_version": "17.5.1",
    "context_receiver_service_timestamp": 1720120492444,
    "context_time": 1720120484106,
    "context_user_agent": null,
    "message_is_snippet": false,
    "message_lyrics_format": "fullscreen",
    "message_playback_id": "21f5c250c53507fb5f2d14cb448f20e2",
    "message_sync_type": "LINE_SYNCED",
    "message_track_uri": "spotify:track:0WbMK4wrZ1wFSty9F7FCgu"
  },
  {
    "timestamp_utc": "2024-10-06T00:18:56.716Z",
    "context_application_version": "8.9.76.516",
    "context_conn_country": "US",
    "context_device_manufacturer": "apple",
    "context_device_model": "iPhone13,4",
    "context_device_type": "mobile",
    "context_os_name": "ios",
    "context_os_version": "18.0",
    "context_receiver_service_timestamp": 1728173940124,
    "context_time": 1728173936716,
    "context_user_agent": null,
    "message_is_snippet": false,
    "message_lyrics_format": "card",
    "message_playback_id": "30e55beda284e0acc36c6c3727b4ce63",
    "message_sync_type": "LINE_SYNCED",
    "message_track_uri": "spotify:track:20APmzlrVuZ7dMl2nPlLJi"
  },
  {
    "timestamp_utc": "2024-11-22T02:21:49.873Z",
    "context_application_version": "8.9.94.418",
    "context_conn_country": "US",
    "context_device_manufacturer": "apple",
    "context_device_model": "iPad14,4",
    "context_device_type": "tablet",
    "context_os_name": "ios",
    "context_os_version": "18.0.1",
    "context_receiver_service_timestamp": 1732242112175,
    "context_time": 1732242109873,
    "context_user_agent": null,
    "message_is_snippet": false,
    "message_lyrics_format": "card",
    "message_playback_id": "a9ad38c692445fde1c7f5bf5ddcb55f6",
    "message_sync_type": "LINE_SYNCED",
    "message_track_uri": "spotify:track:4UQijskfH7GRycjz77buzW"
  },
  {
    "timestamp_utc": "2024-10-18T03:21:01.897Z",
    "context_application_version": "8.9.82.628",
    "context_conn_country": "US",
    "context_device_manufacturer": "apple",
    "context_device_model": "iPhone13,4",
    "context_device_type": "mobile",
    "context_os_name": "ios",
    "context_os_version": "18.0.1",
    "context_receiver_service_timestamp": 1729221667480,
    "context_time": 1729221661897,
    "context_user_agent": null,
    "message_is_snippet": false,
    "message_lyrics_format": "card",
    "message_playback_id": "bba3a6a88bd5adb1a725b1cb9408ae29",
    "message_sync_type": "LINE_SYNCED",
    "message_track_uri": "spotify:track:1u8c2t2Cy7UBoG4ArRcF5g"
  },
  {
    "timestamp_utc": "2024-11-22T02:23:08.412Z",
    "context_application_version": "8.9.94.418",
    "context_conn_country": "US",
    "context_device_manufacturer": "apple",
    "context_device_model": "iPad14,4",
    "context_device_type": "tablet",
    "context_os_name": "ios",
    "context_os_version": "18.0.1",
    "context_receiver_service_timestamp": 1732242202128,
    "context_time": 1732242188412,
    "context_user_agent": null,
    "message_is_snippet": false,
    "message_lyrics_format": "card",
    "message_playback_id": "97a6a27b3607d55ab93169efab0b427c",
    "message_sync_type": "LINE_SYNCED",
    "message_track_uri": "spotify:track:4UQijskfH7GRycjz77buzW"
  },
  {
    "timestamp_utc": "2024-10-28T00:17:37.859Z",
    "context_application_version": "8.9.86.419",
    "context_conn_country": "US",
    "context_device_manufacturer": "apple",
    "context_device_model": "iPad14,4",
    "context_device_type": "tablet",
    "context_os_name": "ios",
    "context_os_version": "18.0.1",
    "context_receiver_service_timestamp": 1730074666348,
    "context_time": 1730074657859,
    "context_user_agent": null,
    "message_is_snippet": false,
    "message_lyrics_format": "fullscreen",
    "message_playback_id": "7db3b2bb199c8f2da9d3fb4c74f51269",
    "message_sync_type": "LINE_SYNCED",
    "message_track_uri": "spotify:track:5R2niynvC312hWreL6RQFJ"
  },
  {
    "timestamp_utc": "2024-09-03T03:52:17.960Z",
    "context_application_version": "8.9.68.490",
    "context_conn_country": "US",
    "context_device_manufacturer": "apple",
    "context_device_model": "iPad14,4",
    "context_device_type": "tablet",
    "context_os_name": "ios",
    "context_os_version": "17.6.1",
    "context_receiver_service_timestamp": 1725335544962,
    "context_time": 1725335537960,
    "context_user_agent": null,
    "message_is_snippet": false,
    "message_lyrics_format": "card",
    "message_playback_id": "43630932bace5999a06267df769141ae",
    "message_sync_type": "LINE_SYNCED",
    "message_track_uri": "spotify:track:2plbrEY59IikOBgBGLjaoe"
  },
  {
    "timestamp_utc": "2024-09-10T08:17:24.227Z",
    "context_application_version": "8.9.70.592",
    "context_conn_country": "US",
    "context_device_manufacturer": "apple",
    "context_device_model": "iPhone13,4",
    "context_device_type": "mobile",
    "context_os_name": "ios",
    "context_os_version": "17.6.1",
    "context_receiver_service_timestamp": 1725956272195,
    "context_time": 1725956244227,
    "context_user_agent": null,
    "message_is_snippet": false,
    "message_lyrics_format": "card",
    "message_playback_id": "0cf6539d769035e1af47daf26a86efa7",
    "message_sync_type": "LINE_SYNCED",
    "message_track_uri": "spotify:track:5Z0UnEtpLDQyYlWwgi8m9C"
  },
  {
    "timestamp_utc": "2024-10-14T18:52:04.151Z",
    "context_application_version": "8.9.82.628",
    "context_conn_country": "US",
    "context_device_manufacturer": "apple",
    "context_device_model": "iPhone13,4",
    "context_device_type": "mobile",
    "context_os_name": "ios",
    "context_os_version": "18.0.1",
    "context_receiver_service_timestamp": 1728931929220,
    "context_time": 1728931924151,
    "context_user_agent": null,
    "message_is_snippet": false,
    "message_lyrics_format": "card",
    "message_playback_id": "749f4dde8e315b703774f3899db66068",
    "message_sync_type": "LINE_SYNCED",
    "message_track_uri": "spotify:track:2qwplOI7upNGwg2mLVrraw"
  },
  {
    "timestamp_utc": "2024-10-03T22:09:12.480Z",
    "context_application_version": "8.9.76.516",
    "context_conn_country": "US",
    "context_device_manufacturer": "apple",
    "context_device_model": "iPhone13,4",
    "context_device_type": "mobile",
    "context_os_name": "ios",
    "context_os_version": "18.0",
    "context_receiver_service_timestamp": 1727993353810,
    "context_time": 1727993352480,
    "context_user_agent": null,
    "message_is_snippet": false,
    "message_lyrics_format": "card",
    "message_playback_id": "3187b0fcaf4a6c4d346ada8103f6fb7c",
    "message_sync_type": "LINE_SYNCED",
    "message_track_uri": "spotify:track:5DQIZ8XC0EP7cfRFrtzY5h"
  },
  {
    "timestamp_utc": "2024-11-01T18:18:53.955Z",
    "context_application_version": "8.9.86.419",
    "context_conn_country": "US",
    "context_device_manufacturer": "apple",
    "context_device_model": "iPhone13,4",
    "context_device_type": "mobile",
    "context_os_name": "ios",
    "context_os_version": "18.0.1",
    "context_receiver_service_timestamp": 1730485143010,
    "context_time": 1730485133955,
    "context_user_agent": null,
    "message_is_snippet": false,
    "message_lyrics_format": "card",
    "message_playback_id": "59d4dd62ee13dbf06803f95a0a3d1d35",
    "message_sync_type": "LINE_SYNCED",
    "message_track_uri": "spotify:track:7FbrGaHYVDmfr7KoLIZnQ7"
  },
  {
    "timestamp_utc": "2024-07-26T08:25:13.913Z",
    "context_application_version": "8.9.58.473",
    "context_conn_country": "US",
    "context_device_manufacturer": "apple",
    "context_device_model": "iPad14,4",
    "context_device_type": "tablet",
    "context_os_name": "ios",
    "context_os_version": "17.5.1",
    "context_receiver_service_timestamp": 1721982340985,
    "context_time": 1721982313913,
    "context_user_agent": null,
    "message_is_snippet": false,
    "message_lyrics_format": "card",
    "message_playback_id": "c1728ec6576a2af5edb0ae4099b0ec45",
    "message_sync_type": "LINE_SYNCED",
    "message_track_uri": "spotify:track:75aKhlE0JTqaVuTsDDdtD3"
  },
  {
    "timestamp_utc": "2024-09-24T13:55:40.714Z",
    "context_application_version": "8.9.76.516",
    "context_conn_country": "US",
    "context_device_manufacturer": "apple",
    "context_device_model": "iPad14,4",
    "context_device_type": "tablet",
    "context_os_name": "ios",
    "context_os_version": "17.6.1",
    "context_receiver_service_timestamp": 1727186157370,
    "context_time": 1727186140714,
    "context_user_agent": null,
    "message_is_snippet": false,
    "message_lyrics_format": "card",
    "message_playback_id": "4a5362c1e5c4fc9a28ff7b57278e5770",
    "message_sync_type": "LINE_SYNCED",
    "message_track_uri": "spotify:track:79esEXlqqmq0GPz0xQSZTV"
  },
  {
    "timestamp_utc": "2024-11-06T01:36:31.416Z",
    "context_application_version": "8.9.86.419",
    "context_conn_country": "US",
    "context_device_manufacturer": "apple",
    "context_device_model": "iPhone13,4",
    "context_device_type": "mobile",
    "context_os_name": "ios",
    "context_os_version": "18.0.1",
    "context_receiver_service_timestamp": 1730857003852,
    "context_time": 1730856991416,
    "context_user_agent": null,
    "message_is_snippet": false,
    "message_lyrics_format": "card",
    "message_playback_id": "b3c719ac8564d20e6b3baa29c41d75ad",
    "message_sync_type": "LINE_SYNCED",
    "message_track_uri": "spotify:track:2z9FUHRkbkV4BObNzbHsFU"
  },
  {
    "timestamp_utc": "2024-07-25T07:05:07.136Z",
    "context_application_version": "8.9.58.473",
    "context_conn_country": "US",
    "context_device_manufacturer": "apple",
    "context_device_model": "iPhone13,4",
    "context_device_type": "mobile",
    "context_os_name": "ios",
    "context_os_version": "17.5.1",
    "context_receiver_service_timestamp": 1721891108239,
    "context_time": 1721891107136,
    "context_user_agent": null,
    "message_is_snippet": false,
    "message_lyrics_format": "card",
    "message_playback_id": "c2509b324653fe9ffe922ba7e3ef2fd5",
    "message_sync_type": "LINE_SYNCED",
    "message_track_uri": "spotify:track:4gJXJkd0zFFanZL2w0RsMB"
  },
  {
    "timestamp_utc": "2024-07-07T12:51:31.591Z",
    "context_application_version": "8.9.50.491",
    "context_conn_country": "US",
    "context_device_manufacturer": "apple",
    "context_device_model": "iPad14,4",
    "context_device_type": "tablet",
    "context_os_name": "ios",
    "context_os_version": "17.5.1",
    "context_receiver_service_timestamp": 1720356703207,
    "context_time": 1720356691591,
    "context_user_agent": null,
    "message_is_snippet": false,
    "message_lyrics_format": "fullscreen",
    "message_playback_id": "211bbb9ac57846ab066ae0f82947e82e",
    "message_sync_type": "LINE_SYNCED",
    "message_track_uri": "spotify:track:6saYisCUAZXc505blie9kZ"
  },
  {
    "timestamp_utc": "2024-09-14T00:05:47.276Z",
    "context_application_version": "8.9.74.535",
    "context_conn_country": "US",
    "context_device_manufacturer": "apple",
    "context_device_model": "iPad14,4",
    "context_device_type": "tablet",
    "context_os_name": "ios",
    "context_os_version": "17.6.1",
    "context_receiver_service_timestamp": 1726272363121,
    "context_time": 1726272347276,
    "context_user_agent": null,
    "message_is_snippet": false,
    "message_lyrics_format": "card",
    "message_playback_id": "7954caa52e096deaf2b35e9a70df952d",
    "message_sync_type": "LINE_SYNCED",
    "message_track_uri": "spotify:track:3dYD57lRAUcMHufyqn9GcI"
  },
  {
    "timestamp_utc": "2024-09-03T03:52:26.731Z",
    "context_application_version": "8.9.68.490",
    "context_conn_country": "US",
    "context_device_manufacturer": "apple",
    "context_device_model": "iPad14,4",
    "context_device_type": "tablet",
    "context_os_name": "ios",
    "context_os_version": "17.6.1",
    "context_receiver_service_timestamp": 1725335560587,
    "context_time": 1725335546731,
    "context_user_agent": null,
    "message_is_snippet": false,
    "message_lyrics_format": "fullscreen",
    "message_playback_id": "43630932bace5999a06267df769141ae",
    "message_sync_type": "LINE_SYNCED",
    "message_track_uri": "spotify:track:2plbrEY59IikOBgBGLjaoe"
  },
  {
    "timestamp_utc": "2024-09-06T20:10:29.630Z",
    "context_application_version": "8.9.70.592",
    "context_conn_country": "US",
    "context_device_manufacturer": "apple",
    "context_device_model": "iPhone13,4",
    "context_device_type": "mobile",
    "context_os_name": "ios",
    "context_os_version": "17.6.1",
    "context_receiver_service_timestamp": 1725653446583,
    "context_time": 1725653429630,
    "context_user_agent": null,
    "message_is_snippet": false,
    "message_lyrics_format": "card",
    "message_playback_id": "5e07b4d621cf88854401dfac506673e1",
    "message_sync_type": "LINE_SYNCED",
    "message_track_uri": "spotify:track:4qJSUFwZFouto5VZUlln75"
  },
  {
    "timestamp_utc": "2024-10-27T03:43:18.903Z",
    "context_application_version": "8.9.84.543",
    "context_conn_country": "US",
    "context_device_manufacturer": "apple",
    "context_device_model": "iPhone13,4",
    "context_device_type": "mobile",
    "context_os_name": "ios",
    "context_os_version": "18.0.1",
    "context_receiver_service_timestamp": 1730000618735,
    "context_time": 1730000598903,
    "context_user_agent": null,
    "message_is_snippet": false,
    "message_lyrics_format": "fullscreen",
    "message_playback_id": "68a8af1cfd3bfb3e48123f0eda03060f",
    "message_sync_type": "LINE_SYNCED",
    "message_track_uri": "spotify:track:5vNRhkKd0yEAg8suGBpjeY"
  },
  {
    "timestamp_utc": "2024-09-10T03:18:30.016Z",
    "context_application_version": "8.9.70.592",
    "context_conn_country": "US",
    "context_device_manufacturer": "apple",
    "context_device_model": "iPad14,4",
    "context_device_type": "tablet",
    "context_os_name": "ios",
    "context_os_version": "17.6.1",
    "context_receiver_service_timestamp": 1725938329993,
    "context_time": 1725938310016,
    "context_user_agent": null,
    "message_is_snippet": false,
    "message_lyrics_format": "fullscreen",
    "message_playback_id": "1af250edd8debf5dfd29b3766fa3071a",
    "message_sync_type": "LINE_SYNCED",
    "message_track_uri": "spotify:track:0OA00aPt3BV10qeMIs3meW"
  },
  {
    "timestamp_utc": "2024-08-12T22:01:29.188Z",
    "context_application_version": "8.9.64.456",
    "context_conn_country": "US",
    "context_device_manufacturer": "apple",
    "context_device_model": "iPhone13,4",
    "context_device_type": "mobile",
    "context_os_name": "ios",
    "context_os_version": "17.5.1",
    "context_receiver_service_timestamp": 1723500106555,
    "context_time": 1723500089188,
    "context_user_agent": null,
    "message_is_snippet": false,
    "message_lyrics_format": "fullscreen",
    "message_playback_id": "9283c846c0ca815d398b765f152912ed",
    "message_sync_type": "LINE_SYNCED",
    "message_track_uri": "spotify:track:0WFryfbNKPXVtVQlz5dZ8H"
  },
  {
    "timestamp_utc": "2024-07-29T12:57:08.847Z",
    "context_application_version": "8.9.58.473",
    "context_conn_country": "US",
    "context_device_manufacturer": "apple",
    "context_device_model": "iPad14,4",
    "context_device_type": "tablet",
    "context_os_name": "ios",
    "context_os_version": "17.5.1",
    "context_receiver_service_timestamp": 1722257838247,
    "context_time": 1722257828847,
    "context_user_agent": null,
    "message_is_snippet": false,
    "message_lyrics_format": "fullscreen",
    "message_playback_id": "425da5e00ad3ddd806fe7af154038926",
    "message_sync_type": "LINE_SYNCED",
    "message_track_uri": "spotify:track:2YFhqZvhTpyK13gKXMKV7R"
  },
  {
    "timestamp_utc": "2024-09-30T21:33:23.873Z",
    "context_application_version": "8.9.76.516",
    "context_conn_country": "US",
    "context_device_manufacturer": "apple",
    "context_device_model": "iPhone13,4",
    "context_device_type": "mobile",
    "context_os_name": "ios",
    "context_os_version": "18.0",
    "context_receiver_service_timestamp": 1727732006921,
    "context_time": 1727732003873,
    "context_user_agent": null,
    "message_is_snippet": false,
    "message_lyrics_format": "card",
    "message_playback_id": "99e09653d3167296479282987fbfc215",
    "message_sync_type": "LINE_SYNCED",
    "message_track_uri": "spotify:track:43MifzVnh8W3jJN0xqU9jR"
  },
  {
    "timestamp_utc": "2024-10-19T06:34:34.337Z",
    "context_application_version": "8.9.82.628",
    "context_conn_country": "US",
    "context_device_manufacturer": "apple",
    "context_device_model": "iPad14,4",
    "context_device_type": "tablet",
    "context_os_name": "ios",
    "context_os_version": "18.0.1",
    "context_receiver_service_timestamp": 1729319674490,
    "context_time": 1729319674337,
    "context_user_agent": null,
    "message_is_snippet": false,
    "message_lyrics_format": "fullscreen",
    "message_playback_id": "dd6ddcff787e0058b65f74a6957c8dfc",
    "message_sync_type": "LINE_SYNCED",
    "message_track_uri": "spotify:track:2CspwnypzT7rcWI9RfsoSb"
  },
  {
    "timestamp_utc": "2024-10-02T19:23:57.500Z",
    "context_application_version": "8.9.76.516",
    "context_conn_country": "US",
    "context_device_manufacturer": "apple",
    "context_device_model": "iPhone13,4",
    "context_device_type": "mobile",
    "context_os_name": "ios",
    "context_os_version": "18.0",
    "context_receiver_service_timestamp": 1727897065230,
    "context_time": 1727897037500,
    "context_user_agent": null,
    "message_is_snippet": false,
    "message_lyrics_format": "fullscreen",
    "message_playback_id": "cc67a894a5ee67b85fb64f9fdcddc17d",
    "message_sync_type": "LINE_SYNCED",
    "message_track_uri": "spotify:track:2WRFD9WczJ975X2K1Y9YVs"
  },
  {
    "timestamp_utc": "2024-10-28T00:18:07.776Z",
    "context_application_version": "8.9.86.419",
    "context_conn_country": "US",
    "context_device_manufacturer": "apple",
    "context_device_model": "iPad14,4",
    "context_device_type": "tablet",
    "context_os_name": "ios",
    "context_os_version": "18.0.1",
    "context_receiver_service_timestamp": 1730074696956,
    "context_time": 1730074687776,
    "context_user_agent": null,
    "message_is_snippet": false,
    "message_lyrics_format": "fullscreen",
    "message_playback_id": "df532433335405c9f187a319e276f26e",
    "message_sync_type": "LINE_SYNCED",
    "message_track_uri": "spotify:track:2KejCKgm7l3uefW9cFt8cH"
  },
  {
    "timestamp_utc": "2024-11-08T01:10:24.192Z",
    "context_application_version": "8.9.86.419",
    "context_conn_country": "US",
    "context_device_manufacturer": "apple",
    "context_device_model": "iPhone13,4",
    "context_device_type": "mobile",
    "context_os_name": "ios",
    "context_os_version": "18.0.1",
    "context_receiver_service_timestamp": 1731028226497,
    "context_time": 1731028224192,
    "context_user_agent": null,
    "message_is_snippet": false,
    "message_lyrics_format": "fullscreen",
    "message_playback_id": "c36197f9044ffc4555da6cbb4c4d25be",
    "message_sync_type": "LINE_SYNCED",
    "message_track_uri": "spotify:track:5vNRhkKd0yEAg8suGBpjeY"
  },
  {
    "timestamp_utc": "2024-07-24T02:30:05.061Z",
    "context_application_version": "8.9.58.473",
    "context_conn_country": "US",
    "context_device_manufacturer": "apple",
    "context_device_model": "iPhone13,4",
    "context_device_type": "mobile",
    "context_os_name": "ios",
    "context_os_version": "17.5.1",
    "context_receiver_service_timestamp": 1721788207514,
    "context_time": 1721788205061,
    "context_user_agent": null,
    "message_is_snippet": false,
    "message_lyrics_format": "card",
    "message_playback_id": "d04ef9b9b17c8e2f44300e8e164efac7",
    "message_sync_type": "LINE_SYNCED",
    "message_track_uri": "spotify:track:6b37xrsNCWYIUphFBazqD6"
  },
  {
    "timestamp_utc": "2024-07-07T12:51:30.407Z",
    "context_application_version": "8.9.50.491",
    "context_conn_country": "US",
    "context_device_manufacturer": "apple",
    "context_device_model": "iPad14,4",
    "context_device_type": "tablet",
    "context_os_name": "ios",
    "context_os_version": "17.5.1",
    "context_receiver_service_timestamp": 1720356703207,
    "context_time": 1720356690407,
    "context_user_agent": null,
    "message_is_snippet": false,
    "message_lyrics_format": "card",
    "message_playback_id": "211bbb9ac57846ab066ae0f82947e82e",
    "message_sync_type": "LINE_SYNCED",
    "message_track_uri": "spotify:track:6saYisCUAZXc505blie9kZ"
  },
  {
    "timestamp_utc": "2024-10-18T03:21:04.236Z",
    "context_application_version": "8.9.82.628",
    "context_conn_country": "US",
    "context_device_manufacturer": "apple",
    "context_device_model": "iPhone13,4",
    "context_device_type": "mobile",
    "context_os_name": "ios",
    "context_os_version": "18.0.1",
    "context_receiver_service_timestamp": 1729221667480,
    "context_time": 1729221664236,
    "context_user_agent": null,
    "message_is_snippet": false,
    "message_lyrics_format": "fullscreen",
    "message_playback_id": "bba3a6a88bd5adb1a725b1cb9408ae29",
    "message_sync_type": "LINE_SYNCED",
    "message_track_uri": "spotify:track:1u8c2t2Cy7UBoG4ArRcF5g"
  },
  {
    "timestamp_utc": "2024-07-05T01:59:19.260Z",
    "context_application_version": "8.9.50.491",
    "context_conn_country": "US",
    "context_device_manufacturer": "apple",
    "context_device_model": "iPhone13,4",
    "context_device_type": "mobile",
    "context_os_name": "ios",
    "context_os_version": "17.5.1",
    "context_receiver_service_timestamp": 1720144785314,
    "context_time": 1720144759260,
    "context_user_agent": null,
    "message_is_snippet": false,
    "message_lyrics_format": "card",
    "message_playback_id": "3402e7c45019ce70b88f30560a330520",
    "message_sync_type": "LINE_SYNCED",
    "message_track_uri": "spotify:track:6saYisCUAZXc505blie9kZ"
  },
  {
    "timestamp_utc": "2024-09-20T22:25:26.967Z",
    "context_application_version": "8.9.76.516",
    "context_conn_country": "US",
    "context_device_manufacturer": "apple",
    "context_device_model": "iPhone13,4",
    "context_device_type": "mobile",
    "context_os_name": "ios",
    "context_os_version": "17.6.1",
    "context_receiver_service_timestamp": 1726871146507,
    "context_time": 1726871126967,
    "context_user_agent": null,
    "message_is_snippet": false,
    "message_lyrics_format": "fullscreen",
    "message_playback_id": "8dc4f82e31a7d37c2c9534e6c5bf47e2",
    "message_sync_type": "LINE_SYNCED",
    "message_track_uri": "spotify:track:2nMeu6UenVvwUktBCpLMK9"
  },
  {
    "timestamp_utc": "2024-09-20T22:25:25.348Z",
    "context_application_version": "8.9.76.516",
    "context_conn_country": "US",
    "context_device_manufacturer": "apple",
    "context_device_model": "iPhone13,4",
    "context_device_type": "mobile",
    "context_os_name": "ios",
    "context_os_version": "17.6.1",
    "context_receiver_service_timestamp": 1726871146507,
    "context_time": 1726871125348,
    "context_user_agent": null,
    "message_is_snippet": false,
    "message_lyrics_format": "card",
    "message_playback_id": "8dc4f82e31a7d37c2c9534e6c5bf47e2",
    "message_sync_type": "LINE_SYNCED",
    "message_track_uri": "spotify:track:2nMeu6UenVvwUktBCpLMK9"
  },
  {
    "timestamp_utc": "2024-06-30T18:32:57.974Z",
    "context_application_version": "8.9.50.491",
    "context_conn_country": "US",
    "context_device_manufacturer": "apple",
    "context_device_model": "iPhone13,4",
    "context_device_type": "mobile",
    "context_os_name": "ios",
    "context_os_version": "17.5.1",
    "context_receiver_service_timestamp": 1719772380102,
    "context_time": 1719772377974,
    "context_user_agent": null,
    "message_is_snippet": false,
    "message_lyrics_format": "card",
    "message_playback_id": "ac8f75f410094697934a92ef42ce503e",
    "message_sync_type": "LINE_SYNCED",
    "message_track_uri": "spotify:track:18jgn5QOjqsEx9TiqH4e1E"
  },
  {
    "timestamp_utc": "2024-08-29T03:18:33Z",
    "context_application_version": "8.9.68.490",
    "context_conn_country": "US",
    "context_device_manufacturer": "apple",
    "context_device_model": "iPad14,4",
    "context_device_type": "tablet",
    "context_os_name": "ios",
    "context_os_version": "17.5.1",
    "context_receiver_service_timestamp": 1724901520064,
    "context_time": 1724901513000,
    "context_user_agent": null,
    "message_is_snippet": false,
    "message_lyrics_format": "card",
    "message_playback_id": "53631e1d359acf3620468b49314152c3",
    "message_sync_type": "LINE_SYNCED",
    "message_track_uri": "spotify:track:1wU4bmpgwDaNVSsEWXG1DC"
  },
  {
    "timestamp_utc": "2024-11-22T02:21:51.811Z",
    "context_application_version": "8.9.94.418",
    "context_conn_country": "US",
    "context_device_manufacturer": "apple",
    "context_device_model": "iPad14,4",
    "context_device_type": "tablet",
    "context_os_name": "ios",
    "context_os_version": "18.0.1",
    "context_receiver_service_timestamp": 1732242112175,
    "context_time": 1732242111811,
    "context_user_agent": null,
    "message_is_snippet": false,
    "message_lyrics_format": "fullscreen",
    "message_playback_id": "a9ad38c692445fde1c7f5bf5ddcb55f6",
    "message_sync_type": "LINE_SYNCED",
    "message_track_uri": "spotify:track:4UQijskfH7GRycjz77buzW"
  },
  {
    "timestamp_utc": "2024-07-22T02:25:08.082Z",
    "context_application_version": "8.9.58.473",
    "context_conn_country": "US",
    "context_device_manufacturer": "apple",
    "context_device_model": "iPad14,4",
    "context_device_type": "tablet",
    "context_os_name": "ios",
    "context_os_version": "17.5.1",
    "context_receiver_service_timestamp": 1721615116632,
    "context_time": 1721615108082,
    "context_user_agent": null,
    "message_is_snippet": false,
    "message_lyrics_format": "card",
    "message_playback_id": "346236a45837e7e5c15415fc336e7c8d",
    "message_sync_type": "LINE_SYNCED",
    "message_track_uri": "spotify:track:2RvetPNMoaOJbBo7FtCV0J"
  },
  {
    "timestamp_utc": "2024-09-15T10:29:05.305Z",
    "context_application_version": "8.9.74.535",
    "context_conn_country": "US",
    "context_device_manufacturer": "apple",
    "context_device_model": "iPad14,4",
    "context_device_type": "tablet",
    "context_os_name": "ios",
    "context_os_version": "17.6.1",
    "context_receiver_service_timestamp": 1726396162605,
    "context_time": 1726396145305,
    "context_user_agent": null,
    "message_is_snippet": false,
    "message_lyrics_format": "card",
    "message_playback_id": "48daf8848c42231b221fc5e5f49a6041",
    "message_sync_type": "LINE_SYNCED",
    "message_track_uri": "spotify:track:7jnEVqyvscIaGLsJ8ezkEV"
  },
  {
    "timestamp_utc": "2024-08-09T15:38:56.167Z",
    "context_application_version": "8.9.60.458",
    "context_conn_country": "US",
    "context_device_manufacturer": "apple",
    "context_device_model": "iPhone13,4",
    "context_device_type": "mobile",
    "context_os_name": "ios",
    "context_os_version": "17.5.1",
    "context_receiver_service_timestamp": 1723217954133,
    "context_time": 1723217936167,
    "context_user_agent": null,
    "message_is_snippet": false,
    "message_lyrics_format": "card",
    "message_playback_id": "0f600d2aec04d08bc7e476b700925517",
    "message_sync_type": "LINE_SYNCED",
    "message_track_uri": "spotify:track:2qSkIjg1o9h3YT9RAgYN75"
  },
  {
    "timestamp_utc": "2024-07-26T08:25:16.488Z",
    "context_application_version": "8.9.58.473",
    "context_conn_country": "US",
    "context_device_manufacturer": "apple",
    "context_device_model": "iPad14,4",
    "context_device_type": "tablet",
    "context_os_name": "ios",
    "context_os_version": "17.5.1",
    "context_receiver_service_timestamp": 1721982340985,
    "context_time": 1721982316488,
    "context_user_agent": null,
    "message_is_snippet": false,
    "message_lyrics_format": "fullscreen",
    "message_playback_id": "c1728ec6576a2af5edb0ae4099b0ec45",
    "message_sync_type": "LINE_SYNCED",
    "message_track_uri": "spotify:track:75aKhlE0JTqaVuTsDDdtD3"
  },
  {
    "timestamp_utc": "2024-10-14T23:36:40.956Z",
    "context_application_version": "8.9.82.628",
    "context_conn_country": "US",
    "context_device_manufacturer": "apple",
    "context_device_model": "iPhone13,4",
    "context_device_type": "mobile",
    "context_os_name": "ios",
    "context_os_version": "18.0.1",
    "context_receiver_service_timestamp": 1728949019415,
    "context_time": 1728949000956,
    "context_user_agent": null,
    "message_is_snippet": false,
    "message_lyrics_format": "card",
    "message_playback_id": "365208295479fe860825ecdda70637c6",
    "message_sync_type": "LINE_SYNCED",
    "message_track_uri": "spotify:track:2dtV2kVZ5VSDkW0hVPrJJ2"
  },
  {
    "timestamp_utc": "2024-07-29T12:56:04.001Z",
    "context_application_version": "8.9.58.473",
    "context_conn_country": "US",
    "context_device_manufacturer": "apple",
    "context_device_model": "iPad14,4",
    "context_device_type": "tablet",
    "context_os_name": "ios",
    "context_os_version": "17.5.1",
    "context_receiver_service_timestamp": 1722257778251,
    "context_time": 1722257764001,
    "context_user_agent": null,
    "message_is_snippet": false,
    "message_lyrics_format": "card",
    "message_playback_id": "ae483af3266809de14a044601f51b105",
    "message_sync_type": "LINE_SYNCED",
    "message_track_uri": "spotify:track:3Y1EvIgEVw51XtgNEgpz5c"
  },
  {
    "timestamp_utc": "2024-09-22T23:12:10.362Z",
    "context_application_version": "8.9.76.516",
    "context_conn_country": "US",
    "context_device_manufacturer": "apple",
    "context_device_model": "iPhone13,4",
    "context_device_type": "mobile",
    "context_os_name": "ios",
    "context_os_version": "17.6.1",
    "context_receiver_service_timestamp": 1727046747305,
    "context_time": 1727046730362,
    "context_user_agent": null,
    "message_is_snippet": false,
    "message_lyrics_format": "fullscreen",
    "message_playback_id": "af35f117cd217fc24b8864ee4d128bfe",
    "message_sync_type": "LINE_SYNCED",
    "message_track_uri": "spotify:track:0SLzsfxED15vyUccX4bCqo"
  },
  {
    "timestamp_utc": "2024-11-08T01:04:17.408Z",
    "context_application_version": "8.9.86.419",
    "context_conn_country": "US",
    "context_device_manufacturer": "apple",
    "context_device_model": "iPhone13,4",
    "context_device_type": "mobile",
    "context_os_name": "ios",
    "context_os_version": "18.0.1",
    "context_receiver_service_timestamp": 1731027866469,
    "context_time": 1731027857408,
    "context_user_agent": null,
    "message_is_snippet": false,
    "message_lyrics_format": "fullscreen",
    "message_playback_id": "0215b38d97fbb131caf239556e136483",
    "message_sync_type": "LINE_SYNCED",
    "message_track_uri": "spotify:track:4XsJiRJQAK8TWcZCn0Dxlh"
  },
  {
    "timestamp_utc": "2024-11-10T03:55:40.098Z",
    "context_application_version": "8.9.86.419",
    "context_conn_country": "US",
    "context_device_manufacturer": "apple",
    "context_device_model": "iPhone13,4",
    "context_device_type": "mobile",
    "context_os_name": "ios",
    "context_os_version": "18.0.1",
    "context_receiver_service_timestamp": 1731210953055,
    "context_time": 1731210940098,
    "context_user_agent": null,
    "message_is_snippet": false,
    "message_lyrics_format": "card",
    "message_playback_id": "ada89131a56b52a212f3359b89591984",
    "message_sync_type": "LINE_SYNCED",
    "message_track_uri": "spotify:track:3GYlZ7tbxLOxe6ewMNVTkw"
  },
  {
    "timestamp_utc": "2024-07-26T08:26:32.768Z",
    "context_application_version": "8.9.58.473",
    "context_conn_country": "US",
    "context_device_manufacturer": "apple",
    "context_device_model": "iPad14,4",
    "context_device_type": "tablet",
    "context_os_name": "ios",
    "context_os_version": "17.5.1",
    "context_receiver_service_timestamp": 1721982397805,
    "context_time": 1721982392768,
    "context_user_agent": null,
    "message_is_snippet": false,
    "message_lyrics_format": "card",
    "message_playback_id": "be803f9f7e7f82895ae0da41a2ff93f6",
    "message_sync_type": "UNSYNCED",
    "message_track_uri": "spotify:track:1BaUCDLiR6u3axnZ7jryk4"
  },
  {
    "timestamp_utc": "2024-10-19T06:34:29.881Z",
    "context_application_version": "8.9.82.628",
    "context_conn_country": "US",
    "context_device_manufacturer": "apple",
    "context_device_model": "iPad14,4",
    "context_device_type": "tablet",
    "context_os_name": "ios",
    "context_os_version": "18.0.1",
    "context_receiver_service_timestamp": 1729319674490,
    "context_time": 1729319669881,
    "context_user_agent": null,
    "message_is_snippet": false,
    "message_lyrics_format": "card",
    "message_playback_id": "dd6ddcff787e0058b65f74a6957c8dfc",
    "message_sync_type": "LINE_SYNCED",
    "message_track_uri": "spotify:track:2CspwnypzT7rcWI9RfsoSb"
  },
  {
    "timestamp_utc": "2024-09-14T05:07:19.668Z",
    "context_application_version": "8.9.74.535",
    "context_conn_country": "US",
    "context_device_manufacturer": "apple",
    "context_device_model": "iPad14,4",
    "context_device_type": "tablet",
    "context_os_name": "ios",
    "context_os_version": "17.6.1",
    "context_receiver_service_timestamp": 1726290447990,
    "context_time": 1726290439668,
    "context_user_agent": null,
    "message_is_snippet": false,
    "message_lyrics_format": "fullscreen",
    "message_playback_id": "9bbaf5c269a2612ce796c37f48ef8038",
    "message_sync_type": "LINE_SYNCED",
    "message_track_uri": "spotify:track:3BJe4B8zGnqEdQPMvfVjuS"
  },
  {
    "timestamp_utc": "2024-08-09T23:03:17.562Z",
    "context_application_version": "8.9.62.465",
    "context_conn_country": "US",
    "context_device_manufacturer": "apple",
    "context_device_model": "iPad14,4",
    "context_device_type": "tablet",
    "context_os_name": "ios",
    "context_os_version": "17.5.1",
    "context_receiver_service_timestamp": 1723244598448,
    "context_time": 1723244597562,
    "context_user_agent": null,
    "message_is_snippet": false,
    "message_lyrics_format": "card",
    "message_playback_id": "1077d412ed4297455e477420e2db6603",
    "message_sync_type": "LINE_SYNCED",
    "message_track_uri": "spotify:track:0WbMK4wrZ1wFSty9F7FCgu"
  },
  {
    "timestamp_utc": "2024-09-22T23:12:08.989Z",
    "context_application_version": "8.9.76.516",
    "context_conn_country": "US",
    "context_device_manufacturer": "apple",
    "context_device_model": "iPhone13,4",
    "context_device_type": "mobile",
    "context_os_name": "ios",
    "context_os_version": "17.6.1",
    "context_receiver_service_timestamp": 1727046729781,
    "context_time": 1727046728989,
    "context_user_agent": null,
    "message_is_snippet": false,
    "message_lyrics_format": "card",
    "message_playback_id": "af35f117cd217fc24b8864ee4d128bfe",
    "message_sync_type": "LINE_SYNCED",
    "message_track_uri": "spotify:track:0SLzsfxED15vyUccX4bCqo"
  },
  {
    "timestamp_utc": "2024-09-09T20:23:16.223Z",
    "context_application_version": "8.9.70.592",
    "context_conn_country": "US",
    "context_device_manufacturer": "apple",
    "context_device_model": "iPhone13,4",
    "context_device_type": "mobile",
    "context_os_name": "ios",
    "context_os_version": "17.6.1",
    "context_receiver_service_timestamp": 1725913399387,
    "context_time": 1725913396223,
    "context_user_agent": null,
    "message_is_snippet": false,
    "message_lyrics_format": "card",
    "message_playback_id": "fe3319a266296eb6bd0a88a8ed088840",
    "message_sync_type": "LINE_SYNCED",
    "message_track_uri": "spotify:track:5Z0UnEtpLDQyYlWwgi8m9C"
  },
  {
    "timestamp_utc": "2024-06-02T21:47:26.952Z",
    "context_application_version": "8.9.42.597",
    "context_conn_country": "US",
    "context_device_manufacturer": "apple",
    "context_device_model": "iPad14,4",
    "context_device_type": "tablet",
    "context_os_name": "ios",
    "context_os_version": "17.5.1",
    "context_receiver_service_timestamp": 1717364864429,
    "context_time": 1717364846952,
    "context_user_agent": null,
    "message_is_snippet": false,
    "message_lyrics_format": "card",
    "message_playback_id": "e0758f5c5e71018aa10ed06699725ec0",
    "message_sync_type": "LINE_SYNCED",
    "message_track_uri": "spotify:track:7rPKtXBW35rSQH1i6QAvyk"
  },
  {
    "timestamp_utc": "2024-10-28T00:17:28.510Z",
    "context_application_version": "8.9.86.419",
    "context_conn_country": "US",
    "context_device_manufacturer": "apple",
    "context_device_model": "iPad14,4",
    "context_device_type": "tablet",
    "context_os_name": "ios",
    "context_os_version": "18.0.1",
    "context_receiver_service_timestamp": 1730074666348,
    "context_time": 1730074648510,
    "context_user_agent": null,
    "message_is_snippet": false,
    "message_lyrics_format": "card",
    "message_playback_id": "d27c3237c8746010ec81b05b8e5828e6",
    "message_sync_type": "LINE_SYNCED",
    "message_track_uri": "spotify:track:79esEXlqqmq0GPz0xQSZTV"
  },
  {
    "timestamp_utc": "2024-08-09T23:03:18.835Z",
    "context_application_version": "8.9.62.465",
    "context_conn_country": "US",
    "context_device_manufacturer": "apple",
    "context_device_model": "iPad14,4",
    "context_device_type": "tablet",
    "context_os_name": "ios",
    "context_os_version": "17.5.1",
    "context_receiver_service_timestamp": 1723244627753,
    "context_time": 1723244598835,
    "context_user_agent": null,
    "message_is_snippet": false,
    "message_lyrics_format": "fullscreen",
    "message_playback_id": "1077d412ed4297455e477420e2db6603",
    "message_sync_type": "LINE_SYNCED",
    "message_track_uri": "spotify:track:0WbMK4wrZ1wFSty9F7FCgu"
  },
  {
    "timestamp_utc": "2024-07-25T10:55:50.730Z",
    "context_application_version": "8.9.58.473",
    "context_conn_country": "US",
    "context_device_manufacturer": "apple",
    "context_device_model": "iPhone13,4",
    "context_device_type": "mobile",
    "context_os_name": "ios",
    "context_os_version": "17.5.1",
    "context_receiver_service_timestamp": 1721904952407,
    "context_time": 1721904950730,
    "context_user_agent": null,
    "message_is_snippet": false,
    "message_lyrics_format": "fullscreen",
    "message_playback_id": "afc089f66c2038dc76e4bf6641314026",
    "message_sync_type": "LINE_SYNCED",
    "message_track_uri": "spotify:track:19RybK6XDbAVpcdxSbZL1o"
  },
  {
    "timestamp_utc": "2024-11-22T02:23:12.048Z",
    "context_application_version": "8.9.94.418",
    "context_conn_country": "US",
    "context_device_manufacturer": "apple",
    "context_device_model": "iPad14,4",
    "context_device_type": "tablet",
    "context_os_name": "ios",
    "context_os_version": "18.0.1",
    "context_receiver_service_timestamp": 1732242202128,
    "context_time": 1732242192048,
    "context_user_agent": null,
    "message_is_snippet": false,
    "message_lyrics_format": "fullscreen",
    "message_playback_id": "97a6a27b3607d55ab93169efab0b427c",
    "message_sync_type": "LINE_SYNCED",
    "message_track_uri": "spotify:track:4UQijskfH7GRycjz77buzW"
  },
  {
    "timestamp_utc": "2024-11-08T01:10:19.495Z",
    "context_application_version": "8.9.86.419",
    "context_conn_country": "US",
    "context_device_manufacturer": "apple",
    "context_device_model": "iPhone13,4",
    "context_device_type": "mobile",
    "context_os_name": "ios",
    "context_os_version": "18.0.1",
    "context_receiver_service_timestamp": 1731028226497,
    "context_time": 1731028219495,
    "context_user_agent": null,
    "message_is_snippet": false,
    "message_lyrics_format": "card",
    "message_playback_id": "c36197f9044ffc4555da6cbb4c4d25be",
    "message_sync_type": "LINE_SYNCED",
    "message_track_uri": "spotify:track:5vNRhkKd0yEAg8suGBpjeY"
  },
  {
    "timestamp_utc": "2024-09-14T00:05:49.812Z",
    "context_application_version": "8.9.74.535",
    "context_conn_country": "US",
    "context_device_manufacturer": "apple",
    "context_device_model": "iPad14,4",
    "context_device_type": "tablet",
    "context_os_name": "ios",
    "context_os_version": "17.6.1",
    "context_receiver_service_timestamp": 1726272363121,
    "context_time": 1726272349812,
    "context_user_agent": null,
    "message_is_snippet": false,
    "message_lyrics_format": "fullscreen",
    "message_playback_id": "7954caa52e096deaf2b35e9a70df952d",
    "message_sync_type": "LINE_SYNCED",
    "message_track_uri": "spotify:track:3dYD57lRAUcMHufyqn9GcI"
  },
  {
    "timestamp_utc": "2024-10-20T09:15:00.309Z",
    "context_application_version": "8.9.82.628",
    "context_conn_country": "US",
    "context_device_manufacturer": "apple",
    "context_device_model": "iPhone13,4",
    "context_device_type": "mobile",
    "context_os_name": "ios",
    "context_os_version": "18.0.1",
    "context_receiver_service_timestamp": 1729415704557,
    "context_time": 1729415700309,
    "context_user_agent": null,
    "message_is_snippet": false,
    "message_lyrics_format": "card",
    "message_playback_id": "3f490c9e0c7ea4d0c3cd5d3434ea6802",
    "message_sync_type": "LINE_SYNCED",
    "message_track_uri": "spotify:track:5FsdBmqWWfS6S5X4NfmxSh"
  },
  {
    "timestamp_utc": "2024-09-09T04:34:10.819Z",
    "context_application_version": "8.9.70.592",
    "context_conn_country": "US",
    "context_device_manufacturer": "apple",
    "context_device_model": "iPad14,4",
    "context_device_type": "tablet",
    "context_os_name": "ios",
    "context_os_version": "17.6.1",
    "context_receiver_service_timestamp": 1725856474817,
    "context_time": 1725856450819,
    "context_user_agent": null,
    "message_is_snippet": false,
    "message_lyrics_format": "card",
    "message_playback_id": "9c6324f978a23a5cc385455dcfd6fd49",
    "message_sync_type": "LINE_SYNCED",
    "message_track_uri": "spotify:track:1QxcWlk8PivolUaWcpAoNq"
  },
  {
    "timestamp_utc": "2024-06-28T11:35:41.073Z",
    "context_application_version": "8.9.50.491",
    "context_conn_country": "US",
    "context_device_manufacturer": "apple",
    "context_device_model": "iPad14,4",
    "context_device_type": "tablet",
    "context_os_name": "ios",
    "context_os_version": "17.5.1",
    "context_receiver_service_timestamp": 1719574551081,
    "context_time": 1719574541073,
    "context_user_agent": null,
    "message_is_snippet": false,
    "message_lyrics_format": "card",
    "message_playback_id": "dffd64974e7e32c5999d5b5fbe5ebf00",
    "message_sync_type": "LINE_SYNCED",
    "message_track_uri": "spotify:track:6AI3ezQ4o3HUoP6Dhudph3"
  },
  {
    "timestamp_utc": "2024-10-28T00:18:06.109Z",
    "context_application_version": "8.9.86.419",
    "context_conn_country": "US",
    "context_device_manufacturer": "apple",
    "context_device_model": "iPad14,4",
    "context_device_type": "tablet",
    "context_os_name": "ios",
    "context_os_version": "18.0.1",
    "context_receiver_service_timestamp": 1730074696956,
    "context_time": 1730074686109,
    "context_user_agent": null,
    "message_is_snippet": false,
    "message_lyrics_format": "card",
    "message_playback_id": "df532433335405c9f187a319e276f26e",
    "message_sync_type": "LINE_SYNCED",
    "message_track_uri": "spotify:track:2KejCKgm7l3uefW9cFt8cH"
  },
  {
    "timestamp_utc": "2024-11-06T02:14:02.557Z",
    "context_application_version": "8.9.86.419",
    "context_conn_country": "US",
    "context_device_manufacturer": "apple",
    "context_device_model": "iPhone13,4",
    "context_device_type": "mobile",
    "context_os_name": "ios",
    "context_os_version": "18.0.1",
    "context_receiver_service_timestamp": 1730859245218,
    "context_time": 1730859242557,
    "context_user_agent": null,
    "message_is_snippet": false,
    "message_lyrics_format": "card",
    "message_playback_id": "93586cbb04d6598ebfa556d020ab4c37",
    "message_sync_type": "LINE_SYNCED",
    "message_track_uri": "spotify:track:3qeFjtPJ1lIRKDTB5DZWpt"
  },
  {
    "timestamp_utc": "2024-08-30T06:46:39.876Z",
    "context_application_version": "8.9.68.490",
    "context_conn_country": "US",
    "context_device_manufacturer": "apple",
    "context_device_model": "iPad14,4",
    "context_device_type": "tablet",
    "context_os_name": "ios",
    "context_os_version": "17.5.1",
    "context_receiver_service_timestamp": 1725000403771,
    "context_time": 1725000399876,
    "context_user_agent": null,
    "message_is_snippet": false,
    "message_lyrics_format": "card",
    "message_playback_id": "6118848fa9fd92825ffb912c6ba7deaf",
    "message_sync_type": "LINE_SYNCED",
    "message_track_uri": "spotify:track:4dd7hkuqTSkpSrEkhEB4YV"
  },
  {
    "timestamp_utc": "2024-08-02T11:51:11.361Z",
    "context_application_version": "8.9.60.458",
    "context_conn_country": "US",
    "context_device_manufacturer": "apple",
    "context_device_model": "iPad14,4",
    "context_device_type": "tablet",
    "context_os_name": "ios",
    "context_os_version": "17.5.1",
    "context_receiver_service_timestamp": 1722599495707,
    "context_time": 1722599471361,
    "context_user_agent": null,
    "message_is_snippet": false,
    "message_lyrics_format": "fullscreen",
    "message_playback_id": "cfcf08e50a267190554faf8e47d4654a",
    "message_sync_type": "LINE_SYNCED",
    "message_track_uri": "spotify:track:0iO2iCAjtX0t5duvczNQt6"
  },
  {
    "timestamp_utc": "2024-08-12T22:01:27.203Z",
    "context_application_version": "8.9.64.456",
    "context_conn_country": "US",
    "context_device_manufacturer": "apple",
    "context_device_model": "iPhone13,4",
    "context_device_type": "mobile",
    "context_os_name": "ios",
    "context_os_version": "17.5.1",
    "context_receiver_service_timestamp": 1723500106555,
    "context_time": 1723500087203,
    "context_user_agent": null,
    "message_is_snippet": false,
    "message_lyrics_format": "card",
    "message_playback_id": "9283c846c0ca815d398b765f152912ed",
    "message_sync_type": "LINE_SYNCED",
    "message_track_uri": "spotify:track:0WFryfbNKPXVtVQlz5dZ8H"
  },
  {
    "timestamp_utc": "2024-09-14T05:07:18.206Z",
    "context_application_version": "8.9.74.535",
    "context_conn_country": "US",
    "context_device_manufacturer": "apple",
    "context_device_model": "iPad14,4",
    "context_device_type": "tablet",
    "context_os_name": "ios",
    "context_os_version": "17.6.1",
    "context_receiver_service_timestamp": 1726290439369,
    "context_time": 1726290438206,
    "context_user_agent": null,
    "message_is_snippet": false,
    "message_lyrics_format": "card",
    "message_playback_id": "9bbaf5c269a2612ce796c37f48ef8038",
    "message_sync_type": "LINE_SYNCED",
    "message_track_uri": "spotify:track:3BJe4B8zGnqEdQPMvfVjuS"
  },
  {
    "timestamp_utc": "2024-07-04T19:14:42.049Z",
    "context_application_version": "8.9.50.491",
    "context_conn_country": "US",
    "context_device_manufacturer": "apple",
    "context_device_model": "iPhone13,4",
    "context_device_type": "mobile",
    "context_os_name": "ios",
    "context_os_version": "17.5.1",
    "context_receiver_service_timestamp": 1720120492444,
    "context_time": 1720120482049,
    "context_user_agent": null,
    "message_is_snippet": false,
    "message_lyrics_format": "card",
    "message_playback_id": "21f5c250c53507fb5f2d14cb448f20e2",
    "message_sync_type": "LINE_SYNCED",
    "message_track_uri": "spotify:track:0WbMK4wrZ1wFSty9F7FCgu"
  },
  {
    "timestamp_utc": "2024-10-13T19:11:18.767Z",
    "context_application_version": "8.9.82.628",
    "context_conn_country": "US",
    "context_device_manufacturer": "apple",
    "context_device_model": "iPhone13,4",
    "context_device_type": "mobile",
    "context_os_name": "ios",
    "context_os_version": "18.0.1",
    "context_receiver_service_timestamp": 1728846683851,
    "context_time": 1728846678767,
    "context_user_agent": null,
    "message_is_snippet": false,
    "message_lyrics_format": "fullscreen",
    "message_playback_id": "f13ae96b255530b544fc0057cadf0d3a",
    "message_sync_type": "LINE_SYNCED",
    "message_track_uri": "spotify:track:4exlWP8cokkWVCvyP3kg7c"
  },
  {
    "timestamp_utc": "2024-09-17T21:09:44.112Z",
    "context_application_version": "8.9.74.535",
    "context_conn_country": "US",
    "context_device_manufacturer": "apple",
    "context_device_model": "iPhone13,4",
    "context_device_type": "mobile",
    "context_os_name": "ios",
    "context_os_version": "17.6.1",
    "context_receiver_service_timestamp": 1726607402431,
    "context_time": 1726607384112,
    "context_user_agent": null,
    "message_is_snippet": false,
    "message_lyrics_format": "card",
    "message_playback_id": "153fd8ff00a57f8a1349b49b933b131d",
    "message_sync_type": "LINE_SYNCED",
    "message_track_uri": "spotify:track:6uFaj11gfJOpnaRxJBPB86"
  },
  {
    "timestamp_utc": "2024-09-09T04:34:12.627Z",
    "context_application_version": "8.9.70.592",
    "context_conn_country": "US",
    "context_device_manufacturer": "apple",
    "context_device_model": "iPad14,4",
    "context_device_type": "tablet",
    "context_os_name": "ios",
    "context_os_version": "17.6.1",
    "context_receiver_service_timestamp": 1725856474817,
    "context_time": 1725856452627,
    "context_user_agent": null,
    "message_is_snippet": false,
    "message_lyrics_format": "fullscreen",
    "message_playback_id": "9c6324f978a23a5cc385455dcfd6fd49",
    "message_sync_type": "LINE_SYNCED",
    "message_track_uri": "spotify:track:1QxcWlk8PivolUaWcpAoNq"
  },
  {
    "timestamp_utc": "2024-08-02T11:51:08.265Z",
    "context_application_version": "8.9.60.458",
    "context_conn_country": "US",
    "context_device_manufacturer": "apple",
    "context_device_model": "iPad14,4",
    "context_device_type": "tablet",
    "context_os_name": "ios",
    "context_os_version": "17.5.1",
    "context_receiver_service_timestamp": 1722599495707,
    "context_time": 1722599468265,
    "context_user_agent": null,
    "message_is_snippet": false,
    "message_lyrics_format": "card",
    "message_playback_id": "cfcf08e50a267190554faf8e47d4654a",
    "message_sync_type": "LINE_SYNCED",
    "message_track_uri": "spotify:track:0iO2iCAjtX0t5duvczNQt6"
  },
  {
    "timestamp_utc": "2024-11-10T03:55:42.301Z",
    "context_application_version": "8.9.86.419",
    "context_conn_country": "US",
    "context_device_manufacturer": "apple",
    "context_device_model": "iPhone13,4",
    "context_device_type": "mobile",
    "context_os_name": "ios",
    "context_os_version": "18.0.1",
    "context_receiver_service_timestamp": 1731210953055,
    "context_time": 1731210942301,
    "context_user_agent": null,
    "message_is_snippet": false,
    "message_lyrics_format": "fullscreen",
    "message_playback_id": "ada89131a56b52a212f3359b89591984",
    "message_sync_type": "LINE_SYNCED",
    "message_track_uri": "spotify:track:3GYlZ7tbxLOxe6ewMNVTkw"
  },
  {
    "timestamp_utc": "2024-09-24T13:55:42.450Z",
    "context_application_version": "8.9.76.516",
    "context_conn_country": "US",
    "context_device_manufacturer": "apple",
    "context_device_model": "iPad14,4",
    "context_device_type": "tablet",
    "context_os_name": "ios",
    "context_os_version": "17.6.1",
    "context_receiver_service_timestamp": 1727186157370,
    "context_time": 1727186142450,
    "context_user_agent": null,
    "message_is_snippet": false,
    "message_lyrics_format": "fullscreen",
    "message_playback_id": "4a5362c1e5c4fc9a28ff7b57278e5770",
    "message_sync_type": "LINE_SYNCED",
    "message_track_uri": "spotify:track:79esEXlqqmq0GPz0xQSZTV"
  },
  {
    "timestamp_utc": "2024-06-02T22:58:49.997Z",
    "context_application_version": "8.9.42.597",
    "context_conn_country": "US",
    "context_device_manufacturer": "apple",
    "context_device_model": "iPad14,4",
    "context_device_type": "tablet",
    "context_os_name": "ios",
    "context_os_version": "17.5.1",
    "context_receiver_service_timestamp": 1717369134389,
    "context_time": 1717369129997,
    "context_user_agent": null,
    "message_is_snippet": false,
    "message_lyrics_format": "card",
    "message_playback_id": "9604ce74477c0ae5806c7e96151ab620",
    "message_sync_type": "LINE_SYNCED",
    "message_track_uri": "spotify:track:6AI3ezQ4o3HUoP6Dhudph3"
  },
  {
    "timestamp_utc": "2024-07-25T07:05:10.402Z",
    "context_application_version": "8.9.58.473",
    "context_conn_country": "US",
    "context_device_manufacturer": "apple",
    "context_device_model": "iPhone13,4",
    "context_device_type": "mobile",
    "context_os_name": "ios",
    "context_os_version": "17.5.1",
    "context_receiver_service_timestamp": 1721891118032,
    "context_time": 1721891110402,
    "context_user_agent": null,
    "message_is_snippet": false,
    "message_lyrics_format": "fullscreen",
    "message_playback_id": "c2509b324653fe9ffe922ba7e3ef2fd5",
    "message_sync_type": "LINE_SYNCED",
    "message_track_uri": "spotify:track:4gJXJkd0zFFanZL2w0RsMB"
  },
  {
    "timestamp_utc": "2024-09-22T22:25:51.086Z",
    "context_application_version": "8.9.76.516",
    "context_conn_country": "US",
    "context_device_manufacturer": "apple",
    "context_device_model": "iPhone13,4",
    "context_device_type": "mobile",
    "context_os_name": "ios",
    "context_os_version": "17.6.1",
    "context_receiver_service_timestamp": 1727043965915,
    "context_time": 1727043951086,
    "context_user_agent": null,
    "message_is_snippet": false,
    "message_lyrics_format": "card",
    "message_playback_id": "dcf6ac7dabc2aaf79a11ac74c21c8c3e",
    "message_sync_type": "LINE_SYNCED",
    "message_track_uri": "spotify:track:7E9kejvFw8NDfuu4y3hqkp"
  },
  {
    "timestamp_utc": "2024-10-08T00:38:00.454Z",
    "context_application_version": "8.9.76.516",
    "context_conn_country": "US",
    "context_device_manufacturer": "apple",
    "context_device_model": "iPhone13,4",
    "context_device_type": "mobile",
    "context_os_name": "ios",
    "context_os_version": "18.0.1",
    "context_receiver_service_timestamp": 1728347894150,
    "context_time": 1728347880454,
    "context_user_agent": null,
    "message_is_snippet": false,
    "message_lyrics_format": "card",
    "message_playback_id": "5e136bbb4dd31b24f5230ef6fd666cd7",
    "message_sync_type": "LINE_SYNCED",
    "message_track_uri": "spotify:track:0SLzsfxED15vyUccX4bCqo"
  },
  {
    "timestamp_utc": "2024-11-04T03:45:10.217Z",
    "context_application_version": "8.9.86.419",
    "context_conn_country": "US",
    "context_device_manufacturer": "apple",
    "context_device_model": "iPhone13,4",
    "context_device_type": "mobile",
    "context_os_name": "ios",
    "context_os_version": "18.0.1",
    "context_receiver_service_timestamp": 1730691914037,
    "context_time": 1730691910217,
    "context_user_agent": null,
    "message_is_snippet": false,
    "message_lyrics_format": "card",
    "message_playback_id": "19a53e6613a257f338a3777c18fab748",
    "message_sync_type": "LINE_SYNCED",
    "message_track_uri": "spotify:track:2z9FUHRkbkV4BObNzbHsFU"
  },
  {
    "timestamp_utc": "2024-09-23T09:35:09.413Z",
    "context_application_version": "8.9.76.516",
    "context_conn_country": "US",
    "context_device_manufacturer": "apple",
    "context_device_model": "iPhone13,4",
    "context_device_type": "mobile",
    "context_os_name": "ios",
    "context_os_version": "17.6.1",
    "context_receiver_service_timestamp": 1727084114173,
    "context_time": 1727084109413,
    "context_user_agent": null,
    "message_is_snippet": false,
    "message_lyrics_format": "card",
    "message_playback_id": "b1ff9b111656cc34127b91759ff8bfdc",
    "message_sync_type": "LINE_SYNCED",
    "message_track_uri": "spotify:track:7wYA8mWTOnHltpaxBU7rKH"
  },
  {
    "timestamp_utc": "2024-07-29T12:57:07.061Z",
    "context_application_version": "8.9.58.473",
    "context_conn_country": "US",
    "context_device_manufacturer": "apple",
    "context_device_model": "iPad14,4",
    "context_device_type": "tablet",
    "context_os_name": "ios",
    "context_os_version": "17.5.1",
    "context_receiver_service_timestamp": 1722257838247,
    "context_time": 1722257827061,
    "context_user_agent": null,
    "message_is_snippet": false,
    "message_lyrics_format": "card",
    "message_playback_id": "425da5e00ad3ddd806fe7af154038926",
    "message_sync_type": "LINE_SYNCED",
    "message_track_uri": "spotify:track:2YFhqZvhTpyK13gKXMKV7R"
  },
  {
    "timestamp_utc": "2024-10-13T19:03:56.278Z",
    "context_application_version": "8.9.82.628",
    "context_conn_country": "US",
    "context_device_manufacturer": "apple",
    "context_device_model": "iPhone13,4",
    "context_device_type": "mobile",
    "context_os_name": "ios",
    "context_os_version": "18.0.1",
    "context_receiver_service_timestamp": 1728846263986,
    "context_time": 1728846236278,
    "context_user_agent": null,
    "message_is_snippet": false,
    "message_lyrics_format": "card",
    "message_playback_id": "f13ae96b255530b544fc0057cadf0d3a",
    "message_sync_type": "LINE_SYNCED",
    "message_track_uri": "spotify:track:4exlWP8cokkWVCvyP3kg7c"
  },
  {
    "timestamp_utc": "2024-10-21T16:42:49.240Z",
    "context_application_version": "8.9.82.628",
    "context_conn_country": "US",
    "context_device_manufacturer": "apple",
    "context_device_model": "iPhone13,4",
    "context_device_type": "mobile",
    "context_os_name": "ios",
    "context_os_version": "18.0.1",
    "context_receiver_service_timestamp": 1729528977533,
    "context_time": 1729528969240,
    "context_user_agent": null,
    "message_is_snippet": false,
    "message_lyrics_format": "card",
    "message_playback_id": "109293e6aaddd4cf32327d9166d5fe16",
    "message_sync_type": "LINE_SYNCED",
    "message_track_uri": "spotify:track:2CspwnypzT7rcWI9RfsoSb"
  },
  {
    "timestamp_utc": "2024-07-25T10:56:02.937Z",
    "context_application_version": "8.9.58.473",
    "context_conn_country": "US",
    "context_device_manufacturer": "apple",
    "context_device_model": "iPhone13,4",
    "context_device_type": "mobile",
    "context_os_name": "ios",
    "context_os_version": "17.5.1",
    "context_receiver_service_timestamp": 1721904982399,
    "context_time": 1721904962937,
    "context_user_agent": null,
    "message_is_snippet": false,
    "message_lyrics_format": "card",
    "message_playback_id": "afc089f66c2038dc76e4bf6641314026",
    "message_sync_type": "LINE_SYNCED",
    "message_track_uri": "spotify:track:19RybK6XDbAVpcdxSbZL1o"
  },
  {
    "timestamp_utc": "2024-06-28T11:36:36.237Z",
    "context_application_version": "8.9.50.491",
    "context_conn_country": "US",
    "context_device_manufacturer": "apple",
    "context_device_model": "iPad14,4",
    "context_device_type": "tablet",
    "context_os_name": "ios",
    "context_os_version": "17.5.1",
    "context_receiver_service_timestamp": 1719574614271,
    "context_time": 1719574596237,
    "context_user_agent": null,
    "message_is_snippet": false,
    "message_lyrics_format": "fullscreen",
    "message_playback_id": "834b7ea1ce79525f50ec831d67c2272e",
    "message_sync_type": "LINE_SYNCED",
    "message_track_uri": "spotify:track:0WbMK4wrZ1wFSty9F7FCgu"
  },
  {
    "timestamp_utc": "2024-09-01T03:03:31.723Z",
    "context_application_version": "8.9.68.490",
    "context_conn_country": "US",
    "context_device_manufacturer": "apple",
    "context_device_model": "iPad14,4",
    "context_device_type": "tablet",
    "context_os_name": "ios",
    "context_os_version": "17.6.1",
    "context_receiver_service_timestamp": 1725159826298,
    "context_time": 1725159811723,
    "context_user_agent": null,
    "message_is_snippet": false,
    "message_lyrics_format": "fullscreen",
    "message_playback_id": "adf93d4eb37b19e8bf3ab189f351217a",
    "message_sync_type": "LINE_SYNCED",
    "message_track_uri": "spotify:track:1Ym6aMuT5bliaZMC67AmPp"
  },
  {
    "timestamp_utc": "2024-06-30T18:49:09.853Z",
    "context_application_version": "8.9.50.491",
    "context_conn_country": "US",
    "context_device_manufacturer": "apple",
    "context_device_model": "iPhone13,4",
    "context_device_type": "mobile",
    "context_os_name": "ios",
    "context_os_version": "17.5.1",
    "context_receiver_service_timestamp": 1719773351856,
    "context_time": 1719773349853,
    "context_user_agent": null,
    "message_is_snippet": false,
    "message_lyrics_format": "card",
    "message_playback_id": "efe5a26ee538bc6a1edd35f8077bb79f",
    "message_sync_type": "LINE_SYNCED",
    "message_track_uri": "spotify:track:0i1LliXxuipWRboFGpS2gG"
  },
  {
    "timestamp_utc": "2024-11-06T01:04:13.217Z",
    "context_application_version": "8.9.86.419",
    "context_conn_country": "US",
    "context_device_manufacturer": "apple",
    "context_device_model": "iPhone13,4",
    "context_device_type": "mobile",
    "context_os_name": "ios",
    "context_os_version": "18.0.1",
    "context_receiver_service_timestamp": 1730855060088,
    "context_time": 1730855053217,
    "context_user_agent": null,
    "message_is_snippet": false,
    "message_lyrics_format": "card",
    "message_playback_id": "89b48010b1c27010aa1fb522bff5db76",
    "message_sync_type": "LINE_SYNCED",
    "message_track_uri": "spotify:track:5vNRhkKd0yEAg8suGBpjeY"
  },
  {
    "timestamp_utc": "2024-07-29T12:56:07.810Z",
    "context_application_version": "8.9.58.473",
    "context_conn_country": "US",
    "context_device_manufacturer": "apple",
    "context_device_model": "iPad14,4",
    "context_device_type": "tablet",
    "context_os_name": "ios",
    "context_os_version": "17.5.1",
    "context_receiver_service_timestamp": 1722257778251,
    "context_time": 1722257767810,
    "context_user_agent": null,
    "message_is_snippet": false,
    "message_lyrics_format": "fullscreen",
    "message_playback_id": "ae483af3266809de14a044601f51b105",
    "message_sync_type": "LINE_SYNCED",
    "message_track_uri": "spotify:track:3Y1EvIgEVw51XtgNEgpz5c"
  },
  {
    "timestamp_utc": "2024-06-05T17:34:55.615Z",
    "context_application_version": "8.9.42.597",
    "context_conn_country": "US",
    "context_device_manufacturer": "apple",
    "context_device_model": "iPad14,4",
    "context_device_type": "tablet",
    "context_os_name": "ios",
    "context_os_version": "17.5.1",
    "context_receiver_service_timestamp": 1717608899937,
    "context_time": 1717608895615,
    "context_user_agent": null,
    "message_is_snippet": false,
    "message_lyrics_format": "card",
    "message_playback_id": "ca34de9a3d0bcda3cc397092df0aa659",
    "message_sync_type": "LINE_SYNCED",
    "message_track_uri": "spotify:track:0WbMK4wrZ1wFSty9F7FCgu"
  },
  {
    "timestamp_utc": "2024-09-02T02:17:02.137Z",
    "context_application_version": "8.9.68.490",
    "context_conn_country": "US",
    "context_device_manufacturer": "apple",
    "context_device_model": "iPhone13,4",
    "context_device_type": "mobile",
    "context_os_name": "ios",
    "context_os_version": "17.6.1",
    "context_receiver_service_timestamp": 1725243425114,
    "context_time": 1725243422137,
    "context_user_agent": null,
    "message_is_snippet": false,
    "message_lyrics_format": "card",
    "message_playback_id": "b177194839f9b26a4231e8b9356e5c8d",
    "message_sync_type": "LINE_SYNCED",
    "message_track_uri": "spotify:track:255vSRpVq5YYKBJiem1BVx"
  },
  {
    "timestamp_utc": "2024-06-28T10:33:14.545Z",
    "context_application_version": "8.9.50.491",
    "context_conn_country": "US",
    "context_device_manufacturer": "apple",
    "context_device_model": "iPad14,4",
    "context_device_type": "tablet",
    "context_os_name": "ios",
    "context_os_version": "17.5.1",
    "context_receiver_service_timestamp": 1719570798388,
    "context_time": 1719570794545,
    "context_user_agent": null,
    "message_is_snippet": false,
    "message_lyrics_format": "card",
    "message_playback_id": "a614167546b3b0e8b00e458cb35c6f13",
    "message_sync_type": "LINE_SYNCED",
    "message_track_uri": "spotify:track:2DtUUBwYwEzKMTMDrc5EiO"
  },
  {
    "timestamp_utc": "2024-07-15T04:26:46.664Z",
    "context_application_version": "8.9.54.343",
    "context_conn_country": "US",
    "context_device_manufacturer": "apple",
    "context_device_model": "iPhone13,4",
    "context_device_type": "mobile",
    "context_os_name": "ios",
    "context_os_version": "17.5.1",
    "context_receiver_service_timestamp": 1721017620565,
    "context_time": 1721017606664,
    "context_user_agent": null,
    "message_is_snippet": false,
    "message_lyrics_format": "fullscreen",
    "message_playback_id": "c891fd74d731c4def759db0dc5198a23",
    "message_sync_type": "LINE_SYNCED",
    "message_track_uri": "spotify:track:2OUK5td58k4BV2GvFdfdzr"
  },
  {
    "timestamp_utc": "2024-09-10T03:18:28.646Z",
    "context_application_version": "8.9.70.592",
    "context_conn_country": "US",
    "context_device_manufacturer": "apple",
    "context_device_model": "iPad14,4",
    "context_device_type": "tablet",
    "context_os_name": "ios",
    "context_os_version": "17.6.1",
    "context_receiver_service_timestamp": 1725938329993,
    "context_time": 1725938308646,
    "context_user_agent": null,
    "message_is_snippet": false,
    "message_lyrics_format": "card",
    "message_playback_id": "1af250edd8debf5dfd29b3766fa3071a",
    "message_sync_type": "LINE_SYNCED",
    "message_track_uri": "spotify:track:0OA00aPt3BV10qeMIs3meW"
  },
  {
    "timestamp_utc": "2024-11-08T01:04:16.269Z",
    "context_application_version": "8.9.86.419",
    "context_conn_country": "US",
    "context_device_manufacturer": "apple",
    "context_device_model": "iPhone13,4",
    "context_device_type": "mobile",
    "context_os_name": "ios",
    "context_os_version": "18.0.1",
    "context_receiver_service_timestamp": 1731027866469,
    "context_time": 1731027856269,
    "context_user_agent": null,
    "message_is_snippet": false,
    "message_lyrics_format": "card",
    "message_playback_id": "0215b38d97fbb131caf239556e136483",
    "message_sync_type": "LINE_SYNCED",
    "message_track_uri": "spotify:track:4XsJiRJQAK8TWcZCn0Dxlh"
  },
  {
    "timestamp_utc": "2024-06-02T22:58:51.597Z",
    "context_application_version": "8.9.42.597",
    "context_conn_country": "US",
    "context_device_manufacturer": "apple",
    "context_device_model": "iPad14,4",
    "context_device_type": "tablet",
    "context_os_name": "ios",
    "context_os_version": "17.5.1",
    "context_receiver_service_timestamp": 1717369134389,
    "context_time": 1717369131597,
    "context_user_agent": null,
    "message_is_snippet": false,
    "message_lyrics_format": "fullscreen",
    "message_playback_id": "9604ce74477c0ae5806c7e96151ab620",
    "message_sync_type": "LINE_SYNCED",
    "message_track_uri": "spotify:track:6AI3ezQ4o3HUoP6Dhudph3"
  },
  {
    "timestamp_utc": "2024-06-05T22:35:28.765Z",
    "context_application_version": "8.9.42.597",
    "context_conn_country": "US",
    "context_device_manufacturer": "apple",
    "context_device_model": "iPhone13,4",
    "context_device_type": "mobile",
    "context_os_name": "ios",
    "context_os_version": "17.5.1",
    "context_receiver_service_timestamp": 1717626943455,
    "context_time": 1717626928765,
    "context_user_agent": null,
    "message_is_snippet": false,
    "message_lyrics_format": "card",
    "message_playback_id": "25a7ebd8428250a04280b23e0e462466",
    "message_sync_type": "LINE_SYNCED",
    "message_track_uri": "spotify:track:3BJe4B8zGnqEdQPMvfVjuS"
  }
]