[
  {
    "timestamp_utc": "2024-09-16T16:32:34.182Z",
    "context_application_version": "8.9.74.535",
    "context_conn_country": "US",
    "context_device_manufacturer": "apple",
    "context_device_model": "iPhone13,4",
    "context_device_type": "mobile",
    "context_os_name": "ios",
    "context_os_version": "17.6.1",
    "context_receiver_service_timestamp": 1726504377036,
    "context_time": 1726504354182,
    "message_power_state": "unauthorized"
  },
  {
    "timestamp_utc": "2024-09-17T06:31:25.757Z",
    "context_application_version": "8.9.74.535",
    "context_conn_country": "US",
    "context_device_manufacturer": "apple",
    "context_device_model": "iPad14,4",
    "context_device_type": "tablet",
    "context_os_name": "ios",
    "context_os_version": "17.6.1",
    "context_receiver_service_timestamp": 1726554687527,
    "context_time": 1726554685757,
    "message_power_state": "unauthorized"
  }
]