[
  {
    "timestamp_utc": "2024-11-15T19:05:46.867Z",
    "context_time": 1731697546867,
    "message_client_app_id": "",
    "message_fronted_version": "NO_VERSION",
    "message_redirect_uri": "comgooglemaps://",
    "message_response_type": "legacy-token",
    "message_user_agent": "Spotify/899000084 CFNetwork/1568.100.1.2.1 Darwin/24.0.0"
  },
  {
    "timestamp_utc": "2024-09-11T23:48:12.722Z",
    "context_time": 1726098492722,
    "message_client_app_id": "com.google.Maps",
    "message_fronted_version": "NO_VERSION",
    "message_redirect_uri": "comgooglemaps://",
    "message_response_type": "legacy-token",
    "message_user_agent": "Spotify/897000592 CFNetwork/1498.700.2 Darwin/23.6.0"
  },
  {
    "timestamp_utc": "2024-11-10T15:28:36.487Z",
    "context_time": 1731252516487,
    "message_client_app_id": "",
    "message_fronted_version": "NO_VERSION",
    "message_redirect_uri": "https://support.spotify.com",
    "message_response_type": "code",
    "message_user_agent": "Mozilla/5.0 (iPad; CPU OS 18_0_1 like Mac OS X) AppleWebKit/605.1.15 (KHTML, like Gecko) Mobile/15E148"
  },
  {
    "timestamp_utc": "2024-08-27T00:32:30.655Z",
    "context_time": 1724718750655,
    "message_client_app_id": "com.google.Maps",
    "message_fronted_version": "NO_VERSION",
    "message_redirect_uri": "comgooglemaps://",
    "message_response_type": "legacy-token",
    "message_user_agent": "Spotify/896800490 CFNetwork/1496.0.7 Darwin/23.5.0"
  },
  {
    "timestamp_utc": "2024-11-13T02:11:34.946Z",
    "context_time": 1731463894946,
    "message_client_app_id": "",
    "message_fronted_version": "NO_VERSION",
    "message_redirect_uri": "comgooglemaps://",
    "message_response_type": "legacy-token",
    "message_user_agent": "Spotify/899000084 CFNetwork/1568.100.1.2.1 Darwin/24.0.0"
  },
  {
    "timestamp_utc": "2024-10-30T16:38:14.542Z",
    "context_time": 1730306294542,
    "message_client_app_id": "",
    "message_fronted_version": "NO_VERSION",
    "message_redirect_uri": "comgooglemaps://",
    "message_response_type": "legacy-token",
    "message_user_agent": "Spotify/898600419 CFNetwork/1568.100.1.2.1 Darwin/24.0.0"
  },
  {
    "timestamp_utc": "2024-09-13T20:30:02.051Z",
    "context_time": 1726259402051,
    "message_client_app_id": "com.google.Maps",
    "message_fronted_version": "NO_VERSION",
    "message_redirect_uri": "comgooglemaps://",
    "message_response_type": "legacy-token",
    "message_user_agent": "Spotify/897400535 CFNetwork/1498.700.2 Darwin/23.6.0"
  },
  {
    "timestamp_utc": "2024-11-10T15:28:36.510Z",
    "context_time": 1731252516510,
    "message_client_app_id": "",
    "message_fronted_version": "NO_VERSION",
    "message_redirect_uri": "https://support.spotify.com",
    "message_response_type": "code",
    "message_user_agent": "Mozilla/5.0 (iPad; CPU OS 18_0_1 like Mac OS X) AppleWebKit/605.1.15 (KHTML, like Gecko) Mobile/15E148"
  },
  {
    "timestamp_utc": "2024-09-18T21:33:38.378Z",
    "context_time": 1726695218378,
    "message_client_app_id": "com.google.Maps",
    "message_fronted_version": "NO_VERSION",
    "message_redirect_uri": "comgooglemaps://",
    "message_response_type": "legacy-token",
    "message_user_agent": "Spotify/897400535 CFNetwork/1498.700.2 Darwin/23.6.0"
  },
  {
    "timestamp_utc": "2024-11-10T15:28:36.514Z",
    "context_time": 1731252516514,
    "message_client_app_id": "",
    "message_fronted_version": "NO_VERSION",
    "message_redirect_uri": "https://support.spotify.com",
    "message_response_type": "code",
    "message_user_agent": "Mozilla/5.0 (iPad; CPU OS 18_0_1 like Mac OS X) AppleWebKit/605.1.15 (KHTML, like Gecko) Mobile/15E148"
  },
  {
    "timestamp_utc": "2024-11-10T15:28:36.515Z",
    "context_time": 1731252516515,
    "message_client_app_id": "",
    "message_fronted_version": "NO_VERSION",
    "message_redirect_uri": "https://support.spotify.com",
    "message_response_type": "code",
    "message_user_agent": "Mozilla/5.0 (iPad; CPU OS 18_0_1 like Mac OS X) AppleWebKit/605.1.15 (KHTML, like Gecko) Mobile/15E148"
  },
  {
    "timestamp_utc": "2024-09-09T18:21:41.615Z",
    "context_time": 1725906101615,
    "message_client_app_id": "com.google.Maps",
    "message_fronted_version": "NO_VERSION",
    "message_redirect_uri": "comgooglemaps://",
    "message_response_type": "legacy-token",
    "message_user_agent": "Spotify/897000592 CFNetwork/1498.700.2 Darwin/23.6.0"
  },
  {
    "timestamp_utc": "2024-11-01T18:24:58.670Z",
    "context_time": 1730485498670,
    "message_client_app_id": "",
    "message_fronted_version": "NO_VERSION",
    "message_redirect_uri": "comgooglemaps://",
    "message_response_type": "legacy-token",
    "message_user_agent": "Spotify/898600419 CFNetwork/1568.100.1.2.1 Darwin/24.0.0"
  },
  {
    "timestamp_utc": "2024-11-10T15:28:36.486Z",
    "context_time": 1731252516486,
    "message_client_app_id": "",
    "message_fronted_version": "NO_VERSION",
    "message_redirect_uri": "https://support.spotify.com",
    "message_response_type": "code",
    "message_user_agent": "Mozilla/5.0 (iPad; CPU OS 18_0_1 like Mac OS X) AppleWebKit/605.1.15 (KHTML, like Gecko) Mobile/15E148"
  },
  {
    "timestamp_utc": "2024-11-12T03:36:20.547Z",
    "context_time": 1731382580547,
    "message_client_app_id": "",
    "message_fronted_version": "NO_VERSION",
    "message_redirect_uri": "comgooglemaps://",
    "message_response_type": "legacy-token",
    "message_user_agent": "Spotify/899000084 CFNetwork/1568.100.1.2.1 Darwin/24.0.0"
  },
  {
    "timestamp_utc": "2024-09-16T18:26:59.962Z",
    "context_time": 1726511219962,
    "message_client_app_id": "com.google.Maps",
    "message_fronted_version": "NO_VERSION",
    "message_redirect_uri": "comgooglemaps://",
    "message_response_type": "legacy-token",
    "message_user_agent": "Spotify/897400535 CFNetwork/1498.700.2 Darwin/23.6.0"
  }
]