[
  {
    "message_track": "",
    "timestamp_utc": "2024-11-20T17:36:31.361Z",
    "context_application_version": "8.9.90.84",
    "context_conn_country": "US",
    "context_device_manufacturer": "apple",
    "context_device_model": "iPhone13,4",
    "context_device_type": "mobile",
    "context_os_name": "ios",
    "context_os_version": "18.1",
    "context_receiver_service_timestamp": 1732124209676,
    "context_time": 1732124191361,
    "message_error_code": 36
  },
  {
    "message_track": "",
    "timestamp_utc": "2024-09-12T00:30:16.223Z",
    "context_application_version": "8.9.70.592",
    "context_conn_country": "US",
    "context_device_manufacturer": "apple",
    "context_device_model": "iPhone13,4",
    "context_device_type": "mobile",
    "context_os_name": "ios",
    "context_os_version": "17.6.1",
    "context_receiver_service_timestamp": 1726101045610,
    "context_time": 1726101016223,
    "message_error_code": 36
  },
  {
    "message_track": "",
    "timestamp_utc": "2024-09-01T17:10:52.958Z",
    "context_application_version": "8.9.68.490",
    "context_conn_country": "US",
    "context_device_manufacturer": "apple",
    "context_device_model": "iPhone13,4",
    "context_device_type": "mobile",
    "context_os_name": "ios",
    "context_os_version": "17.6.1",
    "context_receiver_service_timestamp": 1725210681672,
    "context_time": 1725210652958,
    "message_error_code": 36
  },
  {
    "message_track": "",
    "timestamp_utc": "2024-10-18T06:31:53.792Z",
    "context_application_version": "8.9.82.628",
    "context_conn_country": "US",
    "context_device_manufacturer": "apple",
    "context_device_model": "iPhone13,4",
    "context_device_type": "mobile",
    "context_os_name": "ios",
    "context_os_version": "18.0.1",
    "context_receiver_service_timestamp": 1729233117816,
    "context_time": 1729233113792,
    "message_error_code": 36
  },
  {
    "message_track": "",
    "timestamp_utc": "2024-11-22T19:20:35.262Z",
    "context_application_version": "8.9.94.418",
    "context_conn_country": "US",
    "context_device_manufacturer": "apple",
    "context_device_model": "iPhone13,4",
    "context_device_type": "mobile",
    "context_os_name": "ios",
    "context_os_version": "18.1",
    "context_receiver_service_timestamp": 1732303263900,
    "context_time": 1732303235262,
    "message_error_code": 36
  },
  {
    "message_track": "",
    "timestamp_utc": "2024-09-06T23:13:04.493Z",
    "context_application_version": "8.9.70.592",
    "context_conn_country": "US",
    "context_device_manufacturer": "apple",
    "context_device_model": "iPhone13,4",
    "context_device_type": "mobile",
    "context_os_name": "ios",
    "context_os_version": "17.6.1",
    "context_receiver_service_timestamp": 1725664393120,
    "context_time": 1725664384493,
    "message_error_code": 36
  },
  {
    "message_track": "spotify:track:3PCELNifmPZJVtvIbwxpuD",
    "timestamp_utc": "2024-11-02T09:55:54.413Z",
    "context_application_version": "8.9.86.419",
    "context_conn_country": "US",
    "context_device_manufacturer": "apple",
    "context_device_model": "iPad14,4",
    "context_device_type": "tablet",
    "context_os_name": "ios",
    "context_os_version": "18.0.1",
    "context_receiver_service_timestamp": 1730543106595,
    "context_time": 1730541354413,
    "message_error_code": 7002
  },
  {
    "message_track": "spotify:track:3csRdhC42FUQNgdfwPigQF",
    "timestamp_utc": "2024-09-14T00:05:34.108Z",
    "context_application_version": "8.9.74.535",
    "context_conn_country": "US",
    "context_device_manufacturer": "apple",
    "context_device_model": "iPad14,4",
    "context_device_type": "tablet",
    "context_os_name": "ios",
    "context_os_version": "17.6.1",
    "context_receiver_service_timestamp": 1726272362365,
    "context_time": 1726272334108,
    "message_error_code": 7004
  },
  {
    "message_track": "",
    "timestamp_utc": "2024-10-18T15:24:04.044Z",
    "context_application_version": "8.9.82.628",
    "context_conn_country": "US",
    "context_device_manufacturer": "apple",
    "context_device_model": "iPhone13,4",
    "context_device_type": "mobile",
    "context_os_name": "ios",
    "context_os_version": "18.0.1",
    "context_receiver_service_timestamp": 1729265073063,
    "context_time": 1729265044044,
    "message_error_code": 36
  },
  {
    "message_track": "spotify:track:69VKaaJc2F7oRttcg6tTC7",
    "timestamp_utc": "2024-11-16T05:04:00.022Z",
    "context_application_version": "8.9.90.84",
    "context_conn_country": "US",
    "context_device_manufacturer": "apple",
    "context_device_model": "iPad14,4",
    "context_device_type": "tablet",
    "context_os_name": "ios",
    "context_os_version": "18.0.1",
    "context_receiver_service_timestamp": 1731733441283,
    "context_time": 1731733440022,
    "message_error_code": 7002
  },
  {
    "message_track": "spotify:track:1KDbyLh6A4kXAfjhRO4IeQ",
    "timestamp_utc": "2024-09-22T08:45:58.618Z",
    "context_application_version": "1.2.45.454",
    "context_conn_country": "US",
    "context_device_manufacturer": "Apple Inc.",
    "context_device_model": "MacBookPro16,2",
    "context_device_type": "desktop",
    "context_os_name": "osx",
    "context_os_version": "14.6.1",
    "context_receiver_service_timestamp": 1726994788197,
    "context_time": 1726994758618,
    "message_error_code": 7003
  },
  {
    "message_track": "spotify:track:4WYmrL0rc1Fiv7CkcETXzA",
    "timestamp_utc": "2024-11-19T11:43:16.185Z",
    "context_application_version": "8.9.90.84",
    "context_conn_country": "US",
    "context_device_manufacturer": "apple",
    "context_device_model": "iPad14,4",
    "context_device_type": "tablet",
    "context_os_name": "ios",
    "context_os_version": "18.0.1",
    "context_receiver_service_timestamp": 1732016619022,
    "context_time": 1732016596185,
    "message_error_code": 7002
  },
  {
    "message_track": "spotify:track:2Rb6nYmuLEblpq4KIAjngL",
    "timestamp_utc": "2024-09-11T21:07:16.279Z",
    "context_application_version": "1.2.39.578",
    "context_conn_country": "US",
    "context_device_manufacturer": "Apple Inc.",
    "context_device_model": "MacBookPro16,2",
    "context_device_type": "desktop",
    "context_os_name": "osx",
    "context_os_version": "14.6.1",
    "context_receiver_service_timestamp": 1726088865279,
    "context_time": 1726088836279,
    "message_error_code": 7030
  },
  {
    "message_track": "spotify:track:1KDbyLh6A4kXAfjhRO4IeQ",
    "timestamp_utc": "2024-09-22T08:45:58.618Z",
    "context_application_version": "1.2.45.454",
    "context_conn_country": "US",
    "context_device_manufacturer": "Apple Inc.",
    "context_device_model": "MacBookPro16,2",
    "context_device_type": "desktop",
    "context_os_name": "osx",
    "context_os_version": "14.6.1",
    "context_receiver_service_timestamp": 1726994788197,
    "context_time": 1726994758618,
    "message_error_code": 7003
  },
  {
    "message_track": "",
    "timestamp_utc": "2024-11-20T19:07:43.862Z",
    "context_application_version": "8.9.90.84",
    "context_conn_country": "US",
    "context_device_manufacturer": "apple",
    "context_device_model": "iPhone13,4",
    "context_device_type": "mobile",
    "context_os_name": "ios",
    "context_os_version": "18.1",
    "context_receiver_service_timestamp": 1732129672861,
    "context_time": 1732129663862,
    "message_error_code": 36
  },
  {
    "message_track": "spotify:track:23y6GPrgh0T8pibNl6E4FL",
    "timestamp_utc": "2024-09-23T06:36:17.986Z",
    "context_application_version": "1.2.45.454",
    "context_conn_country": "US",
    "context_device_manufacturer": "Apple Inc.",
    "context_device_model": "MacBookPro16,2",
    "context_device_type": "desktop",
    "context_os_name": "osx",
    "context_os_version": "14.6.1",
    "context_receiver_service_timestamp": 1727073402819,
    "context_time": 1727073377986,
    "message_error_code": 7003
  },
  {
    "message_track": "",
    "timestamp_utc": "2024-10-04T19:15:15.524Z",
    "context_application_version": "8.9.76.516",
    "context_conn_country": "US",
    "context_device_manufacturer": "apple",
    "context_device_model": "iPhone13,4",
    "context_device_type": "mobile",
    "context_os_name": "ios",
    "context_os_version": "18.0",
    "context_receiver_service_timestamp": 1728069344318,
    "context_time": 1728069315524,
    "message_error_code": 36
  },
  {
    "message_track": "",
    "timestamp_utc": "2024-09-29T00:32:29.995Z",
    "context_application_version": "8.9.76.516",
    "context_conn_country": "US",
    "context_device_manufacturer": "apple",
    "context_device_model": "iPhone13,4",
    "context_device_type": "mobile",
    "context_os_name": "ios",
    "context_os_version": "18.0",
    "context_receiver_service_timestamp": 1727569964195,
    "context_time": 1727569949995,
    "message_error_code": 36
  },
  {
    "message_track": "",
    "timestamp_utc": "2024-11-19T03:27:04.078Z",
    "context_application_version": "8.9.90.84",
    "context_conn_country": "US",
    "context_device_manufacturer": "apple",
    "context_device_model": "iPhone13,4",
    "context_device_type": "mobile",
    "context_os_name": "ios",
    "context_os_version": "18.1",
    "context_receiver_service_timestamp": 1731986824295,
    "context_time": 1731986824078,
    "message_error_code": 36
  },
  {
    "message_track": "spotify:track:1KDbyLh6A4kXAfjhRO4IeQ",
    "timestamp_utc": "2024-09-22T08:45:58.618Z",
    "context_application_version": "1.2.45.454",
    "context_conn_country": "US",
    "context_device_manufacturer": "Apple Inc.",
    "context_device_model": "MacBookPro16,2",
    "context_device_type": "desktop",
    "context_os_name": "osx",
    "context_os_version": "14.6.1",
    "context_receiver_service_timestamp": 1726994788197,
    "context_time": 1726994758618,
    "message_error_code": 7003
  },
  {
    "message_track": "",
    "timestamp_utc": "2024-10-29T03:21:26.994Z",
    "context_application_version": "8.9.86.419",
    "context_conn_country": "US",
    "context_device_manufacturer": "apple",
    "context_device_model": "iPhone13,4",
    "context_device_type": "mobile",
    "context_os_name": "ios",
    "context_os_version": "18.0.1",
    "context_receiver_service_timestamp": 1730172092265,
    "context_time": 1730172086994,
    "message_error_code": 36
  },
  {
    "message_track": "",
    "timestamp_utc": "2024-11-06T01:35:44.630Z",
    "context_application_version": "8.9.86.419",
    "context_conn_country": "US",
    "context_device_manufacturer": "apple",
    "context_device_model": "iPhone13,4",
    "context_device_type": "mobile",
    "context_os_name": "ios",
    "context_os_version": "18.0.1",
    "context_receiver_service_timestamp": 1730856973989,
    "context_time": 1730856944630,
    "message_error_code": 36
  },
  {
    "message_track": "",
    "timestamp_utc": "2024-09-09T01:28:00.512Z",
    "context_application_version": "8.9.70.592",
    "context_conn_country": "US",
    "context_device_manufacturer": "apple",
    "context_device_model": "iPhone13,4",
    "context_device_type": "mobile",
    "context_os_name": "ios",
    "context_os_version": "17.6.1",
    "context_receiver_service_timestamp": 1725845290601,
    "context_time": 1725845280512,
    "message_error_code": 36
  },
  {
    "message_track": "",
    "timestamp_utc": "2024-09-04T19:05:52.391Z",
    "context_application_version": "8.9.68.490",
    "context_conn_country": "US",
    "context_device_manufacturer": "apple",
    "context_device_model": "iPhone13,4",
    "context_device_type": "mobile",
    "context_os_name": "ios",
    "context_os_version": "17.6.1",
    "context_receiver_service_timestamp": 1725476770814,
    "context_time": 1725476752391,
    "message_error_code": 36
  },
  {
    "message_track": "",
    "timestamp_utc": "2024-09-04T00:36:41.519Z",
    "context_application_version": "8.9.68.490",
    "context_conn_country": "US",
    "context_device_manufacturer": "apple",
    "context_device_model": "iPhone13,4",
    "context_device_type": "mobile",
    "context_os_name": "ios",
    "context_os_version": "17.6.1",
    "context_receiver_service_timestamp": 1725410475183,
    "context_time": 1725410201519,
    "message_error_code": 36
  },
  {
    "message_track": "",
    "timestamp_utc": "2024-10-16T20:51:19.399Z",
    "context_application_version": "8.9.82.628",
    "context_conn_country": "US",
    "context_device_manufacturer": "apple",
    "context_device_model": "iPhone13,4",
    "context_device_type": "mobile",
    "context_os_name": "ios",
    "context_os_version": "18.0.1",
    "context_receiver_service_timestamp": 1729111892354,
    "context_time": 1729111879399,
    "message_error_code": 36
  },
  {
    "message_track": "",
    "timestamp_utc": "2024-09-01T20:43:14.765Z",
    "context_application_version": "8.9.68.490",
    "context_conn_country": "US",
    "context_device_manufacturer": "apple",
    "context_device_model": "iPhone13,4",
    "context_device_type": "mobile",
    "context_os_name": "ios",
    "context_os_version": "17.6.1",
    "context_receiver_service_timestamp": 1725223420957,
    "context_time": 1725223394765,
    "message_error_code": 36
  },
  {
    "message_track": "",
    "timestamp_utc": "2024-08-27T02:08:31.289Z",
    "context_application_version": "8.9.68.490",
    "context_conn_country": "US",
    "context_device_manufacturer": "apple",
    "context_device_model": "iPhone13,4",
    "context_device_type": "mobile",
    "context_os_name": "ios",
    "context_os_version": "17.5.1",
    "context_receiver_service_timestamp": 1724724540208,
    "context_time": 1724724511289,
    "message_error_code": 36
  }
]