[
  {
    "message_device_id": "46424231344436352d423935312d353031352d423043322d413541313141463042423436",
    "message_name": "Thao Pham's MacBook Pro",
    "timestamp_utc": "2024-10-11T21:05:50.435Z",
    "context_time": 1728680750435,
    "message_cache_id": "a0149ee2d1e5b8b6f81a8b8e885686eb",
    "message_connect_type": "COMPUTER",
    "message_event": "put",
    "message_platform": "OSX_X86_64"
  },
  {
    "message_device_id": "3731393334656238376664613531343333343639323736663562336133653064",
    "message_name": "iPhone",
    "timestamp_utc": "2024-11-02T20:02:22.960Z",
    "context_time": 1730577742960,
    "message_cache_id": "0278a581e966e118f862af9f4c67bea6",
    "message_connect_type": "SMARTPHONE",
    "message_event": "put",
    "message_platform": "IPHONE_ARM64"
  },
  {
    "message_device_id": "3533373639336536316530366332333137303764353465316337383235666530",
    "message_name": "iPad",
    "timestamp_utc": "2024-09-03T05:48:32.486Z",
    "context_time": 1725342512486,
    "message_cache_id": "4857a772569865359110f3e416f554f6",
    "message_connect_type": "TABLET",
    "message_event": "put",
    "message_platform": "IPHONE_ARM64"
  },
  {
    "message_device_id": "3533373639336536316530366332333137303764353465316337383235666530",
    "message_name": "iPad",
    "timestamp_utc": "2024-10-06T05:41:17.251Z",
    "context_time": 1728193277251,
    "message_cache_id": "4857a772569865359110f3e416f554f6",
    "message_connect_type": "TABLET",
    "message_event": "put",
    "message_platform": "IPHONE_ARM64"
  },
  {
    "message_device_id": "3533373639336536316530366332333137303764353465316337383235666530",
    "message_name": "iPad",
    "timestamp_utc": "2024-09-14T00:08:31.706Z",
    "context_time": 1726272511706,
    "message_cache_id": "4857a772569865359110f3e416f554f6",
    "message_connect_type": "TABLET",
    "message_event": "put",
    "message_platform": "IPHONE_ARM64"
  },
  {
    "message_device_id": "3731393334656238376664613531343333343639323736663562336133653064",
    "message_name": "iPhone",
    "timestamp_utc": "2024-09-09T01:31:20.518Z",
    "context_time": 1725845480518,
    "message_cache_id": "0278a581e966e118f862af9f4c67bea6",
    "message_connect_type": "SMARTPHONE",
    "message_event": "put",
    "message_platform": "IPHONE_ARM64"
  },
  {
    "message_device_id": "3731393334656238376664613531343333343639323736663562336133653064",
    "message_name": "iPhone",
    "timestamp_utc": "2024-10-16T20:54:29.959Z",
    "context_time": 1729112069959,
    "message_cache_id": "0278a581e966e118f862af9f4c67bea6",
    "message_connect_type": "SMARTPHONE",
    "message_event": "put",
    "message_platform": "IPHONE_ARM64"
  },
  {
    "message_device_id": "46424231344436352d423935312d353031352d423043322d413541313141463042423436",
    "message_name": "Thao Pham's MacBook Pro",
    "timestamp_utc": "2024-10-21T21:33:19.862Z",
    "context_time": 1729546399862,
    "message_cache_id": "a0149ee2d1e5b8b6f81a8b8e885686eb",
    "message_connect_type": "COMPUTER",
    "message_event": "put",
    "message_platform": "OSX_X86_64"
  },
  {
    "message_device_id": "3731393334656238376664613531343333343639323736663562336133653064",
    "message_name": "iPhone",
    "timestamp_utc": "2024-09-01T20:49:18.877Z",
    "context_time": 1725223758877,
    "message_cache_id": "0278a581e966e118f862af9f4c67bea6",
    "message_connect_type": "SMARTPHONE",
    "message_event": "put",
    "message_platform": "IPHONE_ARM64"
  },
  {
    "message_device_id": "46424231344436352d423935312d353031352d423043322d413541313141463042423436",
    "message_name": "Thao Pham's MacBook Pro",
    "timestamp_utc": "2024-09-26T15:37:10.294Z",
    "context_time": 1727365030294,
    "message_cache_id": "a0149ee2d1e5b8b6f81a8b8e885686eb",
    "message_connect_type": "COMPUTER",
    "message_event": "put",
    "message_platform": "OSX_X86_64"
  },
  {
    "message_device_id": "46424231344436352d423935312d353031352d423043322d413541313141463042423436",
    "message_name": "Thao Pham's MacBook Pro",
    "timestamp_utc": "2024-09-18T23:33:34.087Z",
    "context_time": 1726702414087,
    "message_cache_id": "a0149ee2d1e5b8b6f81a8b8e885686eb",
    "message_connect_type": "COMPUTER",
    "message_event": "put",
    "message_platform": "OSX_X86_64"
  },
  {
    "message_device_id": "3731393334656238376664613531343333343639323736663562336133653064",
    "message_name": "iPhone",
    "timestamp_utc": "2024-09-23T19:30:07.762Z",
    "context_time": 1727119807762,
    "message_cache_id": "0278a581e966e118f862af9f4c67bea6",
    "message_connect_type": "SMARTPHONE",
    "message_event": "put",
    "message_platform": "IPHONE_ARM64"
  },
  {
    "message_device_id": "3731393334656238376664613531343333343639323736663562336133653064",
    "message_name": "iPhone",
    "timestamp_utc": "2024-11-18T21:20:44.071Z",
    "context_time": 1731964844071,
    "message_cache_id": "0278a581e966e118f862af9f4c67bea6",
    "message_connect_type": "SMARTPHONE",
    "message_event": "put",
    "message_platform": "IPHONE_ARM64"
  },
  {
    "message_device_id": "3533373639336536316530366332333137303764353465316337383235666530",
    "message_name": "iPad",
    "timestamp_utc": "2024-10-25T00:03:22.230Z",
    "context_time": 1729814602230,
    "message_cache_id": "4857a772569865359110f3e416f554f6",
    "message_connect_type": "TABLET",
    "message_event": "put",
    "message_platform": "IPHONE_ARM64"
  },
  {
    "message_device_id": "46424231344436352d423935312d353031352d423043322d413541313141463042423436",
    "message_name": "Thao Pham's MacBook Pro",
    "timestamp_utc": "2024-09-11T21:11:11.284Z",
    "context_time": 1726089071284,
    "message_cache_id": "a0149ee2d1e5b8b6f81a8b8e885686eb",
    "message_connect_type": "COMPUTER",
    "message_event": "put",
    "message_platform": "OSX_X86_64"
  },
  {
    "message_device_id": "3731393334656238376664613531343333343639323736663562336133653064",
    "message_name": "iPhone",
    "timestamp_utc": "2024-10-01T00:32:37.507Z",
    "context_time": 1727742757507,
    "message_cache_id": "0278a581e966e118f862af9f4c67bea6",
    "message_connect_type": "SMARTPHONE",
    "message_event": "put",
    "message_platform": "IPHONE_ARM64"
  },
  {
    "message_device_id": "3533373639336536316530366332333137303764353465316337383235666530",
    "message_name": "iPad",
    "timestamp_utc": "2024-11-06T06:14:03.588Z",
    "context_time": 1730873643588,
    "message_cache_id": "4857a772569865359110f3e416f554f6",
    "message_connect_type": "TABLET",
    "message_event": "put",
    "message_platform": "IPHONE_ARM64"
  },
  {
    "message_device_id": "3731393334656238376664613531343333343639323736663562336133653064",
    "message_name": "iPhone",
    "timestamp_utc": "2024-11-10T01:16:56.737Z",
    "context_time": 1731201416737,
    "message_cache_id": "0278a581e966e118f862af9f4c67bea6",
    "message_connect_type": "SMARTPHONE",
    "message_event": "put",
    "message_platform": "IPHONE_ARM64"
  },
  {
    "message_device_id": "46424231344436352d423935312d353031352d423043322d413541313141463042423436",
    "message_name": "Thao Pham's MacBook Pro",
    "timestamp_utc": "2024-11-04T02:13:37.062Z",
    "context_time": 1730686417062,
    "message_cache_id": "a0149ee2d1e5b8b6f81a8b8e885686eb",
    "message_connect_type": "COMPUTER",
    "message_event": "put",
    "message_platform": "OSX_X86_64"
  },
  {
    "message_device_id": "3731393334656238376664613531343333343639323736663562336133653064",
    "message_name": "iPhone",
    "timestamp_utc": "2024-09-16T16:36:03.517Z",
    "context_time": 1726504563517,
    "message_cache_id": "0278a581e966e118f862af9f4c67bea6",
    "message_connect_type": "SMARTPHONE",
    "message_event": "put",
    "message_platform": "IPHONE_ARM64"
  },
  {
    "message_device_id": "3731393334656238376664613531343333343639323736663562336133653064",
    "message_name": "iPhone",
    "timestamp_utc": "2024-10-09T16:49:01.150Z",
    "context_time": 1728492541150,
    "message_cache_id": "0278a581e966e118f862af9f4c67bea6",
    "message_connect_type": "SMARTPHONE",
    "message_event": "put",
    "message_platform": "IPHONE_ARM64"
  },
  {
    "message_device_id": "3533373639336536316530366332333137303764353465316337383235666530",
    "message_name": "iPad",
    "timestamp_utc": "2024-09-28T06:11:30.686Z",
    "context_time": 1727503890686,
    "message_cache_id": "4857a772569865359110f3e416f554f6",
    "message_connect_type": "TABLET",
    "message_event": "put",
    "message_platform": "IPHONE_ARM64"
  },
  {
    "message_device_id": "3731393334656238376664613531343333343639323736663562336133653064",
    "message_name": "iPhone",
    "timestamp_utc": "2024-10-25T16:52:20.851Z",
    "context_time": 1729875140851,
    "message_cache_id": "0278a581e966e118f862af9f4c67bea6",
    "message_connect_type": "SMARTPHONE",
    "message_event": "put",
    "message_platform": "IPHONE_ARM64"
  },
  {
    "message_device_id": "46424231344436352d423935312d353031352d423043322d413541313141463042423436",
    "message_name": "Thao Pham's MacBook Pro",
    "timestamp_utc": "2024-11-11T03:29:47.733Z",
    "context_time": 1731295787733,
    "message_cache_id": "a0149ee2d1e5b8b6f81a8b8e885686eb",
    "message_connect_type": "COMPUTER",
    "message_event": "put",
    "message_platform": "OSX_X86_64"
  },
  {
    "message_device_id": "3533373639336536316530366332333137303764353465316337383235666530",
    "message_name": "iPad",
    "timestamp_utc": "2024-08-27T04:31:43.589Z",
    "context_time": 1724733103589,
    "message_cache_id": "4857a772569865359110f3e416f554f6",
    "message_connect_type": "TABLET",
    "message_event": "put",
    "message_platform": "IPHONE_ARM64"
  },
  {
    "message_device_id": "3533373639336536316530366332333137303764353465316337383235666530",
    "message_name": "iPad",
    "timestamp_utc": "2024-09-21T02:48:49.255Z",
    "context_time": 1726886929255,
    "message_cache_id": "4857a772569865359110f3e416f554f6",
    "message_connect_type": "TABLET",
    "message_event": "put",
    "message_platform": "IPHONE_ARM64"
  },
  {
    "message_device_id": "3533373639336536316530366332333137303764353465316337383235666530",
    "message_name": "iPad",
    "timestamp_utc": "2024-11-21T00:55:44.314Z",
    "context_time": 1732150544314,
    "message_cache_id": "4857a772569865359110f3e416f554f6",
    "message_connect_type": "TABLET",
    "message_event": "put",
    "message_platform": "IPHONE_ARM64"
  },
  {
    "message_device_id": "3533373639336536316530366332333137303764353465316337383235666530",
    "message_name": "iPad",
    "timestamp_utc": "2024-10-17T04:27:52.697Z",
    "context_time": 1729139272697,
    "message_cache_id": "4857a772569865359110f3e416f554f6",
    "message_connect_type": "TABLET",
    "message_event": "put",
    "message_platform": "IPHONE_ARM64"
  }
]