[
  {
    "message_card_bin": "42210940",
    "message_merchant_ref": "P30027DC28",
    "timestamp_utc": "2024-09-18T22:24:07.213Z",
    "context_time": 1726698247213,
    "message_country": "VN",
    "message_transaction_type": "recurring"
  },
  {
    "message_card_bin": "42210940",
    "message_merchant_ref": "P2D13B3802",
    "timestamp_utc": "2024-06-18T22:24:08.927Z",
    "context_time": 1718749448927,
    "message_country": "VN",
    "message_transaction_type": "recurring"
  },
  {
    "message_card_bin": "42210940",
    "message_merchant_ref": "P2DD4D92FD",
    "timestamp_utc": "2024-07-18T22:24:08.011Z",
    "context_time": 1721341448011,
    "message_country": "VN",
    "message_transaction_type": "recurring"
  },
  {
    "message_card_bin": "42210940",
    "message_merchant_ref": "P30CB42E3A",
    "timestamp_utc": "2024-10-18T22:24:05.278Z",
    "context_time": 1729290245278,
    "message_country": "VN",
    "message_transaction_type": "recurring"
  },
  {
    "message_card_bin": "42210940",
    "message_merchant_ref": "P31976AE5E",
    "timestamp_utc": "2024-11-18T22:24:06.536Z",
    "context_time": 1731968646536,
    "message_country": "VN",
    "message_transaction_type": "recurring"
  },
  {
    "message_card_bin": "42210940",
    "message_merchant_ref": "P2EAB431AF",
    "timestamp_utc": "2024-08-18T22:24:04.274Z",
    "context_time": 1724019844274,
    "message_country": "VN",
    "message_transaction_type": "recurring"
  }
]