[
  {
    "message_playing_context_uri": "spotify:playlist:3J7mtpBF025R7W3m3UA0HH",
    "timestamp_utc": "2024-08-31T03:05:42.110Z",
    "context_application_version": "8.9.68.490",
    "context_conn_country": "US",
    "context_device_manufacturer": "apple",
    "context_device_model": "iPhone13,4",
    "context_device_type": "mobile",
    "context_os_name": "ios",
    "context_os_version": "17.5.1",
    "context_receiver_service_timestamp": 1725073546763,
    "context_time": 1725073542110,
    "context_user_agent": null,
    "message_playing_entity_uri": "spotify:track:6Ql2mpc1EbGp0GI6CbaGT4"
  },
  {
    "message_playing_context_uri": "spotify:playlist:3J7mtpBF025R7W3m3UA0HH",
    "timestamp_utc": "2024-10-16T00:40:09.278Z",
    "context_application_version": "8.9.82.628",
    "context_conn_country": "US",
    "context_device_manufacturer": "apple",
    "context_device_model": "iPhone13,4",
    "context_device_type": "mobile",
    "context_os_name": "ios",
    "context_os_version": "18.0.1",
    "context_receiver_service_timestamp": 1729039230900,
    "context_time": 1729039209278,
    "context_user_agent": null,
    "message_playing_entity_uri": "spotify:track:5vCREmODQpdzOmcNOVsN6B"
  },
  {
    "message_playing_context_uri": "spotify:album:0LMT3Tdqs2Zy8VIxwuf47X",
    "timestamp_utc": "2024-11-12T00:37:51.675Z",
    "context_application_version": "8.9.90.84",
    "context_conn_country": "US",
    "context_device_manufacturer": "apple",
    "context_device_model": "iPhone13,4",
    "context_device_type": "mobile",
    "context_os_name": "ios",
    "context_os_version": "18.0.1",
    "context_receiver_service_timestamp": 1731371876519,
    "context_time": 1731371871675,
    "context_user_agent": null,
    "message_playing_entity_uri": "spotify:track:0Q5VnK2DYzRyfqQRJuUtvi"
  },
  {
    "message_playing_context_uri": "spotify:album:0FzWvaeMBfKBCqxHTLVlB8",
    "timestamp_utc": "2024-06-30T18:32:54.084Z",
    "context_application_version": "8.9.50.491",
    "context_conn_country": "US",
    "context_device_manufacturer": "apple",
    "context_device_model": "iPhone13,4",
    "context_device_type": "mobile",
    "context_os_name": "ios",
    "context_os_version": "17.5.1",
    "context_receiver_service_timestamp": 1719772375035,
    "context_time": 1719772374084,
    "context_user_agent": null,
    "message_playing_entity_uri": "spotify:track:01teRdn4aIEsPzVT1K6FAf"
  },
  {
    "message_playing_context_uri": "spotify:artist:6RHTUrRF63xao58xh9FXYJ",
    "timestamp_utc": "2024-11-15T17:53:46.232Z",
    "context_application_version": "8.9.90.84",
    "context_conn_country": "US",
    "context_device_manufacturer": "apple",
    "context_device_model": "iPhone13,4",
    "context_device_type": "mobile",
    "context_os_name": "ios",
    "context_os_version": "18.0.1",
    "context_receiver_service_timestamp": 1731693226496,
    "context_time": 1731693226232,
    "context_user_agent": null,
    "message_playing_entity_uri": "spotify:track:6ezYHltHYhuJckdCsYsRJI"
  },
  {
    "message_playing_context_uri": "spotify:album:0FzWvaeMBfKBCqxHTLVlB8",
    "timestamp_utc": "2024-06-29T01:34:58.907Z",
    "context_application_version": "8.9.50.491",
    "context_conn_country": "US",
    "context_device_manufacturer": "apple",
    "context_device_model": "iPad14,4",
    "context_device_type": "tablet",
    "context_os_name": "ios",
    "context_os_version": "17.5.1",
    "context_receiver_service_timestamp": 1719624915506,
    "context_time": 1719624898907,
    "context_user_agent": null,
    "message_playing_entity_uri": "spotify:track:1a9dUxIQ2ehPH3992H9uPe"
  },
  {
    "message_playing_context_uri": "spotify:playlist:3J7mtpBF025R7W3m3UA0HH",
    "timestamp_utc": "2024-10-21T16:42:40.982Z",
    "context_application_version": "8.9.82.628",
    "context_conn_country": "US",
    "context_device_manufacturer": "apple",
    "context_device_model": "iPhone13,4",
    "context_device_type": "mobile",
    "context_os_name": "ios",
    "context_os_version": "18.0.1",
    "context_receiver_service_timestamp": 1729528977313,
    "context_time": 1729528960982,
    "context_user_agent": null,
    "message_playing_entity_uri": "spotify:track:20APmzlrVuZ7dMl2nPlLJi"
  },
  {
    "message_playing_context_uri": "spotify:playlist:3J7mtpBF025R7W3m3UA0HH",
    "timestamp_utc": "2024-10-09T16:47:12.348Z",
    "context_application_version": "8.9.76.516",
    "context_conn_country": "US",
    "context_device_manufacturer": "apple",
    "context_device_model": "iPhone13,4",
    "context_device_type": "mobile",
    "context_os_name": "ios",
    "context_os_version": "18.0.1",
    "context_receiver_service_timestamp": 1728492444921,
    "context_time": 1728492432348,
    "context_user_agent": null,
    "message_playing_entity_uri": "spotify:track:0sTlGEld0h8kIPZaKDYUf4"
  },
  {
    "message_playing_context_uri": "spotify:album:0FzWvaeMBfKBCqxHTLVlB8",
    "timestamp_utc": "2024-07-08T16:18:42.817Z",
    "context_application_version": "8.9.50.491",
    "context_conn_country": "US",
    "context_device_manufacturer": "apple",
    "context_device_model": "iPhone13,4",
    "context_device_type": "mobile",
    "context_os_name": "ios",
    "context_os_version": "17.5.1",
    "context_receiver_service_timestamp": 1720455551274,
    "context_time": 1720455522817,
    "context_user_agent": null,
    "message_playing_entity_uri": "spotify:track:6vvPecFTmWxDfEJ6cYT1wa"
  },
  {
    "message_playing_context_uri": "spotify:playlist:37i9dQZF1DX9G93rIVMmzM",
    "timestamp_utc": "2024-07-23T07:57:26.349Z",
    "context_application_version": "8.9.54.343",
    "context_conn_country": "US",
    "context_device_manufacturer": "apple",
    "context_device_model": "iPhone13,4",
    "context_device_type": "mobile",
    "context_os_name": "ios",
    "context_os_version": "17.5.1",
    "context_receiver_service_timestamp": 1721721450854,
    "context_time": 1721721446349,
    "context_user_agent": null,
    "message_playing_entity_uri": "spotify:track:51c94ac31swyDQj9B3Lzs3"
  },
  {
    "message_playing_context_uri": "spotify:playlist:7lGTXJjhcio0HkazOfXp67",
    "timestamp_utc": "2024-11-20T19:13:01.861Z",
    "context_application_version": "8.9.90.84",
    "context_conn_country": "US",
    "context_device_manufacturer": "apple",
    "context_device_model": "iPhone13,4",
    "context_device_type": "mobile",
    "context_os_name": "ios",
    "context_os_version": "18.1",
    "context_receiver_service_timestamp": 1732129991233,
    "context_time": 1732129981861,
    "context_user_agent": null,
    "message_playing_entity_uri": "spotify:track:51Grh1RyUDcMBbpuyUIUHI"
  },
  {
    "message_playing_context_uri": "spotify:album:0FzWvaeMBfKBCqxHTLVlB8",
    "timestamp_utc": "2024-07-08T16:59:33.862Z",
    "context_application_version": "8.9.50.491",
    "context_conn_country": "US",
    "context_device_manufacturer": "apple",
    "context_device_model": "iPhone13,4",
    "context_device_type": "mobile",
    "context_os_name": "ios",
    "context_os_version": "17.5.1",
    "context_receiver_service_timestamp": 1720457976016,
    "context_time": 1720457973862,
    "context_user_agent": null,
    "message_playing_entity_uri": "spotify:track:7z3PblAN3dH1JMewiRydkZ"
  },
  {
    "message_playing_context_uri": "spotify:playlist:3J7mtpBF025R7W3m3UA0HH",
    "timestamp_utc": "2024-09-13T01:42:33.521Z",
    "context_application_version": "8.9.70.592",
    "context_conn_country": "US",
    "context_device_manufacturer": "apple",
    "context_device_model": "iPhone13,4",
    "context_device_type": "mobile",
    "context_os_name": "ios",
    "context_os_version": "17.6.1",
    "context_receiver_service_timestamp": 1726191778327,
    "context_time": 1726191753521,
    "context_user_agent": null,
    "message_playing_entity_uri": "spotify:track:19RybK6XDbAVpcdxSbZL1o"
  },
  {
    "message_playing_context_uri": "spotify:playlist:1UJkHnW7jDmChr862t4NXB",
    "timestamp_utc": "2024-10-15T22:06:43.988Z",
    "context_application_version": "8.9.82.628",
    "context_conn_country": "US",
    "context_device_manufacturer": "apple",
    "context_device_model": "iPhone13,4",
    "context_device_type": "mobile",
    "context_os_name": "ios",
    "context_os_version": "18.0.1",
    "context_receiver_service_timestamp": 1729030005807,
    "context_time": 1729030003988,
    "context_user_agent": null,
    "message_playing_entity_uri": "spotify:track:7FbrGaHYVDmfr7KoLIZnQ7"
  },
  {
    "message_playing_context_uri": "spotify:playlist:7lGTXJjhcio0HkazOfXp67:recommended",
    "timestamp_utc": "2024-11-12T00:12:04.688Z",
    "context_application_version": "8.9.90.84",
    "context_conn_country": "US",
    "context_device_manufacturer": "apple",
    "context_device_model": "iPhone13,4",
    "context_device_type": "mobile",
    "context_os_name": "ios",
    "context_os_version": "18.0.1",
    "context_receiver_service_timestamp": 1731370325977,
    "context_time": 1731370324688,
    "context_user_agent": null,
    "message_playing_entity_uri": "spotify:track:4NgherJDfCXWBZBYheM4jK"
  },
  {
    "message_playing_context_uri": "spotify:search:big+dwags",
    "timestamp_utc": "2024-09-11T01:08:34.248Z",
    "context_application_version": "8.9.70.592",
    "context_conn_country": "US",
    "context_device_manufacturer": "apple",
    "context_device_model": "iPhone13,4",
    "context_device_type": "mobile",
    "context_os_name": "ios",
    "context_os_version": "17.6.1",
    "context_receiver_service_timestamp": 1726016938297,
    "context_time": 1726016914248,
    "context_user_agent": null,
    "message_playing_entity_uri": "spotify:track:1ACA277B6f46DYCgZW8di3"
  },
  {
    "message_playing_context_uri": "spotify:playlist:3DhYfL7oJvRDUy5as4yoJp",
    "timestamp_utc": "2024-08-23T21:30:16.501Z",
    "context_application_version": "8.9.66.462",
    "context_conn_country": "US",
    "context_device_manufacturer": "apple",
    "context_device_model": "iPhone13,4",
    "context_device_type": "mobile",
    "context_os_name": "ios",
    "context_os_version": "17.5.1",
    "context_receiver_service_timestamp": 1724448635950,
    "context_time": 1724448616501,
    "context_user_agent": null,
    "message_playing_entity_uri": "spotify:track:2Y0iGXY6m6immVb2ktbseM"
  },
  {
    "message_playing_context_uri": "spotify:playlist:3J7mtpBF025R7W3m3UA0HH",
    "timestamp_utc": "2024-10-29T22:21:12.361Z",
    "context_application_version": "8.9.86.419",
    "context_conn_country": "US",
    "context_device_manufacturer": "apple",
    "context_device_model": "iPhone13,4",
    "context_device_type": "mobile",
    "context_os_name": "ios",
    "context_os_version": "18.0.1",
    "context_receiver_service_timestamp": 1730240499978,
    "context_time": 1730240472361,
    "context_user_agent": null,
    "message_playing_entity_uri": "spotify:track:5mjYQaktjmjcMKcUIcqz4s"
  },
  {
    "message_playing_context_uri": "spotify:playlist:6Jf2HaYui4cjFRPvkBrkjQ",
    "timestamp_utc": "2024-10-01T22:47:46.317Z",
    "context_application_version": "8.9.76.516",
    "context_conn_country": "US",
    "context_device_manufacturer": "apple",
    "context_device_model": "iPhone13,4",
    "context_device_type": "mobile",
    "context_os_name": "ios",
    "context_os_version": "18.0",
    "context_receiver_service_timestamp": 1727822875781,
    "context_time": 1727822866317,
    "context_user_agent": null,
    "message_playing_entity_uri": "spotify:track:2plbrEY59IikOBgBGLjaoe"
  },
  {
    "message_playing_context_uri": "spotify:playlist:37i9dQZEVXbNG2KDcFcKOF",
    "timestamp_utc": "2024-11-13T19:30:39.098Z",
    "context_application_version": "8.9.90.84",
    "context_conn_country": "US",
    "context_device_manufacturer": "apple",
    "context_device_model": "iPhone13,4",
    "context_device_type": "mobile",
    "context_os_name": "ios",
    "context_os_version": "18.0.1",
    "context_receiver_service_timestamp": 1731526240732,
    "context_time": 1731526239098,
    "context_user_agent": null,
    "message_playing_entity_uri": "spotify:track:2262bWmqomIaJXwCRHr13j"
  },
  {
    "message_playing_context_uri": "spotify:search:game+of+thrones",
    "timestamp_utc": "2024-08-19T21:17:50.172Z",
    "context_application_version": "8.9.66.462",
    "context_conn_country": "US",
    "context_device_manufacturer": "apple",
    "context_device_model": "iPad14,4",
    "context_device_type": "tablet",
    "context_os_name": "ios",
    "context_os_version": "17.5.1",
    "context_receiver_service_timestamp": 1724102298492,
    "context_time": 1724102270172,
    "context_user_agent": null,
    "message_playing_entity_uri": "spotify:track:1AvLUHxSunGMWWRfEFmWSC"
  },
  {
    "message_playing_context_uri": "spotify:search:second+wal",
    "timestamp_utc": "2024-11-17T21:11:25.517Z",
    "context_application_version": "8.9.90.84",
    "context_conn_country": "US",
    "context_device_manufacturer": "apple",
    "context_device_model": "iPhone13,4",
    "context_device_type": "mobile",
    "context_os_name": "ios",
    "context_os_version": "18.0.1",
    "context_receiver_service_timestamp": 1731877887010,
    "context_time": 1731877885517,
    "context_user_agent": null,
    "message_playing_entity_uri": "spotify:track:6CIMME8W0cKS52ha62P4nX"
  },
  {
    "message_playing_context_uri": "spotify:album:0FzWvaeMBfKBCqxHTLVlB8",
    "timestamp_utc": "2024-07-19T01:45:35.705Z",
    "context_application_version": "8.9.54.343",
    "context_conn_country": "US",
    "context_device_manufacturer": "apple",
    "context_device_model": "iPhone13,4",
    "context_device_type": "mobile",
    "context_os_name": "ios",
    "context_os_version": "17.5.1",
    "context_receiver_service_timestamp": 1721353543116,
    "context_time": 1721353535705,
    "context_user_agent": null,
    "message_playing_entity_uri": "spotify:track:1a9dUxIQ2ehPH3992H9uPe"
  }
]