[
  {
    "timestamp_utc": "2024-08-31T00:10:45.514Z",
    "context_application_version": "8.9.68.490",
    "context_conn_country": "US",
    "context_device_manufacturer": "apple",
    "context_device_model": "iPad14,4",
    "context_device_type": "tablet",
    "context_os_name": "ios",
    "context_os_version": "17.5.1",
    "context_receiver_service_timestamp": 1725063052501,
    "context_time": 1725063045514,
    "message_audiocodec": "vorbis",
    "message_bitrate": 320000,
    "message_error_code": 12,
    "message_external_track": false,
    "message_fatal": true,
    "message_file_id": "6nFLaZqcHYVWASF9+L74yZ5+FUU=",
    "message_playback_id": "eNcB5qsr5mA8GhKYoMFWZA==",
    "message_position_ms": 88000,
    "message_track_id": "spotify:track:4vjFL3VnYcaJqX1HmQEBRa"
  },
  {
    "timestamp_utc": "2024-10-19T03:54:00.833Z",
    "context_application_version": "8.9.82.628",
    "context_conn_country": "US",
    "context_device_manufacturer": "apple",
    "context_device_model": "iPad14,4",
    "context_device_type": "tablet",
    "context_os_name": "ios",
    "context_os_version": "18.0.1",
    "context_receiver_service_timestamp": 1729310047447,
    "context_time": 1729310040833,
    "message_audiocodec": "vorbis",
    "message_bitrate": 320000,
    "message_error_code": 12,
    "message_external_track": false,
    "message_fatal": true,
    "message_file_id": "hchYdhGiwD6EMvzE2qrFDZ9BkqI=",
    "message_playback_id": "ND4HLRBWA3iqob4r8GzIGw==",
    "message_position_ms": 11182,
    "message_track_id": "spotify:track:0FOBJ5PbwOe5XBY9y0bnhi"
  },
  {
    "timestamp_utc": "2024-10-11T04:47:28.210Z",
    "context_application_version": "8.9.76.516",
    "context_conn_country": "US",
    "context_device_manufacturer": "apple",
    "context_device_model": "iPad14,4",
    "context_device_type": "tablet",
    "context_os_name": "ios",
    "context_os_version": "18.0.1",
    "context_receiver_service_timestamp": 1728622058562,
    "context_time": 1728622048210,
    "message_audiocodec": "vorbis",
    "message_bitrate": 320000,
    "message_error_code": 12,
    "message_external_track": false,
    "message_fatal": true,
    "message_file_id": "SahW9thdybAVSjtmLj3q0U9C8MA=",
    "message_playback_id": "MZ8AXMqJEhOTL18XA/ctZQ==",
    "message_position_ms": 140840,
    "message_track_id": "spotify:track:2plbrEY59IikOBgBGLjaoe"
  },
  {
    "timestamp_utc": "2024-10-19T03:53:58.706Z",
    "context_application_version": "8.9.82.628",
    "context_conn_country": "US",
    "context_device_manufacturer": "apple",
    "context_device_model": "iPad14,4",
    "context_device_type": "tablet",
    "context_os_name": "ios",
    "context_os_version": "18.0.1",
    "context_receiver_service_timestamp": 1729310047447,
    "context_time": 1729310038706,
    "message_audiocodec": "vorbis",
    "message_bitrate": 320000,
    "message_error_code": 12,
    "message_external_track": false,
    "message_fatal": true,
    "message_file_id": "hchYdhGiwD6EMvzE2qrFDZ9BkqI=",
    "message_playback_id": "ei6YCt4fMz1+bkD8zknu2w==",
    "message_position_ms": 10818,
    "message_track_id": "spotify:track:0FOBJ5PbwOe5XBY9y0bnhi"
  },
  {
    "timestamp_utc": "2024-10-22T07:31:22.486Z",
    "context_application_version": "8.9.82.628",
    "context_conn_country": "US",
    "context_device_manufacturer": "apple",
    "context_device_model": "iPad14,4",
    "context_device_type": "tablet",
    "context_os_name": "ios",
    "context_os_version": "18.0.1",
    "context_receiver_service_timestamp": 1729582291775,
    "context_time": 1729582282486,
    "message_audiocodec": "vorbis",
    "message_bitrate": 320000,
    "message_error_code": 12,
    "message_external_track": false,
    "message_fatal": true,
    "message_file_id": "+VICbY8HpovND6tg4mUD4Z23U8Y=",
    "message_playback_id": "ooAtQl3cmInGNhc8Lu5ySQ==",
    "message_position_ms": 126772,
    "message_track_id": "spotify:track:1SE81pYo16nzr3vWfNzNlB"
  },
  {
    "timestamp_utc": "2024-06-06T18:42:25.926Z",
    "context_application_version": "8.9.42.597",
    "context_conn_country": "US",
    "context_device_manufacturer": "apple",
    "context_device_model": "iPad14,4",
    "context_device_type": "tablet",
    "context_os_name": "ios",
    "context_os_version": "17.5.1",
    "context_receiver_service_timestamp": 1717699358577,
    "context_time": 1717699345926,
    "message_audiocodec": "vorbis",
    "message_bitrate": 96000,
    "message_error_code": 12,
    "message_external_track": false,
    "message_fatal": true,
    "message_file_id": "dBWp746KUSkWvYwO+hcb2vR77es=",
    "message_playback_id": "sz2qHmKzJS3OQv4cNaL38Q==",
    "message_position_ms": 157503,
    "message_track_id": "spotify:track:629DixmZGHc7ILtEntuiWE"
  },
  {
    "timestamp_utc": "2024-11-12T21:43:28.176Z",
    "context_application_version": "8.9.90.84",
    "context_conn_country": "US",
    "context_device_manufacturer": "apple",
    "context_device_model": "iPad14,4",
    "context_device_type": "tablet",
    "context_os_name": "ios",
    "context_os_version": "18.0.1",
    "context_receiver_service_timestamp": 1731447815344,
    "context_time": 1731447808176,
    "message_audiocodec": "vorbis",
    "message_bitrate": 320000,
    "message_error_code": 12,
    "message_external_track": false,
    "message_fatal": true,
    "message_file_id": "YBg+pkVrTUUW5/0xN4Q4LKVieXM=",
    "message_playback_id": "/kDN4Gf5Xs04eA2o0oQdpg==",
    "message_position_ms": 67943,
    "message_track_id": "spotify:track:6RiiSy9GzSwiyDEJDiMuKe"
  },
  {
    "timestamp_utc": "2024-11-16T05:04:00.070Z",
    "context_application_version": "8.9.90.84",
    "context_conn_country": "US",
    "context_device_manufacturer": "apple",
    "context_device_model": "iPad14,4",
    "context_device_type": "tablet",
    "context_os_name": "ios",
    "context_os_version": "18.0.1",
    "context_receiver_service_timestamp": 1731733441283,
    "context_time": 1731733440070,
    "message_audiocodec": "vorbis",
    "message_bitrate": 320000,
    "message_error_code": 12,
    "message_external_track": false,
    "message_fatal": true,
    "message_file_id": "1kmEzdGqlRcYkAl3P8tCkFu0lJg=",
    "message_playback_id": "3iJqNDZyFAOjijBueCWNLA==",
    "message_position_ms": 0,
    "message_track_id": "spotify:track:79rfskJwK9NLN3p5cdccth"
  },
  {
    "timestamp_utc": "2024-10-18T09:49:51.179Z",
    "context_application_version": "8.9.82.628",
    "context_conn_country": "US",
    "context_device_manufacturer": "apple",
    "context_device_model": "iPad14,4",
    "context_device_type": "tablet",
    "context_os_name": "ios",
    "context_os_version": "18.0.1",
    "context_receiver_service_timestamp": 1729245006555,
    "context_time": 1729244991179,
    "message_audiocodec": "vorbis",
    "message_bitrate": 320000,
    "message_error_code": 12,
    "message_external_track": false,
    "message_fatal": true,
    "message_file_id": "Yh2+OLvbC1ypxYLTxIq7X0t0vHM=",
    "message_playback_id": "775F4pXG3wHTRCQMhKIJLQ==",
    "message_position_ms": 99214,
    "message_track_id": "spotify:track:74X2u8JMVooG2QbjRxXwR8"
  },
  {
    "timestamp_utc": "2024-08-03T03:54:29.494Z",
    "context_application_version": "8.9.60.458",
    "context_conn_country": "US",
    "context_device_manufacturer": "apple",
    "context_device_model": "iPad14,4",
    "context_device_type": "tablet",
    "context_os_name": "ios",
    "context_os_version": "17.5.1",
    "context_receiver_service_timestamp": 1722657269659,
    "context_time": 1722657269494,
    "message_audiocodec": "vorbis",
    "message_bitrate": 320000,
    "message_error_code": 12,
    "message_external_track": false,
    "message_fatal": true,
    "message_file_id": "1j2mMZw1P2tCaS++Vt9qIc+z7h4=",
    "message_playback_id": "YUHdVNQZAGUK0qTN71/V+Q==",
    "message_position_ms": 38232,
    "message_track_id": "spotify:track:0RjG5JmdOWXAR68dGlKBA5"
  },
  {
    "timestamp_utc": "2024-11-12T21:43:32.832Z",
    "context_application_version": "8.9.90.84",
    "context_conn_country": "US",
    "context_device_manufacturer": "apple",
    "context_device_model": "iPad14,4",
    "context_device_type": "tablet",
    "context_os_name": "ios",
    "context_os_version": "18.0.1",
    "context_receiver_service_timestamp": 1731447815344,
    "context_time": 1731447812832,
    "message_audiocodec": "vorbis",
    "message_bitrate": 320000,
    "message_error_code": 12,
    "message_external_track": false,
    "message_fatal": true,
    "message_file_id": "YBg+pkVrTUUW5/0xN4Q4LKVieXM=",
    "message_playback_id": "nVV6qGacetOUjOQyDy6rXA==",
    "message_position_ms": 67819,
    "message_track_id": "spotify:track:6RiiSy9GzSwiyDEJDiMuKe"
  },
  {
    "timestamp_utc": "2024-09-13T02:44:19.171Z",
    "context_application_version": "8.9.70.592",
    "context_conn_country": "US",
    "context_device_manufacturer": "apple",
    "context_device_model": "iPad14,4",
    "context_device_type": "tablet",
    "context_os_name": "ios",
    "context_os_version": "17.6.1",
    "context_receiver_service_timestamp": 1726195459542,
    "context_time": 1726195459171,
    "message_audiocodec": "vorbis",
    "message_bitrate": 320000,
    "message_error_code": 12,
    "message_external_track": false,
    "message_fatal": true,
    "message_file_id": "SahW9thdybAVSjtmLj3q0U9C8MA=",
    "message_playback_id": "DYQvc7yl5oM/bQw/6GaChw==",
    "message_position_ms": 0,
    "message_track_id": "spotify:track:2plbrEY59IikOBgBGLjaoe"
  },
  {
    "timestamp_utc": "2024-06-27T13:21:40.834Z",
    "context_application_version": "8.9.48.455",
    "context_conn_country": "US",
    "context_device_manufacturer": "apple",
    "context_device_model": "iPad14,4",
    "context_device_type": "tablet",
    "context_os_name": "ios",
    "context_os_version": "17.5.1",
    "context_receiver_service_timestamp": 1719494500967,
    "context_time": 1719494500834,
    "message_audiocodec": "vorbis",
    "message_bitrate": 96000,
    "message_error_code": 12,
    "message_external_track": false,
    "message_fatal": true,
    "message_file_id": "Cho/cm2LteDg9AACRBKV0zLCPm4=",
    "message_playback_id": "msQekksnEgBavFMowscZ3w==",
    "message_position_ms": 167457,
    "message_track_id": "spotify:track:5elW2CKSoqjYoJ32AGDxf1"
  },
  {
    "timestamp_utc": "2024-10-19T06:30:06.610Z",
    "context_application_version": "8.9.82.628",
    "context_conn_country": "US",
    "context_device_manufacturer": "apple",
    "context_device_model": "iPad14,4",
    "context_device_type": "tablet",
    "context_os_name": "ios",
    "context_os_version": "18.0.1",
    "context_receiver_service_timestamp": 1729319406857,
    "context_time": 1729319406610,
    "message_audiocodec": "vorbis",
    "message_bitrate": 320000,
    "message_error_code": 12,
    "message_external_track": false,
    "message_fatal": true,
    "message_file_id": "+Nlb4N/E8cLf/M4yvzslpBTzAyM=",
    "message_playback_id": "9XhMYeFydJPPgP+mZ5zFbg==",
    "message_position_ms": 38591,
    "message_track_id": "spotify:track:4dRb7kdtBVBFzSiCqsY7wP"
  },
  {
    "timestamp_utc": "2024-10-26T21:49:52.734Z",
    "context_application_version": "8.9.86.419",
    "context_conn_country": "US",
    "context_device_manufacturer": "apple",
    "context_device_model": "iPad14,4",
    "context_device_type": "tablet",
    "context_os_name": "ios",
    "context_os_version": "18.0.1",
    "context_receiver_service_timestamp": 1729979392901,
    "context_time": 1729979392734,
    "message_audiocodec": "vorbis",
    "message_bitrate": 320000,
    "message_error_code": 12,
    "message_external_track": false,
    "message_fatal": true,
    "message_file_id": "vcjFakDsgSNqQ11xHH/D8UlpfWA=",
    "message_playback_id": "LTjbjp+w0Xf+ex4RC21jiw==",
    "message_position_ms": 59711,
    "message_track_id": "spotify:track:4mMEvkDeY56be4l7Itb5aZ"
  },
  {
    "timestamp_utc": "2024-10-09T02:28:17.479Z",
    "context_application_version": "8.9.76.516",
    "context_conn_country": "US",
    "context_device_manufacturer": "apple",
    "context_device_model": "iPad14,4",
    "context_device_type": "tablet",
    "context_os_name": "ios",
    "context_os_version": "18.0.1",
    "context_receiver_service_timestamp": 1728440915983,
    "context_time": 1728440897479,
    "message_audiocodec": "vorbis",
    "message_bitrate": 320000,
    "message_error_code": 12,
    "message_external_track": false,
    "message_fatal": true,
    "message_file_id": "xEuO8hX9OJoYYw2rsmQmIQnJXjQ=",
    "message_playback_id": "iMZNRsuEyyMIRi+wJzNOhA==",
    "message_position_ms": 114713,
    "message_track_id": "spotify:track:73yXCwINoNqUBJRAgPJPsY"
  },
  {
    "timestamp_utc": "2024-08-25T05:17:39.724Z",
    "context_application_version": "8.9.66.462",
    "context_conn_country": "US",
    "context_device_manufacturer": "apple",
    "context_device_model": "iPad14,4",
    "context_device_type": "tablet",
    "context_os_name": "ios",
    "context_os_version": "17.5.1",
    "context_receiver_service_timestamp": 1724563065165,
    "context_time": 1724563059724,
    "message_audiocodec": "vorbis",
    "message_bitrate": 320000,
    "message_error_code": 12,
    "message_external_track": false,
    "message_fatal": true,
    "message_file_id": "KL2F6e+x1MzDA8JF86Nfgx5JF80=",
    "message_playback_id": "3eoG7sIhulWhQw9kfWSrUw==",
    "message_position_ms": 27221,
    "message_track_id": "spotify:track:6g95dK7o7vVh8ZCnDAseU5"
  },
  {
    "timestamp_utc": "2024-05-28T21:33:12.529Z",
    "context_application_version": "8.9.40.506",
    "context_conn_country": "US",
    "context_device_manufacturer": "apple",
    "context_device_model": "iPhone13,4",
    "context_device_type": "mobile",
    "context_os_name": "ios",
    "context_os_version": "17.5.1",
    "context_receiver_service_timestamp": 1716932013108,
    "context_time": 1716931992529,
    "message_audiocodec": "vorbis",
    "message_bitrate": 320000,
    "message_error_code": 12,
    "message_external_track": false,
    "message_fatal": true,
    "message_file_id": "HXPH7GCoTAacGd8CK7QnOLNYyrs=",
    "message_playback_id": "1ZHnkgtM9370fhJzRnyBPw==",
    "message_position_ms": 17408,
    "message_track_id": "spotify:track:5QTaai6gjA6yp87PoIEc5P"
  },
  {
    "timestamp_utc": "2024-11-17T03:39:40.691Z",
    "context_application_version": "8.9.90.84",
    "context_conn_country": "US",
    "context_device_manufacturer": "apple",
    "context_device_model": "iPad14,4",
    "context_device_type": "tablet",
    "context_os_name": "ios",
    "context_os_version": "18.0.1",
    "context_receiver_service_timestamp": 1731814802462,
    "context_time": 1731814780691,
    "message_audiocodec": "vorbis",
    "message_bitrate": 320000,
    "message_error_code": 12,
    "message_external_track": false,
    "message_fatal": true,
    "message_file_id": "SEFqlmdOfBviW6vk7AJNKnkqdeI=",
    "message_playback_id": "vmP1/AgJ8sM6JA8MhFkHJw==",
    "message_position_ms": 75948,
    "message_track_id": "spotify:track:2MJkQZEB0YNJbnQ59dZ0Pp"
  },
  {
    "timestamp_utc": "2024-10-18T09:49:52.428Z",
    "context_application_version": "8.9.82.628",
    "context_conn_country": "US",
    "context_device_manufacturer": "apple",
    "context_device_model": "iPad14,4",
    "context_device_type": "tablet",
    "context_os_name": "ios",
    "context_os_version": "18.0.1",
    "context_receiver_service_timestamp": 1729245006555,
    "context_time": 1729244992428,
    "message_audiocodec": "vorbis",
    "message_bitrate": 320000,
    "message_error_code": 12,
    "message_external_track": false,
    "message_fatal": true,
    "message_file_id": "mBBL/bL8GgFrQAFyshsbZMN+ATQ=",
    "message_playback_id": "hawIop1EkVGUQl08z1TRkw==",
    "message_position_ms": 0,
    "message_track_id": "spotify:track:5sjnkOfTLCLNfkkchI2re2"
  },
  {
    "timestamp_utc": "2024-11-17T03:39:38.586Z",
    "context_application_version": "8.9.90.84",
    "context_conn_country": "US",
    "context_device_manufacturer": "apple",
    "context_device_model": "iPad14,4",
    "context_device_type": "tablet",
    "context_os_name": "ios",
    "context_os_version": "18.0.1",
    "context_receiver_service_timestamp": 1731814802462,
    "context_time": 1731814778586,
    "message_audiocodec": "vorbis",
    "message_bitrate": 320000,
    "message_error_code": 12,
    "message_external_track": false,
    "message_fatal": true,
    "message_file_id": "SEFqlmdOfBviW6vk7AJNKnkqdeI=",
    "message_playback_id": "Z2I5UeokB3ZxwubPsINwfA==",
    "message_position_ms": 75626,
    "message_track_id": "spotify:track:2MJkQZEB0YNJbnQ59dZ0Pp"
  },
  {
    "timestamp_utc": "2024-11-22T11:42:57.490Z",
    "context_application_version": "8.9.94.418",
    "context_conn_country": "US",
    "context_device_manufacturer": "apple",
    "context_device_model": "iPad14,4",
    "context_device_type": "tablet",
    "context_os_name": "ios",
    "context_os_version": "18.0.1",
    "context_receiver_service_timestamp": 1732275782532,
    "context_time": 1732275777490,
    "message_audiocodec": "vorbis",
    "message_bitrate": 320000,
    "message_error_code": 12,
    "message_external_track": false,
    "message_fatal": true,
    "message_file_id": "GX3/3baFWIZIBSwu6E6LK9DKW3I=",
    "message_playback_id": "/1Q8GnuGptdSAFof+2FEVQ==",
    "message_position_ms": 16233,
    "message_track_id": "spotify:track:6O88z6bsmwHaMU1oAa5c9a"
  },
  {
    "timestamp_utc": "2024-06-06T18:42:23.411Z",
    "context_application_version": "8.9.42.597",
    "context_conn_country": "US",
    "context_device_manufacturer": "apple",
    "context_device_model": "iPad14,4",
    "context_device_type": "tablet",
    "context_os_name": "ios",
    "context_os_version": "17.5.1",
    "context_receiver_service_timestamp": 1717699358577,
    "context_time": 1717699343411,
    "message_audiocodec": "vorbis",
    "message_bitrate": 96000,
    "message_error_code": 12,
    "message_external_track": false,
    "message_fatal": true,
    "message_file_id": "dBWp746KUSkWvYwO+hcb2vR77es=",
    "message_playback_id": "pQzM+AU4e8nAtBKgXdov9Q==",
    "message_position_ms": 157489,
    "message_track_id": "spotify:track:629DixmZGHc7ILtEntuiWE"
  },
  {
    "timestamp_utc": "2024-06-27T13:21:42.134Z",
    "context_application_version": "8.9.48.455",
    "context_conn_country": "US",
    "context_device_manufacturer": "apple",
    "context_device_model": "iPad14,4",
    "context_device_type": "tablet",
    "context_os_name": "ios",
    "context_os_version": "17.5.1",
    "context_receiver_service_timestamp": 1719494531388,
    "context_time": 1719494502134,
    "message_audiocodec": "vorbis",
    "message_bitrate": 96000,
    "message_error_code": 12,
    "message_external_track": false,
    "message_fatal": true,
    "message_file_id": "Cho/cm2LteDg9AACRBKV0zLCPm4=",
    "message_playback_id": "KXLOpr1joyS+PzYT6s/hTw==",
    "message_position_ms": 167655,
    "message_track_id": "spotify:track:5elW2CKSoqjYoJ32AGDxf1"
  },
  {
    "timestamp_utc": "2024-10-21T16:42:41.166Z",
    "context_application_version": "8.9.82.628",
    "context_conn_country": "US",
    "context_device_manufacturer": "apple",
    "context_device_model": "iPhone13,4",
    "context_device_type": "mobile",
    "context_os_name": "ios",
    "context_os_version": "18.0.1",
    "context_receiver_service_timestamp": 1729528977313,
    "context_time": 1729528961166,
    "message_audiocodec": "vorbis",
    "message_bitrate": 320000,
    "message_error_code": 8001,
    "message_external_track": false,
    "message_fatal": false,
    "message_file_id": "m6toMFUH0MNaVXuGj0lOju5zRbc=",
    "message_playback_id": "yh0SX5cEK+8XeUBkxRQS+w==",
    "message_position_ms": 126859,
    "message_track_id": "spotify:track:1SE81pYo16nzr3vWfNzNlB"
  },
  {
    "timestamp_utc": "2024-08-25T05:17:41.909Z",
    "context_application_version": "8.9.66.462",
    "context_conn_country": "US",
    "context_device_manufacturer": "apple",
    "context_device_model": "iPad14,4",
    "context_device_type": "tablet",
    "context_os_name": "ios",
    "context_os_version": "17.5.1",
    "context_receiver_service_timestamp": 1724563065165,
    "context_time": 1724563061909,
    "message_audiocodec": "vorbis",
    "message_bitrate": 320000,
    "message_error_code": 12,
    "message_external_track": false,
    "message_fatal": true,
    "message_file_id": "KL2F6e+x1MzDA8JF86Nfgx5JF80=",
    "message_playback_id": "K5BltvgsoCnEtfD7DK6UTw==",
    "message_position_ms": 27070,
    "message_track_id": "spotify:track:6g95dK7o7vVh8ZCnDAseU5"
  },
  {
    "timestamp_utc": "2024-09-13T02:44:19.171Z",
    "context_application_version": "8.9.70.592",
    "context_conn_country": "US",
    "context_device_manufacturer": "apple",
    "context_device_model": "iPad14,4",
    "context_device_type": "tablet",
    "context_os_name": "ios",
    "context_os_version": "17.6.1",
    "context_receiver_service_timestamp": 1726195459542,
    "context_time": 1726195459171,
    "message_audiocodec": "vorbis",
    "message_bitrate": 320000,
    "message_error_code": 12,
    "message_external_track": false,
    "message_fatal": true,
    "message_file_id": "x7CwBXSVdRReUkamS/S9QyXKGSY=",
    "message_playback_id": "wyIxizxDjO328a4m+B4w0Q==",
    "message_position_ms": 153697,
    "message_track_id": "spotify:track:5G2f63n7IPVPPjfNIGih7Q"
  },
  {
    "timestamp_utc": "2024-06-05T17:18:40.461Z",
    "context_application_version": "8.9.42.597",
    "context_conn_country": "US",
    "context_device_manufacturer": "apple",
    "context_device_model": "iPad14,4",
    "context_device_type": "tablet",
    "context_os_name": "ios",
    "context_os_version": "17.5.1",
    "context_receiver_service_timestamp": 1717607920795,
    "context_time": 1717607920461,
    "message_audiocodec": "vorbis",
    "message_bitrate": 160000,
    "message_error_code": 12,
    "message_external_track": false,
    "message_fatal": true,
    "message_file_id": "esqQQbPDOycGrmqQ1/AGNmp3fww=",
    "message_playback_id": "lgTOdEd8CuWAbH6WFRq2IA==",
    "message_position_ms": 78704,
    "message_track_id": "spotify:track:6AI3ezQ4o3HUoP6Dhudph3"
  },
  {
    "timestamp_utc": "2024-10-19T03:54:00.314Z",
    "context_application_version": "8.9.82.628",
    "context_conn_country": "US",
    "context_device_manufacturer": "apple",
    "context_device_model": "iPad14,4",
    "context_device_type": "tablet",
    "context_os_name": "ios",
    "context_os_version": "18.0.1",
    "context_receiver_service_timestamp": 1729310047447,
    "context_time": 1729310040314,
    "message_audiocodec": "vorbis",
    "message_bitrate": 320000,
    "message_error_code": 12,
    "message_external_track": false,
    "message_fatal": true,
    "message_file_id": "hchYdhGiwD6EMvzE2qrFDZ9BkqI=",
    "message_playback_id": "KzAnuEqjOt1B49ei48Jtnw==",
    "message_position_ms": 10983,
    "message_track_id": "spotify:track:0FOBJ5PbwOe5XBY9y0bnhi"
  },
  {
    "timestamp_utc": "2024-08-30T06:26:39.010Z",
    "context_application_version": "8.9.68.490",
    "context_conn_country": "US",
    "context_device_manufacturer": "apple",
    "context_device_model": "iPad14,4",
    "context_device_type": "tablet",
    "context_os_name": "ios",
    "context_os_version": "17.5.1",
    "context_receiver_service_timestamp": 1724999201315,
    "context_time": 1724999199010,
    "message_audiocodec": "vorbis",
    "message_bitrate": 320000,
    "message_error_code": 12,
    "message_external_track": false,
    "message_fatal": true,
    "message_file_id": "6ReI5p9QOZQefwzVEwr5c0EQzyQ=",
    "message_playback_id": "GHs7aex2bmAIX9STLbMIlw==",
    "message_position_ms": 89222,
    "message_track_id": "spotify:track:5hVghJ4KaYES3BFUATCYn0"
  },
  {
    "timestamp_utc": "2024-06-06T18:42:25.054Z",
    "context_application_version": "8.9.42.597",
    "context_conn_country": "US",
    "context_device_manufacturer": "apple",
    "context_device_model": "iPad14,4",
    "context_device_type": "tablet",
    "context_os_name": "ios",
    "context_os_version": "17.5.1",
    "context_receiver_service_timestamp": 1717699358577,
    "context_time": 1717699345054,
    "message_audiocodec": "vorbis",
    "message_bitrate": 96000,
    "message_error_code": 12,
    "message_external_track": false,
    "message_fatal": true,
    "message_file_id": "dBWp746KUSkWvYwO+hcb2vR77es=",
    "message_playback_id": "zfrF9ei6fOKYqid7RWsyzQ==",
    "message_position_ms": 157303,
    "message_track_id": "spotify:track:629DixmZGHc7ILtEntuiWE"
  },
  {
    "timestamp_utc": "2024-10-30T22:34:28.696Z",
    "context_application_version": "8.9.86.419",
    "context_conn_country": "US",
    "context_device_manufacturer": "apple",
    "context_device_model": "iPad14,4",
    "context_device_type": "tablet",
    "context_os_name": "ios",
    "context_os_version": "18.0.1",
    "context_receiver_service_timestamp": 1730327677589,
    "context_time": 1730327668696,
    "message_audiocodec": "vorbis",
    "message_bitrate": 320000,
    "message_error_code": 12,
    "message_external_track": false,
    "message_fatal": true,
    "message_file_id": "c4dY/eoQ52XUfUoMhDlTR7u+k3Y=",
    "message_playback_id": "8RLnmGaKt2n4PKYWgTacNQ==",
    "message_position_ms": 4735,
    "message_track_id": "spotify:track:6jafoo6d5c9Jk7QQiy3qPI"
  },
  {
    "timestamp_utc": "2024-11-22T11:42:58.499Z",
    "context_application_version": "8.9.94.418",
    "context_conn_country": "US",
    "context_device_manufacturer": "apple",
    "context_device_model": "iPad14,4",
    "context_device_type": "tablet",
    "context_os_name": "ios",
    "context_os_version": "18.0.1",
    "context_receiver_service_timestamp": 1732275782532,
    "context_time": 1732275778499,
    "message_audiocodec": "vorbis",
    "message_bitrate": 320000,
    "message_error_code": 12,
    "message_external_track": false,
    "message_fatal": true,
    "message_file_id": "liFJCPsk6jN21cmT5Ca2fu2KUho=",
    "message_playback_id": "q74LPl8LqEv54XQC4uUTPg==",
    "message_position_ms": 0,
    "message_track_id": "spotify:track:7CyPwkp0oE8Ro9Dd5CUDjW"
  },
  {
    "timestamp_utc": "2024-06-14T20:26:30.576Z",
    "context_application_version": "8.9.44.362",
    "context_conn_country": "US",
    "context_device_manufacturer": "apple",
    "context_device_model": "iPhone13,4",
    "context_device_type": "mobile",
    "context_os_name": "ios",
    "context_os_version": "17.5.1",
    "context_receiver_service_timestamp": 1718396795657,
    "context_time": 1718396790576,
    "message_audiocodec": "unknown",
    "message_bitrate": 320000,
    "message_error_code": 8001,
    "message_external_track": false,
    "message_fatal": false,
    "message_file_id": "tZy5Aki57AYmyaBO7rT3edYglvo=",
    "message_playback_id": "875CzsV57fZY6w2MC5xh3w==",
    "message_position_ms": 0,
    "message_track_id": "spotify:track:5vCREmODQpdzOmcNOVsN6B"
  },
  {
    "timestamp_utc": "2024-10-10T06:29:47.915Z",
    "context_application_version": "8.9.76.516",
    "context_conn_country": "US",
    "context_device_manufacturer": "apple",
    "context_device_model": "iPad14,4",
    "context_device_type": "tablet",
    "context_os_name": "ios",
    "context_os_version": "18.0.1",
    "context_receiver_service_timestamp": 1728541790951,
    "context_time": 1728541787915,
    "message_audiocodec": "vorbis",
    "message_bitrate": 320000,
    "message_error_code": 12,
    "message_external_track": false,
    "message_fatal": true,
    "message_file_id": "dQvq/37JIoxEOrr3KNAwkK7VeaY=",
    "message_playback_id": "gZyPIsHdYV0LQywUc6W8EA==",
    "message_position_ms": 41293,
    "message_track_id": "spotify:track:61FGR56QJ94BHIkfh755s4"
  },
  {
    "timestamp_utc": "2024-11-21T06:40:57.817Z",
    "context_application_version": "8.9.90.84",
    "context_conn_country": "US",
    "context_device_manufacturer": "apple",
    "context_device_model": "iPad14,4",
    "context_device_type": "tablet",
    "context_os_name": "ios",
    "context_os_version": "18.0.1",
    "context_receiver_service_timestamp": 1732171264014,
    "context_time": 1732171257817,
    "message_audiocodec": "vorbis",
    "message_bitrate": 320000,
    "message_error_code": 12,
    "message_external_track": false,
    "message_fatal": true,
    "message_file_id": "FhXs0cIakghk5HxQmzx006L2FdA=",
    "message_playback_id": "xJY3lqgdCvBelrbeEFgDBQ==",
    "message_position_ms": 90861,
    "message_track_id": "spotify:track:2JKtCvtxP47fOMYi0BjMoY"
  },
  {
    "timestamp_utc": "2024-10-18T09:49:55.729Z",
    "context_application_version": "8.9.82.628",
    "context_conn_country": "US",
    "context_device_manufacturer": "apple",
    "context_device_model": "iPad14,4",
    "context_device_type": "tablet",
    "context_os_name": "ios",
    "context_os_version": "18.0.1",
    "context_receiver_service_timestamp": 1729245006853,
    "context_time": 1729244995729,
    "message_audiocodec": "vorbis",
    "message_bitrate": 320000,
    "message_error_code": 12,
    "message_external_track": false,
    "message_fatal": true,
    "message_file_id": "mBBL/bL8GgFrQAFyshsbZMN+ATQ=",
    "message_playback_id": "SXuN6BryNN2VseZIVqMQ8g==",
    "message_position_ms": 198,
    "message_track_id": "spotify:track:5sjnkOfTLCLNfkkchI2re2"
  },
  {
    "timestamp_utc": "2024-11-10T14:16:43.126Z",
    "context_application_version": "8.9.90.84",
    "context_conn_country": "US",
    "context_device_manufacturer": "apple",
    "context_device_model": "iPad14,4",
    "context_device_type": "tablet",
    "context_os_name": "ios",
    "context_os_version": "18.0.1",
    "context_receiver_service_timestamp": 1731248208778,
    "context_time": 1731248203126,
    "message_audiocodec": "vorbis",
    "message_bitrate": 320000,
    "message_error_code": 12,
    "message_external_track": false,
    "message_fatal": true,
    "message_file_id": "G4t2lLZuhdLYqf3e0XIXGWhXBwo=",
    "message_playback_id": "Q5x+dViE7aHv5DrOI2iNrQ==",
    "message_position_ms": 75406,
    "message_track_id": "spotify:track:19RybK6XDbAVpcdxSbZL1o"
  },
  {
    "timestamp_utc": "2024-11-09T09:07:41.809Z",
    "context_application_version": "8.9.86.419",
    "context_conn_country": "US",
    "context_device_manufacturer": "apple",
    "context_device_model": "iPad14,4",
    "context_device_type": "tablet",
    "context_os_name": "ios",
    "context_os_version": "18.0.1",
    "context_receiver_service_timestamp": 1731143268583,
    "context_time": 1731143261809,
    "message_audiocodec": "vorbis",
    "message_bitrate": 320000,
    "message_error_code": 12,
    "message_external_track": false,
    "message_fatal": true,
    "message_file_id": "SahW9thdybAVSjtmLj3q0U9C8MA=",
    "message_playback_id": "fdiYe+/6i2/CcI6GH/cfaw==",
    "message_position_ms": 243874,
    "message_track_id": "spotify:track:2plbrEY59IikOBgBGLjaoe"
  },
  {
    "timestamp_utc": "2024-11-17T03:39:39.974Z",
    "context_application_version": "8.9.90.84",
    "context_conn_country": "US",
    "context_device_manufacturer": "apple",
    "context_device_model": "iPad14,4",
    "context_device_type": "tablet",
    "context_os_name": "ios",
    "context_os_version": "18.0.1",
    "context_receiver_service_timestamp": 1731814802462,
    "context_time": 1731814779974,
    "message_audiocodec": "vorbis",
    "message_bitrate": 320000,
    "message_error_code": 12,
    "message_external_track": false,
    "message_fatal": true,
    "message_file_id": "SEFqlmdOfBviW6vk7AJNKnkqdeI=",
    "message_playback_id": "F3nWzsUle8tGnTSnMLYJ/g==",
    "message_position_ms": 75747,
    "message_track_id": "spotify:track:2MJkQZEB0YNJbnQ59dZ0Pp"
  },
  {
    "timestamp_utc": "2024-09-24T02:48:03.920Z",
    "context_application_version": "8.9.76.516",
    "context_conn_country": "US",
    "context_device_manufacturer": "apple",
    "context_device_model": "iPad14,4",
    "context_device_type": "tablet",
    "context_os_name": "ios",
    "context_os_version": "17.6.1",
    "context_receiver_service_timestamp": 1727146084130,
    "context_time": 1727146083920,
    "message_audiocodec": "vorbis",
    "message_bitrate": 320000,
    "message_error_code": 12,
    "message_external_track": false,
    "message_fatal": true,
    "message_file_id": "8x9f8C8VLqrpCeG3SDnO9VYKff8=",
    "message_playback_id": "urJh0eG12d1MPaDGwznfRg==",
    "message_position_ms": 235560,
    "message_track_id": "spotify:track:2tudvzsrR56uom6smgOcSf"
  },
  {
    "timestamp_utc": "2024-08-22T00:17:29.318Z",
    "context_application_version": "8.9.66.462",
    "context_conn_country": "US",
    "context_device_manufacturer": "apple",
    "context_device_model": "iPhone13,4",
    "context_device_type": "mobile",
    "context_os_name": "ios",
    "context_os_version": "17.5.1",
    "context_receiver_service_timestamp": 1724285849492,
    "context_time": 1724285849318,
    "message_audiocodec": "vorbis",
    "message_bitrate": 320000,
    "message_error_code": 12,
    "message_external_track": false,
    "message_fatal": true,
    "message_file_id": "vrGQ0m1keqX5KJUdwYkQ3K2bY0A=",
    "message_playback_id": "cyQpl1iGaL+GXJ0FGBBH+g==",
    "message_position_ms": 198894,
    "message_track_id": "spotify:track:5Z0UnEtpLDQyYlWwgi8m9C"
  },
  {
    "timestamp_utc": "2024-11-10T14:16:41.347Z",
    "context_application_version": "8.9.90.84",
    "context_conn_country": "US",
    "context_device_manufacturer": "apple",
    "context_device_model": "iPad14,4",
    "context_device_type": "tablet",
    "context_os_name": "ios",
    "context_os_version": "18.0.1",
    "context_receiver_service_timestamp": 1731248201664,
    "context_time": 1731248201347,
    "message_audiocodec": "vorbis",
    "message_bitrate": 320000,
    "message_error_code": 12,
    "message_external_track": false,
    "message_fatal": true,
    "message_file_id": "G4t2lLZuhdLYqf3e0XIXGWhXBwo=",
    "message_playback_id": "Sqg8mRpXnI+5zDyHRbjV4g==",
    "message_position_ms": 75510,
    "message_track_id": "spotify:track:19RybK6XDbAVpcdxSbZL1o"
  },
  {
    "timestamp_utc": "2024-09-28T01:39:22.173Z",
    "context_application_version": "8.9.76.516",
    "context_conn_country": "US",
    "context_device_manufacturer": "apple",
    "context_device_model": "iPad14,4",
    "context_device_type": "tablet",
    "context_os_name": "ios",
    "context_os_version": "18.0",
    "context_receiver_service_timestamp": 1727487562367,
    "context_time": 1727487562173,
    "message_audiocodec": "vorbis",
    "message_bitrate": 320000,
    "message_error_code": 12,
    "message_external_track": false,
    "message_fatal": true,
    "message_file_id": "kD6Oa90a1ylw1IWJL3l3J4aBD8s=",
    "message_playback_id": "Vn8S2nLKpkl4lNuhawjJiw==",
    "message_position_ms": 196122,
    "message_track_id": "spotify:track:6rgMOrZmsa3eKZfRSw1587"
  },
  {
    "timestamp_utc": "2024-10-22T07:31:20.817Z",
    "context_application_version": "8.9.82.628",
    "context_conn_country": "US",
    "context_device_manufacturer": "apple",
    "context_device_model": "iPad14,4",
    "context_device_type": "tablet",
    "context_os_name": "ios",
    "context_os_version": "18.0.1",
    "context_receiver_service_timestamp": 1729582291775,
    "context_time": 1729582280817,
    "message_audiocodec": "vorbis",
    "message_bitrate": 320000,
    "message_error_code": 12,
    "message_external_track": false,
    "message_fatal": true,
    "message_file_id": "+VICbY8HpovND6tg4mUD4Z23U8Y=",
    "message_playback_id": "GbvepMS+PnJ+pkRlOboiFg==",
    "message_position_ms": 126909,
    "message_track_id": "spotify:track:1SE81pYo16nzr3vWfNzNlB"
  },
  {
    "timestamp_utc": "2024-10-09T02:28:21.192Z",
    "context_application_version": "8.9.76.516",
    "context_conn_country": "US",
    "context_device_manufacturer": "apple",
    "context_device_model": "iPad14,4",
    "context_device_type": "tablet",
    "context_os_name": "ios",
    "context_os_version": "18.0.1",
    "context_receiver_service_timestamp": 1728440915983,
    "context_time": 1728440901192,
    "message_audiocodec": "vorbis",
    "message_bitrate": 320000,
    "message_error_code": 12,
    "message_external_track": false,
    "message_fatal": true,
    "message_file_id": "xEuO8hX9OJoYYw2rsmQmIQnJXjQ=",
    "message_playback_id": "xN9j9YX79/+pFDPP3P0bbw==",
    "message_position_ms": 114532,
    "message_track_id": "spotify:track:73yXCwINoNqUBJRAgPJPsY"
  },
  {
    "timestamp_utc": "2024-09-15T05:09:42.635Z",
    "context_application_version": "8.9.74.535",
    "context_conn_country": "US",
    "context_device_manufacturer": "apple",
    "context_device_model": "iPad14,4",
    "context_device_type": "tablet",
    "context_os_name": "ios",
    "context_os_version": "17.6.1",
    "context_receiver_service_timestamp": 1726376982839,
    "context_time": 1726376982635,
    "message_audiocodec": "vorbis",
    "message_bitrate": 320000,
    "message_error_code": 12,
    "message_external_track": false,
    "message_fatal": true,
    "message_file_id": "8FVBlCq4DxJNkuHOtyI6GcMsTig=",
    "message_playback_id": "uq1z2Bc2zeRqqFbMHgdlmA==",
    "message_position_ms": 158133,
    "message_track_id": "spotify:track:4LkXtklCusSbi6UxYWgH8B"
  }
]