[
  {
    "timestamp_utc": "2024-10-21T16:42:41.261Z",
    "context_application_version": "8.9.82.628",
    "context_conn_country": "US",
    "context_device_manufacturer": "apple",
    "context_device_model": "iPhone13,4",
    "context_device_type": "mobile",
    "context_os_name": "ios",
    "context_os_version": "18.0.1",
    "context_receiver_service_timestamp": 1729528977313,
    "context_time": 1729528961261,
    "message_etag": "",
    "message_expiry": null,
    "message_method": "metadata_refresh",
    "message_playback_id": "yh0SX5cEK+8XeUBkxRQS+w==",
    "message_prev_etag": "d4cac6dd10acb66a3fd4318fde5c4c68",
    "message_prev_expiry": 1729287136,
    "message_reason": "key_denied",
    "message_status": "metadata_already_up_to_date",
    "message_track": "spotify:track:1SE81pYo16nzr3vWfNzNlB"
  }
]