[
  {
    "timestamp_utc": "2024-10-14T19:08:28.183Z",
    "context_time": 1728932908183,
    "message_client_platform": "IPHONE_ARM64",
    "message_client_timestamp": 1728932908000,
    "message_client_version": "898200628",
    "message_item_uri": "spotify:episode:2MeLTZnZOm6KzkKxUGqE2Y",
    "message_play_position": 451,
    "message_played": false,
    "message_reason": "pause"
  },
  {
    "timestamp_utc": "2024-08-27T20:17:17.367Z",
    "context_time": 1724789837367,
    "message_client_platform": "IPHONE_ARM64",
    "message_client_timestamp": 1724789833000,
    "message_client_version": "896800490",
    "message_item_uri": "spotify:episode:163ZNAu12LqZbnl5Ic1q2y",
    "message_play_position": 0,
    "message_played": false,
    "message_reason": "coll-add"
  },
  {
    "timestamp_utc": "2024-09-22T11:30:44.475Z",
    "context_time": 1727004644475,
    "message_client_platform": "OSX_X86_64",
    "message_client_timestamp": 1727004637000,
    "message_client_version": "124500454",
    "message_item_uri": "spotify:episode:0xIOeves1EMwAi7PgwDmpI",
    "message_play_position": 4,
    "message_played": false,
    "message_reason": "adv-past-stop"
  },
  {
    "timestamp_utc": "2024-10-14T19:08:22.564Z",
    "context_time": 1728932902564,
    "message_client_platform": "IPHONE_ARM64",
    "message_client_timestamp": 1728932898000,
    "message_client_version": "898200628",
    "message_item_uri": "spotify:episode:2MeLTZnZOm6KzkKxUGqE2Y",
    "message_play_position": 442,
    "message_played": false,
    "message_reason": "seek"
  },
  {
    "timestamp_utc": "2024-09-22T11:30:34.983Z",
    "context_time": 1727004634983,
    "message_client_platform": "OSX_X86_64",
    "message_client_timestamp": 1727004633000,
    "message_client_version": "124500454",
    "message_item_uri": "spotify:episode:0xIOeves1EMwAi7PgwDmpI",
    "message_play_position": 0,
    "message_played": false,
    "message_reason": "adv-to"
  },
  {
    "timestamp_utc": "2024-08-27T20:17:09.794Z",
    "context_time": 1724789829794,
    "message_client_platform": "IPHONE_ARM64",
    "message_client_timestamp": 1724789829000,
    "message_client_version": "896800490",
    "message_item_uri": "spotify:episode:163ZNAu12LqZbnl5Ic1q2y",
    "message_play_position": 0,
    "message_played": true,
    "message_reason": "coll-rem"
  },
  {
    "timestamp_utc": "2024-10-14T19:08:15.301Z",
    "context_time": 1728932895301,
    "message_client_platform": "IPHONE_ARM64",
    "message_client_timestamp": 1728932895000,
    "message_client_version": "898200628",
    "message_item_uri": "spotify:episode:2MeLTZnZOm6KzkKxUGqE2Y",
    "message_play_position": 0,
    "message_played": false,
    "message_reason": "adv-to"
  },
  {
    "timestamp_utc": "2024-09-22T11:30:44.669Z",
    "context_time": 1727004644669,
    "message_client_platform": "OSX_X86_64",
    "message_client_timestamp": 1727004637000,
    "message_client_version": "124500454",
    "message_item_uri": "spotify:episode:0xIOeves1EMwAi7PgwDmpI",
    "message_play_position": 4,
    "message_played": false,
    "message_reason": "adv-past-stop"
  },
  {
    "timestamp_utc": "2024-09-22T11:30:34.483Z",
    "context_time": 1727004634483,
    "message_client_platform": "OSX_X86_64",
    "message_client_timestamp": 1727004633000,
    "message_client_version": "124500454",
    "message_item_uri": "spotify:episode:0xIOeves1EMwAi7PgwDmpI",
    "message_play_position": 0,
    "message_played": false,
    "message_reason": "adv-to"
  }
]