[
  {
    "timestamp_utc": "2024-09-17T05:12:27.738Z",
    "context_time": 1726549947738,
    "message_app_store": null,
    "message_application_version": "897400535",
    "message_client_id": "58bd3c95768941ea9eb4350aaa033eb3",
    "message_country": "VN",
    "message_duration": 1,
    "message_platform": "IPHONE_ARM64",
    "message_request_environment": "premium-destination-hubs",
    "message_request_uri_path": "/v1/badge",
    "message_status": 200
  },
  {
    "timestamp_utc": "2024-09-01T17:10:52.658Z",
    "context_time": 1725210652658,
    "message_app_store": null,
    "message_application_version": "896800490",
    "message_client_id": "58bd3c95768941ea9eb4350aaa033eb3",
    "message_country": "VN",
    "message_duration": 1,
    "message_platform": "IPHONE_ARM64",
    "message_request_environment": "premium-destination-hubs",
    "message_request_uri_path": "/v1/badge",
    "message_status": 200
  },
  {
    "timestamp_utc": "2024-09-20T16:25:03.743Z",
    "context_time": 1726849503743,
    "message_app_store": null,
    "message_application_version": "897600516",
    "message_client_id": "58bd3c95768941ea9eb4350aaa033eb3",
    "message_country": "VN",
    "message_duration": 1,
    "message_platform": "IPHONE_ARM64",
    "message_request_environment": "premium-destination-hubs",
    "message_request_uri_path": "/v1/badge",
    "message_status": 200
  },
  {
    "timestamp_utc": "2024-09-18T20:40:48.871Z",
    "context_time": 1726692048871,
    "message_app_store": null,
    "message_application_version": "897400535",
    "message_client_id": "58bd3c95768941ea9eb4350aaa033eb3",
    "message_country": "VN",
    "message_duration": 1,
    "message_platform": "IPHONE_ARM64",
    "message_request_environment": "premium-destination-hubs",
    "message_request_uri_path": "/v1/badge",
    "message_status": 200
  },
  {
    "timestamp_utc": "2024-08-31T22:26:08.956Z",
    "context_time": 1725143168956,
    "message_app_store": null,
    "message_application_version": "896800490",
    "message_client_id": "58bd3c95768941ea9eb4350aaa033eb3",
    "message_country": "VN",
    "message_duration": 1,
    "message_platform": "IPHONE_ARM64",
    "message_request_environment": "premium-destination-hubs",
    "message_request_uri_path": "/v1/badge",
    "message_status": 200
  },
  {
    "timestamp_utc": "2024-09-03T05:43:52.995Z",
    "context_time": 1725342232995,
    "message_app_store": null,
    "message_application_version": "896800490",
    "message_client_id": "58bd3c95768941ea9eb4350aaa033eb3",
    "message_country": "VN",
    "message_duration": 1,
    "message_platform": "IPHONE_ARM64",
    "message_request_environment": "premium-destination-hubs",
    "message_request_uri_path": "/v1/badge",
    "message_status": 200
  },
  {
    "timestamp_utc": "2024-09-06T05:04:46.577Z",
    "context_time": 1725599086577,
    "message_app_store": null,
    "message_application_version": "897000592",
    "message_client_id": "58bd3c95768941ea9eb4350aaa033eb3",
    "message_country": "VN",
    "message_duration": 1,
    "message_platform": "IPHONE_ARM64",
    "message_request_environment": "premium-destination-hubs",
    "message_request_uri_path": "/v1/badge",
    "message_status": 200
  },
  {
    "timestamp_utc": "2024-09-04T00:36:41.168Z",
    "context_time": 1725410201168,
    "message_app_store": null,
    "message_application_version": "896800490",
    "message_client_id": "58bd3c95768941ea9eb4350aaa033eb3",
    "message_country": "VN",
    "message_duration": 0,
    "message_platform": "IPHONE_ARM64",
    "message_request_environment": "premium-destination-hubs",
    "message_request_uri_path": "/v1/badge",
    "message_status": 200
  },
  {
    "timestamp_utc": "2024-09-16T16:32:27.764Z",
    "context_time": 1726504347764,
    "message_app_store": null,
    "message_application_version": "897400535",
    "message_client_id": "58bd3c95768941ea9eb4350aaa033eb3",
    "message_country": "VN",
    "message_duration": 1,
    "message_platform": "IPHONE_ARM64",
    "message_request_environment": "premium-destination-hubs",
    "message_request_uri_path": "/v1/badge",
    "message_status": 200
  },
  {
    "timestamp_utc": "2024-08-27T04:28:54.958Z",
    "context_time": 1724732934958,
    "message_app_store": null,
    "message_application_version": "896800490",
    "message_client_id": "58bd3c95768941ea9eb4350aaa033eb3",
    "message_country": "VN",
    "message_duration": 1,
    "message_platform": "IPHONE_ARM64",
    "message_request_environment": "premium-destination-hubs",
    "message_request_uri_path": "/v1/badge",
    "message_status": 200
  },
  {
    "timestamp_utc": "2024-09-24T13:55:27.396Z",
    "context_time": 1727186127396,
    "message_app_store": null,
    "message_application_version": "897600516",
    "message_client_id": "58bd3c95768941ea9eb4350aaa033eb3",
    "message_country": "VN",
    "message_duration": 1,
    "message_platform": "IPHONE_ARM64",
    "message_request_environment": "premium-destination-hubs",
    "message_request_uri_path": "/v1/badge",
    "message_status": 200
  },
  {
    "timestamp_utc": "2024-09-28T02:17:16.819Z",
    "context_time": 1727489836819,
    "message_app_store": null,
    "message_application_version": "897600516",
    "message_client_id": "58bd3c95768941ea9eb4350aaa033eb3",
    "message_country": "VN",
    "message_duration": 1,
    "message_platform": "IPHONE_ARM64",
    "message_request_environment": "premium-destination-hubs",
    "message_request_uri_path": "/v1/badge",
    "message_status": 200
  },
  {
    "timestamp_utc": "2024-09-10T03:18:20.630Z",
    "context_time": 1725938300630,
    "message_app_store": null,
    "message_application_version": "897000592",
    "message_client_id": "58bd3c95768941ea9eb4350aaa033eb3",
    "message_country": "VN",
    "message_duration": 2,
    "message_platform": "IPHONE_ARM64",
    "message_request_environment": "premium-destination-hubs",
    "message_request_uri_path": "/v1/badge",
    "message_status": 200
  },
  {
    "timestamp_utc": "2024-09-08T19:04:05.328Z",
    "context_time": 1725822245328,
    "message_app_store": null,
    "message_application_version": "897000592",
    "message_client_id": "58bd3c95768941ea9eb4350aaa033eb3",
    "message_country": "VN",
    "message_duration": 1,
    "message_platform": "IPHONE_ARM64",
    "message_request_environment": "premium-destination-hubs",
    "message_request_uri_path": "/v1/badge",
    "message_status": 200
  },
  {
    "timestamp_utc": "2024-09-21T02:45:32.241Z",
    "context_time": 1726886732241,
    "message_app_store": null,
    "message_application_version": "897600516",
    "message_client_id": "58bd3c95768941ea9eb4350aaa033eb3",
    "message_country": "VN",
    "message_duration": 1,
    "message_platform": "IPHONE_ARM64",
    "message_request_environment": "premium-destination-hubs",
    "message_request_uri_path": "/v1/badge",
    "message_status": 200
  },
  {
    "timestamp_utc": "2024-08-28T05:14:51.327Z",
    "context_time": 1724822091327,
    "message_app_store": null,
    "message_application_version": "896800490",
    "message_client_id": "58bd3c95768941ea9eb4350aaa033eb3",
    "message_country": "VN",
    "message_duration": 1,
    "message_platform": "IPHONE_ARM64",
    "message_request_environment": "premium-destination-hubs",
    "message_request_uri_path": "/v1/badge",
    "message_status": 200
  },
  {
    "timestamp_utc": "2024-09-14T00:05:33.461Z",
    "context_time": 1726272333461,
    "message_app_store": null,
    "message_application_version": "897400535",
    "message_client_id": "58bd3c95768941ea9eb4350aaa033eb3",
    "message_country": "VN",
    "message_duration": 2,
    "message_platform": "IPHONE_ARM64",
    "message_request_environment": "premium-destination-hubs",
    "message_request_uri_path": "/v1/badge",
    "message_status": 200
  },
  {
    "timestamp_utc": "2024-09-30T16:33:36.282Z",
    "context_time": 1727714016282,
    "message_app_store": null,
    "message_application_version": "897600516",
    "message_client_id": "58bd3c95768941ea9eb4350aaa033eb3",
    "message_country": "VN",
    "message_duration": 1,
    "message_platform": "IPHONE_ARM64",
    "message_request_environment": "premium-destination-hubs",
    "message_request_uri_path": "/v1/badge",
    "message_status": 200
  },
  {
    "timestamp_utc": "2024-09-06T01:06:46.645Z",
    "context_time": 1725584806645,
    "message_app_store": null,
    "message_application_version": "896800490",
    "message_client_id": "58bd3c95768941ea9eb4350aaa033eb3",
    "message_country": "VN",
    "message_duration": 1,
    "message_platform": "IPHONE_ARM64",
    "message_request_environment": "premium-destination-hubs",
    "message_request_uri_path": "/v1/badge",
    "message_status": 200
  },
  {
    "timestamp_utc": "2024-09-22T22:25:26.446Z",
    "context_time": 1727043926446,
    "message_app_store": null,
    "message_application_version": "897600516",
    "message_client_id": "58bd3c95768941ea9eb4350aaa033eb3",
    "message_country": "VN",
    "message_duration": 1,
    "message_platform": "IPHONE_ARM64",
    "message_request_environment": "premium-destination-hubs",
    "message_request_uri_path": "/v1/badge",
    "message_status": 200
  },
  {
    "timestamp_utc": "2024-09-02T21:08:32.607Z",
    "context_time": 1725311312607,
    "message_app_store": null,
    "message_application_version": "896800490",
    "message_client_id": "58bd3c95768941ea9eb4350aaa033eb3",
    "message_country": "VN",
    "message_duration": 1,
    "message_platform": "IPHONE_ARM64",
    "message_request_environment": "premium-destination-hubs",
    "message_request_uri_path": "/v1/badge",
    "message_status": 200
  },
  {
    "timestamp_utc": "2024-09-12T00:30:16.272Z",
    "context_time": 1726101016272,
    "message_app_store": null,
    "message_application_version": "897000592",
    "message_client_id": "58bd3c95768941ea9eb4350aaa033eb3",
    "message_country": "VN",
    "message_duration": 1,
    "message_platform": "IPHONE_ARM64",
    "message_request_environment": "premium-destination-hubs",
    "message_request_uri_path": "/v1/badge",
    "message_status": 200
  },
  {
    "timestamp_utc": "2024-09-13T16:26:13.384Z",
    "context_time": 1726244773384,
    "message_app_store": null,
    "message_application_version": "897400535",
    "message_client_id": "58bd3c95768941ea9eb4350aaa033eb3",
    "message_country": "VN",
    "message_duration": 2,
    "message_platform": "IPHONE_ARM64",
    "message_request_environment": "premium-destination-hubs",
    "message_request_uri_path": "/v1/badge",
    "message_status": 200
  },
  {
    "timestamp_utc": "2024-10-04T03:57:34.270Z",
    "context_time": 1728014254270,
    "message_app_store": null,
    "message_application_version": "897600516",
    "message_client_id": "58bd3c95768941ea9eb4350aaa033eb3",
    "message_country": "VN",
    "message_duration": 2,
    "message_platform": "IPHONE_ARM64",
    "message_request_environment": "premium-destination-hubs",
    "message_request_uri_path": "/v1/badge",
    "message_status": 200
  },
  {
    "timestamp_utc": "2024-09-25T02:40:46.077Z",
    "context_time": 1727232046077,
    "message_app_store": null,
    "message_application_version": "897600516",
    "message_client_id": "58bd3c95768941ea9eb4350aaa033eb3",
    "message_country": "VN",
    "message_duration": 1,
    "message_platform": "IPHONE_ARM64",
    "message_request_environment": "premium-destination-hubs",
    "message_request_uri_path": "/v1/badge",
    "message_status": 200
  },
  {
    "timestamp_utc": "2024-09-10T07:13:23.857Z",
    "context_time": 1725952403857,
    "message_app_store": null,
    "message_application_version": "897000592",
    "message_client_id": "58bd3c95768941ea9eb4350aaa033eb3",
    "message_country": "VN",
    "message_duration": 1,
    "message_platform": "IPHONE_ARM64",
    "message_request_environment": "premium-destination-hubs",
    "message_request_uri_path": "/v1/badge",
    "message_status": 200
  },
  {
    "timestamp_utc": "2024-08-28T18:21:27.631Z",
    "context_time": 1724869287631,
    "message_app_store": null,
    "message_application_version": "896800490",
    "message_client_id": "58bd3c95768941ea9eb4350aaa033eb3",
    "message_country": "VN",
    "message_duration": 1,
    "message_platform": "IPHONE_ARM64",
    "message_request_environment": "premium-destination-hubs",
    "message_request_uri_path": "/v1/badge",
    "message_status": 200
  },
  {
    "timestamp_utc": "2024-08-27T00:01:40.182Z",
    "context_time": 1724716900182,
    "message_app_store": null,
    "message_application_version": "896800490",
    "message_client_id": "58bd3c95768941ea9eb4350aaa033eb3",
    "message_country": "VN",
    "message_duration": 1,
    "message_platform": "IPHONE_ARM64",
    "message_request_environment": "premium-destination-hubs",
    "message_request_uri_path": "/v1/badge",
    "message_status": 200
  },
  {
    "timestamp_utc": "2024-09-28T06:06:41.565Z",
    "context_time": 1727503601565,
    "message_app_store": null,
    "message_application_version": "897600516",
    "message_client_id": "58bd3c95768941ea9eb4350aaa033eb3",
    "message_country": "VN",
    "message_duration": 1,
    "message_platform": "IPHONE_ARM64",
    "message_request_environment": "premium-destination-hubs",
    "message_request_uri_path": "/v1/badge",
    "message_status": 200
  }
]