[
  {
    "timestamp_utc": "2024-10-04T01:12:27.544Z",
    "context_time": 1728004347544,
    "message_app": "music",
    "message_app_device_id": "85bd8bbe-0968-36cd-a0b0-a0828fd41c80",
    "message_app_id": "com.spotify.client",
    "message_app_version": "897600516",
    "message_environment": "PROD",
    "message_event_id": "993f1243-f1bb-428a-90c8-7dab05d934d8",
    "message_os_version": "18.0.0",
    "message_platform": "ios",
    "message_status": 200,
    "message_timestamp": "2024-10-04T01:12:27.544845561Z"
  },
  {
    "timestamp_utc": "2024-10-23T07:33:36.421Z",
    "context_time": 1729668816421,
    "message_app": "music",
    "message_app_device_id": "8ddcb866-b389-382d-98c0-7a9ff4060e45",
    "message_app_id": "com.spotify.client",
    "message_app_version": "898200628",
    "message_environment": "PROD",
    "message_event_id": "76c9257b-6326-491c-870d-280bf92d6abe",
    "message_os_version": "18.0.1",
    "message_platform": "ios",
    "message_status": 200,
    "message_timestamp": "2024-10-23T07:33:36.421448177Z"
  },
  {
    "timestamp_utc": "2024-11-08T18:57:35.029Z",
    "context_time": 1731092255029,
    "message_app": "music",
    "message_app_device_id": "85bd8bbe-0968-36cd-a0b0-a0828fd41c80",
    "message_app_id": "com.spotify.client",
    "message_app_version": "898600419",
    "message_environment": "PROD",
    "message_event_id": "cd79c563-9a2b-4a7a-bf58-65151339a5df",
    "message_os_version": "18.0.1",
    "message_platform": "ios",
    "message_status": 200,
    "message_timestamp": "2024-11-08T18:57:35.029317044Z"
  },
  {
    "timestamp_utc": "2024-09-16T16:32:27.850Z",
    "context_time": 1726504347850,
    "message_app": "music",
    "message_app_device_id": "85bd8bbe-0968-36cd-a0b0-a0828fd41c80",
    "message_app_id": "com.spotify.client",
    "message_app_version": "897400535",
    "message_environment": "PROD",
    "message_event_id": "a24d9aa4-f58f-4600-9f69-3393a2e04b94",
    "message_os_version": "17.6.1",
    "message_platform": "ios",
    "message_status": 200,
    "message_timestamp": "2024-09-16T16:32:27.850450105Z"
  },
  {
    "timestamp_utc": "2024-11-06T06:03:04.848Z",
    "context_time": 1730872984848,
    "message_app": "music",
    "message_app_device_id": "8ddcb866-b389-382d-98c0-7a9ff4060e45",
    "message_app_id": "com.spotify.client",
    "message_app_version": "898600419",
    "message_environment": "PROD",
    "message_event_id": "66765594-24a0-4fd6-9212-ca197847adb4",
    "message_os_version": "18.0.1",
    "message_platform": "ios",
    "message_status": 200,
    "message_timestamp": "2024-11-06T06:03:04.848661587Z"
  },
  {
    "timestamp_utc": "2024-09-25T02:40:45.552Z",
    "context_time": 1727232045552,
    "message_app": "music",
    "message_app_device_id": "85bd8bbe-0968-36cd-a0b0-a0828fd41c80",
    "message_app_id": "com.spotify.client",
    "message_app_version": "897600516",
    "message_environment": "PROD",
    "message_event_id": "8daad64b-04f9-43af-98ca-9eba81884b6d",
    "message_os_version": "17.6.1",
    "message_platform": "ios",
    "message_status": 200,
    "message_timestamp": "2024-09-25T02:40:45.552134272Z"
  },
  {
    "timestamp_utc": "2024-09-06T05:04:46.463Z",
    "context_time": 1725599086463,
    "message_app": "music",
    "message_app_device_id": "8ddcb866-b389-382d-98c0-7a9ff4060e45",
    "message_app_id": "com.spotify.client",
    "message_app_version": "897000592",
    "message_environment": "PROD",
    "message_event_id": "7e5149d6-b0ec-4064-83e8-3ea71d77b37a",
    "message_os_version": "17.6.1",
    "message_platform": "ios",
    "message_status": 200,
    "message_timestamp": "2024-09-06T05:04:46.463862839Z"
  },
  {
    "timestamp_utc": "2024-10-31T17:21:02.687Z",
    "context_time": 1730395262687,
    "message_app": "music",
    "message_app_device_id": "85bd8bbe-0968-36cd-a0b0-a0828fd41c80",
    "message_app_id": "com.spotify.client",
    "message_app_version": "898600419",
    "message_environment": "PROD",
    "message_event_id": "517945b5-2f05-4f23-86b2-2b28914ede72",
    "message_os_version": "18.0.1",
    "message_platform": "ios",
    "message_status": 200,
    "message_timestamp": "2024-10-31T17:21:02.687386529Z"
  },
  {
    "timestamp_utc": "2024-09-25T07:49:09.211Z",
    "context_time": 1727250549211,
    "message_app": "music",
    "message_app_device_id": "8ddcb866-b389-382d-98c0-7a9ff4060e45",
    "message_app_id": "com.spotify.client",
    "message_app_version": "897600516",
    "message_environment": "PROD",
    "message_event_id": "2ba0c6b8-770a-4a2b-8956-4816e239dee1",
    "message_os_version": "18.0.0",
    "message_platform": "ios",
    "message_status": 200,
    "message_timestamp": "2024-09-25T07:49:09.211351878Z"
  },
  {
    "timestamp_utc": "2024-10-14T23:17:00.213Z",
    "context_time": 1728947820213,
    "message_app": "music",
    "message_app_device_id": "85bd8bbe-0968-36cd-a0b0-a0828fd41c80",
    "message_app_id": "com.spotify.client",
    "message_app_version": "898200628",
    "message_environment": "PROD",
    "message_event_id": "718263ba-e480-48c9-afa9-7c942e6e10e2",
    "message_os_version": "18.0.1",
    "message_platform": "ios",
    "message_status": 200,
    "message_timestamp": "2024-10-14T23:17:00.213005854Z"
  },
  {
    "timestamp_utc": "2024-09-17T05:12:27.580Z",
    "context_time": 1726549947580,
    "message_app": "music",
    "message_app_device_id": "8ddcb866-b389-382d-98c0-7a9ff4060e45",
    "message_app_id": "com.spotify.client",
    "message_app_version": "897400535",
    "message_environment": "PROD",
    "message_event_id": "eb832fe0-cf25-4eca-880f-52ee357a92fc",
    "message_os_version": "17.6.1",
    "message_platform": "ios",
    "message_status": 200,
    "message_timestamp": "2024-09-17T05:12:27.580184917Z"
  },
  {
    "timestamp_utc": "2024-08-27T04:28:54.896Z",
    "context_time": 1724732934896,
    "message_app": "music",
    "message_app_device_id": "8ddcb866-b389-382d-98c0-7a9ff4060e45",
    "message_app_id": "com.spotify.client",
    "message_app_version": "896800490",
    "message_environment": "PROD",
    "message_event_id": "79914ae2-4dbf-48e6-8ea9-6a5c03cf9f1a",
    "message_os_version": "17.5.1",
    "message_platform": "ios",
    "message_status": 200,
    "message_timestamp": "2024-08-27T04:28:54.896871418Z"
  },
  {
    "timestamp_utc": "2024-09-06T01:06:46.555Z",
    "context_time": 1725584806555,
    "message_app": "music",
    "message_app_device_id": "85bd8bbe-0968-36cd-a0b0-a0828fd41c80",
    "message_app_id": "com.spotify.client",
    "message_app_version": "896800490",
    "message_environment": "PROD",
    "message_event_id": "4a8b80a4-3e54-418a-b9bb-5121259c4861",
    "message_os_version": "17.6.1",
    "message_platform": "ios",
    "message_status": 200,
    "message_timestamp": "2024-09-06T01:06:46.555156747Z"
  },
  {
    "timestamp_utc": "2024-11-21T00:53:14.736Z",
    "context_time": 1732150394736,
    "message_app": "music",
    "message_app_device_id": "8ddcb866-b389-382d-98c0-7a9ff4060e45",
    "message_app_id": "com.spotify.client",
    "message_app_version": "899000084",
    "message_environment": "PROD",
    "message_event_id": "304f8a90-6c32-43da-bd01-5e80ae572e6f",
    "message_os_version": "18.0.1",
    "message_platform": "ios",
    "message_status": 200,
    "message_timestamp": "2024-11-21T00:53:14.736637986Z"
  },
  {
    "timestamp_utc": "2024-10-23T00:03:57.055Z",
    "context_time": 1729641837055,
    "message_app": "music",
    "message_app_device_id": "85bd8bbe-0968-36cd-a0b0-a0828fd41c80",
    "message_app_id": "com.spotify.client",
    "message_app_version": "898200628",
    "message_environment": "PROD",
    "message_event_id": "b6913aa8-14b0-482a-92ac-cadb2fc3aa93",
    "message_os_version": "18.0.1",
    "message_platform": "ios",
    "message_status": 200,
    "message_timestamp": "2024-10-23T00:03:57.055094712Z"
  },
  {
    "timestamp_utc": "2024-08-28T18:21:27.459Z",
    "context_time": 1724869287459,
    "message_app": "music",
    "message_app_device_id": "85bd8bbe-0968-36cd-a0b0-a0828fd41c80",
    "message_app_id": "com.spotify.client",
    "message_app_version": "896800490",
    "message_environment": "PROD",
    "message_event_id": "909f395b-d8b1-4bb9-9ea7-2e6c18c5584d",
    "message_os_version": "17.5.1",
    "message_platform": "ios",
    "message_status": 200,
    "message_timestamp": "2024-08-28T18:21:27.459386240Z"
  },
  {
    "timestamp_utc": "2024-11-19T01:05:27.038Z",
    "context_time": 1731978327038,
    "message_app": "music",
    "message_app_device_id": "85bd8bbe-0968-36cd-a0b0-a0828fd41c80",
    "message_app_id": "com.spotify.client",
    "message_app_version": "899000084",
    "message_environment": "PROD",
    "message_event_id": "7bd22a59-a168-4944-9055-942a8f6fc310",
    "message_os_version": "18.0.1",
    "message_platform": "ios",
    "message_status": 200,
    "message_timestamp": "2024-11-19T01:05:27.038517041Z"
  },
  {
    "timestamp_utc": "2024-10-12T09:08:04.404Z",
    "context_time": 1728724084404,
    "message_app": "music",
    "message_app_device_id": "8ddcb866-b389-382d-98c0-7a9ff4060e45",
    "message_app_id": "com.spotify.client",
    "message_app_version": "898200628",
    "message_environment": "PROD",
    "message_event_id": "342f41be-c39a-45cf-96a8-3ae27affa2c5",
    "message_os_version": "18.0.1",
    "message_platform": "ios",
    "message_status": 200,
    "message_timestamp": "2024-10-12T09:08:04.404535295Z"
  },
  {
    "timestamp_utc": "2024-10-04T03:57:34.040Z",
    "context_time": 1728014254040,
    "message_app": "music",
    "message_app_device_id": "8ddcb866-b389-382d-98c0-7a9ff4060e45",
    "message_app_id": "com.spotify.client",
    "message_app_version": "897600516",
    "message_environment": "PROD",
    "message_event_id": "336a0d79-77fc-401e-a849-857681f8c31e",
    "message_os_version": "18.0.0",
    "message_platform": "ios",
    "message_status": 200,
    "message_timestamp": "2024-10-04T03:57:34.040824314Z"
  }
]