[
  {
    "message_message_uri": "",
    "timestamp_utc": "2024-10-02T06:22:28.126Z",
    "context_time": 1727850148126,
    "message_app_device_id": "a5a21a94-20c4-3cb3-afac-e44153ca2832",
    "message_app_version": "858600000",
    "message_campaign_id": "SILENT_PUSH",
    "message_campaign_name": "",
    "message_environment": "",
    "message_event_id": "da369725-0422-4ec8-a844-6274800a1eef",
    "message_event_type": "SILENT",
    "message_message_identifier": "cbc6008e-39bc-46cb-8174-fc9a5dc2e3ae",
    "message_message_versioning": "v3",
    "message_optout_type": "",
    "message_os_version": "14.3.0",
    "message_platform": "ios",
    "message_timestamp": "2024-10-02T06:22:28.126722628Z"
  },
  {
    "message_message_uri": "",
    "timestamp_utc": "2024-11-20T03:13:54.901Z",
    "context_time": 1732072434901,
    "message_app_device_id": "8ddcb866-b389-382d-98c0-7a9ff4060e45",
    "message_app_version": "898600419",
    "message_campaign_id": "SILENT_PUSH",
    "message_campaign_name": "",
    "message_environment": "",
    "message_event_id": "b4e3ed2c-d025-426f-a322-f4b14f4cb662",
    "message_event_type": "SILENT",
    "message_message_identifier": "b93b6d0f-6bc1-4924-8164-dc3d919d1013",
    "message_message_versioning": "v3",
    "message_optout_type": "",
    "message_os_version": "18.0.1",
    "message_platform": "ios",
    "message_timestamp": "2024-11-20T03:13:54.901412200Z"
  },
  {
    "message_message_uri": "",
    "timestamp_utc": "2024-09-04T07:22:07.319Z",
    "context_time": 1725434527319,
    "message_app_device_id": "55735f1c-0314-350a-a88d-113d5d2f65f5",
    "message_app_version": "887600704",
    "message_campaign_id": "SILENT_PUSH",
    "message_campaign_name": "",
    "message_environment": "",
    "message_event_id": "1cf7be2a-3d71-4e87-9253-da5aaf315bff",
    "message_event_type": "SILENT",
    "message_message_identifier": "f2fd0e4c-330b-4e39-9793-451ba4d8e5dd",
    "message_message_versioning": "v3",
    "message_optout_type": "",
    "message_os_version": "16.6.1",
    "message_platform": "ios",
    "message_timestamp": "2024-09-04T07:22:07.319487833Z"
  },
  {
    "message_message_uri": "",
    "timestamp_utc": "2024-10-16T14:17:37.327Z",
    "context_time": 1729088257327,
    "message_app_device_id": "55735f1c-0314-350a-a88d-113d5d2f65f5",
    "message_app_version": "887600704",
    "message_campaign_id": "SILENT_PUSH",
    "message_campaign_name": "",
    "message_environment": "",
    "message_event_id": "19ef49bd-0598-4b5f-a684-e2e3c3e36a72",
    "message_event_type": "SILENT",
    "message_message_identifier": "6c799a5d-5aa9-4a55-bafd-f33170ff5421",
    "message_message_versioning": "v3",
    "message_optout_type": "",
    "message_os_version": "16.6.1",
    "message_platform": "ios",
    "message_timestamp": "2024-10-16T14:17:37.327422708Z"
  },
  {
    "message_message_uri": "",
    "timestamp_utc": "2024-09-17T12:57:17.622Z",
    "context_time": 1726577837622,
    "message_app_device_id": "8ddcb866-b389-382d-98c0-7a9ff4060e45",
    "message_app_version": "897400535",
    "message_campaign_id": "SILENT_PUSH",
    "message_campaign_name": "",
    "message_environment": "",
    "message_event_id": "87403d61-01fe-47ea-9e18-f25fd9fd2f21",
    "message_event_type": "SILENT",
    "message_message_identifier": "f41eb2e9-ae31-4cc9-a717-8d88be50e12d",
    "message_message_versioning": "v3",
    "message_optout_type": "",
    "message_os_version": "17.6.1",
    "message_platform": "ios",
    "message_timestamp": "2024-09-17T12:57:17.622653923Z"
  },
  {
    "message_message_uri": "",
    "timestamp_utc": "2024-11-06T00:22:13.097Z",
    "context_time": 1730852533097,
    "message_app_device_id": "55735f1c-0314-350a-a88d-113d5d2f65f5",
    "message_app_version": "887600704",
    "message_campaign_id": "SILENT_PUSH",
    "message_campaign_name": "",
    "message_environment": "",
    "message_event_id": "7f8fb745-2091-4921-a466-5ff830e8cacf",
    "message_event_type": "SILENT",
    "message_message_identifier": "5a843e3d-b080-475f-8a49-2cd4d8108bf8",
    "message_message_versioning": "v3",
    "message_optout_type": "",
    "message_os_version": "16.6.1",
    "message_platform": "ios",
    "message_timestamp": "2024-11-06T00:22:13.097348156Z"
  },
  {
    "message_message_uri": "",
    "timestamp_utc": "2024-10-23T06:32:58.358Z",
    "context_time": 1729665178358,
    "message_app_device_id": "55735f1c-0314-350a-a88d-113d5d2f65f5",
    "message_app_version": "887600704",
    "message_campaign_id": "SILENT_PUSH",
    "message_campaign_name": "",
    "message_environment": "",
    "message_event_id": "66e315ad-5fff-4ca6-9dd9-cbdb8272730c",
    "message_event_type": "SILENT",
    "message_message_identifier": "998e076e-6976-4dbb-998e-12a344ceb7c7",
    "message_message_versioning": "v3",
    "message_optout_type": "",
    "message_os_version": "16.6.1",
    "message_platform": "ios",
    "message_timestamp": "2024-10-23T06:32:58.358996976Z"
  },
  {
    "message_message_uri": "",
    "timestamp_utc": "2024-11-12T19:31:17.086Z",
    "context_time": 1731439877086,
    "message_app_device_id": "8ddcb866-b389-382d-98c0-7a9ff4060e45",
    "message_app_version": "898600419",
    "message_campaign_id": "SILENT_PUSH",
    "message_campaign_name": "",
    "message_environment": "",
    "message_event_id": "248f5f83-0b8b-4a8e-aa62-d8fe6cb5d63d",
    "message_event_type": "SILENT",
    "message_message_identifier": "8ba518a2-4f2d-4998-92b4-bea8f7b11b05",
    "message_message_versioning": "v3",
    "message_optout_type": "",
    "message_os_version": "18.0.1",
    "message_platform": "ios",
    "message_timestamp": "2024-11-12T19:31:17.086773959Z"
  },
  {
    "message_message_uri": "",
    "timestamp_utc": "2024-10-16T14:17:37.327Z",
    "context_time": 1729088257327,
    "message_app_device_id": "a5a21a94-20c4-3cb3-afac-e44153ca2832",
    "message_app_version": "858600000",
    "message_campaign_id": "SILENT_PUSH",
    "message_campaign_name": "",
    "message_environment": "",
    "message_event_id": "e69596d7-2d88-48e8-813e-6ccb3f02fbbf",
    "message_event_type": "SILENT",
    "message_message_identifier": "6c799a5d-5aa9-4a55-bafd-f33170ff5421",
    "message_message_versioning": "v3",
    "message_optout_type": "",
    "message_os_version": "14.3.0",
    "message_platform": "ios",
    "message_timestamp": "2024-10-16T14:17:37.327399208Z"
  },
  {
    "message_message_uri": "",
    "timestamp_utc": "2024-09-10T08:01:26.318Z",
    "context_time": 1725955286318,
    "message_app_device_id": "8ddcb866-b389-382d-98c0-7a9ff4060e45",
    "message_app_version": "897000592",
    "message_campaign_id": "SILENT_PUSH",
    "message_campaign_name": "",
    "message_environment": "",
    "message_event_id": "43617264-2587-4a61-b351-0286929632a2",
    "message_event_type": "SILENT",
    "message_message_identifier": "8d503cf7-6fcb-4ee2-8a78-a373c97b4dab",
    "message_message_versioning": "v3",
    "message_optout_type": "",
    "message_os_version": "17.6.1",
    "message_platform": "ios",
    "message_timestamp": "2024-09-10T08:01:26.318772318Z"
  },
  {
    "message_message_uri": "",
    "timestamp_utc": "2024-10-08T12:34:26.781Z",
    "context_time": 1728390866781,
    "message_app_device_id": "85bd8bbe-0968-36cd-a0b0-a0828fd41c80",
    "message_app_version": "897600516",
    "message_campaign_id": "SILENT_PUSH",
    "message_campaign_name": "",
    "message_environment": "",
    "message_event_id": "b50043cf-6f1c-45cc-afed-30bf95dd35aa",
    "message_event_type": "SILENT",
    "message_message_identifier": "94d80533-99fa-44d6-9f0b-983b662c5469",
    "message_message_versioning": "v3",
    "message_optout_type": "",
    "message_os_version": "18.0.0",
    "message_platform": "ios",
    "message_timestamp": "2024-10-08T12:34:26.781486543Z"
  },
  {
    "message_message_uri": "",
    "timestamp_utc": "2024-08-28T02:28:54.684Z",
    "context_time": 1724812134684,
    "message_app_device_id": "85bd8bbe-0968-36cd-a0b0-a0828fd41c80",
    "message_app_version": "896400456",
    "message_campaign_id": "SILENT_PUSH",
    "message_campaign_name": "",
    "message_environment": "",
    "message_event_id": "c1128f39-f3ae-4e6b-b4b5-3dc8261b37c4",
    "message_event_type": "SILENT",
    "message_message_identifier": "570bed90-dd71-4a7d-8af4-5a31e9a8ce3c",
    "message_message_versioning": "v3",
    "message_optout_type": "",
    "message_os_version": "17.5.1",
    "message_platform": "ios",
    "message_timestamp": "2024-08-28T02:28:54.684796720Z"
  },
  {
    "message_message_uri": "",
    "timestamp_utc": "2024-10-30T00:50:13.141Z",
    "context_time": 1730249413141,
    "message_app_device_id": "85bd8bbe-0968-36cd-a0b0-a0828fd41c80",
    "message_app_version": "898200628",
    "message_campaign_id": "SILENT_PUSH",
    "message_campaign_name": "",
    "message_environment": "",
    "message_event_id": "00919c4c-1668-4d53-abf0-929057619d56",
    "message_event_type": "SILENT",
    "message_message_identifier": "e0c61da7-18f4-435e-9241-02b6a6cbeaea",
    "message_message_versioning": "v3",
    "message_optout_type": "",
    "message_os_version": "18.0.1",
    "message_platform": "ios",
    "message_timestamp": "2024-10-30T00:50:13.141400872Z"
  },
  {
    "message_message_uri": "",
    "timestamp_utc": "2024-10-08T12:34:26.781Z",
    "context_time": 1728390866781,
    "message_app_device_id": "8ddcb866-b389-382d-98c0-7a9ff4060e45",
    "message_app_version": "897600516",
    "message_campaign_id": "SILENT_PUSH",
    "message_campaign_name": "",
    "message_environment": "",
    "message_event_id": "855d1c0d-3f25-473c-ab03-bf7d6f49a307",
    "message_event_type": "SILENT",
    "message_message_identifier": "94d80533-99fa-44d6-9f0b-983b662c5469",
    "message_message_versioning": "v3",
    "message_optout_type": "",
    "message_os_version": "18.0.0",
    "message_platform": "ios",
    "message_timestamp": "2024-10-08T12:34:26.781490253Z"
  },
  {
    "message_message_uri": "",
    "timestamp_utc": "2024-10-30T00:50:13.141Z",
    "context_time": 1730249413141,
    "message_app_device_id": "a5a21a94-20c4-3cb3-afac-e44153ca2832",
    "message_app_version": "858600000",
    "message_campaign_id": "SILENT_PUSH",
    "message_campaign_name": "",
    "message_environment": "",
    "message_event_id": "88965743-1354-4e77-8c9c-bd7db13b0c7a",
    "message_event_type": "SILENT",
    "message_message_identifier": "e0c61da7-18f4-435e-9241-02b6a6cbeaea",
    "message_message_versioning": "v3",
    "message_optout_type": "",
    "message_os_version": "14.3.0",
    "message_platform": "ios",
    "message_timestamp": "2024-10-30T00:50:13.141389812Z"
  },
  {
    "message_message_uri": "",
    "timestamp_utc": "2024-10-16T14:17:37.327Z",
    "context_time": 1729088257327,
    "message_app_device_id": "8ddcb866-b389-382d-98c0-7a9ff4060e45",
    "message_app_version": "898200628",
    "message_campaign_id": "SILENT_PUSH",
    "message_campaign_name": "",
    "message_environment": "",
    "message_event_id": "e13a9b77-f1fd-4196-bc81-245d5533ddc4",
    "message_event_type": "SILENT",
    "message_message_identifier": "6c799a5d-5aa9-4a55-bafd-f33170ff5421",
    "message_message_versioning": "v3",
    "message_optout_type": "",
    "message_os_version": "18.0.1",
    "message_platform": "ios",
    "message_timestamp": "2024-10-16T14:17:37.327416958Z"
  },
  {
    "message_message_uri": "",
    "timestamp_utc": "2024-11-06T00:22:13.097Z",
    "context_time": 1730852533097,
    "message_app_device_id": "85bd8bbe-0968-36cd-a0b0-a0828fd41c80",
    "message_app_version": "898600419",
    "message_campaign_id": "SILENT_PUSH",
    "message_campaign_name": "",
    "message_environment": "",
    "message_event_id": "97a6720d-c3ae-48b5-a305-cf6faca427a9",
    "message_event_type": "SILENT",
    "message_message_identifier": "5a843e3d-b080-475f-8a49-2cd4d8108bf8",
    "message_message_versioning": "v3",
    "message_optout_type": "",
    "message_os_version": "18.0.1",
    "message_platform": "ios",
    "message_timestamp": "2024-11-06T00:22:13.097335376Z"
  },
  {
    "message_message_uri": "",
    "timestamp_utc": "2024-08-28T02:28:54.684Z",
    "context_time": 1724812134684,
    "message_app_device_id": "a5a21a94-20c4-3cb3-afac-e44153ca2832",
    "message_app_version": "858600000",
    "message_campaign_id": "SILENT_PUSH",
    "message_campaign_name": "",
    "message_environment": "",
    "message_event_id": "cab8af26-ce22-4371-b589-f458ff45b148",
    "message_event_type": "SILENT",
    "message_message_identifier": "570bed90-dd71-4a7d-8af4-5a31e9a8ce3c",
    "message_message_versioning": "v3",
    "message_optout_type": "",
    "message_os_version": "14.3.0",
    "message_platform": "ios",
    "message_timestamp": "2024-08-28T02:28:54.684818598Z"
  },
  {
    "message_message_uri": "",
    "timestamp_utc": "2024-11-20T03:13:54.901Z",
    "context_time": 1732072434901,
    "message_app_device_id": "a5a21a94-20c4-3cb3-afac-e44153ca2832",
    "message_app_version": "858600000",
    "message_campaign_id": "SILENT_PUSH",
    "message_campaign_name": "",
    "message_environment": "",
    "message_event_id": "c77d6d7f-c889-4704-b7a1-69e502e2eb5b",
    "message_event_type": "SILENT",
    "message_message_identifier": "b93b6d0f-6bc1-4924-8164-dc3d919d1013",
    "message_message_versioning": "v3",
    "message_optout_type": "",
    "message_os_version": "14.3.0",
    "message_platform": "ios",
    "message_timestamp": "2024-11-20T03:13:54.901418315Z"
  },
  {
    "message_message_uri": "",
    "timestamp_utc": "2024-09-25T20:03:07.671Z",
    "context_time": 1727294587671,
    "message_app_device_id": "a5a21a94-20c4-3cb3-afac-e44153ca2832",
    "message_app_version": "858600000",
    "message_campaign_id": "SILENT_PUSH",
    "message_campaign_name": "",
    "message_environment": "",
    "message_event_id": "2624c6aa-9e8d-41dd-a923-5845f9d6e5ce",
    "message_event_type": "SILENT",
    "message_message_identifier": "e02663d4-7cf1-46a2-812d-3de0c7948ce7",
    "message_message_versioning": "v3",
    "message_optout_type": "",
    "message_os_version": "14.3.0",
    "message_platform": "ios",
    "message_timestamp": "2024-09-25T20:03:07.671276167Z"
  },
  {
    "message_message_uri": "",
    "timestamp_utc": "2024-09-10T08:01:26.318Z",
    "context_time": 1725955286318,
    "message_app_device_id": "85bd8bbe-0968-36cd-a0b0-a0828fd41c80",
    "message_app_version": "896800490",
    "message_campaign_id": "SILENT_PUSH",
    "message_campaign_name": "",
    "message_environment": "",
    "message_event_id": "0b987994-70a4-46c9-853b-09c38e56fa6a",
    "message_event_type": "SILENT",
    "message_message_identifier": "8d503cf7-6fcb-4ee2-8a78-a373c97b4dab",
    "message_message_versioning": "v3",
    "message_optout_type": "",
    "message_os_version": "17.6.1",
    "message_platform": "ios",
    "message_timestamp": "2024-09-10T08:01:26.318745479Z"
  },
  {
    "message_message_uri": "",
    "timestamp_utc": "2024-11-12T19:31:17.086Z",
    "context_time": 1731439877086,
    "message_app_device_id": "85bd8bbe-0968-36cd-a0b0-a0828fd41c80",
    "message_app_version": "898600419",
    "message_campaign_id": "SILENT_PUSH",
    "message_campaign_name": "",
    "message_environment": "",
    "message_event_id": "5dac3a5c-0572-4450-a312-4101503e3838",
    "message_event_type": "SILENT",
    "message_message_identifier": "8ba518a2-4f2d-4998-92b4-bea8f7b11b05",
    "message_message_versioning": "v3",
    "message_optout_type": "",
    "message_os_version": "18.0.1",
    "message_platform": "ios",
    "message_timestamp": "2024-11-12T19:31:17.086768159Z"
  },
  {
    "message_message_uri": "",
    "timestamp_utc": "2024-09-10T08:01:26.318Z",
    "context_time": 1725955286318,
    "message_app_device_id": "55735f1c-0314-350a-a88d-113d5d2f65f5",
    "message_app_version": "887600704",
    "message_campaign_id": "SILENT_PUSH",
    "message_campaign_name": "",
    "message_environment": "",
    "message_event_id": "551cea57-3628-47e8-836f-3be30bb303e7",
    "message_event_type": "SILENT",
    "message_message_identifier": "8d503cf7-6fcb-4ee2-8a78-a373c97b4dab",
    "message_message_versioning": "v3",
    "message_optout_type": "",
    "message_os_version": "16.6.1",
    "message_platform": "ios",
    "message_timestamp": "2024-09-10T08:01:26.318784039Z"
  },
  {
    "message_message_uri": "",
    "timestamp_utc": "2024-09-17T12:57:17.622Z",
    "context_time": 1726577837622,
    "message_app_device_id": "a5a21a94-20c4-3cb3-afac-e44153ca2832",
    "message_app_version": "858600000",
    "message_campaign_id": "SILENT_PUSH",
    "message_campaign_name": "",
    "message_environment": "",
    "message_event_id": "5a24a043-7c20-4455-b272-fa5ba6f47504",
    "message_event_type": "SILENT",
    "message_message_identifier": "f41eb2e9-ae31-4cc9-a717-8d88be50e12d",
    "message_message_versioning": "v3",
    "message_optout_type": "",
    "message_os_version": "14.3.0",
    "message_platform": "ios",
    "message_timestamp": "2024-09-17T12:57:17.622666506Z"
  },
  {
    "message_message_uri": "",
    "timestamp_utc": "2024-11-06T00:22:13.097Z",
    "context_time": 1730852533097,
    "message_app_device_id": "a5a21a94-20c4-3cb3-afac-e44153ca2832",
    "message_app_version": "858600000",
    "message_campaign_id": "SILENT_PUSH",
    "message_campaign_name": "",
    "message_environment": "",
    "message_event_id": "3bdf4af3-4a8d-4780-8268-457810647532",
    "message_event_type": "SILENT",
    "message_message_identifier": "5a843e3d-b080-475f-8a49-2cd4d8108bf8",
    "message_message_versioning": "v3",
    "message_optout_type": "",
    "message_os_version": "14.3.0",
    "message_platform": "ios",
    "message_timestamp": "2024-11-06T00:22:13.097345736Z"
  },
  {
    "message_message_uri": "",
    "timestamp_utc": "2024-09-10T08:01:26.318Z",
    "context_time": 1725955286318,
    "message_app_device_id": "a5a21a94-20c4-3cb3-afac-e44153ca2832",
    "message_app_version": "858600000",
    "message_campaign_id": "SILENT_PUSH",
    "message_campaign_name": "",
    "message_environment": "",
    "message_event_id": "1a7d7914-ce48-4f89-8dea-79a70ebf31fb",
    "message_event_type": "SILENT",
    "message_message_identifier": "8d503cf7-6fcb-4ee2-8a78-a373c97b4dab",
    "message_message_versioning": "v3",
    "message_optout_type": "",
    "message_os_version": "14.3.0",
    "message_platform": "ios",
    "message_timestamp": "2024-09-10T08:01:26.318777821Z"
  },
  {
    "message_message_uri": "",
    "timestamp_utc": "2024-11-12T19:31:17.086Z",
    "context_time": 1731439877086,
    "message_app_device_id": "55735f1c-0314-350a-a88d-113d5d2f65f5",
    "message_app_version": "887600704",
    "message_campaign_id": "SILENT_PUSH",
    "message_campaign_name": "",
    "message_environment": "",
    "message_event_id": "dac03cd5-8373-42ae-b6ac-a13cff86a275",
    "message_event_type": "SILENT",
    "message_message_identifier": "8ba518a2-4f2d-4998-92b4-bea8f7b11b05",
    "message_message_versioning": "v3",
    "message_optout_type": "",
    "message_os_version": "16.6.1",
    "message_platform": "ios",
    "message_timestamp": "2024-11-12T19:31:17.086771769Z"
  },
  {
    "message_message_uri": "",
    "timestamp_utc": "2024-08-28T02:28:54.684Z",
    "context_time": 1724812134684,
    "message_app_device_id": "55735f1c-0314-350a-a88d-113d5d2f65f5",
    "message_app_version": "887600704",
    "message_campaign_id": "SILENT_PUSH",
    "message_campaign_name": "",
    "message_environment": "",
    "message_event_id": "296876ea-d6f9-48bf-935e-b73019ce850c",
    "message_event_type": "SILENT",
    "message_message_identifier": "570bed90-dd71-4a7d-8af4-5a31e9a8ce3c",
    "message_message_versioning": "v3",
    "message_optout_type": "",
    "message_os_version": "16.6.1",
    "message_platform": "ios",
    "message_timestamp": "2024-08-28T02:28:54.684810196Z"
  },
  {
    "message_message_uri": "",
    "timestamp_utc": "2024-10-02T06:22:28.126Z",
    "context_time": 1727850148126,
    "message_app_device_id": "55735f1c-0314-350a-a88d-113d5d2f65f5",
    "message_app_version": "887600704",
    "message_campaign_id": "SILENT_PUSH",
    "message_campaign_name": "",
    "message_environment": "",
    "message_event_id": "41be7ccd-6d6d-43f5-95ed-bf371d3318f5",
    "message_event_type": "SILENT",
    "message_message_identifier": "cbc6008e-39bc-46cb-8174-fc9a5dc2e3ae",
    "message_message_versioning": "v3",
    "message_optout_type": "",
    "message_os_version": "16.6.1",
    "message_platform": "ios",
    "message_timestamp": "2024-10-02T06:22:28.126708088Z"
  },
  {
    "message_message_uri": "",
    "timestamp_utc": "2024-11-20T03:13:54.901Z",
    "context_time": 1732072434901,
    "message_app_device_id": "55735f1c-0314-350a-a88d-113d5d2f65f5",
    "message_app_version": "887600704",
    "message_campaign_id": "SILENT_PUSH",
    "message_campaign_name": "",
    "message_environment": "",
    "message_event_id": "5708629c-37f2-414f-ae12-06b447ff7bfd",
    "message_event_type": "SILENT",
    "message_message_identifier": "b93b6d0f-6bc1-4924-8164-dc3d919d1013",
    "message_message_versioning": "v3",
    "message_optout_type": "",
    "message_os_version": "16.6.1",
    "message_platform": "ios",
    "message_timestamp": "2024-11-20T03:13:54.901402545Z"
  },
  {
    "message_message_uri": "",
    "timestamp_utc": "2024-11-06T00:22:13.097Z",
    "context_time": 1730852533097,
    "message_app_device_id": "8ddcb866-b389-382d-98c0-7a9ff4060e45",
    "message_app_version": "898200628",
    "message_campaign_id": "SILENT_PUSH",
    "message_campaign_name": "",
    "message_environment": "",
    "message_event_id": "9ffac6a2-cd45-430b-a7d0-724ad8f1cbe6",
    "message_event_type": "SILENT",
    "message_message_identifier": "5a843e3d-b080-475f-8a49-2cd4d8108bf8",
    "message_message_versioning": "v3",
    "message_optout_type": "",
    "message_os_version": "18.0.1",
    "message_platform": "ios",
    "message_timestamp": "2024-11-06T00:22:13.097342666Z"
  },
  {
    "message_message_uri": "",
    "timestamp_utc": "2024-10-08T12:34:26.781Z",
    "context_time": 1728390866781,
    "message_app_device_id": "a5a21a94-20c4-3cb3-afac-e44153ca2832",
    "message_app_version": "858600000",
    "message_campaign_id": "SILENT_PUSH",
    "message_campaign_name": "",
    "message_environment": "",
    "message_event_id": "8d2886f9-03c3-4819-96ac-df4d2f9acf5d",
    "message_event_type": "SILENT",
    "message_message_identifier": "94d80533-99fa-44d6-9f0b-983b662c5469",
    "message_message_versioning": "v3",
    "message_optout_type": "",
    "message_os_version": "14.3.0",
    "message_platform": "ios",
    "message_timestamp": "2024-10-08T12:34:26.781493283Z"
  },
  {
    "message_message_uri": "",
    "timestamp_utc": "2024-09-25T20:03:07.671Z",
    "context_time": 1727294587671,
    "message_app_device_id": "55735f1c-0314-350a-a88d-113d5d2f65f5",
    "message_app_version": "887600704",
    "message_campaign_id": "SILENT_PUSH",
    "message_campaign_name": "",
    "message_environment": "",
    "message_event_id": "a326a5a4-cea2-44a3-aabe-23bd6077ebf6",
    "message_event_type": "SILENT",
    "message_message_identifier": "e02663d4-7cf1-46a2-812d-3de0c7948ce7",
    "message_message_versioning": "v3",
    "message_optout_type": "",
    "message_os_version": "16.6.1",
    "message_platform": "ios",
    "message_timestamp": "2024-09-25T20:03:07.671265397Z"
  },
  {
    "message_message_uri": "",
    "timestamp_utc": "2024-11-20T03:13:54.901Z",
    "context_time": 1732072434901,
    "message_app_device_id": "85bd8bbe-0968-36cd-a0b0-a0828fd41c80",
    "message_app_version": "899000084",
    "message_campaign_id": "SILENT_PUSH",
    "message_campaign_name": "",
    "message_environment": "",
    "message_event_id": "945fc2ed-e093-425c-864f-251d155cf572",
    "message_event_type": "SILENT",
    "message_message_identifier": "b93b6d0f-6bc1-4924-8164-dc3d919d1013",
    "message_message_versioning": "v3",
    "message_optout_type": "",
    "message_os_version": "18.0.1",
    "message_platform": "ios",
    "message_timestamp": "2024-11-20T03:13:54.901360319Z"
  },
  {
    "message_message_uri": "",
    "timestamp_utc": "2024-09-04T07:22:07.319Z",
    "context_time": 1725434527319,
    "message_app_device_id": "a5a21a94-20c4-3cb3-afac-e44153ca2832",
    "message_app_version": "858600000",
    "message_campaign_id": "SILENT_PUSH",
    "message_campaign_name": "",
    "message_environment": "",
    "message_event_id": "71b1697f-41f8-411a-b56b-9ca8b28a1e6a",
    "message_event_type": "SILENT",
    "message_message_identifier": "f2fd0e4c-330b-4e39-9793-451ba4d8e5dd",
    "message_message_versioning": "v3",
    "message_optout_type": "",
    "message_os_version": "14.3.0",
    "message_platform": "ios",
    "message_timestamp": "2024-09-04T07:22:07.319476415Z"
  },
  {
    "message_message_uri": "",
    "timestamp_utc": "2024-10-16T14:17:37.327Z",
    "context_time": 1729088257327,
    "message_app_device_id": "85bd8bbe-0968-36cd-a0b0-a0828fd41c80",
    "message_app_version": "898200628",
    "message_campaign_id": "SILENT_PUSH",
    "message_campaign_name": "",
    "message_environment": "",
    "message_event_id": "04f4231d-932e-4fa1-9f8d-baf311d2157e",
    "message_event_type": "SILENT",
    "message_message_identifier": "6c799a5d-5aa9-4a55-bafd-f33170ff5421",
    "message_message_versioning": "v3",
    "message_optout_type": "",
    "message_os_version": "18.0.1",
    "message_platform": "ios",
    "message_timestamp": "2024-10-16T14:17:37.327410768Z"
  },
  {
    "message_message_uri": "",
    "timestamp_utc": "2024-11-12T19:31:17.086Z",
    "context_time": 1731439877086,
    "message_app_device_id": "a5a21a94-20c4-3cb3-afac-e44153ca2832",
    "message_app_version": "858600000",
    "message_campaign_id": "SILENT_PUSH",
    "message_campaign_name": "",
    "message_environment": "",
    "message_event_id": "4f0c69be-6c74-4426-b744-03f527049a48",
    "message_event_type": "SILENT",
    "message_message_identifier": "8ba518a2-4f2d-4998-92b4-bea8f7b11b05",
    "message_message_versioning": "v3",
    "message_optout_type": "",
    "message_os_version": "14.3.0",
    "message_platform": "ios",
    "message_timestamp": "2024-11-12T19:31:17.086749919Z"
  },
  {
    "message_message_uri": "",
    "timestamp_utc": "2024-10-23T06:32:58.359Z",
    "context_time": 1729665178359,
    "message_app_device_id": "85bd8bbe-0968-36cd-a0b0-a0828fd41c80",
    "message_app_version": "898200628",
    "message_campaign_id": "SILENT_PUSH",
    "message_campaign_name": "",
    "message_environment": "",
    "message_event_id": "59222171-028e-49b9-811b-c98e646fd85e",
    "message_event_type": "SILENT",
    "message_message_identifier": "998e076e-6976-4dbb-998e-12a344ceb7c7",
    "message_message_versioning": "v3",
    "message_optout_type": "",
    "message_os_version": "18.0.1",
    "message_platform": "ios",
    "message_timestamp": "2024-10-23T06:32:58.359001716Z"
  },
  {
    "message_message_uri": "",
    "timestamp_utc": "2024-10-02T06:22:28.126Z",
    "context_time": 1727850148126,
    "message_app_device_id": "8ddcb866-b389-382d-98c0-7a9ff4060e45",
    "message_app_version": "897600516",
    "message_campaign_id": "SILENT_PUSH",
    "message_campaign_name": "",
    "message_environment": "",
    "message_event_id": "802c248d-2cae-473d-9b3b-135285b9d382",
    "message_event_type": "SILENT",
    "message_message_identifier": "cbc6008e-39bc-46cb-8174-fc9a5dc2e3ae",
    "message_message_versioning": "v3",
    "message_optout_type": "",
    "message_os_version": "18.0.0",
    "message_platform": "ios",
    "message_timestamp": "2024-10-02T06:22:28.126715858Z"
  },
  {
    "message_message_uri": "",
    "timestamp_utc": "2024-10-23T06:32:58.359Z",
    "context_time": 1729665178359,
    "message_app_device_id": "8ddcb866-b389-382d-98c0-7a9ff4060e45",
    "message_app_version": "898200628",
    "message_campaign_id": "SILENT_PUSH",
    "message_campaign_name": "",
    "message_environment": "",
    "message_event_id": "6dcdeb2f-b97f-454d-a414-79b2ba08c3e5",
    "message_event_type": "SILENT",
    "message_message_identifier": "998e076e-6976-4dbb-998e-12a344ceb7c7",
    "message_message_versioning": "v3",
    "message_optout_type": "",
    "message_os_version": "18.0.1",
    "message_platform": "ios",
    "message_timestamp": "2024-10-23T06:32:58.359006456Z"
  },
  {
    "message_message_uri": "",
    "timestamp_utc": "2024-09-04T07:22:07.319Z",
    "context_time": 1725434527319,
    "message_app_device_id": "85bd8bbe-0968-36cd-a0b0-a0828fd41c80",
    "message_app_version": "896800490",
    "message_campaign_id": "SILENT_PUSH",
    "message_campaign_name": "",
    "message_environment": "",
    "message_event_id": "5d5f71fd-48a6-4fc4-9856-ec0c07edc574",
    "message_event_type": "SILENT",
    "message_message_identifier": "f2fd0e4c-330b-4e39-9793-451ba4d8e5dd",
    "message_message_versioning": "v3",
    "message_optout_type": "",
    "message_os_version": "17.5.1",
    "message_platform": "ios",
    "message_timestamp": "2024-09-04T07:22:07.319491797Z"
  },
  {
    "message_message_uri": "",
    "timestamp_utc": "2024-09-04T07:22:07.319Z",
    "context_time": 1725434527319,
    "message_app_device_id": "8ddcb866-b389-382d-98c0-7a9ff4060e45",
    "message_app_version": "896800490",
    "message_campaign_id": "SILENT_PUSH",
    "message_campaign_name": "",
    "message_environment": "",
    "message_event_id": "86d4633c-5678-431a-a501-34d0b626df3b",
    "message_event_type": "SILENT",
    "message_message_identifier": "f2fd0e4c-330b-4e39-9793-451ba4d8e5dd",
    "message_message_versioning": "v3",
    "message_optout_type": "",
    "message_os_version": "17.5.1",
    "message_platform": "ios",
    "message_timestamp": "2024-09-04T07:22:07.319495377Z"
  },
  {
    "message_message_uri": "",
    "timestamp_utc": "2024-08-28T02:28:54.684Z",
    "context_time": 1724812134684,
    "message_app_device_id": "8ddcb866-b389-382d-98c0-7a9ff4060e45",
    "message_app_version": "896800490",
    "message_campaign_id": "SILENT_PUSH",
    "message_campaign_name": "",
    "message_environment": "",
    "message_event_id": "14c2d3a4-4dd9-4bb2-b2d2-19cc85c18108",
    "message_event_type": "SILENT",
    "message_message_identifier": "570bed90-dd71-4a7d-8af4-5a31e9a8ce3c",
    "message_message_versioning": "v3",
    "message_optout_type": "",
    "message_os_version": "17.5.1",
    "message_platform": "ios",
    "message_timestamp": "2024-08-28T02:28:54.684814828Z"
  },
  {
    "message_message_uri": "",
    "timestamp_utc": "2024-10-02T06:22:28.126Z",
    "context_time": 1727850148126,
    "message_app_device_id": "85bd8bbe-0968-36cd-a0b0-a0828fd41c80",
    "message_app_version": "897600516",
    "message_campaign_id": "SILENT_PUSH",
    "message_campaign_name": "",
    "message_environment": "",
    "message_event_id": "fc32c80e-f697-4d8a-acea-c56f0f59d2ed",
    "message_event_type": "SILENT",
    "message_message_identifier": "cbc6008e-39bc-46cb-8174-fc9a5dc2e3ae",
    "message_message_versioning": "v3",
    "message_optout_type": "",
    "message_os_version": "17.6.1",
    "message_platform": "ios",
    "message_timestamp": "2024-10-02T06:22:28.126695591Z"
  },
  {
    "message_message_uri": "",
    "timestamp_utc": "2024-09-25T20:03:07.671Z",
    "context_time": 1727294587671,
    "message_app_device_id": "8ddcb866-b389-382d-98c0-7a9ff4060e45",
    "message_app_version": "897600516",
    "message_campaign_id": "SILENT_PUSH",
    "message_campaign_name": "",
    "message_environment": "",
    "message_event_id": "42d40ce8-4f6a-45da-8040-868164bc52c7",
    "message_event_type": "SILENT",
    "message_message_identifier": "e02663d4-7cf1-46a2-812d-3de0c7948ce7",
    "message_message_versioning": "v3",
    "message_optout_type": "",
    "message_os_version": "18.0.0",
    "message_platform": "ios",
    "message_timestamp": "2024-09-25T20:03:07.671278957Z"
  },
  {
    "message_message_uri": "",
    "timestamp_utc": "2024-09-25T20:03:07.671Z",
    "context_time": 1727294587671,
    "message_app_device_id": "85bd8bbe-0968-36cd-a0b0-a0828fd41c80",
    "message_app_version": "897600516",
    "message_campaign_id": "SILENT_PUSH",
    "message_campaign_name": "",
    "message_environment": "",
    "message_event_id": "d405ccb2-2529-466e-8090-89c18851acb2",
    "message_event_type": "SILENT",
    "message_message_identifier": "e02663d4-7cf1-46a2-812d-3de0c7948ce7",
    "message_message_versioning": "v3",
    "message_optout_type": "",
    "message_os_version": "17.6.1",
    "message_platform": "ios",
    "message_timestamp": "2024-09-25T20:03:07.671281237Z"
  },
  {
    "message_message_uri": "",
    "timestamp_utc": "2024-09-17T12:57:17.622Z",
    "context_time": 1726577837622,
    "message_app_device_id": "85bd8bbe-0968-36cd-a0b0-a0828fd41c80",
    "message_app_version": "897400535",
    "message_campaign_id": "SILENT_PUSH",
    "message_campaign_name": "",
    "message_environment": "",
    "message_event_id": "0f85b7ea-abf7-40c3-a3db-f59481bc405c",
    "message_event_type": "SILENT",
    "message_message_identifier": "f41eb2e9-ae31-4cc9-a717-8d88be50e12d",
    "message_message_versioning": "v3",
    "message_optout_type": "",
    "message_os_version": "17.6.1",
    "message_platform": "ios",
    "message_timestamp": "2024-09-17T12:57:17.622659970Z"
  },
  {
    "message_message_uri": "",
    "timestamp_utc": "2024-10-30T00:50:13.141Z",
    "context_time": 1730249413141,
    "message_app_device_id": "8ddcb866-b389-382d-98c0-7a9ff4060e45",
    "message_app_version": "898200628",
    "message_campaign_id": "SILENT_PUSH",
    "message_campaign_name": "",
    "message_environment": "",
    "message_event_id": "51d0c7b2-0a21-40eb-8325-dd638961c84d",
    "message_event_type": "SILENT",
    "message_message_identifier": "e0c61da7-18f4-435e-9241-02b6a6cbeaea",
    "message_message_versioning": "v3",
    "message_optout_type": "",
    "message_os_version": "18.0.1",
    "message_platform": "ios",
    "message_timestamp": "2024-10-30T00:50:13.141409642Z"
  },
  {
    "message_message_uri": "",
    "timestamp_utc": "2024-10-23T06:32:58.359Z",
    "context_time": 1729665178359,
    "message_app_device_id": "a5a21a94-20c4-3cb3-afac-e44153ca2832",
    "message_app_version": "858600000",
    "message_campaign_id": "SILENT_PUSH",
    "message_campaign_name": "",
    "message_environment": "",
    "message_event_id": "22dfcafc-d8c1-4bbc-95b7-640415a31d92",
    "message_event_type": "SILENT",
    "message_message_identifier": "998e076e-6976-4dbb-998e-12a344ceb7c7",
    "message_message_versioning": "v3",
    "message_optout_type": "",
    "message_os_version": "14.3.0",
    "message_platform": "ios",
    "message_timestamp": "2024-10-23T06:32:58.359004116Z"
  },
  {
    "message_message_uri": "",
    "timestamp_utc": "2024-10-08T12:34:26.781Z",
    "context_time": 1728390866781,
    "message_app_device_id": "55735f1c-0314-350a-a88d-113d5d2f65f5",
    "message_app_version": "887600704",
    "message_campaign_id": "SILENT_PUSH",
    "message_campaign_name": "",
    "message_environment": "",
    "message_event_id": "9890e45e-06ec-4842-b83f-14bf7b5505d2",
    "message_event_type": "SILENT",
    "message_message_identifier": "94d80533-99fa-44d6-9f0b-983b662c5469",
    "message_message_versioning": "v3",
    "message_optout_type": "",
    "message_os_version": "16.6.1",
    "message_platform": "ios",
    "message_timestamp": "2024-10-08T12:34:26.781435133Z"
  },
  {
    "message_message_uri": "",
    "timestamp_utc": "2024-10-30T00:50:13.141Z",
    "context_time": 1730249413141,
    "message_app_device_id": "55735f1c-0314-350a-a88d-113d5d2f65f5",
    "message_app_version": "887600704",
    "message_campaign_id": "SILENT_PUSH",
    "message_campaign_name": "",
    "message_environment": "",
    "message_event_id": "6069c8e9-bbf8-4a0b-80d8-b34f10eddffd",
    "message_event_type": "SILENT",
    "message_message_identifier": "e0c61da7-18f4-435e-9241-02b6a6cbeaea",
    "message_message_versioning": "v3",
    "message_optout_type": "",
    "message_os_version": "16.6.1",
    "message_platform": "ios",
    "message_timestamp": "2024-10-30T00:50:13.141405542Z"
  },
  {
    "message_message_uri": "",
    "timestamp_utc": "2024-09-17T12:57:17.622Z",
    "context_time": 1726577837622,
    "message_app_device_id": "55735f1c-0314-350a-a88d-113d5d2f65f5",
    "message_app_version": "887600704",
    "message_campaign_id": "SILENT_PUSH",
    "message_campaign_name": "",
    "message_environment": "",
    "message_event_id": "4a427295-81c4-45d0-a288-a6babe9cdfb0",
    "message_event_type": "SILENT",
    "message_message_identifier": "f41eb2e9-ae31-4cc9-a717-8d88be50e12d",
    "message_message_versioning": "v3",
    "message_optout_type": "",
    "message_os_version": "16.6.1",
    "message_platform": "ios",
    "message_timestamp": "2024-09-17T12:57:17.622645003Z"
  }
]