[
  {
    "timestamp_utc": "2024-11-06T01:35:54.761Z",
    "context_time": 1730856954761,
    "message_action": "TRANSFER",
    "message_content_type": "MUSIC",
    "message_feature_identifier": "jumpstart",
    "message_has_tts_intro": false,
    "message_interaction_id": "897B96F0-1741-4BFA-94DE-EFCD26267CD3",
    "message_player_state_status": "PLAYING",
    "message_previous_content_type": null,
    "message_previous_context_uri": null,
    "message_previous_playback_device_id": null,
    "message_recommendation_context_uri": null,
    "message_request_id": "",
    "message_result": "SUCCESS",
    "message_target_device_id": null,
    "message_user_context": [
      "car"
    ]
  },
  {
    "timestamp_utc": "2024-10-07T16:42:20.476Z",
    "context_time": 1728319340476,
    "message_action": "RESUME",
    "message_content_type": "MUSIC",
    "message_feature_identifier": "jumpstart",
    "message_has_tts_intro": false,
    "message_interaction_id": "F537C830-F633-4CB5-952A-1DC50E0666C1",
    "message_player_state_status": "PAUSED",
    "message_previous_content_type": null,
    "message_previous_context_uri": null,
    "message_previous_playback_device_id": null,
    "message_recommendation_context_uri": null,
    "message_request_id": "",
    "message_result": "SUCCESS",
    "message_target_device_id": null,
    "message_user_context": [
      "car"
    ]
  },
  {
    "timestamp_utc": "2024-10-16T16:29:49.856Z",
    "context_time": 1729096189856,
    "message_action": "RESUME",
    "message_content_type": "MUSIC",
    "message_feature_identifier": "jumpstart",
    "message_has_tts_intro": false,
    "message_interaction_id": "83E19380-1CEC-455E-BC4D-28F3B9E0607C",
    "message_player_state_status": "PAUSED",
    "message_previous_content_type": null,
    "message_previous_context_uri": null,
    "message_previous_playback_device_id": null,
    "message_recommendation_context_uri": null,
    "message_request_id": "",
    "message_result": "SUCCESS",
    "message_target_device_id": null,
    "message_user_context": [
      "car"
    ]
  },
  {
    "timestamp_utc": "2024-10-15T22:06:43.777Z",
    "context_time": 1729030003777,
    "message_action": "RESUME",
    "message_content_type": "MUSIC",
    "message_feature_identifier": "jumpstart",
    "message_has_tts_intro": false,
    "message_interaction_id": "8EAEDE44-4BC1-4D9D-B628-C8F3C95D8949",
    "message_player_state_status": "PAUSED",
    "message_previous_content_type": null,
    "message_previous_context_uri": null,
    "message_previous_playback_device_id": null,
    "message_recommendation_context_uri": null,
    "message_request_id": "",
    "message_result": "SUCCESS",
    "message_target_device_id": null,
    "message_user_context": [
      "car"
    ]
  },
  {
    "timestamp_utc": "2024-10-04T21:18:44.879Z",
    "context_time": 1728076724879,
    "message_action": "RESUME",
    "message_content_type": "MUSIC",
    "message_feature_identifier": "jumpstart",
    "message_has_tts_intro": false,
    "message_interaction_id": "3B15D6D9-93E0-4272-8222-29CF97E5F9CC",
    "message_player_state_status": "PAUSED",
    "message_previous_content_type": null,
    "message_previous_context_uri": null,
    "message_previous_playback_device_id": null,
    "message_recommendation_context_uri": null,
    "message_request_id": "",
    "message_result": "SUCCESS",
    "message_target_device_id": null,
    "message_user_context": [
      "car"
    ]
  },
  {
    "timestamp_utc": "2024-10-14T23:36:21.539Z",
    "context_time": 1728948981539,
    "message_action": "RESUME",
    "message_content_type": "MUSIC",
    "message_feature_identifier": "jumpstart",
    "message_has_tts_intro": false,
    "message_interaction_id": "31F8D258-CDBB-4750-8B74-B179F9595C06",
    "message_player_state_status": "PAUSED",
    "message_previous_content_type": null,
    "message_previous_context_uri": null,
    "message_previous_playback_device_id": null,
    "message_recommendation_context_uri": null,
    "message_request_id": "",
    "message_result": "SUCCESS",
    "message_target_device_id": null,
    "message_user_context": [
      "car"
    ]
  },
  {
    "timestamp_utc": "2024-10-11T16:36:52.396Z",
    "context_time": 1728664612396,
    "message_action": "RESUME",
    "message_content_type": "MUSIC",
    "message_feature_identifier": "jumpstart",
    "message_has_tts_intro": false,
    "message_interaction_id": "F6629B82-7E57-455A-87C4-7C0A976DDE6B",
    "message_player_state_status": "PAUSED",
    "message_previous_content_type": null,
    "message_previous_context_uri": null,
    "message_previous_playback_device_id": null,
    "message_recommendation_context_uri": null,
    "message_request_id": "",
    "message_result": "SUCCESS",
    "message_target_device_id": null,
    "message_user_context": [
      "car"
    ]
  },
  {
    "timestamp_utc": "2024-10-23T00:04:00.125Z",
    "context_time": 1729641840125,
    "message_action": "RESUME",
    "message_content_type": "MUSIC",
    "message_feature_identifier": "jumpstart",
    "message_has_tts_intro": false,
    "message_interaction_id": "E4D691EF-DFC8-4EE9-8694-88822CF236CA",
    "message_player_state_status": "PAUSED",
    "message_previous_content_type": null,
    "message_previous_context_uri": null,
    "message_previous_playback_device_id": null,
    "message_recommendation_context_uri": null,
    "message_request_id": "",
    "message_result": "SUCCESS",
    "message_target_device_id": null,
    "message_user_context": [
      "car"
    ]
  },
  {
    "timestamp_utc": "2024-11-13T19:03:00.101Z",
    "context_time": 1731524580101,
    "message_action": "RESUME",
    "message_content_type": "MUSIC",
    "message_feature_identifier": "jumpstart",
    "message_has_tts_intro": false,
    "message_interaction_id": "59FDAB58-C8E8-48FE-B268-02D34DC3BB83",
    "message_player_state_status": "PAUSED",
    "message_previous_content_type": null,
    "message_previous_context_uri": null,
    "message_previous_playback_device_id": null,
    "message_recommendation_context_uri": null,
    "message_request_id": "",
    "message_result": "SUCCESS",
    "message_target_device_id": null,
    "message_user_context": [
      "car"
    ]
  },
  {
    "timestamp_utc": "2024-11-15T18:57:21.098Z",
    "context_time": 1731697041098,
    "message_action": "RESUME",
    "message_content_type": "MUSIC",
    "message_feature_identifier": "jumpstart",
    "message_has_tts_intro": false,
    "message_interaction_id": "1DD26554-E561-4BD6-BC1F-0285B638A3AB",
    "message_player_state_status": "PAUSED",
    "message_previous_content_type": null,
    "message_previous_context_uri": null,
    "message_previous_playback_device_id": null,
    "message_recommendation_context_uri": null,
    "message_request_id": "",
    "message_result": "SUCCESS",
    "message_target_device_id": null,
    "message_user_context": [
      "car"
    ]
  },
  {
    "timestamp_utc": "2024-10-07T15:09:29.261Z",
    "context_time": 1728313769261,
    "message_action": "PLAY",
    "message_content_type": "MUSIC",
    "message_feature_identifier": "jumpstart",
    "message_has_tts_intro": false,
    "message_interaction_id": "654366E3-5AC6-4052-95E0-2B777D76D20B",
    "message_player_state_status": "PLAYING",
    "message_previous_content_type": null,
    "message_previous_context_uri": null,
    "message_previous_playback_device_id": null,
    "message_recommendation_context_uri": null,
    "message_request_id": "",
    "message_result": "SUCCESS",
    "message_target_device_id": null,
    "message_user_context": [
      "car"
    ]
  },
  {
    "timestamp_utc": "2024-11-02T19:57:58.427Z",
    "context_time": 1730577478427,
    "message_action": "RESUME",
    "message_content_type": "MUSIC",
    "message_feature_identifier": "jumpstart",
    "message_has_tts_intro": false,
    "message_interaction_id": "F6CBB8A6-97CD-4C3C-B12B-AD046A383D7B",
    "message_player_state_status": "PAUSED",
    "message_previous_content_type": null,
    "message_previous_context_uri": null,
    "message_previous_playback_device_id": null,
    "message_recommendation_context_uri": null,
    "message_request_id": "",
    "message_result": "SUCCESS",
    "message_target_device_id": null,
    "message_user_context": [
      "car"
    ]
  },
  {
    "timestamp_utc": "2024-10-18T00:26:47.428Z",
    "context_time": 1729211207428,
    "message_action": "RESUME",
    "message_content_type": "MUSIC",
    "message_feature_identifier": "jumpstart",
    "message_has_tts_intro": false,
    "message_interaction_id": "A36CE972-FA94-4301-BD99-42FFA8ABFF7F",
    "message_player_state_status": "PAUSED",
    "message_previous_content_type": null,
    "message_previous_context_uri": null,
    "message_previous_playback_device_id": null,
    "message_recommendation_context_uri": null,
    "message_request_id": "",
    "message_result": "SUCCESS",
    "message_target_device_id": null,
    "message_user_context": [
      "car"
    ]
  },
  {
    "timestamp_utc": "2024-10-16T20:51:20.102Z",
    "context_time": 1729111880102,
    "message_action": "RESUME",
    "message_content_type": "MUSIC",
    "message_feature_identifier": "jumpstart",
    "message_has_tts_intro": false,
    "message_interaction_id": "E25E834F-F7F9-4BAF-9F0D-A8E83954F944",
    "message_player_state_status": "PAUSED",
    "message_previous_content_type": null,
    "message_previous_context_uri": null,
    "message_previous_playback_device_id": null,
    "message_recommendation_context_uri": null,
    "message_request_id": "",
    "message_result": "SUCCESS",
    "message_target_device_id": null,
    "message_user_context": [
      "car"
    ]
  },
  {
    "timestamp_utc": "2024-10-14T00:19:50.719Z",
    "context_time": 1728865190719,
    "message_action": "PLAY",
    "message_content_type": "MUSIC",
    "message_feature_identifier": "spotify-go",
    "message_has_tts_intro": false,
    "message_interaction_id": "A555DB66-D6AE-4448-9DD3-4A4139D99D14",
    "message_player_state_status": "PLAYING",
    "message_previous_content_type": null,
    "message_previous_context_uri": null,
    "message_previous_playback_device_id": null,
    "message_recommendation_context_uri": null,
    "message_request_id": "",
    "message_result": "SUCCESS",
    "message_target_device_id": null,
    "message_user_context": [
      "headphones"
    ]
  },
  {
    "timestamp_utc": "2024-10-13T17:48:41.035Z",
    "context_time": 1728841721035,
    "message_action": "RESUME",
    "message_content_type": "MUSIC",
    "message_feature_identifier": "jumpstart",
    "message_has_tts_intro": false,
    "message_interaction_id": "8A8A9CAC-57E3-41E8-A49E-923D9AD9B8A4",
    "message_player_state_status": "PAUSED",
    "message_previous_content_type": null,
    "message_previous_context_uri": null,
    "message_previous_playback_device_id": null,
    "message_recommendation_context_uri": null,
    "message_request_id": "",
    "message_result": "SUCCESS",
    "message_target_device_id": null,
    "message_user_context": [
      "car"
    ]
  },
  {
    "timestamp_utc": "2024-11-08T17:28:51.765Z",
    "context_time": 1731086931765,
    "message_action": "RESUME",
    "message_content_type": "MUSIC",
    "message_feature_identifier": "jumpstart",
    "message_has_tts_intro": false,
    "message_interaction_id": "0FE3FDB7-0C5D-44B2-AB3B-2351E02E0F29",
    "message_player_state_status": "PAUSED",
    "message_previous_content_type": null,
    "message_previous_context_uri": null,
    "message_previous_playback_device_id": null,
    "message_recommendation_context_uri": null,
    "message_request_id": "",
    "message_result": "SUCCESS",
    "message_target_device_id": null,
    "message_user_context": [
      "car"
    ]
  },
  {
    "timestamp_utc": "2024-10-21T16:42:40.487Z",
    "context_time": 1729528960487,
    "message_action": "RESUME",
    "message_content_type": "MUSIC",
    "message_feature_identifier": "jumpstart",
    "message_has_tts_intro": false,
    "message_interaction_id": "451E0294-5567-4AA7-8B0B-75FE2163DB27",
    "message_player_state_status": "PAUSED",
    "message_previous_content_type": null,
    "message_previous_context_uri": null,
    "message_previous_playback_device_id": null,
    "message_recommendation_context_uri": null,
    "message_request_id": "",
    "message_result": "SUCCESS",
    "message_target_device_id": null,
    "message_user_context": [
      "car"
    ]
  },
  {
    "timestamp_utc": "2024-10-18T17:58:14.955Z",
    "context_time": 1729274294955,
    "message_action": "RESUME",
    "message_content_type": "MUSIC",
    "message_feature_identifier": "jumpstart",
    "message_has_tts_intro": false,
    "message_interaction_id": "0BE132D4-50C6-444E-B572-B2B806770617",
    "message_player_state_status": "PAUSED",
    "message_previous_content_type": null,
    "message_previous_context_uri": null,
    "message_previous_playback_device_id": null,
    "message_recommendation_context_uri": null,
    "message_request_id": "",
    "message_result": "SUCCESS",
    "message_target_device_id": null,
    "message_user_context": [
      "car"
    ]
  },
  {
    "timestamp_utc": "2024-11-18T17:28:00.777Z",
    "context_time": 1731950880777,
    "message_action": "RESUME",
    "message_content_type": "MUSIC",
    "message_feature_identifier": "jumpstart",
    "message_has_tts_intro": false,
    "message_interaction_id": "C4D81D0A-CC4D-44D2-A2B7-1A9FEF805558",
    "message_player_state_status": "PAUSED",
    "message_previous_content_type": null,
    "message_previous_context_uri": null,
    "message_previous_playback_device_id": null,
    "message_recommendation_context_uri": null,
    "message_request_id": "",
    "message_result": "SUCCESS",
    "message_target_device_id": null,
    "message_user_context": [
      "car"
    ]
  },
  {
    "timestamp_utc": "2024-10-21T20:10:33.833Z",
    "context_time": 1729541433833,
    "message_action": "RESUME",
    "message_content_type": "MUSIC",
    "message_feature_identifier": "jumpstart",
    "message_has_tts_intro": false,
    "message_interaction_id": "4A79AE7C-CFDF-46D2-AC16-E593C95F962A",
    "message_player_state_status": "PAUSED",
    "message_previous_content_type": null,
    "message_previous_context_uri": null,
    "message_previous_playback_device_id": null,
    "message_recommendation_context_uri": null,
    "message_request_id": "",
    "message_result": "SUCCESS",
    "message_target_device_id": null,
    "message_user_context": [
      "car"
    ]
  },
  {
    "timestamp_utc": "2024-10-23T02:28:32.740Z",
    "context_time": 1729650512740,
    "message_action": "RESUME",
    "message_content_type": "MUSIC",
    "message_feature_identifier": "jumpstart",
    "message_has_tts_intro": false,
    "message_interaction_id": "BF1D3B0A-D0DF-455E-87D9-03D02E7273C1",
    "message_player_state_status": "PAUSED",
    "message_previous_content_type": null,
    "message_previous_context_uri": null,
    "message_previous_playback_device_id": null,
    "message_recommendation_context_uri": null,
    "message_request_id": "",
    "message_result": "SUCCESS",
    "message_target_device_id": null,
    "message_user_context": [
      "car"
    ]
  },
  {
    "timestamp_utc": "2024-10-31T17:21:03.706Z",
    "context_time": 1730395263706,
    "message_action": "RESUME",
    "message_content_type": "MUSIC",
    "message_feature_identifier": "jumpstart",
    "message_has_tts_intro": false,
    "message_interaction_id": "C8A72B96-533C-4948-83B1-46AF09B968A2",
    "message_player_state_status": "PAUSED",
    "message_previous_content_type": null,
    "message_previous_context_uri": null,
    "message_previous_playback_device_id": null,
    "message_recommendation_context_uri": null,
    "message_request_id": "",
    "message_result": "SUCCESS",
    "message_target_device_id": null,
    "message_user_context": [
      "car"
    ]
  },
  {
    "timestamp_utc": "2024-11-11T17:14:21.375Z",
    "context_time": 1731345261375,
    "message_action": "RESUME",
    "message_content_type": "MUSIC",
    "message_feature_identifier": "jumpstart",
    "message_has_tts_intro": false,
    "message_interaction_id": "254DC1A0-0FFC-485D-B9A0-883105848904",
    "message_player_state_status": "PAUSED",
    "message_previous_content_type": null,
    "message_previous_context_uri": null,
    "message_previous_playback_device_id": null,
    "message_recommendation_context_uri": null,
    "message_request_id": "",
    "message_result": "SUCCESS",
    "message_target_device_id": null,
    "message_user_context": [
      "car"
    ]
  },
  {
    "timestamp_utc": "2024-10-29T03:21:27.580Z",
    "context_time": 1730172087580,
    "message_action": "TRANSFER",
    "message_content_type": "MUSIC",
    "message_feature_identifier": "jumpstart",
    "message_has_tts_intro": false,
    "message_interaction_id": "C3E44BF3-6C76-4C53-A8FA-8591C97E9005",
    "message_player_state_status": "PLAYING",
    "message_previous_content_type": null,
    "message_previous_context_uri": null,
    "message_previous_playback_device_id": null,
    "message_recommendation_context_uri": null,
    "message_request_id": "",
    "message_result": "SUCCESS",
    "message_target_device_id": null,
    "message_user_context": [
      "car"
    ]
  },
  {
    "timestamp_utc": "2024-11-10T01:12:43.638Z",
    "context_time": 1731201163638,
    "message_action": "RESUME",
    "message_content_type": "MUSIC",
    "message_feature_identifier": "jumpstart",
    "message_has_tts_intro": false,
    "message_interaction_id": "F142C655-C01F-40FB-AE86-5AA87262162A",
    "message_player_state_status": "PAUSED",
    "message_previous_content_type": null,
    "message_previous_context_uri": null,
    "message_previous_playback_device_id": null,
    "message_recommendation_context_uri": null,
    "message_request_id": "",
    "message_result": "SUCCESS",
    "message_target_device_id": null,
    "message_user_context": [
      "car"
    ]
  },
  {
    "timestamp_utc": "2024-11-15T20:33:30.705Z",
    "context_time": 1731702810705,
    "message_action": "RESUME",
    "message_content_type": "MUSIC",
    "message_feature_identifier": "jumpstart",
    "message_has_tts_intro": false,
    "message_interaction_id": "7FB7F03C-E3F1-4767-94CA-0DE0B90D3E45",
    "message_player_state_status": "PAUSED",
    "message_previous_content_type": null,
    "message_previous_context_uri": null,
    "message_previous_playback_device_id": null,
    "message_recommendation_context_uri": null,
    "message_request_id": "",
    "message_result": "SUCCESS",
    "message_target_device_id": null,
    "message_user_context": [
      "car"
    ]
  },
  {
    "timestamp_utc": "2024-11-06T17:20:32.737Z",
    "context_time": 1730913632737,
    "message_action": "RESUME",
    "message_content_type": "MUSIC",
    "message_feature_identifier": "jumpstart",
    "message_has_tts_intro": false,
    "message_interaction_id": "E4659CCA-AC2C-45D8-AB46-AA375E3960CD",
    "message_player_state_status": "PAUSED",
    "message_previous_content_type": null,
    "message_previous_context_uri": null,
    "message_previous_playback_device_id": null,
    "message_recommendation_context_uri": null,
    "message_request_id": "",
    "message_result": "SUCCESS",
    "message_target_device_id": null,
    "message_user_context": [
      "car"
    ]
  },
  {
    "timestamp_utc": "2024-10-02T16:36:49.914Z",
    "context_time": 1727887009914,
    "message_action": "RESUME",
    "message_content_type": "MUSIC",
    "message_feature_identifier": "jumpstart",
    "message_has_tts_intro": false,
    "message_interaction_id": "6B10882D-7E1C-4CB7-A03A-398DC4B603ED",
    "message_player_state_status": "PAUSED",
    "message_previous_content_type": null,
    "message_previous_context_uri": null,
    "message_previous_playback_device_id": null,
    "message_recommendation_context_uri": null,
    "message_request_id": "",
    "message_result": "SUCCESS",
    "message_target_device_id": null,
    "message_user_context": [
      "car"
    ]
  },
  {
    "timestamp_utc": "2024-11-03T21:38:26.649Z",
    "context_time": 1730669906649,
    "message_action": "RESUME",
    "message_content_type": "MUSIC",
    "message_feature_identifier": "jumpstart",
    "message_has_tts_intro": false,
    "message_interaction_id": "0394B8E3-91F0-45AB-B8E9-E6C58403EFA1",
    "message_player_state_status": "PAUSED",
    "message_previous_content_type": null,
    "message_previous_context_uri": null,
    "message_previous_playback_device_id": null,
    "message_recommendation_context_uri": null,
    "message_request_id": "",
    "message_result": "SUCCESS",
    "message_target_device_id": null,
    "message_user_context": [
      "car"
    ]
  },
  {
    "timestamp_utc": "2024-10-12T00:01:49.763Z",
    "context_time": 1728691309763,
    "message_action": "RESUME",
    "message_content_type": "MUSIC",
    "message_feature_identifier": "jumpstart",
    "message_has_tts_intro": false,
    "message_interaction_id": "BD67532F-CC51-41F2-84C5-72F099A0E701",
    "message_player_state_status": "PAUSED",
    "message_previous_content_type": null,
    "message_previous_context_uri": null,
    "message_previous_playback_device_id": null,
    "message_recommendation_context_uri": null,
    "message_request_id": "",
    "message_result": "SUCCESS",
    "message_target_device_id": null,
    "message_user_context": [
      "car"
    ]
  },
  {
    "timestamp_utc": "2024-10-22T02:07:39.430Z",
    "context_time": 1729562859430,
    "message_action": "RESUME",
    "message_content_type": "MUSIC",
    "message_feature_identifier": "jumpstart",
    "message_has_tts_intro": false,
    "message_interaction_id": "E4D1037D-809D-4A8B-86CA-539020026D33",
    "message_player_state_status": "PAUSED",
    "message_previous_content_type": null,
    "message_previous_context_uri": null,
    "message_previous_playback_device_id": null,
    "message_recommendation_context_uri": null,
    "message_request_id": "",
    "message_result": "SUCCESS",
    "message_target_device_id": null,
    "message_user_context": [
      "car"
    ]
  },
  {
    "timestamp_utc": "2024-11-06T00:53:49.257Z",
    "context_time": 1730854429257,
    "message_action": "RESUME",
    "message_content_type": "MUSIC",
    "message_feature_identifier": "jumpstart",
    "message_has_tts_intro": false,
    "message_interaction_id": "35E360CC-EAED-4EF9-8468-FE81B0C05F53",
    "message_player_state_status": "PAUSED",
    "message_previous_content_type": null,
    "message_previous_context_uri": null,
    "message_previous_playback_device_id": null,
    "message_recommendation_context_uri": null,
    "message_request_id": "",
    "message_result": "SUCCESS",
    "message_target_device_id": null,
    "message_user_context": [
      "car"
    ]
  },
  {
    "timestamp_utc": "2024-11-08T18:57:35.482Z",
    "context_time": 1731092255482,
    "message_action": "RESUME",
    "message_content_type": "MUSIC",
    "message_feature_identifier": "jumpstart",
    "message_has_tts_intro": false,
    "message_interaction_id": "D4B1A202-52BC-4A51-95E8-B3BB471BDD34",
    "message_player_state_status": "PAUSED",
    "message_previous_content_type": null,
    "message_previous_context_uri": null,
    "message_previous_playback_device_id": null,
    "message_recommendation_context_uri": null,
    "message_request_id": "",
    "message_result": "SUCCESS",
    "message_target_device_id": null,
    "message_user_context": [
      "car"
    ]
  },
  {
    "timestamp_utc": "2024-10-25T16:47:36.637Z",
    "context_time": 1729874856637,
    "message_action": "RESUME",
    "message_content_type": "MUSIC",
    "message_feature_identifier": "jumpstart",
    "message_has_tts_intro": false,
    "message_interaction_id": "FDB0DCB3-A890-4774-B877-CC0A80C82B65",
    "message_player_state_status": "PAUSED",
    "message_previous_content_type": null,
    "message_previous_context_uri": null,
    "message_previous_playback_device_id": null,
    "message_recommendation_context_uri": null,
    "message_request_id": "",
    "message_result": "SUCCESS",
    "message_target_device_id": null,
    "message_user_context": [
      "car"
    ]
  },
  {
    "timestamp_utc": "2024-10-09T21:13:58.971Z",
    "context_time": 1728508438971,
    "message_action": "RESUME",
    "message_content_type": "MUSIC",
    "message_feature_identifier": "jumpstart",
    "message_has_tts_intro": false,
    "message_interaction_id": "69B0C739-1F90-4278-BCA7-FE9D05C1B816",
    "message_player_state_status": "PAUSED",
    "message_previous_content_type": null,
    "message_previous_context_uri": null,
    "message_previous_playback_device_id": null,
    "message_recommendation_context_uri": null,
    "message_request_id": "",
    "message_result": "SUCCESS",
    "message_target_device_id": null,
    "message_user_context": [
      "car"
    ]
  },
  {
    "timestamp_utc": "2024-10-16T21:13:20.447Z",
    "context_time": 1729113200447,
    "message_action": "RESUME",
    "message_content_type": "MUSIC",
    "message_feature_identifier": "jumpstart",
    "message_has_tts_intro": false,
    "message_interaction_id": "F4A4EBCB-CDBA-4D00-8DEE-1A54BB56B4D2",
    "message_player_state_status": "PAUSED",
    "message_previous_content_type": null,
    "message_previous_context_uri": null,
    "message_previous_playback_device_id": null,
    "message_recommendation_context_uri": null,
    "message_request_id": "",
    "message_result": "SUCCESS",
    "message_target_device_id": null,
    "message_user_context": [
      "car"
    ]
  },
  {
    "timestamp_utc": "2024-11-13T01:16:50.264Z",
    "context_time": 1731460610264,
    "message_action": "PLAY",
    "message_content_type": "MUSIC",
    "message_feature_identifier": "jumpstart",
    "message_has_tts_intro": false,
    "message_interaction_id": "DFD76848-0341-4D3D-8C03-0CE896F66C48",
    "message_player_state_status": "PLAYING",
    "message_previous_content_type": null,
    "message_previous_context_uri": null,
    "message_previous_playback_device_id": null,
    "message_recommendation_context_uri": null,
    "message_request_id": "",
    "message_result": "SUCCESS",
    "message_target_device_id": null,
    "message_user_context": [
      "car"
    ]
  },
  {
    "timestamp_utc": "2024-11-12T04:26:10.875Z",
    "context_time": 1731385570875,
    "message_action": "RESUME",
    "message_content_type": "MUSIC",
    "message_feature_identifier": "jumpstart",
    "message_has_tts_intro": false,
    "message_interaction_id": "E289E5B4-0294-44B5-B6A6-F02AA3D8A1DD",
    "message_player_state_status": "PAUSED",
    "message_previous_content_type": null,
    "message_previous_context_uri": null,
    "message_previous_playback_device_id": null,
    "message_recommendation_context_uri": null,
    "message_request_id": "",
    "message_result": "SUCCESS",
    "message_target_device_id": null,
    "message_user_context": [
      "car"
    ]
  },
  {
    "timestamp_utc": "2024-10-23T19:54:57.845Z",
    "context_time": 1729713297845,
    "message_action": "RESUME",
    "message_content_type": "MUSIC",
    "message_feature_identifier": "jumpstart",
    "message_has_tts_intro": false,
    "message_interaction_id": "CAA27C1F-64CD-478C-9BD3-08E0F5D28804",
    "message_player_state_status": "PAUSED",
    "message_previous_content_type": null,
    "message_previous_context_uri": null,
    "message_previous_playback_device_id": null,
    "message_recommendation_context_uri": null,
    "message_request_id": "",
    "message_result": "SUCCESS",
    "message_target_device_id": null,
    "message_user_context": [
      "car"
    ]
  },
  {
    "timestamp_utc": "2024-10-16T02:27:38.771Z",
    "context_time": 1729045658771,
    "message_action": "RESUME",
    "message_content_type": "MUSIC",
    "message_feature_identifier": "jumpstart",
    "message_has_tts_intro": false,
    "message_interaction_id": "7CF16FD3-260A-48BC-BCEB-A739F36AD06A",
    "message_player_state_status": "PAUSED",
    "message_previous_content_type": null,
    "message_previous_context_uri": null,
    "message_previous_playback_device_id": null,
    "message_recommendation_context_uri": null,
    "message_request_id": "",
    "message_result": "SUCCESS",
    "message_target_device_id": null,
    "message_user_context": [
      "car"
    ]
  },
  {
    "timestamp_utc": "2024-10-08T00:37:28.209Z",
    "context_time": 1728347848209,
    "message_action": "RESUME",
    "message_content_type": "MUSIC",
    "message_feature_identifier": "jumpstart",
    "message_has_tts_intro": false,
    "message_interaction_id": "84BA67A3-6B78-4434-8A31-AFE3679563E9",
    "message_player_state_status": "PAUSED",
    "message_previous_content_type": null,
    "message_previous_context_uri": null,
    "message_previous_playback_device_id": null,
    "message_recommendation_context_uri": null,
    "message_request_id": "",
    "message_result": "SUCCESS",
    "message_target_device_id": null,
    "message_user_context": [
      "car"
    ]
  }
]