[
  {
    "timestamp_utc": "2024-10-17T20:26:26.642Z",
    "context_application_version": "8.9.82.628",
    "context_conn_country": "US",
    "context_device_manufacturer": "apple",
    "context_device_model": "iPhone13,4",
    "context_device_type": "mobile",
    "context_os_name": "ios",
    "context_os_version": "18.0.1",
    "context_receiver_service_timestamp": 1729200705255,
    "context_time": 1729196786642,
    "message_error_description": "PlaylistsShelfDecorationError.partialResponse",
    "message_page_uri": null
  },
  {
    "timestamp_utc": "2024-10-17T21:31:43.467Z",
    "context_application_version": "8.9.82.628",
    "context_conn_country": "US",
    "context_device_manufacturer": "apple",
    "context_device_model": "iPhone13,4",
    "context_device_type": "mobile",
    "context_os_name": "ios",
    "context_os_version": "18.0.1",
    "context_receiver_service_timestamp": 1729200726074,
    "context_time": 1729200703467,
    "message_error_description": "PlaylistsShelfDecorationError.partialResponse",
    "message_page_uri": null
  }
]