[
  {
    "timestamp_utc": "2024-10-28T00:17:55.933Z",
    "context_time": 1730074675933,
    "message_item_uri": "spotify:track:73bDvrmSBh2fr53tLDH9oA",
    "message_set": "collection"
  },
  {
    "timestamp_utc": "2024-08-27T07:21:06.694Z",
    "context_time": 1724743266694,
    "message_item_uri": "spotify:track:2QTDuJIGKUjR7E2Q6KupIh",
    "message_set": "collection"
  },
  {
    "timestamp_utc": "2024-08-28T05:15:13.854Z",
    "context_time": 1724822113854,
    "message_item_uri": "spotify:track:6CeCOC2zx1qS8mQNYHe6IM",
    "message_set": "collection"
  },
  {
    "timestamp_utc": "2024-08-27T07:22:47.433Z",
    "context_time": 1724743367433,
    "message_item_uri": "spotify:track:2CuUB5MbfRShtunR8g5hjR",
    "message_set": "collection"
  },
  {
    "timestamp_utc": "2024-08-27T07:21:43.002Z",
    "context_time": 1724743303002,
    "message_item_uri": "spotify:track:0CAWevK0VMgjnUas8aARLd",
    "message_set": "collection"
  },
  {
    "timestamp_utc": "2024-08-30T16:57:56.872Z",
    "context_time": 1725037076872,
    "message_item_uri": "spotify:track:7qbJ4Dh8xuYUFdAWL8SFPK",
    "message_set": "collection"
  },
  {
    "timestamp_utc": "2024-10-02T19:24:04.665Z",
    "context_time": 1727897044665,
    "message_item_uri": "spotify:track:2WRFD9WczJ975X2K1Y9YVs",
    "message_set": "collection"
  },
  {
    "timestamp_utc": "2024-10-05T22:54:47.608Z",
    "context_time": 1728168887608,
    "message_item_uri": "spotify:track:4NFMIIgeniFgNfsB8Uj9Ta",
    "message_set": "collection"
  },
  {
    "timestamp_utc": "2024-10-28T00:22:14.829Z",
    "context_time": 1730074934829,
    "message_item_uri": "spotify:track:5mjYQaktjmjcMKcUIcqz4s",
    "message_set": "collection"
  },
  {
    "timestamp_utc": "2024-10-05T01:06:18.375Z",
    "context_time": 1728090378375,
    "message_item_uri": "spotify:track:6HoYz6oC2y3OWfeJIOooM7",
    "message_set": "collection"
  },
  {
    "timestamp_utc": "2024-08-27T07:22:42.048Z",
    "context_time": 1724743362048,
    "message_item_uri": "spotify:track:424DkevE18QJazwlljiTD4",
    "message_set": "collection"
  },
  {
    "timestamp_utc": "2024-08-27T20:17:14.095Z",
    "context_time": 1724789834095,
    "message_item_uri": "spotify:episode:163ZNAu12LqZbnl5Ic1q2y",
    "message_set": "markedasfinished"
  },
  {
    "timestamp_utc": "2024-08-27T07:22:19.950Z",
    "context_time": 1724743339950,
    "message_item_uri": "spotify:track:4VnDmjYCZkyeqeb0NIKqdA",
    "message_set": "collection"
  },
  {
    "timestamp_utc": "2024-11-06T01:35:44.442Z",
    "context_time": 1730856944442,
    "message_item_uri": "spotify:track:4XsJiRJQAK8TWcZCn0Dxlh",
    "message_set": "collection"
  },
  {
    "timestamp_utc": "2024-08-27T07:21:22.441Z",
    "context_time": 1724743282441,
    "message_item_uri": "spotify:track:3hxpEr7BsPJPLSVCDWVnbE",
    "message_set": "collection"
  },
  {
    "timestamp_utc": "2024-11-06T01:35:44.442Z",
    "context_time": 1730856944442,
    "message_item_uri": "spotify:track:2z9FUHRkbkV4BObNzbHsFU",
    "message_set": "collection"
  },
  {
    "timestamp_utc": "2024-08-27T07:21:32.245Z",
    "context_time": 1724743292245,
    "message_item_uri": "spotify:track:5QTaai6gjA6yp87PoIEc5P",
    "message_set": "collection"
  },
  {
    "timestamp_utc": "2024-10-28T20:02:58.780Z",
    "context_time": 1730145778780,
    "message_item_uri": "spotify:track:5vNRhkKd0yEAg8suGBpjeY",
    "message_set": "collection"
  },
  {
    "timestamp_utc": "2024-09-09T05:47:39.273Z",
    "context_time": 1725860859273,
    "message_item_uri": "spotify:track:62KZRwymXq9Rgm8Cm5UCfx",
    "message_set": "collection"
  },
  {
    "timestamp_utc": "2024-08-27T07:23:42.662Z",
    "context_time": 1724743422662,
    "message_item_uri": "spotify:track:1e3hPMCGrwPXYZ1DQhsiCE",
    "message_set": "collection"
  },
  {
    "timestamp_utc": "2024-08-27T07:21:03.481Z",
    "context_time": 1724743263481,
    "message_item_uri": "spotify:track:1g3Bc80hioYOSitxntNQYi",
    "message_set": "collection"
  }
]