[
  {
    "timestamp_utc": "2024-09-21T20:36:38.946Z",
    "context_time": 1726950998946,
    "message_client_platform": 9,
    "message_item_uri": "spotify:track:2QTDuJIGKUjR7E2Q6KupIh",
    "message_item_uri_kind": "track",
    "message_playlist_uri": "spotify:playlist:3m0oKYSbiPZdl1CIQ4jp4r"
  },
  {
    "timestamp_utc": "2024-09-02T21:28:21.620Z",
    "context_time": 1725312501620,
    "message_client_platform": 36,
    "message_item_uri": "spotify:track:33S16Xa5cZmLPhn6eZI4Nm",
    "message_item_uri_kind": "track",
    "message_playlist_uri": "spotify:playlist:7aLVONqQqNL8Hx1896TKof"
  },
  {
    "timestamp_utc": "2024-11-06T17:59:06.699Z",
    "context_time": 1730915946699,
    "message_client_platform": 36,
    "message_item_uri": "spotify:track:0WbMK4wrZ1wFSty9F7FCgu",
    "message_item_uri_kind": "track",
    "message_playlist_uri": "spotify:playlist:3J7mtpBF025R7W3m3UA0HH"
  }
]