[
  {
    "message_request": "https://image-cdn-ak.spotifycdn.com/image/ab67616d000090d5763208e225ccbbda004d2176",
    "timestamp_utc": "2024-09-29T00:31:54.437Z",
    "context_application_version": "8.9.76.516",
    "context_conn_country": "US",
    "context_device_manufacturer": "apple",
    "context_device_model": "iPhone13,4",
    "context_device_type": "mobile",
    "context_os_name": "ios",
    "context_os_version": "18.0",
    "context_receiver_service_timestamp": 1727569934197,
    "context_time": 1727569914437,
    "message_error": "http_error_timeout",
    "message_result": 200,
    "message_source": "image-cosmos"
  },
  {
    "message_request": "https://image-cdn-ak.spotifycdn.com/image/ab67616d000075a03037656378bb11d23656c0f0",
    "timestamp_utc": "2024-09-03T21:57:56.906Z",
    "context_application_version": "8.9.68.490",
    "context_conn_country": "US",
    "context_device_manufacturer": "apple",
    "context_device_model": "iPhone13,4",
    "context_device_type": "mobile",
    "context_os_name": "ios",
    "context_os_version": "17.6.1",
    "context_receiver_service_timestamp": 1725400678959,
    "context_time": 1725400676906,
    "message_error": "http_error_fail",
    "message_result": 200,
    "message_source": "image-cosmos"
  },
  {
    "message_request": "https://i.scdn.co/image/ab67616d00001e02d7fb3e4c63020039d1cff6b2",
    "timestamp_utc": "2024-09-21T00:47:16.930Z",
    "context_application_version": "8.9.76.516",
    "context_conn_country": "US",
    "context_device_manufacturer": "apple",
    "context_device_model": "iPhone13,4",
    "context_device_type": "mobile",
    "context_os_name": "ios",
    "context_os_version": "17.6.1",
    "context_receiver_service_timestamp": 1726880953171,
    "context_time": 1726879636930,
    "message_error": "http_error_timeout",
    "message_result": 200,
    "message_source": "offline-playable-cache"
  },
  {
    "message_request": "https://image-cdn-ak.spotifycdn.com/image/ab67616d0000ab87ed087d1caa51089063031ac8",
    "timestamp_utc": "2024-09-29T00:31:55.594Z",
    "context_application_version": "8.9.76.516",
    "context_conn_country": "US",
    "context_device_manufacturer": "apple",
    "context_device_model": "iPhone13,4",
    "context_device_type": "mobile",
    "context_os_name": "ios",
    "context_os_version": "18.0",
    "context_receiver_service_timestamp": 1727569934197,
    "context_time": 1727569915594,
    "message_error": "http_error_fail",
    "message_result": 200,
    "message_source": "image-cosmos"
  },
  {
    "message_request": "https://dailymix-images.scdn.co/v2/img/ab6761610000e5eb8939960e5144b51d7903899f/2/en/default",
    "timestamp_utc": "2024-11-20T18:30:30.397Z",
    "context_application_version": "8.9.90.84",
    "context_conn_country": "US",
    "context_device_manufacturer": "apple",
    "context_device_model": "iPhone13,4",
    "context_device_type": "mobile",
    "context_os_name": "ios",
    "context_os_version": "18.1",
    "context_receiver_service_timestamp": 1732127440215,
    "context_time": 1732127430397,
    "message_error": "http_error_timeout",
    "message_result": 200,
    "message_source": "image-cosmos"
  },
  {
    "message_request": "https://i.scdn.co/image/ab67616d00001e02253096eda3b7826c11c7fab8",
    "timestamp_utc": "2024-10-18T08:15:59.231Z",
    "context_application_version": "8.9.82.628",
    "context_conn_country": "US",
    "context_device_manufacturer": "apple",
    "context_device_model": "iPad14,4",
    "context_device_type": "tablet",
    "context_os_name": "ios",
    "context_os_version": "18.0.1",
    "context_receiver_service_timestamp": 1729244992094,
    "context_time": 1729239359231,
    "message_error": "http_error_connect_fail",
    "message_result": 200,
    "message_source": "offline-playable-cache"
  },
  {
    "message_request": "https://i.scdn.co/image/ab67616d00001e024a9c3e5ff022dbad1e549465",
    "timestamp_utc": "2024-08-29T03:09:29.614Z",
    "context_application_version": "8.9.68.490",
    "context_conn_country": "US",
    "context_device_manufacturer": "apple",
    "context_device_model": "iPad14,4",
    "context_device_type": "tablet",
    "context_os_name": "ios",
    "context_os_version": "17.5.1",
    "context_receiver_service_timestamp": 1724901429877,
    "context_time": 1724900969614,
    "message_error": "http_error_fail",
    "message_result": 200,
    "message_source": "offline-playable-cache"
  },
  {
    "message_request": "https://i.scdn.co/image/ab67616d00001e02ca460fa4699d9890f44f4df9",
    "timestamp_utc": "2024-11-04T19:11:10.064Z",
    "context_application_version": "8.9.86.419",
    "context_conn_country": "US",
    "context_device_manufacturer": "apple",
    "context_device_model": "iPhone13,4",
    "context_device_type": "mobile",
    "context_os_name": "ios",
    "context_os_version": "18.0.1",
    "context_receiver_service_timestamp": 1730747487396,
    "context_time": 1730747470064,
    "message_error": "http_error_timeout",
    "message_result": 200,
    "message_source": "offline-playable-cache"
  },
  {
    "message_request": "https://i.scdn.co/image/ab67616d00001e023d54a30e59638f60f56dd4e6",
    "timestamp_utc": "2024-09-18T22:57:48.519Z",
    "context_application_version": "8.9.74.535",
    "context_conn_country": "US",
    "context_device_manufacturer": "apple",
    "context_device_model": "iPhone13,4",
    "context_device_type": "mobile",
    "context_os_name": "ios",
    "context_os_version": "17.6.1",
    "context_receiver_service_timestamp": 1726700332802,
    "context_time": 1726700268519,
    "message_error": "http_error_connect_fail",
    "message_result": 200,
    "message_source": "offline-playable-cache"
  },
  {
    "message_request": "https://i.scdn.co/image/ab67616d0000b273500984b5faebfd283ce20064",
    "timestamp_utc": "2024-09-22T08:45:58.617Z",
    "context_application_version": "1.2.45.454",
    "context_conn_country": "US",
    "context_device_manufacturer": "Apple Inc.",
    "context_device_model": "MacBookPro16,2",
    "context_device_type": "desktop",
    "context_os_name": "osx",
    "context_os_version": "14.6.1",
    "context_receiver_service_timestamp": 1726994788197,
    "context_time": 1726994758617,
    "message_error": "http_error_fail",
    "message_result": 200,
    "message_source": "offline-manager"
  },
  {
    "message_request": "https://image-cdn-ak.spotifycdn.com/image/ab67706c0000d72c675e14ff38335a0f6a5eb32f",
    "timestamp_utc": "2024-09-24T03:23:25.220Z",
    "context_application_version": "8.9.76.516",
    "context_conn_country": "US",
    "context_device_manufacturer": "apple",
    "context_device_model": "iPad14,4",
    "context_device_type": "tablet",
    "context_os_name": "ios",
    "context_os_version": "17.6.1",
    "context_receiver_service_timestamp": 1727148207332,
    "context_time": 1727148205220,
    "message_error": "success",
    "message_result": 404,
    "message_source": "image-cosmos"
  },
  {
    "message_request": "https://open.spotify.com/image/a283ecdc6252ae305c53d283846cae2e8b22e94c",
    "timestamp_utc": "2024-09-09T05:47:12.640Z",
    "context_application_version": "8.9.70.592",
    "context_conn_country": "US",
    "context_device_manufacturer": "apple",
    "context_device_model": "iPhone13,4",
    "context_device_type": "mobile",
    "context_os_name": "ios",
    "context_os_version": "17.6.1",
    "context_receiver_service_timestamp": 1725860838866,
    "context_time": 1725860832640,
    "message_error": "success",
    "message_result": 404,
    "message_source": "image-cosmos"
  },
  {
    "message_request": "https://i.scdn.co/image/ab67616d00001e02c4fee55d7b51479627c31f89",
    "timestamp_utc": "2024-09-20T22:34:22.188Z",
    "context_application_version": "8.9.76.516",
    "context_conn_country": "US",
    "context_device_manufacturer": "apple",
    "context_device_model": "iPhone13,4",
    "context_device_type": "mobile",
    "context_os_name": "ios",
    "context_os_version": "17.6.1",
    "context_receiver_service_timestamp": 1726879637762,
    "context_time": 1726871662188,
    "message_error": "http_error_timeout",
    "message_result": 200,
    "message_source": "offline-playable-cache"
  },
  {
    "message_request": "https://open.spotify.com/image/0602b84d7be66f164ab566553846fdbbe0e78ba3",
    "timestamp_utc": "2024-09-01T21:21:35.477Z",
    "context_application_version": "8.9.68.490",
    "context_conn_country": "US",
    "context_device_manufacturer": "apple",
    "context_device_model": "iPhone13,4",
    "context_device_type": "mobile",
    "context_os_name": "ios",
    "context_os_version": "17.6.1",
    "context_receiver_service_timestamp": 1725225699449,
    "context_time": 1725225695477,
    "message_error": "success",
    "message_result": 404,
    "message_source": "image-cosmos"
  },
  {
    "message_request": "https://image-cdn-ak.spotifycdn.com/image/ab67616d000075a0763b42c5c48630b4bb85199f",
    "timestamp_utc": "2024-09-29T00:31:55.595Z",
    "context_application_version": "8.9.76.516",
    "context_conn_country": "US",
    "context_device_manufacturer": "apple",
    "context_device_model": "iPhone13,4",
    "context_device_type": "mobile",
    "context_os_name": "ios",
    "context_os_version": "18.0",
    "context_receiver_service_timestamp": 1727569934197,
    "context_time": 1727569915595,
    "message_error": "http_error_fail",
    "message_result": 200,
    "message_source": "image-cosmos"
  },
  {
    "message_request": "https://image-cdn-ak.spotifycdn.com/image/ab67706c0000d72c153b93d0f2254031be9afbe9",
    "timestamp_utc": "2024-09-29T00:31:54.439Z",
    "context_application_version": "8.9.76.516",
    "context_conn_country": "US",
    "context_device_manufacturer": "apple",
    "context_device_model": "iPhone13,4",
    "context_device_type": "mobile",
    "context_os_name": "ios",
    "context_os_version": "18.0",
    "context_receiver_service_timestamp": 1727569934197,
    "context_time": 1727569914439,
    "message_error": "http_error_timeout",
    "message_result": 200,
    "message_source": "image-cosmos"
  },
  {
    "message_request": "https://image-cdn-ak.spotifycdn.com/image/ab67616d000090d5f037c5fb9de6c78726cb8e2c",
    "timestamp_utc": "2024-09-29T00:31:54.387Z",
    "context_application_version": "8.9.76.516",
    "context_conn_country": "US",
    "context_device_manufacturer": "apple",
    "context_device_model": "iPhone13,4",
    "context_device_type": "mobile",
    "context_os_name": "ios",
    "context_os_version": "18.0",
    "context_receiver_service_timestamp": 1727569934197,
    "context_time": 1727569914387,
    "message_error": "http_error_timeout",
    "message_result": 200,
    "message_source": "image-cosmos"
  },
  {
    "message_request": "https://i.scdn.co/image/ab67616d00001e027f08246e7928270884c0c60e",
    "timestamp_utc": "2024-09-24T23:41:05.991Z",
    "context_application_version": "8.9.76.516",
    "context_conn_country": "US",
    "context_device_manufacturer": "apple",
    "context_device_model": "iPhone13,4",
    "context_device_type": "mobile",
    "context_os_name": "ios",
    "context_os_version": "17.6.1",
    "context_receiver_service_timestamp": 1727232045549,
    "context_time": 1727221265991,
    "message_error": "http_error_timeout",
    "message_result": 200,
    "message_source": "offline-playable-cache"
  },
  {
    "message_request": "https://image-cdn-ak.spotifycdn.com/image/ab67616d000075a0a6cb8fab778e1efc406a5909",
    "timestamp_utc": "2024-10-16T19:40:01.956Z",
    "context_application_version": "8.9.82.628",
    "context_conn_country": "US",
    "context_device_manufacturer": "apple",
    "context_device_model": "iPhone13,4",
    "context_device_type": "mobile",
    "context_os_name": "ios",
    "context_os_version": "18.0.1",
    "context_receiver_service_timestamp": 1729107620385,
    "context_time": 1729107601956,
    "message_error": "http_error_timeout",
    "message_result": 200,
    "message_source": "image-cosmos"
  },
  {
    "message_request": "https://image-cdn-ak.spotifycdn.com/image/ab67616d000075a03037656378bb11d23656c0f0",
    "timestamp_utc": "2024-09-03T21:57:09.819Z",
    "context_application_version": "8.9.68.490",
    "context_conn_country": "US",
    "context_device_manufacturer": "apple",
    "context_device_model": "iPhone13,4",
    "context_device_type": "mobile",
    "context_os_name": "ios",
    "context_os_version": "17.6.1",
    "context_receiver_service_timestamp": 1725400678959,
    "context_time": 1725400629819,
    "message_error": "http_error_fail",
    "message_result": 200,
    "message_source": "image-cosmos"
  },
  {
    "message_request": "https://i.scdn.co/image/ab67616d00001e02347f824c78331c136e8f8fcc",
    "timestamp_utc": "2024-10-05T19:57:24.326Z",
    "context_application_version": "8.9.76.516",
    "context_conn_country": "US",
    "context_device_manufacturer": "apple",
    "context_device_model": "iPhone13,4",
    "context_device_type": "mobile",
    "context_os_name": "ios",
    "context_os_version": "18.0",
    "context_receiver_service_timestamp": 1728164625332,
    "context_time": 1728158244326,
    "message_error": "http_error_timeout",
    "message_result": 200,
    "message_source": "offline-playable-cache"
  },
  {
    "message_request": "https://image-cdn-ak.spotifycdn.com/image/ab67706c0000d72c5494bbb3768e7ce119470223",
    "timestamp_utc": "2024-09-29T00:31:54.438Z",
    "context_application_version": "8.9.76.516",
    "context_conn_country": "US",
    "context_device_manufacturer": "apple",
    "context_device_model": "iPhone13,4",
    "context_device_type": "mobile",
    "context_os_name": "ios",
    "context_os_version": "18.0",
    "context_receiver_service_timestamp": 1727569934197,
    "context_time": 1727569914438,
    "message_error": "http_error_timeout",
    "message_result": 200,
    "message_source": "image-cosmos"
  },
  {
    "message_request": "https://image-cdn-ak.spotifycdn.com/image/ab67616d000090d57e1eeb0d7cc374a168369c80",
    "timestamp_utc": "2024-09-29T00:31:54.438Z",
    "context_application_version": "8.9.76.516",
    "context_conn_country": "US",
    "context_device_manufacturer": "apple",
    "context_device_model": "iPhone13,4",
    "context_device_type": "mobile",
    "context_os_name": "ios",
    "context_os_version": "18.0",
    "context_receiver_service_timestamp": 1727569934197,
    "context_time": 1727569914438,
    "message_error": "http_error_timeout",
    "message_result": 200,
    "message_source": "image-cosmos"
  },
  {
    "message_request": "https://i.scdn.co/image/ab67616d00001e0248341e864d4b4881f56f01b4",
    "timestamp_utc": "2024-10-18T08:15:59.293Z",
    "context_application_version": "8.9.82.628",
    "context_conn_country": "US",
    "context_device_manufacturer": "apple",
    "context_device_model": "iPad14,4",
    "context_device_type": "tablet",
    "context_os_name": "ios",
    "context_os_version": "18.0.1",
    "context_receiver_service_timestamp": 1729244992094,
    "context_time": 1729239359293,
    "message_error": "http_error_connect_fail",
    "message_result": 200,
    "message_source": "offline-playable-cache"
  },
  {
    "message_request": "https://i.scdn.co/image/ab67616d00001e02500984b5faebfd283ce20064",
    "timestamp_utc": "2024-09-22T08:45:58.617Z",
    "context_application_version": "1.2.45.454",
    "context_conn_country": "US",
    "context_device_manufacturer": "Apple Inc.",
    "context_device_model": "MacBookPro16,2",
    "context_device_type": "desktop",
    "context_os_name": "osx",
    "context_os_version": "14.6.1",
    "context_receiver_service_timestamp": 1726994788197,
    "context_time": 1726994758617,
    "message_error": "http_error_fail",
    "message_result": 200,
    "message_source": "offline-manager"
  },
  {
    "message_request": "https://image-cdn-ak.spotifycdn.com/image/ab67616d000075a0bb71e7f0768b0b71d93adb8e",
    "timestamp_utc": "2024-10-16T19:40:00.726Z",
    "context_application_version": "8.9.82.628",
    "context_conn_country": "US",
    "context_device_manufacturer": "apple",
    "context_device_model": "iPhone13,4",
    "context_device_type": "mobile",
    "context_os_name": "ios",
    "context_os_version": "18.0.1",
    "context_receiver_service_timestamp": 1729107620385,
    "context_time": 1729107600726,
    "message_error": "http_error_timeout",
    "message_result": 200,
    "message_source": "image-cosmos"
  },
  {
    "message_request": "https://image-cdn-ak.spotifycdn.com/image/ab67616d0000ab871b8ae147aceb9fc130391287",
    "timestamp_utc": "2024-09-29T00:31:55.594Z",
    "context_application_version": "8.9.76.516",
    "context_conn_country": "US",
    "context_device_manufacturer": "apple",
    "context_device_model": "iPhone13,4",
    "context_device_type": "mobile",
    "context_os_name": "ios",
    "context_os_version": "18.0",
    "context_receiver_service_timestamp": 1727569934197,
    "context_time": 1727569915594,
    "message_error": "http_error_fail",
    "message_result": 200,
    "message_source": "image-cosmos"
  },
  {
    "message_request": "https://image-cdn-ak.spotifycdn.com/image/ab67616d000090d5ac93d8b1bd84fa6b5291ba21",
    "timestamp_utc": "2024-09-29T00:31:54.440Z",
    "context_application_version": "8.9.76.516",
    "context_conn_country": "US",
    "context_device_manufacturer": "apple",
    "context_device_model": "iPhone13,4",
    "context_device_type": "mobile",
    "context_os_name": "ios",
    "context_os_version": "18.0",
    "context_receiver_service_timestamp": 1727569934197,
    "context_time": 1727569914440,
    "message_error": "http_error_timeout",
    "message_result": 200,
    "message_source": "image-cosmos"
  },
  {
    "message_request": "https://image-cdn-ak.spotifycdn.com/image/ab67706c0000d72cce5b7adddb5559e75c49a405",
    "timestamp_utc": "2024-09-29T00:31:54.440Z",
    "context_application_version": "8.9.76.516",
    "context_conn_country": "US",
    "context_device_manufacturer": "apple",
    "context_device_model": "iPhone13,4",
    "context_device_type": "mobile",
    "context_os_name": "ios",
    "context_os_version": "18.0",
    "context_receiver_service_timestamp": 1727569934197,
    "context_time": 1727569914440,
    "message_error": "http_error_timeout",
    "message_result": 200,
    "message_source": "image-cosmos"
  },
  {
    "message_request": "https://i.scdn.co/image/ab67616d00001e02f2bd6f403223cdbeef1a4b73",
    "timestamp_utc": "2024-09-18T22:58:30.725Z",
    "context_application_version": "8.9.74.535",
    "context_conn_country": "US",
    "context_device_manufacturer": "apple",
    "context_device_model": "iPhone13,4",
    "context_device_type": "mobile",
    "context_os_name": "ios",
    "context_os_version": "17.6.1",
    "context_receiver_service_timestamp": 1726700332802,
    "context_time": 1726700310725,
    "message_error": "http_error_connect_fail",
    "message_result": 200,
    "message_source": "offline-playable-cache"
  },
  {
    "message_request": "https://image-cdn-ak.spotifycdn.com/image/ab67616d000090d50fc598038040859794c600e2",
    "timestamp_utc": "2024-09-29T00:31:54.387Z",
    "context_application_version": "8.9.76.516",
    "context_conn_country": "US",
    "context_device_manufacturer": "apple",
    "context_device_model": "iPhone13,4",
    "context_device_type": "mobile",
    "context_os_name": "ios",
    "context_os_version": "18.0",
    "context_receiver_service_timestamp": 1727569934197,
    "context_time": 1727569914387,
    "message_error": "http_error_timeout",
    "message_result": 200,
    "message_source": "image-cosmos"
  },
  {
    "message_request": "https://image-cdn-ak.spotifycdn.com/image/ab67706c0000d72c675e14ff38335a0f6a5eb32f",
    "timestamp_utc": "2024-09-24T03:03:53.342Z",
    "context_application_version": "8.9.76.516",
    "context_conn_country": "US",
    "context_device_manufacturer": "apple",
    "context_device_model": "iPad14,4",
    "context_device_type": "tablet",
    "context_os_name": "ios",
    "context_os_version": "17.6.1",
    "context_receiver_service_timestamp": 1727147039520,
    "context_time": 1727147033342,
    "message_error": "success",
    "message_result": 404,
    "message_source": "image-cosmos"
  },
  {
    "message_request": "https://i.scdn.co/image/ab67616d00001e020b6cf09d061f569dd906e490",
    "timestamp_utc": "2024-09-18T22:57:51.231Z",
    "context_application_version": "8.9.74.535",
    "context_conn_country": "US",
    "context_device_manufacturer": "apple",
    "context_device_model": "iPhone13,4",
    "context_device_type": "mobile",
    "context_os_name": "ios",
    "context_os_version": "17.6.1",
    "context_receiver_service_timestamp": 1726700332802,
    "context_time": 1726700271231,
    "message_error": "http_error_connect_fail",
    "message_result": 200,
    "message_source": "offline-playable-cache"
  },
  {
    "message_request": "https://image-cdn-ak.spotifycdn.com/image/ab67616d000090d5b657fbb27b17e7bd4691c2b2",
    "timestamp_utc": "2024-09-29T00:31:54.387Z",
    "context_application_version": "8.9.76.516",
    "context_conn_country": "US",
    "context_device_manufacturer": "apple",
    "context_device_model": "iPhone13,4",
    "context_device_type": "mobile",
    "context_os_name": "ios",
    "context_os_version": "18.0",
    "context_receiver_service_timestamp": 1727569934197,
    "context_time": 1727569914387,
    "message_error": "http_error_timeout",
    "message_result": 200,
    "message_source": "image-cosmos"
  },
  {
    "message_request": "https://i.scdn.co/image/ab67616d00001e02d8164c97d4a8e537a5d13db2",
    "timestamp_utc": "2024-09-18T22:58:30.554Z",
    "context_application_version": "8.9.74.535",
    "context_conn_country": "US",
    "context_device_manufacturer": "apple",
    "context_device_model": "iPhone13,4",
    "context_device_type": "mobile",
    "context_os_name": "ios",
    "context_os_version": "17.6.1",
    "context_receiver_service_timestamp": 1726700332802,
    "context_time": 1726700310554,
    "message_error": "http_error_timeout",
    "message_result": 200,
    "message_source": "offline-playable-cache"
  },
  {
    "message_request": "https://image-cdn-ak.spotifycdn.com/image/ab67616d000090d593a783eccc24a636fc8d3d46",
    "timestamp_utc": "2024-09-29T00:31:54.389Z",
    "context_application_version": "8.9.76.516",
    "context_conn_country": "US",
    "context_device_manufacturer": "apple",
    "context_device_model": "iPhone13,4",
    "context_device_type": "mobile",
    "context_os_name": "ios",
    "context_os_version": "18.0",
    "context_receiver_service_timestamp": 1727569934197,
    "context_time": 1727569914389,
    "message_error": "http_error_timeout",
    "message_result": 200,
    "message_source": "image-cosmos"
  },
  {
    "message_request": "https://image-cdn-ak.spotifycdn.com/image/ab67616d0000ab875ba0dedb513880cf318f15cb",
    "timestamp_utc": "2024-09-29T00:31:55.474Z",
    "context_application_version": "8.9.76.516",
    "context_conn_country": "US",
    "context_device_manufacturer": "apple",
    "context_device_model": "iPhone13,4",
    "context_device_type": "mobile",
    "context_os_name": "ios",
    "context_os_version": "18.0",
    "context_receiver_service_timestamp": 1727569934197,
    "context_time": 1727569915474,
    "message_error": "http_error_fail",
    "message_result": 200,
    "message_source": "image-cosmos"
  },
  {
    "message_request": "https://i.scdn.co/image/ab67616d00001e022e87b83a887668524c979a7d",
    "timestamp_utc": "2024-10-19T21:40:22.881Z",
    "context_application_version": "8.9.82.628",
    "context_conn_country": "US",
    "context_device_manufacturer": "apple",
    "context_device_model": "iPad14,4",
    "context_device_type": "tablet",
    "context_os_name": "ios",
    "context_os_version": "18.0.1",
    "context_receiver_service_timestamp": 1729374024952,
    "context_time": 1729374022881,
    "message_error": "http_error_timeout",
    "message_result": 200,
    "message_source": "offline-playable-cache"
  },
  {
    "message_request": "https://i.scdn.co/image/ab67616d00001e02ca460fa4699d9890f44f4df9",
    "timestamp_utc": "2024-11-10T14:16:39.924Z",
    "context_application_version": "8.9.90.84",
    "context_conn_country": "US",
    "context_device_manufacturer": "apple",
    "context_device_model": "iPad14,4",
    "context_device_type": "tablet",
    "context_os_name": "ios",
    "context_os_version": "18.0.1",
    "context_receiver_service_timestamp": 1731248201042,
    "context_time": 1731248199924,
    "message_error": "http_error_timeout",
    "message_result": 200,
    "message_source": "offline-playable-cache"
  },
  {
    "message_request": "https://i.scdn.co/image/ab67616d00001e0299276d38ab4b2720f14d1c69",
    "timestamp_utc": "2024-09-18T22:57:48.469Z",
    "context_application_version": "8.9.74.535",
    "context_conn_country": "US",
    "context_device_manufacturer": "apple",
    "context_device_model": "iPhone13,4",
    "context_device_type": "mobile",
    "context_os_name": "ios",
    "context_os_version": "17.6.1",
    "context_receiver_service_timestamp": 1726700332802,
    "context_time": 1726700268469,
    "message_error": "http_error_connect_fail",
    "message_result": 200,
    "message_source": "offline-playable-cache"
  },
  {
    "message_request": "https://thisis-images.spotifycdn.com/37i9dQZF1DZ06evO33svt5-default.jpg",
    "timestamp_utc": "2024-10-16T19:40:01.856Z",
    "context_application_version": "8.9.82.628",
    "context_conn_country": "US",
    "context_device_manufacturer": "apple",
    "context_device_model": "iPhone13,4",
    "context_device_type": "mobile",
    "context_os_name": "ios",
    "context_os_version": "18.0.1",
    "context_receiver_service_timestamp": 1729107620385,
    "context_time": 1729107601856,
    "message_error": "http_error_timeout",
    "message_result": 200,
    "message_source": "image-cosmos"
  },
  {
    "message_request": "https://i.scdn.co/image/ab67616d00004851500984b5faebfd283ce20064",
    "timestamp_utc": "2024-09-22T08:45:58.617Z",
    "context_application_version": "1.2.45.454",
    "context_conn_country": "US",
    "context_device_manufacturer": "Apple Inc.",
    "context_device_model": "MacBookPro16,2",
    "context_device_type": "desktop",
    "context_os_name": "osx",
    "context_os_version": "14.6.1",
    "context_receiver_service_timestamp": 1726994788197,
    "context_time": 1726994758617,
    "message_error": "http_error_fail",
    "message_result": 200,
    "message_source": "offline-manager"
  },
  {
    "message_request": "https://image-cdn-ak.spotifycdn.com/image/ab67706f000036f3e86d4ad8fd94bd8727c8d747",
    "timestamp_utc": "2024-10-16T19:40:01.303Z",
    "context_application_version": "8.9.82.628",
    "context_conn_country": "US",
    "context_device_manufacturer": "apple",
    "context_device_model": "iPhone13,4",
    "context_device_type": "mobile",
    "context_os_name": "ios",
    "context_os_version": "18.0.1",
    "context_receiver_service_timestamp": 1729107620385,
    "context_time": 1729107601303,
    "message_error": "http_error_timeout",
    "message_result": 200,
    "message_source": "image-cosmos"
  },
  {
    "message_request": "https://image-cdn-ak.spotifycdn.com/image/ab67706c0000d72c5ff5d0d298d8c220ef417fce",
    "timestamp_utc": "2024-09-29T00:31:54.439Z",
    "context_application_version": "8.9.76.516",
    "context_conn_country": "US",
    "context_device_manufacturer": "apple",
    "context_device_model": "iPhone13,4",
    "context_device_type": "mobile",
    "context_os_name": "ios",
    "context_os_version": "18.0",
    "context_receiver_service_timestamp": 1727569934197,
    "context_time": 1727569914439,
    "message_error": "http_error_timeout",
    "message_result": 200,
    "message_source": "image-cosmos"
  },
  {
    "message_request": "https://image-cdn-ak.spotifycdn.com/image/ab67616d000090d5f8b83bc0fb25c1526113ce86",
    "timestamp_utc": "2024-09-29T00:31:54.439Z",
    "context_application_version": "8.9.76.516",
    "context_conn_country": "US",
    "context_device_manufacturer": "apple",
    "context_device_model": "iPhone13,4",
    "context_device_type": "mobile",
    "context_os_name": "ios",
    "context_os_version": "18.0",
    "context_receiver_service_timestamp": 1727569934197,
    "context_time": 1727569914439,
    "message_error": "http_error_timeout",
    "message_result": 200,
    "message_source": "image-cosmos"
  },
  {
    "message_request": "https://i.scdn.co/image/ab67616d00001e02c88e6a4447087f41eb388b14",
    "timestamp_utc": "2024-09-18T22:58:30.705Z",
    "context_application_version": "8.9.74.535",
    "context_conn_country": "US",
    "context_device_manufacturer": "apple",
    "context_device_model": "iPhone13,4",
    "context_device_type": "mobile",
    "context_os_name": "ios",
    "context_os_version": "17.6.1",
    "context_receiver_service_timestamp": 1726700332802,
    "context_time": 1726700310705,
    "message_error": "http_error_connect_fail",
    "message_result": 200,
    "message_source": "offline-playable-cache"
  },
  {
    "message_request": "https://image-cdn-ak.spotifycdn.com/image/ab67616d000090d597265410628ab7f94a380c9d",
    "timestamp_utc": "2024-09-29T00:31:54.388Z",
    "context_application_version": "8.9.76.516",
    "context_conn_country": "US",
    "context_device_manufacturer": "apple",
    "context_device_model": "iPhone13,4",
    "context_device_type": "mobile",
    "context_os_name": "ios",
    "context_os_version": "18.0",
    "context_receiver_service_timestamp": 1727569934197,
    "context_time": 1727569914388,
    "message_error": "http_error_timeout",
    "message_result": 200,
    "message_source": "image-cosmos"
  },
  {
    "message_request": "https://image-cdn-ak.spotifycdn.com/image/ab67616d0000ab8755a4b0d253296e5fe7516d45",
    "timestamp_utc": "2024-09-29T00:31:55.476Z",
    "context_application_version": "8.9.76.516",
    "context_conn_country": "US",
    "context_device_manufacturer": "apple",
    "context_device_model": "iPhone13,4",
    "context_device_type": "mobile",
    "context_os_name": "ios",
    "context_os_version": "18.0",
    "context_receiver_service_timestamp": 1727569934197,
    "context_time": 1727569915476,
    "message_error": "http_error_fail",
    "message_result": 200,
    "message_source": "image-cosmos"
  },
  {
    "message_request": "https://image-cdn-ak.spotifycdn.com/image/ab67616d000090d56538b8e1b5c7b2a9d2211769",
    "timestamp_utc": "2024-09-29T00:31:54.439Z",
    "context_application_version": "8.9.76.516",
    "context_conn_country": "US",
    "context_device_manufacturer": "apple",
    "context_device_model": "iPhone13,4",
    "context_device_type": "mobile",
    "context_os_name": "ios",
    "context_os_version": "18.0",
    "context_receiver_service_timestamp": 1727569934197,
    "context_time": 1727569914439,
    "message_error": "http_error_timeout",
    "message_result": 200,
    "message_source": "image-cosmos"
  },
  {
    "message_request": "https://i.scdn.co/image/ab67616d00001e0240d2fa3152f71ec170e88987",
    "timestamp_utc": "2024-09-18T22:58:30.775Z",
    "context_application_version": "8.9.74.535",
    "context_conn_country": "US",
    "context_device_manufacturer": "apple",
    "context_device_model": "iPhone13,4",
    "context_device_type": "mobile",
    "context_os_name": "ios",
    "context_os_version": "17.6.1",
    "context_receiver_service_timestamp": 1726700332802,
    "context_time": 1726700310775,
    "message_error": "http_error_connect_fail",
    "message_result": 200,
    "message_source": "offline-playable-cache"
  },
  {
    "message_request": "https://thisis-images.spotifycdn.com/37i9dQZF1DZ06evO3e7wtQ-default.jpg",
    "timestamp_utc": "2024-09-04T17:59:25.013Z",
    "context_application_version": "8.9.68.490",
    "context_conn_country": "US",
    "context_device_manufacturer": "apple",
    "context_device_model": "iPhone13,4",
    "context_device_type": "mobile",
    "context_os_name": "ios",
    "context_os_version": "17.6.1",
    "context_receiver_service_timestamp": 1725472769442,
    "context_time": 1725472765013,
    "message_error": "http_error_timeout",
    "message_result": 200,
    "message_source": "image-cosmos"
  },
  {
    "message_request": "https://open.spotify.com/image/6c89c662ad0ab75bc2af9a3ae2b16f811daced50",
    "timestamp_utc": "2024-10-27T05:37:40.634Z",
    "context_application_version": "8.9.84.543",
    "context_conn_country": "US",
    "context_device_manufacturer": "apple",
    "context_device_model": "iPhone13,4",
    "context_device_type": "mobile",
    "context_os_name": "ios",
    "context_os_version": "18.0.1",
    "context_receiver_service_timestamp": 1730007484912,
    "context_time": 1730007460634,
    "message_error": "success",
    "message_result": 404,
    "message_source": "image-cosmos"
  },
  {
    "message_request": "https://canvaz.scdn.co/upload/artist/3AFqxSVdKDJD9qPx3K8tKg/video/5bb5341a6e96436d83d437ce746a5c48.thmb.144x256.jpg",
    "timestamp_utc": "2024-09-29T00:31:55.444Z",
    "context_application_version": "8.9.76.516",
    "context_conn_country": "US",
    "context_device_manufacturer": "apple",
    "context_device_model": "iPhone13,4",
    "context_device_type": "mobile",
    "context_os_name": "ios",
    "context_os_version": "18.0",
    "context_receiver_service_timestamp": 1727569934197,
    "context_time": 1727569915444,
    "message_error": "http_error_fail",
    "message_result": 200,
    "message_source": "image-cosmos"
  },
  {
    "message_request": "https://i.scdn.co/image/ab67616d00001e023bcafa76aa7511e93d3adb9f",
    "timestamp_utc": "2024-10-18T04:30:07.443Z",
    "context_application_version": "8.9.82.628",
    "context_conn_country": "US",
    "context_device_manufacturer": "apple",
    "context_device_model": "iPad14,4",
    "context_device_type": "tablet",
    "context_os_name": "ios",
    "context_os_version": "18.0.1",
    "context_receiver_service_timestamp": 1729225810918,
    "context_time": 1729225807443,
    "message_error": "http_error_timeout",
    "message_result": 200,
    "message_source": "offline-playable-cache"
  },
  {
    "message_request": "https://open.spotify.com/image/0602b84d7be66f164ab566553846fdbbe0e78ba3",
    "timestamp_utc": "2024-09-06T16:35:58.744Z",
    "context_application_version": "8.9.68.490",
    "context_conn_country": "US",
    "context_device_manufacturer": "apple",
    "context_device_model": "iPhone13,4",
    "context_device_type": "mobile",
    "context_os_name": "ios",
    "context_os_version": "17.6.1",
    "context_receiver_service_timestamp": 1725640576761,
    "context_time": 1725640558744,
    "message_error": "success",
    "message_result": 404,
    "message_source": "image-cosmos"
  },
  {
    "message_request": "https://image-cdn-ak.spotifycdn.com/image/ab67616d000075a00a6859fd4f05208ebd3896b3",
    "timestamp_utc": "2024-09-18T03:27:38.002Z",
    "context_application_version": "8.9.74.535",
    "context_conn_country": "US",
    "context_device_manufacturer": "apple",
    "context_device_model": "iPhone13,4",
    "context_device_type": "mobile",
    "context_os_name": "ios",
    "context_os_version": "17.6.1",
    "context_receiver_service_timestamp": 1726630178771,
    "context_time": 1726630058002,
    "message_error": "http_error_timeout",
    "message_result": 200,
    "message_source": "image-cosmos"
  },
  {
    "message_request": "https://i.scdn.co/image/ab67616d00001e021a8fd281350e30eb62798c35",
    "timestamp_utc": "2024-10-13T23:53:48.760Z",
    "context_application_version": "8.9.82.628",
    "context_conn_country": "US",
    "context_device_manufacturer": "apple",
    "context_device_model": "iPad14,4",
    "context_device_type": "tablet",
    "context_os_name": "ios",
    "context_os_version": "18.0.1",
    "context_receiver_service_timestamp": 1728863655494,
    "context_time": 1728863628760,
    "message_error": "http_error_timeout",
    "message_result": 200,
    "message_source": "offline-playable-cache"
  },
  {
    "message_request": "https://seed-mix-image.spotifycdn.com/v6/img/k_pop/4GJ6xDCF5jaUqD6avOuQT6/en/default",
    "timestamp_utc": "2024-09-29T00:31:54.388Z",
    "context_application_version": "8.9.76.516",
    "context_conn_country": "US",
    "context_device_manufacturer": "apple",
    "context_device_model": "iPhone13,4",
    "context_device_type": "mobile",
    "context_os_name": "ios",
    "context_os_version": "18.0",
    "context_receiver_service_timestamp": 1727569934197,
    "context_time": 1727569914388,
    "message_error": "http_error_timeout",
    "message_result": 200,
    "message_source": "image-cosmos"
  },
  {
    "message_request": "https://image-cdn-ak.spotifycdn.com/image/ab67616d000090d5e33d84e471094fe701f06860",
    "timestamp_utc": "2024-09-29T00:31:54.439Z",
    "context_application_version": "8.9.76.516",
    "context_conn_country": "US",
    "context_device_manufacturer": "apple",
    "context_device_model": "iPhone13,4",
    "context_device_type": "mobile",
    "context_os_name": "ios",
    "context_os_version": "18.0",
    "context_receiver_service_timestamp": 1727569934197,
    "context_time": 1727569914439,
    "message_error": "http_error_timeout",
    "message_result": 200,
    "message_source": "image-cosmos"
  },
  {
    "message_request": "https://i.scdn.co/image/ab67616d00001e0248f4ebd4e0e38bcd84d0cdaa",
    "timestamp_utc": "2024-10-08T00:35:38.228Z",
    "context_application_version": "8.9.76.516",
    "context_conn_country": "US",
    "context_device_manufacturer": "apple",
    "context_device_model": "iPhone13,4",
    "context_device_type": "mobile",
    "context_os_name": "ios",
    "context_os_version": "18.0.1",
    "context_receiver_service_timestamp": 1728347847951,
    "context_time": 1728347738228,
    "message_error": "http_error_timeout",
    "message_result": 200,
    "message_source": "offline-playable-cache"
  },
  {
    "message_request": "https://image-cdn-ak.spotifycdn.com/image/ab67616d0000ab87763b42c5c48630b4bb85199f",
    "timestamp_utc": "2024-09-29T00:31:55.450Z",
    "context_application_version": "8.9.76.516",
    "context_conn_country": "US",
    "context_device_manufacturer": "apple",
    "context_device_model": "iPhone13,4",
    "context_device_type": "mobile",
    "context_os_name": "ios",
    "context_os_version": "18.0",
    "context_receiver_service_timestamp": 1727569934197,
    "context_time": 1727569915450,
    "message_error": "http_error_fail",
    "message_result": 200,
    "message_source": "image-cosmos"
  },
  {
    "message_request": "https://image-cdn-ak.spotifycdn.com/image/ab67616d000090d5485623bc41b6760fc1bca2f4",
    "timestamp_utc": "2024-09-29T00:31:54.439Z",
    "context_application_version": "8.9.76.516",
    "context_conn_country": "US",
    "context_device_manufacturer": "apple",
    "context_device_model": "iPhone13,4",
    "context_device_type": "mobile",
    "context_os_name": "ios",
    "context_os_version": "18.0",
    "context_receiver_service_timestamp": 1727569934197,
    "context_time": 1727569914439,
    "message_error": "http_error_timeout",
    "message_result": 200,
    "message_source": "image-cosmos"
  },
  {
    "message_request": "https://image-cdn-ak.spotifycdn.com/image/ab67706f000036f315911cecbbb33e7dbe4f06b2",
    "timestamp_utc": "2024-09-29T00:31:54.386Z",
    "context_application_version": "8.9.76.516",
    "context_conn_country": "US",
    "context_device_manufacturer": "apple",
    "context_device_model": "iPhone13,4",
    "context_device_type": "mobile",
    "context_os_name": "ios",
    "context_os_version": "18.0",
    "context_receiver_service_timestamp": 1727569934197,
    "context_time": 1727569914386,
    "message_error": "http_error_timeout",
    "message_result": 200,
    "message_source": "image-cosmos"
  },
  {
    "message_request": "https://i.scdn.co/image/ab67616d00001e02348a296903dc1073e96da17e",
    "timestamp_utc": "2024-09-18T22:58:30.747Z",
    "context_application_version": "8.9.74.535",
    "context_conn_country": "US",
    "context_device_manufacturer": "apple",
    "context_device_model": "iPhone13,4",
    "context_device_type": "mobile",
    "context_os_name": "ios",
    "context_os_version": "17.6.1",
    "context_receiver_service_timestamp": 1726700332802,
    "context_time": 1726700310747,
    "message_error": "http_error_connect_fail",
    "message_result": 200,
    "message_source": "offline-playable-cache"
  },
  {
    "message_request": "https://image-cdn-ak.spotifycdn.com/image/ab67706f000036f366effe180fbb65ff23fbb771",
    "timestamp_utc": "2024-10-16T19:40:00.875Z",
    "context_application_version": "8.9.82.628",
    "context_conn_country": "US",
    "context_device_manufacturer": "apple",
    "context_device_model": "iPhone13,4",
    "context_device_type": "mobile",
    "context_os_name": "ios",
    "context_os_version": "18.0.1",
    "context_receiver_service_timestamp": 1729107620385,
    "context_time": 1729107600875,
    "message_error": "http_error_timeout",
    "message_result": 200,
    "message_source": "image-cosmos"
  },
  {
    "message_request": "https://i.scdn.co/image/ab67616d00001e02f5c5c21c1bd67ae9fc86064c",
    "timestamp_utc": "2024-10-04T17:46:11.690Z",
    "context_application_version": "8.9.76.516",
    "context_conn_country": "US",
    "context_device_manufacturer": "apple",
    "context_device_model": "iPhone13,4",
    "context_device_type": "mobile",
    "context_os_name": "ios",
    "context_os_version": "18.0",
    "context_receiver_service_timestamp": 1728063979580,
    "context_time": 1728063971690,
    "message_error": "http_error_timeout",
    "message_result": 200,
    "message_source": "offline-playable-cache"
  },
  {
    "message_request": "https://image-cdn-ak.spotifycdn.com/image/ab67686d0000093f0d063003629eee8068bf1ef7",
    "timestamp_utc": "2024-09-29T00:31:55.446Z",
    "context_application_version": "8.9.76.516",
    "context_conn_country": "US",
    "context_device_manufacturer": "apple",
    "context_device_model": "iPhone13,4",
    "context_device_type": "mobile",
    "context_os_name": "ios",
    "context_os_version": "18.0",
    "context_receiver_service_timestamp": 1727569934197,
    "context_time": 1727569915446,
    "message_error": "http_error_fail",
    "message_result": 200,
    "message_source": "image-cosmos"
  },
  {
    "message_request": "https://image-cdn-ak.spotifycdn.com/image/ab67616d000090d53037656378bb11d23656c0f0",
    "timestamp_utc": "2024-09-03T21:57:09.831Z",
    "context_application_version": "8.9.68.490",
    "context_conn_country": "US",
    "context_device_manufacturer": "apple",
    "context_device_model": "iPhone13,4",
    "context_device_type": "mobile",
    "context_os_name": "ios",
    "context_os_version": "17.6.1",
    "context_receiver_service_timestamp": 1725400678959,
    "context_time": 1725400629831,
    "message_error": "http_error_fail",
    "message_result": 200,
    "message_source": "image-cosmos"
  },
  {
    "message_request": "https://image-cdn-ak.spotifycdn.com/image/ab67706f000036f351f963660469f7a0b2fbfc2f",
    "timestamp_utc": "2024-09-29T00:31:54.440Z",
    "context_application_version": "8.9.76.516",
    "context_conn_country": "US",
    "context_device_manufacturer": "apple",
    "context_device_model": "iPhone13,4",
    "context_device_type": "mobile",
    "context_os_name": "ios",
    "context_os_version": "18.0",
    "context_receiver_service_timestamp": 1727569934197,
    "context_time": 1727569914440,
    "message_error": "http_error_timeout",
    "message_result": 200,
    "message_source": "image-cosmos"
  },
  {
    "message_request": "https://i.scdn.co/image/ab67616d00001e02a9759e908d4492ab6946dc9e",
    "timestamp_utc": "2024-08-27T20:16:26.686Z",
    "context_application_version": "8.9.68.490",
    "context_conn_country": "US",
    "context_device_manufacturer": "apple",
    "context_device_model": "iPhone13,4",
    "context_device_type": "mobile",
    "context_os_name": "ios",
    "context_os_version": "17.5.1",
    "context_receiver_service_timestamp": 1724789791980,
    "context_time": 1724789786686,
    "message_error": "http_error_timeout",
    "message_result": 200,
    "message_source": "offline-playable-cache"
  },
  {
    "message_request": "https://i.scdn.co/image/ab67616d00001e02e1f770b02bd0a7dd2a448e34",
    "timestamp_utc": "2024-09-11T19:54:35.580Z",
    "context_application_version": "8.9.70.592",
    "context_conn_country": "US",
    "context_device_manufacturer": "apple",
    "context_device_model": "iPhone13,4",
    "context_device_type": "mobile",
    "context_os_name": "ios",
    "context_os_version": "17.6.1",
    "context_receiver_service_timestamp": 1726084487740,
    "context_time": 1726084475580,
    "message_error": "http_error_timeout",
    "message_result": 200,
    "message_source": "offline-playable-cache"
  },
  {
    "message_request": "https://i.scdn.co/image/ab67616d00001e0271d62ea7ea8a5be92d3c1f62",
    "timestamp_utc": "2024-10-17T21:31:43.804Z",
    "context_application_version": "8.9.82.628",
    "context_conn_country": "US",
    "context_device_manufacturer": "apple",
    "context_device_model": "iPhone13,4",
    "context_device_type": "mobile",
    "context_os_name": "ios",
    "context_os_version": "18.0.1",
    "context_receiver_service_timestamp": 1729200726074,
    "context_time": 1729200703804,
    "message_error": "http_error_timeout",
    "message_result": 200,
    "message_source": "offline-playable-cache"
  },
  {
    "message_request": "https://i.scdn.co/image/ab67616d00001e021917a0f3f4152622a040913f",
    "timestamp_utc": "2024-09-25T12:14:38.142Z",
    "context_application_version": "8.9.76.516",
    "context_conn_country": "US",
    "context_device_manufacturer": "apple",
    "context_device_model": "iPad14,4",
    "context_device_type": "tablet",
    "context_os_name": "ios",
    "context_os_version": "18.0",
    "context_receiver_service_timestamp": 1727346765695,
    "context_time": 1727266478142,
    "message_error": "http_error_timeout",
    "message_result": 200,
    "message_source": "offline-playable-cache"
  },
  {
    "message_request": "https://image-cdn-ak.spotifycdn.com/image/ab67616d000075a053bdabbca5a41b0436b7d5d2",
    "timestamp_utc": "2024-10-16T19:40:02.156Z",
    "context_application_version": "8.9.82.628",
    "context_conn_country": "US",
    "context_device_manufacturer": "apple",
    "context_device_model": "iPhone13,4",
    "context_device_type": "mobile",
    "context_os_name": "ios",
    "context_os_version": "18.0.1",
    "context_receiver_service_timestamp": 1729107620385,
    "context_time": 1729107602156,
    "message_error": "http_error_timeout",
    "message_result": 200,
    "message_source": "image-cosmos"
  },
  {
    "message_request": "https://seed-mix-image.spotifycdn.com/v6/img/twenty_tens/2pvCf5g7XBReiPIvcq7W18/en/default",
    "timestamp_utc": "2024-10-18T04:33:28.239Z",
    "context_application_version": "8.9.82.628",
    "context_conn_country": "US",
    "context_device_manufacturer": "apple",
    "context_device_model": "iPad14,4",
    "context_device_type": "tablet",
    "context_os_name": "ios",
    "context_os_version": "18.0.1",
    "context_receiver_service_timestamp": 1729226013893,
    "context_time": 1729226008239,
    "message_error": "http_error_timeout",
    "message_result": 200,
    "message_source": "image-cosmos"
  },
  {
    "message_request": "https://image-cdn-ak.spotifycdn.com/image/ab67616d000075a0164edf20ddc765dff82d95cd",
    "timestamp_utc": "2024-11-18T21:15:55.584Z",
    "context_application_version": "8.9.90.84",
    "context_conn_country": "US",
    "context_device_manufacturer": "apple",
    "context_device_model": "iPhone13,4",
    "context_device_type": "mobile",
    "context_os_name": "ios",
    "context_os_version": "18.0.1",
    "context_receiver_service_timestamp": 1731964568777,
    "context_time": 1731964555584,
    "message_error": "http_error_fail",
    "message_result": 200,
    "message_source": "image-cosmos"
  },
  {
    "message_request": "https://image-cdn-ak.spotifycdn.com/image/ab67616d000090d54cd7f69b85766b3d3035c27c",
    "timestamp_utc": "2024-09-29T00:31:54.438Z",
    "context_application_version": "8.9.76.516",
    "context_conn_country": "US",
    "context_device_manufacturer": "apple",
    "context_device_model": "iPhone13,4",
    "context_device_type": "mobile",
    "context_os_name": "ios",
    "context_os_version": "18.0",
    "context_receiver_service_timestamp": 1727569934197,
    "context_time": 1727569914438,
    "message_error": "http_error_timeout",
    "message_result": 200,
    "message_source": "image-cosmos"
  },
  {
    "message_request": "https://image-cdn-ak.spotifycdn.com/image/ab67616d000090d587f53da5fb4ab1171766b2d5",
    "timestamp_utc": "2024-09-29T00:31:54.388Z",
    "context_application_version": "8.9.76.516",
    "context_conn_country": "US",
    "context_device_manufacturer": "apple",
    "context_device_model": "iPhone13,4",
    "context_device_type": "mobile",
    "context_os_name": "ios",
    "context_os_version": "18.0",
    "context_receiver_service_timestamp": 1727569934197,
    "context_time": 1727569914388,
    "message_error": "http_error_timeout",
    "message_result": 200,
    "message_source": "image-cosmos"
  },
  {
    "message_request": "https://image-cdn-ak.spotifycdn.com/image/ab67706c0000d72c106d947309716ced3676d665",
    "timestamp_utc": "2024-09-29T00:31:54.439Z",
    "context_application_version": "8.9.76.516",
    "context_conn_country": "US",
    "context_device_manufacturer": "apple",
    "context_device_model": "iPhone13,4",
    "context_device_type": "mobile",
    "context_os_name": "ios",
    "context_os_version": "18.0",
    "context_receiver_service_timestamp": 1727569934197,
    "context_time": 1727569914439,
    "message_error": "http_error_timeout",
    "message_result": 200,
    "message_source": "image-cosmos"
  },
  {
    "message_request": "https://image-cdn-ak.spotifycdn.com/image/ab67616d000090d5115d1e2cfde4e387f0a13ce2",
    "timestamp_utc": "2024-09-29T00:31:54.439Z",
    "context_application_version": "8.9.76.516",
    "context_conn_country": "US",
    "context_device_manufacturer": "apple",
    "context_device_model": "iPhone13,4",
    "context_device_type": "mobile",
    "context_os_name": "ios",
    "context_os_version": "18.0",
    "context_receiver_service_timestamp": 1727569934197,
    "context_time": 1727569914439,
    "message_error": "http_error_timeout",
    "message_result": 200,
    "message_source": "image-cosmos"
  },
  {
    "message_request": "https://i.scdn.co/image/ab67616d00001e02ea4cea25a70f01e3671ce155",
    "timestamp_utc": "2024-11-08T00:47:16.099Z",
    "context_application_version": "8.9.86.419",
    "context_conn_country": "US",
    "context_device_manufacturer": "apple",
    "context_device_model": "iPhone13,4",
    "context_device_type": "mobile",
    "context_os_name": "ios",
    "context_os_version": "18.0.1",
    "context_receiver_service_timestamp": 1731026842959,
    "context_time": 1731026836099,
    "message_error": "http_error_timeout",
    "message_result": 200,
    "message_source": "offline-playable-cache"
  },
  {
    "message_request": "https://i.scdn.co/image/ab67616d00001e027e4192ad68817a0460a6fa71",
    "timestamp_utc": "2024-11-22T12:57:12.649Z",
    "context_application_version": "8.9.94.418",
    "context_conn_country": "US",
    "context_device_manufacturer": "apple",
    "context_device_model": "iPad14,4",
    "context_device_type": "tablet",
    "context_os_name": "ios",
    "context_os_version": "18.0.1",
    "context_receiver_service_timestamp": 1732280252194,
    "context_time": 1732280232649,
    "message_error": "http_error_fail",
    "message_result": 200,
    "message_source": "offline-playable-cache"
  },
  {
    "message_request": "https://thisis-images.spotifycdn.com/37i9dQZF1DZ06evO1mEDe0-default.jpg",
    "timestamp_utc": "2024-10-16T19:40:00.487Z",
    "context_application_version": "8.9.82.628",
    "context_conn_country": "US",
    "context_device_manufacturer": "apple",
    "context_device_model": "iPhone13,4",
    "context_device_type": "mobile",
    "context_os_name": "ios",
    "context_os_version": "18.0.1",
    "context_receiver_service_timestamp": 1729107620385,
    "context_time": 1729107600487,
    "message_error": "http_error_timeout",
    "message_result": 200,
    "message_source": "image-cosmos"
  },
  {
    "message_request": "https://i.scdn.co/image/ab67616d00001e02e18ff29a2fe8e9c0df309fa6",
    "timestamp_utc": "2024-09-18T22:57:48.541Z",
    "context_application_version": "8.9.74.535",
    "context_conn_country": "US",
    "context_device_manufacturer": "apple",
    "context_device_model": "iPhone13,4",
    "context_device_type": "mobile",
    "context_os_name": "ios",
    "context_os_version": "17.6.1",
    "context_receiver_service_timestamp": 1726700332802,
    "context_time": 1726700268541,
    "message_error": "http_error_connect_fail",
    "message_result": 200,
    "message_source": "offline-playable-cache"
  },
  {
    "message_request": "https://pickasso.spotifycdn.com/image/ab67c0de0000deef/dt/v1/img/radio/artist/3EAHF3jdnHHdko5DBrhRUP/en",
    "timestamp_utc": "2024-10-16T19:40:00.726Z",
    "context_application_version": "8.9.82.628",
    "context_conn_country": "US",
    "context_device_manufacturer": "apple",
    "context_device_model": "iPhone13,4",
    "context_device_type": "mobile",
    "context_os_name": "ios",
    "context_os_version": "18.0.1",
    "context_receiver_service_timestamp": 1729107620385,
    "context_time": 1729107600726,
    "message_error": "http_error_timeout",
    "message_result": 200,
    "message_source": "image-cosmos"
  },
  {
    "message_request": "https://i.scdn.co/image/ab67616d00001e02636bd3e9f31e1ea1e7bb389e",
    "timestamp_utc": "2024-09-06T21:59:51.969Z",
    "context_application_version": "8.9.70.592",
    "context_conn_country": "US",
    "context_device_manufacturer": "apple",
    "context_device_model": "iPhone13,4",
    "context_device_type": "mobile",
    "context_os_name": "ios",
    "context_os_version": "17.6.1",
    "context_receiver_service_timestamp": 1725660008687,
    "context_time": 1725659991969,
    "message_error": "http_error_timeout",
    "message_result": 200,
    "message_source": "offline-playable-cache"
  },
  {
    "message_request": "https://image-cdn-ak.spotifycdn.com/image/ab67706c0000d72c675e14ff38335a0f6a5eb32f",
    "timestamp_utc": "2024-09-24T03:03:56.166Z",
    "context_application_version": "8.9.76.516",
    "context_conn_country": "US",
    "context_device_manufacturer": "apple",
    "context_device_model": "iPad14,4",
    "context_device_type": "tablet",
    "context_os_name": "ios",
    "context_os_version": "17.6.1",
    "context_receiver_service_timestamp": 1727147039520,
    "context_time": 1727147036166,
    "message_error": "success",
    "message_result": 404,
    "message_source": "image-cosmos"
  },
  {
    "message_request": "https://image-cdn-ak.spotifycdn.com/image/ab67616d000090d5763b42c5c48630b4bb85199f",
    "timestamp_utc": "2024-09-29T00:31:55.595Z",
    "context_application_version": "8.9.76.516",
    "context_conn_country": "US",
    "context_device_manufacturer": "apple",
    "context_device_model": "iPhone13,4",
    "context_device_type": "mobile",
    "context_os_name": "ios",
    "context_os_version": "18.0",
    "context_receiver_service_timestamp": 1727569934197,
    "context_time": 1727569915595,
    "message_error": "http_error_fail",
    "message_result": 200,
    "message_source": "image-cosmos"
  },
  {
    "message_request": "https://i.scdn.co/image/ab67616d00001e02933ae980d2d8a06b53226231",
    "timestamp_utc": "2024-09-18T22:57:48.563Z",
    "context_application_version": "8.9.74.535",
    "context_conn_country": "US",
    "context_device_manufacturer": "apple",
    "context_device_model": "iPhone13,4",
    "context_device_type": "mobile",
    "context_os_name": "ios",
    "context_os_version": "17.6.1",
    "context_receiver_service_timestamp": 1726700332802,
    "context_time": 1726700268563,
    "message_error": "http_error_connect_fail",
    "message_result": 200,
    "message_source": "offline-playable-cache"
  },
  {
    "message_request": "https://i.scdn.co/image/ab67616d00001e028bcc614a15263d3f7a3d95af",
    "timestamp_utc": "2024-09-18T22:57:48.496Z",
    "context_application_version": "8.9.74.535",
    "context_conn_country": "US",
    "context_device_manufacturer": "apple",
    "context_device_model": "iPhone13,4",
    "context_device_type": "mobile",
    "context_os_name": "ios",
    "context_os_version": "17.6.1",
    "context_receiver_service_timestamp": 1726700332802,
    "context_time": 1726700268496,
    "message_error": "http_error_connect_fail",
    "message_result": 200,
    "message_source": "offline-playable-cache"
  },
  {
    "message_request": "https://image-cdn-ak.spotifycdn.com/image/ab67616d000090d5edf5b257be1d6593e81bb45f",
    "timestamp_utc": "2024-09-29T00:31:54.438Z",
    "context_application_version": "8.9.76.516",
    "context_conn_country": "US",
    "context_device_manufacturer": "apple",
    "context_device_model": "iPhone13,4",
    "context_device_type": "mobile",
    "context_os_name": "ios",
    "context_os_version": "18.0",
    "context_receiver_service_timestamp": 1727569934197,
    "context_time": 1727569914438,
    "message_error": "http_error_timeout",
    "message_result": 200,
    "message_source": "image-cosmos"
  },
  {
    "message_request": "https://canvaz.scdn.co/upload/artist/0PCCGZ0wGLizHt2KZ7hhA2/video/5d52f02f43804c97881b1f752196c491.thmb.144x256.jpg",
    "timestamp_utc": "2024-10-28T20:09:47.421Z",
    "context_application_version": "8.9.84.543",
    "context_conn_country": "US",
    "context_device_manufacturer": "apple",
    "context_device_model": "iPhone13,4",
    "context_device_type": "mobile",
    "context_os_name": "ios",
    "context_os_version": "18.0.1",
    "context_receiver_service_timestamp": 1730146213816,
    "context_time": 1730146187421,
    "message_error": "success",
    "message_result": 404,
    "message_source": "image-cosmos"
  },
  {
    "message_request": "https://image-cdn-ak.spotifycdn.com/image/ab67616d000075a097f8107c251479168c7d87db",
    "timestamp_utc": "2024-09-06T18:00:33.541Z",
    "context_application_version": "8.9.70.592",
    "context_conn_country": "US",
    "context_device_manufacturer": "apple",
    "context_device_model": "iPhone13,4",
    "context_device_type": "mobile",
    "context_os_name": "ios",
    "context_os_version": "17.6.1",
    "context_receiver_service_timestamp": 1725645640494,
    "context_time": 1725645633541,
    "message_error": "http_error_fail",
    "message_result": 200,
    "message_source": "image-cosmos"
  },
  {
    "message_request": "https://image-cdn-ak.spotifycdn.com/image/ab67706f000036f322e5cdba40b70c9817362333",
    "timestamp_utc": "2024-10-16T19:40:02.116Z",
    "context_application_version": "8.9.82.628",
    "context_conn_country": "US",
    "context_device_manufacturer": "apple",
    "context_device_model": "iPhone13,4",
    "context_device_type": "mobile",
    "context_os_name": "ios",
    "context_os_version": "18.0.1",
    "context_receiver_service_timestamp": 1729107620385,
    "context_time": 1729107602116,
    "message_error": "http_error_timeout",
    "message_result": 200,
    "message_source": "image-cosmos"
  },
  {
    "message_request": "https://i.scdn.co/image/ab67616d00001e023020caca96c641400781c560",
    "timestamp_utc": "2024-09-23T06:36:17.986Z",
    "context_application_version": "1.2.45.454",
    "context_conn_country": "US",
    "context_device_manufacturer": "Apple Inc.",
    "context_device_model": "MacBookPro16,2",
    "context_device_type": "desktop",
    "context_os_name": "osx",
    "context_os_version": "14.6.1",
    "context_receiver_service_timestamp": 1727073402819,
    "context_time": 1727073377986,
    "message_error": "http_error_fail",
    "message_result": 200,
    "message_source": "offline-manager"
  },
  {
    "message_request": "https://i.scdn.co/image/ab67616d00001e029f4020eafca96f44b2194b84",
    "timestamp_utc": "2024-09-19T08:28:35.626Z",
    "context_application_version": "8.9.74.535",
    "context_conn_country": "US",
    "context_device_manufacturer": "apple",
    "context_device_model": "iPad14,4",
    "context_device_type": "tablet",
    "context_os_name": "ios",
    "context_os_version": "17.6.1",
    "context_receiver_service_timestamp": 1726801100621,
    "context_time": 1726734515626,
    "message_error": "http_error_timeout",
    "message_result": 200,
    "message_source": "offline-playable-cache"
  },
  {
    "message_request": "https://image-cdn-ak.spotifycdn.com/image/ab67706c0000d72c04ead1fbabaa906cd4f858d3",
    "timestamp_utc": "2024-09-29T00:31:54.388Z",
    "context_application_version": "8.9.76.516",
    "context_conn_country": "US",
    "context_device_manufacturer": "apple",
    "context_device_model": "iPhone13,4",
    "context_device_type": "mobile",
    "context_os_name": "ios",
    "context_os_version": "18.0",
    "context_receiver_service_timestamp": 1727569934197,
    "context_time": 1727569914388,
    "message_error": "http_error_timeout",
    "message_result": 200,
    "message_source": "image-cosmos"
  },
  {
    "message_request": "https://i.scdn.co/image/ab67616d00001e02ee2fe4a7b285d3817b470859",
    "timestamp_utc": "2024-10-18T08:15:59.190Z",
    "context_application_version": "8.9.82.628",
    "context_conn_country": "US",
    "context_device_manufacturer": "apple",
    "context_device_model": "iPad14,4",
    "context_device_type": "tablet",
    "context_os_name": "ios",
    "context_os_version": "18.0.1",
    "context_receiver_service_timestamp": 1729244992094,
    "context_time": 1729239359190,
    "message_error": "http_error_connect_fail",
    "message_result": 200,
    "message_source": "offline-playable-cache"
  },
  {
    "message_request": "https://i.scdn.co/image/ab67616d00001e0292f2d790c6a97b195f66d51e",
    "timestamp_utc": "2024-10-08T19:25:17.422Z",
    "context_application_version": "8.9.76.516",
    "context_conn_country": "US",
    "context_device_manufacturer": "apple",
    "context_device_model": "iPhone13,4",
    "context_device_type": "mobile",
    "context_os_name": "ios",
    "context_os_version": "18.0.1",
    "context_receiver_service_timestamp": 1728415527622,
    "context_time": 1728415517422,
    "message_error": "http_error_timeout",
    "message_result": 200,
    "message_source": "offline-playable-cache"
  }
]