[
  {
    "timestamp_utc": "2024-10-18T22:24:02.521Z",
    "context_time": 1729290242521,
    "message_modified_settings": [
      "feature-set-id"
    ],
    "message_removed_settings": [
    ]
  },
  {
    "timestamp_utc": "2024-09-18T22:24:02.195Z",
    "context_time": 1726698242195,
    "message_modified_settings": [
      "feature-set-id"
    ],
    "message_removed_settings": [
    ]
  },
  {
    "timestamp_utc": "2024-11-18T22:24:02.979Z",
    "context_time": 1731968642979,
    "message_modified_settings": [
      "feature-set-id"
    ],
    "message_removed_settings": [
    ]
  },
  {
    "timestamp_utc": "2024-09-18T22:25:58.877Z",
    "context_time": 1726698358877,
    "message_modified_settings": [
      "product-expiry"
    ],
    "message_removed_settings": [
    ]
  },
  {
    "timestamp_utc": "2024-10-18T22:24:59.574Z",
    "context_time": 1729290299574,
    "message_modified_settings": [
      "product-expiry"
    ],
    "message_removed_settings": [
    ]
  },
  {
    "timestamp_utc": "2024-11-18T22:25:01.334Z",
    "context_time": 1731968701334,
    "message_modified_settings": [
      "product-expiry"
    ],
    "message_removed_settings": [
    ]
  }
]