[
  {
    "timestamp_utc": "2024-10-18T08:16:02.667Z",
    "context_application_version": "8.9.82.628",
    "context_conn_country": "US",
    "context_device_manufacturer": "apple",
    "context_device_model": "iPad14,4",
    "context_device_type": "tablet",
    "context_os_name": "ios",
    "context_os_version": "18.0.1",
    "context_receiver_service_timestamp": 1729244992094,
    "context_time": 1729239362667,
    "message_components": "SocialListeningInvite",
    "message_reason": "unexpectedError"
  },
  {
    "timestamp_utc": "2024-10-18T10:39:13.984Z",
    "context_application_version": "8.9.82.628",
    "context_conn_country": "US",
    "context_device_manufacturer": "apple",
    "context_device_model": "iPad14,4",
    "context_device_type": "tablet",
    "context_os_name": "ios",
    "context_os_version": "18.0.1",
    "context_receiver_service_timestamp": 1729310038857,
    "context_time": 1729247953984,
    "message_components": "SocialListeningInvite",
    "message_reason": "unexpectedError"
  },
  {
    "timestamp_utc": "2024-10-18T08:16:00.543Z",
    "context_application_version": "8.9.82.628",
    "context_conn_country": "US",
    "context_device_manufacturer": "apple",
    "context_device_model": "iPad14,4",
    "context_device_type": "tablet",
    "context_os_name": "ios",
    "context_os_version": "18.0.1",
    "context_receiver_service_timestamp": 1729244992094,
    "context_time": 1729239360543,
    "message_components": "SocialListeningInvite",
    "message_reason": "unexpectedError"
  }
]