[
  {
    "timestamp_utc": "2024-10-01T23:03:17.184Z",
    "context_time": 1727823797184,
    "message_activation_timestamp": 0,
    "message_client_platform": "IPHONE_ARM64",
    "message_client_product": null,
    "message_client_version": "897600516",
    "message_n_participants": 0,
    "message_session_age": null,
    "message_session_id": "005f34e89c9dff79f8088d499526b327"
  },
  {
    "timestamp_utc": "2024-10-18T15:47:35.295Z",
    "context_time": 1729266455295,
    "message_activation_timestamp": 0,
    "message_client_platform": "IPHONE_ARM64",
    "message_client_product": null,
    "message_client_version": "898200628",
    "message_n_participants": 0,
    "message_session_age": null,
    "message_session_id": "f4285fd69575f502ea920a471358a59b"
  },
  {
    "timestamp_utc": "2024-11-20T19:21:18.537Z",
    "context_time": 1732130478537,
    "message_activation_timestamp": 0,
    "message_client_platform": "IPHONE_ARM64",
    "message_client_product": "CLIENT",
    "message_client_version": "899000084",
    "message_n_participants": 0,
    "message_session_age": null,
    "message_session_id": "34ecd76abd2b5e2d39751f894d52bf49"
  },
  {
    "timestamp_utc": "2024-10-04T16:11:03.351Z",
    "context_time": 1728058263351,
    "message_activation_timestamp": 0,
    "message_client_platform": "IPHONE_ARM64",
    "message_client_product": null,
    "message_client_version": "897600516",
    "message_n_participants": 0,
    "message_session_age": null,
    "message_session_id": "e691d40e4ae00ca93c54ba6440f45ec5"
  },
  {
    "timestamp_utc": "2024-11-08T19:04:33.180Z",
    "context_time": 1731092673180,
    "message_activation_timestamp": 0,
    "message_client_platform": "IPHONE_ARM64",
    "message_client_product": "CLIENT",
    "message_client_version": "898600419",
    "message_n_participants": 0,
    "message_session_age": null,
    "message_session_id": "9351f233904ed35ed78070014bb38247"
  },
  {
    "timestamp_utc": "2024-11-11T17:49:21.590Z",
    "context_time": 1731347361590,
    "message_activation_timestamp": 0,
    "message_client_platform": "IPHONE_ARM64",
    "message_client_product": "CLIENT",
    "message_client_version": "899000084",
    "message_n_participants": 0,
    "message_session_age": null,
    "message_session_id": "903544d36a5263f8f389b5a53e4bfacf"
  },
  {
    "timestamp_utc": "2024-10-16T00:22:23.987Z",
    "context_time": 1729038143987,
    "message_activation_timestamp": 0,
    "message_client_platform": "IPHONE_ARM64",
    "message_client_product": null,
    "message_client_version": "898200628",
    "message_n_participants": 0,
    "message_session_age": null,
    "message_session_id": "fa3520b60c948ccdb5a8dc6e4c3f4656"
  },
  {
    "timestamp_utc": "2024-10-02T22:33:40.517Z",
    "context_time": 1727908420517,
    "message_activation_timestamp": 0,
    "message_client_platform": "IPHONE_ARM64",
    "message_client_product": null,
    "message_client_version": "897600516",
    "message_n_participants": 0,
    "message_session_age": null,
    "message_session_id": "c1e5acb8e5b39ccbbced627bb2e53212"
  },
  {
    "timestamp_utc": "2024-10-22T18:44:37.939Z",
    "context_time": 1729622677939,
    "message_activation_timestamp": 0,
    "message_client_platform": "IPHONE_ARM64",
    "message_client_product": null,
    "message_client_version": "898200628",
    "message_n_participants": 0,
    "message_session_age": null,
    "message_session_id": "1b3de4ac6c0a2a370be2b94e8efff7d1"
  },
  {
    "timestamp_utc": "2024-11-03T22:16:39.603Z",
    "context_time": 1730672199603,
    "message_activation_timestamp": 0,
    "message_client_platform": "IPHONE_ARM64",
    "message_client_product": null,
    "message_client_version": "898600419",
    "message_n_participants": 0,
    "message_session_age": null,
    "message_session_id": "0f263dc778185889570a79a2ce6b3aed"
  },
  {
    "timestamp_utc": "2024-10-18T20:00:05Z",
    "context_time": 1729281605000,
    "message_activation_timestamp": 0,
    "message_client_platform": "IPHONE_ARM64",
    "message_client_product": null,
    "message_client_version": "898200628",
    "message_n_participants": 0,
    "message_session_age": null,
    "message_session_id": "6b45cc857463cd5ebcc400916e976db1"
  },
  {
    "timestamp_utc": "2024-11-02T20:47:53.699Z",
    "context_time": 1730580473699,
    "message_activation_timestamp": 0,
    "message_client_platform": "IPHONE_ARM64",
    "message_client_product": null,
    "message_client_version": "898600419",
    "message_n_participants": 0,
    "message_session_age": null,
    "message_session_id": "aed7ac81c893de91d5217798467f3a1c"
  },
  {
    "timestamp_utc": "2024-11-01T16:59:13.204Z",
    "context_time": 1730480353204,
    "message_activation_timestamp": 0,
    "message_client_platform": "IPHONE_ARM64",
    "message_client_product": null,
    "message_client_version": "898600419",
    "message_n_participants": 0,
    "message_session_age": null,
    "message_session_id": "c96e6446db949d699a848f5d91915d34"
  },
  {
    "timestamp_utc": "2024-10-28T20:19:50.058Z",
    "context_time": 1730146790058,
    "message_activation_timestamp": 0,
    "message_client_platform": "IPHONE_ARM64",
    "message_client_product": null,
    "message_client_version": "898400543",
    "message_n_participants": 0,
    "message_session_age": null,
    "message_session_id": "a469425d08a268c49021c2b97d0d784e"
  },
  {
    "timestamp_utc": "2024-11-11T17:15:01.423Z",
    "context_time": 1731345301423,
    "message_activation_timestamp": 0,
    "message_client_platform": "IPHONE_ARM64",
    "message_client_product": "CLIENT",
    "message_client_version": "899000084",
    "message_n_participants": 0,
    "message_session_age": null,
    "message_session_id": "a6426808fa8aa7b667fd2314f7c4d576"
  },
  {
    "timestamp_utc": "2024-11-06T01:35:44.385Z",
    "context_time": 1730856944385,
    "message_activation_timestamp": 0,
    "message_client_platform": "IPHONE_ARM64",
    "message_client_product": null,
    "message_client_version": "898600419",
    "message_n_participants": 0,
    "message_session_age": null,
    "message_session_id": "ea4ae8ba64be3f8542baedce97941ff6"
  },
  {
    "timestamp_utc": "2024-11-17T21:26:07.350Z",
    "context_time": 1731878767350,
    "message_activation_timestamp": 0,
    "message_client_platform": "IPHONE_ARM64",
    "message_client_product": "CLIENT",
    "message_client_version": "899000084",
    "message_n_participants": 0,
    "message_session_age": null,
    "message_session_id": "3effe0eca694e64eeeb3bdb708d283bb"
  },
  {
    "timestamp_utc": "2024-10-05T02:06:01.481Z",
    "context_time": 1728093961481,
    "message_activation_timestamp": 0,
    "message_client_platform": "IPHONE_ARM64",
    "message_client_product": null,
    "message_client_version": "897600516",
    "message_n_participants": 0,
    "message_session_age": null,
    "message_session_id": "545154140acdc5020719940dc3b18c1f"
  },
  {
    "timestamp_utc": "2024-10-11T19:21:06.553Z",
    "context_time": 1728674466553,
    "message_activation_timestamp": 0,
    "message_client_platform": "IPHONE_ARM64",
    "message_client_product": null,
    "message_client_version": "897600516",
    "message_n_participants": 0,
    "message_session_age": null,
    "message_session_id": "ec5e415b640f4a4d36afb7fec2fa369b"
  },
  {
    "timestamp_utc": "2024-10-18T20:38:11.443Z",
    "context_time": 1729283891443,
    "message_activation_timestamp": 0,
    "message_client_platform": "IPHONE_ARM64",
    "message_client_product": null,
    "message_client_version": "898200628",
    "message_n_participants": 0,
    "message_session_age": null,
    "message_session_id": "092e3b5f79f39a4c9a642f882cb9af46"
  },
  {
    "timestamp_utc": "2024-10-22T17:00:06.513Z",
    "context_time": 1729616406513,
    "message_activation_timestamp": 0,
    "message_client_platform": "IPHONE_ARM64",
    "message_client_product": null,
    "message_client_version": "898200628",
    "message_n_participants": 0,
    "message_session_age": null,
    "message_session_id": "392195c303297aee419d5d4cee80f1f7"
  },
  {
    "timestamp_utc": "2024-10-30T16:54:55.351Z",
    "context_time": 1730307295351,
    "message_activation_timestamp": 0,
    "message_client_platform": "IPHONE_ARM64",
    "message_client_product": null,
    "message_client_version": "898600419",
    "message_n_participants": 0,
    "message_session_age": null,
    "message_session_id": "c974ca16eec803a21ce309788a91d04d"
  },
  {
    "timestamp_utc": "2024-10-02T16:58:11.065Z",
    "context_time": 1727888291065,
    "message_activation_timestamp": 0,
    "message_client_platform": "IPHONE_ARM64",
    "message_client_product": null,
    "message_client_version": "897600516",
    "message_n_participants": 0,
    "message_session_age": null,
    "message_session_id": "59d0d41cb38b2d1edc9ecd76737c5129"
  },
  {
    "timestamp_utc": "2024-11-13T02:43:36.893Z",
    "context_time": 1731465816893,
    "message_activation_timestamp": 0,
    "message_client_platform": "IPHONE_ARM64",
    "message_client_product": "CLIENT",
    "message_client_version": "899000084",
    "message_n_participants": 0,
    "message_session_age": null,
    "message_session_id": "84bf8e8382bac7b2d9ab8f864f2e463b"
  },
  {
    "timestamp_utc": "2024-10-04T19:18:18.015Z",
    "context_time": 1728069498015,
    "message_activation_timestamp": 0,
    "message_client_platform": "IPHONE_ARM64",
    "message_client_product": null,
    "message_client_version": "897600516",
    "message_n_participants": 0,
    "message_session_age": null,
    "message_session_id": "caa7aa64637a61e4789243ede432991b"
  },
  {
    "timestamp_utc": "2024-10-11T19:35:31.089Z",
    "context_time": 1728675331089,
    "message_activation_timestamp": 0,
    "message_client_platform": "IPHONE_ARM64",
    "message_client_product": null,
    "message_client_version": "897600516",
    "message_n_participants": 0,
    "message_session_age": null,
    "message_session_id": "a95c402e3c23797a70cf7b1460153ccf"
  },
  {
    "timestamp_utc": "2024-11-22T20:51:32.238Z",
    "context_time": 1732308692238,
    "message_activation_timestamp": 0,
    "message_client_platform": "IPHONE_ARM64",
    "message_client_product": "CLIENT",
    "message_client_version": "899400418",
    "message_n_participants": 0,
    "message_session_age": null,
    "message_session_id": "0217b6e6f173f30b2a70c9999463e387"
  },
  {
    "timestamp_utc": "2024-10-16T00:45:43.433Z",
    "context_time": 1729039543433,
    "message_activation_timestamp": 0,
    "message_client_platform": "IPHONE_ARM64",
    "message_client_product": null,
    "message_client_version": "898200628",
    "message_n_participants": 0,
    "message_session_age": null,
    "message_session_id": "bb6e53edce8a4b926d75fc2b9545d7d1"
  },
  {
    "timestamp_utc": "2024-10-04T23:42:06.086Z",
    "context_time": 1728085326086,
    "message_activation_timestamp": 0,
    "message_client_platform": "IPHONE_ARM64",
    "message_client_product": null,
    "message_client_version": "897600516",
    "message_n_participants": 0,
    "message_session_age": null,
    "message_session_id": "eb4918f3a7192059e2961edc04dc2030"
  },
  {
    "timestamp_utc": "2024-10-09T21:25:12.031Z",
    "context_time": 1728509112031,
    "message_activation_timestamp": 0,
    "message_client_platform": "IPHONE_ARM64",
    "message_client_product": null,
    "message_client_version": "897600516",
    "message_n_participants": 0,
    "message_session_age": null,
    "message_session_id": "83700912befe64bf45906342a91c756e"
  },
  {
    "timestamp_utc": "2024-11-12T04:43:12.802Z",
    "context_time": 1731386592802,
    "message_activation_timestamp": 0,
    "message_client_platform": "IPHONE_ARM64",
    "message_client_product": "CLIENT",
    "message_client_version": "899000084",
    "message_n_participants": 0,
    "message_session_age": null,
    "message_session_id": "276d163959df6381b7c6e2d8529d3427"
  },
  {
    "timestamp_utc": "2024-10-17T23:58:31.222Z",
    "context_time": 1729209511222,
    "message_activation_timestamp": 0,
    "message_client_platform": "IPHONE_ARM64",
    "message_client_product": null,
    "message_client_version": "898200628",
    "message_n_participants": 0,
    "message_session_age": null,
    "message_session_id": "f14f468f724386efaafd76ce4eb6bcd4"
  },
  {
    "timestamp_utc": "2024-10-01T22:35:24.348Z",
    "context_time": 1727822124348,
    "message_activation_timestamp": 0,
    "message_client_platform": "IPHONE_ARM64",
    "message_client_product": null,
    "message_client_version": "897600516",
    "message_n_participants": 0,
    "message_session_age": null,
    "message_session_id": "0b49fafb4920b4436a67a4e4fdc05915"
  },
  {
    "timestamp_utc": "2024-10-09T21:13:58.076Z",
    "context_time": 1728508438076,
    "message_activation_timestamp": 0,
    "message_client_platform": "IPHONE_ARM64",
    "message_client_product": null,
    "message_client_version": "897600516",
    "message_n_participants": 0,
    "message_session_age": null,
    "message_session_id": "280c69ec7ee81ad92001ddcc4e261e70"
  },
  {
    "timestamp_utc": "2024-11-10T01:33:58.152Z",
    "context_time": 1731202438152,
    "message_activation_timestamp": 0,
    "message_client_platform": "IPHONE_ARM64",
    "message_client_product": "CLIENT",
    "message_client_version": "898600419",
    "message_n_participants": 0,
    "message_session_age": null,
    "message_session_id": "05bc84732596e1ab3d0f84fce2150537"
  },
  {
    "timestamp_utc": "2024-10-15T02:36:27.011Z",
    "context_time": 1728959787011,
    "message_activation_timestamp": 0,
    "message_client_platform": "IPHONE_ARM64",
    "message_client_product": null,
    "message_client_version": "898200628",
    "message_n_participants": 0,
    "message_session_age": null,
    "message_session_id": "f277bad4fff51184a1c46789c09c5284"
  },
  {
    "timestamp_utc": "2024-10-18T00:54:59.707Z",
    "context_time": 1729212899707,
    "message_activation_timestamp": 0,
    "message_client_platform": "IPHONE_ARM64",
    "message_client_product": null,
    "message_client_version": "898200628",
    "message_n_participants": 0,
    "message_session_age": null,
    "message_session_id": "480cd221af3aed59829c5be611a943c3"
  },
  {
    "timestamp_utc": "2024-10-30T00:46:42.046Z",
    "context_time": 1730249202046,
    "message_activation_timestamp": 0,
    "message_client_platform": "IPHONE_ARM64",
    "message_client_product": null,
    "message_client_version": "898600419",
    "message_n_participants": 0,
    "message_session_age": null,
    "message_session_id": "9de409b91a88cb3d0c4bde6ecdbeca2b"
  },
  {
    "timestamp_utc": "2024-10-02T22:42:45.263Z",
    "context_time": 1727908965263,
    "message_activation_timestamp": 0,
    "message_client_platform": "IPHONE_ARM64",
    "message_client_product": null,
    "message_client_version": "897600516",
    "message_n_participants": 0,
    "message_session_age": null,
    "message_session_id": "c26c55300c030318148dddbfcdeee149"
  },
  {
    "timestamp_utc": "2024-10-29T03:41:35.502Z",
    "context_time": 1730173295502,
    "message_activation_timestamp": 0,
    "message_client_platform": "IPHONE_ARM64",
    "message_client_product": null,
    "message_client_version": "898600419",
    "message_n_participants": 0,
    "message_session_age": null,
    "message_session_id": "525442ba73c119d9b091a1cc9a61ed34"
  },
  {
    "timestamp_utc": "2024-10-16T21:19:31.829Z",
    "context_time": 1729113571829,
    "message_activation_timestamp": 0,
    "message_client_platform": "IPHONE_ARM64",
    "message_client_product": null,
    "message_client_version": "898200628",
    "message_n_participants": 0,
    "message_session_age": null,
    "message_session_id": "13b9dc8f38bda7c5957009012173236b"
  },
  {
    "timestamp_utc": "2024-11-15T19:24:27.754Z",
    "context_time": 1731698667754,
    "message_activation_timestamp": 0,
    "message_client_platform": "IPHONE_ARM64",
    "message_client_product": "CLIENT",
    "message_client_version": "899000084",
    "message_n_participants": 0,
    "message_session_age": null,
    "message_session_id": "ecc7206f6c105599ecabc94c2528bb18"
  },
  {
    "timestamp_utc": "2024-10-07T02:35:29.105Z",
    "context_time": 1728268529105,
    "message_activation_timestamp": 0,
    "message_client_platform": "IPHONE_ARM64",
    "message_client_product": null,
    "message_client_version": "897600516",
    "message_n_participants": 0,
    "message_session_age": null,
    "message_session_id": "b963510c982cc8e3b7936696357cb187"
  },
  {
    "timestamp_utc": "2024-10-07T16:50:17.752Z",
    "context_time": 1728319817752,
    "message_activation_timestamp": 0,
    "message_client_platform": "IPHONE_ARM64",
    "message_client_product": null,
    "message_client_version": "897600516",
    "message_n_participants": 0,
    "message_session_age": null,
    "message_session_id": "4f908ca61bfe6f325c77c5e8897d873d"
  },
  {
    "timestamp_utc": "2024-10-21T17:00:44.774Z",
    "context_time": 1729530044774,
    "message_activation_timestamp": 0,
    "message_client_platform": "IPHONE_ARM64",
    "message_client_product": null,
    "message_client_version": "898200628",
    "message_n_participants": 0,
    "message_session_age": null,
    "message_session_id": "fe25d29c03a2e083b308815d3278a714"
  },
  {
    "timestamp_utc": "2024-11-10T02:00:39.914Z",
    "context_time": 1731204039914,
    "message_activation_timestamp": 0,
    "message_client_platform": "IPHONE_ARM64",
    "message_client_product": "CLIENT",
    "message_client_version": "898600419",
    "message_n_participants": 0,
    "message_session_age": null,
    "message_session_id": "1d01af528f470706004ddee77d8c4256"
  },
  {
    "timestamp_utc": "2024-10-16T02:05:53.195Z",
    "context_time": 1729044353195,
    "message_activation_timestamp": 0,
    "message_client_platform": "IPHONE_ARM64",
    "message_client_product": null,
    "message_client_version": "898200628",
    "message_n_participants": 0,
    "message_session_age": null,
    "message_session_id": "9413ee240eaadebe53163b1d473e101a"
  },
  {
    "timestamp_utc": "2024-11-05T23:29:50.419Z",
    "context_time": 1730849390419,
    "message_activation_timestamp": 0,
    "message_client_platform": "IPHONE_ARM64",
    "message_client_product": null,
    "message_client_version": "898600419",
    "message_n_participants": 0,
    "message_session_age": null,
    "message_session_id": "ef857d66eb9b3341ac19f1bbc2b78ea2"
  },
  {
    "timestamp_utc": "2024-11-08T19:42:51.169Z",
    "context_time": 1731094971169,
    "message_activation_timestamp": 0,
    "message_client_platform": "IPHONE_ARM64",
    "message_client_product": "CLIENT",
    "message_client_version": "898600419",
    "message_n_participants": 0,
    "message_session_age": null,
    "message_session_id": "6ae8f362f4949f01ef10cb23e78b9ee6"
  },
  {
    "timestamp_utc": "2024-10-08T01:21:46.487Z",
    "context_time": 1728350506487,
    "message_activation_timestamp": 0,
    "message_client_platform": "IPHONE_ARM64",
    "message_client_product": null,
    "message_client_version": "897600516",
    "message_n_participants": 0,
    "message_session_age": null,
    "message_session_id": "e348822cd588f4a4c4c0af39a666e306"
  },
  {
    "timestamp_utc": "2024-10-21T20:18:31.205Z",
    "context_time": 1729541911205,
    "message_activation_timestamp": 0,
    "message_client_platform": "IPHONE_ARM64",
    "message_client_product": null,
    "message_client_version": "898200628",
    "message_n_participants": 0,
    "message_session_age": null,
    "message_session_id": "994719f34d16c75b24ef36c59dd3e0b4"
  },
  {
    "timestamp_utc": "2024-10-29T03:21:47.626Z",
    "context_time": 1730172107626,
    "message_activation_timestamp": 0,
    "message_client_platform": "IPHONE_ARM64",
    "message_client_product": null,
    "message_client_version": "898600419",
    "message_n_participants": 0,
    "message_session_age": null,
    "message_session_id": "2dbb65edfddb86dc487b854e40cc811f"
  },
  {
    "timestamp_utc": "2024-10-11T18:30:15.339Z",
    "context_time": 1728671415339,
    "message_activation_timestamp": 0,
    "message_client_platform": "IPHONE_ARM64",
    "message_client_product": null,
    "message_client_version": "897600516",
    "message_n_participants": 0,
    "message_session_age": null,
    "message_session_id": "bb27c17ba673f787c8adb47fd5483197"
  },
  {
    "timestamp_utc": "2024-11-06T02:05:49.422Z",
    "context_time": 1730858749422,
    "message_activation_timestamp": 0,
    "message_client_platform": "IPHONE_ARM64",
    "message_client_product": null,
    "message_client_version": "898600419",
    "message_n_participants": 0,
    "message_session_age": null,
    "message_session_id": "c20208d7fb14475b14d77761a41d6118"
  },
  {
    "timestamp_utc": "2024-11-01T18:24:19.889Z",
    "context_time": 1730485459889,
    "message_activation_timestamp": 0,
    "message_client_platform": "IPHONE_ARM64",
    "message_client_product": null,
    "message_client_version": "898600419",
    "message_n_participants": 0,
    "message_session_age": null,
    "message_session_id": "17eab7d8b26e2412723162ea322bae22"
  },
  {
    "timestamp_utc": "2024-10-02T00:49:19.871Z",
    "context_time": 1727830159871,
    "message_activation_timestamp": 0,
    "message_client_platform": "IPHONE_ARM64",
    "message_client_product": null,
    "message_client_version": "897600516",
    "message_n_participants": 0,
    "message_session_age": null,
    "message_session_id": "75fe3ad4d3de69c4059bb10f56e409e4"
  },
  {
    "timestamp_utc": "2024-10-30T01:49:54.497Z",
    "context_time": 1730252994497,
    "message_activation_timestamp": 0,
    "message_client_platform": "IPHONE_ARM64",
    "message_client_product": null,
    "message_client_version": "898600419",
    "message_n_participants": 0,
    "message_session_age": null,
    "message_session_id": "5bf7a46a59666e9f782b84856c243089"
  },
  {
    "timestamp_utc": "2024-10-22T17:33:19.214Z",
    "context_time": 1729618399214,
    "message_activation_timestamp": 0,
    "message_client_platform": "IPHONE_ARM64",
    "message_client_product": null,
    "message_client_version": "898200628",
    "message_n_participants": 0,
    "message_session_age": null,
    "message_session_id": "a563628e0265cd8b02c10cbcd34fde8c"
  },
  {
    "timestamp_utc": "2024-10-16T01:28:51.946Z",
    "context_time": 1729042131946,
    "message_activation_timestamp": 0,
    "message_client_platform": "IPHONE_ARM64",
    "message_client_product": null,
    "message_client_version": "898200628",
    "message_n_participants": 0,
    "message_session_age": null,
    "message_session_id": "752a063dfa22d6395ce74bb5d9c3b3b4"
  },
  {
    "timestamp_utc": "2024-11-13T02:17:58.690Z",
    "context_time": 1731464278690,
    "message_activation_timestamp": 0,
    "message_client_platform": "IPHONE_ARM64",
    "message_client_product": "CLIENT",
    "message_client_version": "899000084",
    "message_n_participants": 0,
    "message_session_age": null,
    "message_session_id": "43bd1a05cd1e59b2098607f9a93ee40b"
  },
  {
    "timestamp_utc": "2024-11-03T22:29:46.507Z",
    "context_time": 1730672986507,
    "message_activation_timestamp": 0,
    "message_client_platform": "IPHONE_ARM64",
    "message_client_product": null,
    "message_client_version": "898600419",
    "message_n_participants": 0,
    "message_session_age": null,
    "message_session_id": "f8b459be9f050bc816eb2ca532f14528"
  },
  {
    "timestamp_utc": "2024-10-09T22:23:43.980Z",
    "context_time": 1728512623980,
    "message_activation_timestamp": 0,
    "message_client_platform": "IPHONE_ARM64",
    "message_client_product": null,
    "message_client_version": "897600516",
    "message_n_participants": 0,
    "message_session_age": null,
    "message_session_id": "438c77272d8542c8fa87fa7200e2edfb"
  },
  {
    "timestamp_utc": "2024-11-19T03:49:48.274Z",
    "context_time": 1731988188274,
    "message_activation_timestamp": 0,
    "message_client_platform": "IPHONE_ARM64",
    "message_client_product": "CLIENT",
    "message_client_version": "899000084",
    "message_n_participants": 0,
    "message_session_age": null,
    "message_session_id": "82e34262141199983849b391012fed8d"
  },
  {
    "timestamp_utc": "2024-11-13T19:46:10.258Z",
    "context_time": 1731527170258,
    "message_activation_timestamp": 0,
    "message_client_platform": "IPHONE_ARM64",
    "message_client_product": "CLIENT",
    "message_client_version": "899000084",
    "message_n_participants": 0,
    "message_session_age": null,
    "message_session_id": "30372431ea643956e803b76be54b0a1a"
  },
  {
    "timestamp_utc": "2024-10-01T23:43:37.681Z",
    "context_time": 1727826217681,
    "message_activation_timestamp": 0,
    "message_client_platform": "IPHONE_ARM64",
    "message_client_product": null,
    "message_client_version": "897600516",
    "message_n_participants": 0,
    "message_session_age": null,
    "message_session_id": "821fcaba2aeb17fe1df842693a8adca1"
  },
  {
    "timestamp_utc": "2024-11-01T19:07:07.844Z",
    "context_time": 1730488027844,
    "message_activation_timestamp": 0,
    "message_client_platform": "IPHONE_ARM64",
    "message_client_product": null,
    "message_client_version": "898600419",
    "message_n_participants": 0,
    "message_session_age": null,
    "message_session_id": "09591570ce810ea08a0c613287db999d"
  },
  {
    "timestamp_utc": "2024-10-21T20:21:46.354Z",
    "context_time": 1729542106354,
    "message_activation_timestamp": 0,
    "message_client_platform": "IPHONE_ARM64",
    "message_client_product": null,
    "message_client_version": "898200628",
    "message_n_participants": 0,
    "message_session_age": null,
    "message_session_id": "0577bef44fdb60f1969eef500585e06d"
  },
  {
    "timestamp_utc": "2024-10-11T19:13:10.980Z",
    "context_time": 1728673990980,
    "message_activation_timestamp": 0,
    "message_client_platform": "IPHONE_ARM64",
    "message_client_product": null,
    "message_client_version": "897600516",
    "message_n_participants": 0,
    "message_session_age": null,
    "message_session_id": "2aa53d560ced3d30fe618ad108a93441"
  },
  {
    "timestamp_utc": "2024-10-13T17:58:37.717Z",
    "context_time": 1728842317717,
    "message_activation_timestamp": 0,
    "message_client_platform": "IPHONE_ARM64",
    "message_client_product": null,
    "message_client_version": "898200628",
    "message_n_participants": 0,
    "message_session_age": null,
    "message_session_id": "37e14a0d7b94e2f48895c3a940319740"
  },
  {
    "timestamp_utc": "2024-10-16T21:11:51.600Z",
    "context_time": 1729113111600,
    "message_activation_timestamp": 0,
    "message_client_platform": "IPHONE_ARM64",
    "message_client_product": null,
    "message_client_version": "898200628",
    "message_n_participants": 0,
    "message_session_age": null,
    "message_session_id": "44ea8ba01571ac0bf4e3794de393c1fe"
  },
  {
    "timestamp_utc": "2024-10-15T22:23:17.392Z",
    "context_time": 1729030997392,
    "message_activation_timestamp": 0,
    "message_client_platform": "IPHONE_ARM64",
    "message_client_product": null,
    "message_client_version": "898200628",
    "message_n_participants": 0,
    "message_session_age": null,
    "message_session_id": "6696753c5d2c55a747aca305bb18262c"
  },
  {
    "timestamp_utc": "2024-11-20T21:19:27.303Z",
    "context_time": 1732137567303,
    "message_activation_timestamp": 0,
    "message_client_platform": "IPHONE_ARM64",
    "message_client_product": "CLIENT",
    "message_client_version": "899000084",
    "message_n_participants": 0,
    "message_session_age": null,
    "message_session_id": "c62552ebe294efa69c2e1f4ec0c70756"
  },
  {
    "timestamp_utc": "2024-11-07T23:03:10.782Z",
    "context_time": 1731020590782,
    "message_activation_timestamp": 0,
    "message_client_platform": "IPHONE_ARM64",
    "message_client_product": "CLIENT",
    "message_client_version": "898600419",
    "message_n_participants": 0,
    "message_session_age": null,
    "message_session_id": "4586cd28c2876b64db43c78a1a0d3c9d"
  },
  {
    "timestamp_utc": "2024-10-02T01:06:37.236Z",
    "context_time": 1727831197236,
    "message_activation_timestamp": 0,
    "message_client_platform": "IPHONE_ARM64",
    "message_client_product": null,
    "message_client_version": "897600516",
    "message_n_participants": 0,
    "message_session_age": null,
    "message_session_id": "ad07cc51377535afb3ae08eb5671bf31"
  },
  {
    "timestamp_utc": "2024-10-11T16:55:44.488Z",
    "context_time": 1728665744488,
    "message_activation_timestamp": 0,
    "message_client_platform": "IPHONE_ARM64",
    "message_client_product": null,
    "message_client_version": "897600516",
    "message_n_participants": 0,
    "message_session_age": null,
    "message_session_id": "f8fb1f0472d33dbb9e914eef5a9ecdf6"
  },
  {
    "timestamp_utc": "2024-10-04T23:42:06.065Z",
    "context_time": 1728085326065,
    "message_activation_timestamp": 0,
    "message_client_platform": "IPHONE_ARM64",
    "message_client_product": null,
    "message_client_version": "897600516",
    "message_n_participants": 0,
    "message_session_age": null,
    "message_session_id": "eb4918f3a7192059e2961edc04dc2030"
  },
  {
    "timestamp_utc": "2024-11-08T17:46:22.142Z",
    "context_time": 1731087982142,
    "message_activation_timestamp": 0,
    "message_client_platform": "IPHONE_ARM64",
    "message_client_product": "CLIENT",
    "message_client_version": "898600419",
    "message_n_participants": 0,
    "message_session_age": null,
    "message_session_id": "4ddc0377dd5d12c6aaa660cc58b95124"
  },
  {
    "timestamp_utc": "2024-10-08T00:51:47.347Z",
    "context_time": 1728348707347,
    "message_activation_timestamp": 0,
    "message_client_platform": "IPHONE_ARM64",
    "message_client_product": null,
    "message_client_version": "897600516",
    "message_n_participants": 0,
    "message_session_age": null,
    "message_session_id": "7b8bc78b801829071a1d74a613d69287"
  },
  {
    "timestamp_utc": "2024-11-12T23:24:54.741Z",
    "context_time": 1731453894741,
    "message_activation_timestamp": 0,
    "message_client_platform": "IPHONE_ARM64",
    "message_client_product": "CLIENT",
    "message_client_version": "899000084",
    "message_n_participants": 0,
    "message_session_age": null,
    "message_session_id": "d2a954f649375d820343874f74b9489e"
  },
  {
    "timestamp_utc": "2024-11-22T17:55:01.514Z",
    "context_time": 1732298101514,
    "message_activation_timestamp": 0,
    "message_client_platform": "IPHONE_ARM64",
    "message_client_product": "CLIENT",
    "message_client_version": "899400418",
    "message_n_participants": 0,
    "message_session_age": null,
    "message_session_id": "ba2425d6876dc4b0c12e1968bd66358d"
  },
  {
    "timestamp_utc": "2024-10-25T21:26:38.456Z",
    "context_time": 1729891598456,
    "message_activation_timestamp": 0,
    "message_client_platform": "IPHONE_ARM64",
    "message_client_product": null,
    "message_client_version": "898400543",
    "message_n_participants": 0,
    "message_session_age": null,
    "message_session_id": "037f609d0239eed70e07c5132e1af72c"
  },
  {
    "timestamp_utc": "2024-11-18T06:23:27.249Z",
    "context_time": 1731911007249,
    "message_activation_timestamp": 0,
    "message_client_platform": "IPHONE_ARM64",
    "message_client_product": "CLIENT",
    "message_client_version": "899000084",
    "message_n_participants": 0,
    "message_session_age": null,
    "message_session_id": "9fae6040c0f448193d88924b085f24c0"
  },
  {
    "timestamp_utc": "2024-10-18T18:10:31.595Z",
    "context_time": 1729275031595,
    "message_activation_timestamp": 0,
    "message_client_platform": "IPHONE_ARM64",
    "message_client_product": null,
    "message_client_version": "898200628",
    "message_n_participants": 0,
    "message_session_age": null,
    "message_session_id": "1433a4b04743f6cf748540336c8861a5"
  },
  {
    "timestamp_utc": "2024-11-02T20:42:46.414Z",
    "context_time": 1730580166414,
    "message_activation_timestamp": 0,
    "message_client_platform": "IPHONE_ARM64",
    "message_client_product": null,
    "message_client_version": "898600419",
    "message_n_participants": 0,
    "message_session_age": null,
    "message_session_id": "9e0aee4e9b3681c7fe817ac5c9e35f02"
  },
  {
    "timestamp_utc": "2024-11-22T20:06:00.815Z",
    "context_time": 1732305960815,
    "message_activation_timestamp": 0,
    "message_client_platform": "IPHONE_ARM64",
    "message_client_product": "CLIENT",
    "message_client_version": "899400418",
    "message_n_participants": 0,
    "message_session_age": null,
    "message_session_id": "e8b0916e77fb186b1e424b90e19d24fc"
  },
  {
    "timestamp_utc": "2024-10-30T00:46:41.770Z",
    "context_time": 1730249201770,
    "message_activation_timestamp": 0,
    "message_client_platform": "IPHONE_ARM64",
    "message_client_product": null,
    "message_client_version": "898600419",
    "message_n_participants": 0,
    "message_session_age": null,
    "message_session_id": "758ae06c5570aedf8d74f09de73f8111"
  },
  {
    "timestamp_utc": "2024-10-01T22:34:33.507Z",
    "context_time": 1727822073507,
    "message_activation_timestamp": 0,
    "message_client_platform": "IPHONE_ARM64",
    "message_client_product": null,
    "message_client_version": "897600516",
    "message_n_participants": 0,
    "message_session_age": null,
    "message_session_id": "53dcc4bfa9968f3ad9d39c68b6791efa"
  },
  {
    "timestamp_utc": "2024-10-21T20:18:20.624Z",
    "context_time": 1729541900624,
    "message_activation_timestamp": 0,
    "message_client_platform": "IPHONE_ARM64",
    "message_client_product": null,
    "message_client_version": "898200628",
    "message_n_participants": 0,
    "message_session_age": null,
    "message_session_id": "6901ff430a370647035967d639557c34"
  },
  {
    "timestamp_utc": "2024-11-02T20:36:47.961Z",
    "context_time": 1730579807961,
    "message_activation_timestamp": 0,
    "message_client_platform": "IPHONE_ARM64",
    "message_client_product": null,
    "message_client_version": "898600419",
    "message_n_participants": 0,
    "message_session_age": null,
    "message_session_id": "c6a595839ed1dc5cd13f91773c42aa37"
  },
  {
    "timestamp_utc": "2024-10-12T00:40:39.913Z",
    "context_time": 1728693639913,
    "message_activation_timestamp": 0,
    "message_client_platform": "IPHONE_ARM64",
    "message_client_product": null,
    "message_client_version": "898200628",
    "message_n_participants": 0,
    "message_session_age": null,
    "message_session_id": "10b6fe6682bc1373266e7fd97367c33f"
  },
  {
    "timestamp_utc": "2024-10-17T21:50:12.635Z",
    "context_time": 1729201812635,
    "message_activation_timestamp": 0,
    "message_client_platform": "IPHONE_ARM64",
    "message_client_product": null,
    "message_client_version": "898200628",
    "message_n_participants": 0,
    "message_session_age": null,
    "message_session_id": "323e05bd201de69d985005ea9029f1ba"
  },
  {
    "timestamp_utc": "2024-11-13T01:59:07.730Z",
    "context_time": 1731463147730,
    "message_activation_timestamp": 0,
    "message_client_platform": "IPHONE_ARM64",
    "message_client_product": "CLIENT",
    "message_client_version": "899000084",
    "message_n_participants": 0,
    "message_session_age": null,
    "message_session_id": "50ac37232ce68292191dc2f9beb72ee3"
  },
  {
    "timestamp_utc": "2024-11-07T22:41:46.934Z",
    "context_time": 1731019306934,
    "message_activation_timestamp": 0,
    "message_client_platform": "IPHONE_ARM64",
    "message_client_product": "CLIENT",
    "message_client_version": "898600419",
    "message_n_participants": 0,
    "message_session_age": null,
    "message_session_id": "76fdd9489480810a8150f7034686ab81"
  },
  {
    "timestamp_utc": "2024-11-13T01:52:20.564Z",
    "context_time": 1731462740564,
    "message_activation_timestamp": 0,
    "message_client_platform": "IPHONE_ARM64",
    "message_client_product": "CLIENT",
    "message_client_version": "899000084",
    "message_n_participants": 0,
    "message_session_age": null,
    "message_session_id": "d254d9210e6afd3fba08b59436f35e48"
  },
  {
    "timestamp_utc": "2024-11-05T03:48:02.960Z",
    "context_time": 1730778482960,
    "message_activation_timestamp": 0,
    "message_client_platform": "IPHONE_ARM64",
    "message_client_product": null,
    "message_client_version": "898600419",
    "message_n_participants": 0,
    "message_session_age": null,
    "message_session_id": "3f79eba9f0f836ae640993916b9568e1"
  },
  {
    "timestamp_utc": "2024-11-02T19:58:14.034Z",
    "context_time": 1730577494034,
    "message_activation_timestamp": 0,
    "message_client_platform": "IPHONE_ARM64",
    "message_client_product": null,
    "message_client_version": "898600419",
    "message_n_participants": 0,
    "message_session_age": null,
    "message_session_id": "3bf09adb6da28a9e9fa04f2f6640125d"
  },
  {
    "timestamp_utc": "2024-11-22T20:01:58.342Z",
    "context_time": 1732305718342,
    "message_activation_timestamp": 0,
    "message_client_platform": "IPHONE_ARM64",
    "message_client_product": "CLIENT",
    "message_client_version": "899400418",
    "message_n_participants": 0,
    "message_session_age": null,
    "message_session_id": "1e7c73b99ecf1d6720e4ede05e19c8c5"
  },
  {
    "timestamp_utc": "2024-10-02T22:32:23.983Z",
    "context_time": 1727908343983,
    "message_activation_timestamp": 0,
    "message_client_platform": "IPHONE_ARM64",
    "message_client_product": null,
    "message_client_version": "897600516",
    "message_n_participants": 0,
    "message_session_age": null,
    "message_session_id": "aa3bfd1021eb32054e8974c23540e4f9"
  },
  {
    "timestamp_utc": "2024-11-01T16:43:26.179Z",
    "context_time": 1730479406179,
    "message_activation_timestamp": 0,
    "message_client_platform": "IPHONE_ARM64",
    "message_client_product": null,
    "message_client_version": "898600419",
    "message_n_participants": 0,
    "message_session_age": null,
    "message_session_id": "73f078e13722cb739203ea49be29a36c"
  },
  {
    "timestamp_utc": "2024-10-23T06:52:57.692Z",
    "context_time": 1729666377692,
    "message_activation_timestamp": 0,
    "message_client_platform": "IPHONE_ARM64",
    "message_client_product": null,
    "message_client_version": "898200628",
    "message_n_participants": 0,
    "message_session_age": null,
    "message_session_id": "b93743d5d5002a00f222038a17a7b131"
  },
  {
    "timestamp_utc": "2024-11-12T03:49:05.265Z",
    "context_time": 1731383345265,
    "message_activation_timestamp": 0,
    "message_client_platform": "IPHONE_ARM64",
    "message_client_product": "CLIENT",
    "message_client_version": "899000084",
    "message_n_participants": 0,
    "message_session_age": null,
    "message_session_id": "4d2486031dc0db51a15382dba895adae"
  },
  {
    "timestamp_utc": "2024-10-18T20:23:17.582Z",
    "context_time": 1729282997582,
    "message_activation_timestamp": 0,
    "message_client_platform": "IPHONE_ARM64",
    "message_client_product": null,
    "message_client_version": "898200628",
    "message_n_participants": 0,
    "message_session_age": null,
    "message_session_id": "aa5b111271cb81324a3805adad33d191"
  },
  {
    "timestamp_utc": "2024-11-04T18:00:44.030Z",
    "context_time": 1730743244030,
    "message_activation_timestamp": 0,
    "message_client_platform": "IPHONE_ARM64",
    "message_client_product": null,
    "message_client_version": "898600419",
    "message_n_participants": 0,
    "message_session_age": null,
    "message_session_id": "e3b6813c838c3b48a4d3ea87047a45e1"
  },
  {
    "timestamp_utc": "2024-11-13T19:30:36.202Z",
    "context_time": 1731526236202,
    "message_activation_timestamp": 0,
    "message_client_platform": "IPHONE_ARM64",
    "message_client_product": "CLIENT",
    "message_client_version": "899000084",
    "message_n_participants": 0,
    "message_session_age": null,
    "message_session_id": "744192b93053594bddf1994fa59f1e69"
  },
  {
    "timestamp_utc": "2024-10-23T17:03:50.934Z",
    "context_time": 1729703030934,
    "message_activation_timestamp": 0,
    "message_client_platform": "IPHONE_ARM64",
    "message_client_product": null,
    "message_client_version": "898200628",
    "message_n_participants": 0,
    "message_session_age": null,
    "message_session_id": "0a6a7b283c2cdca263f3275a8943b351"
  },
  {
    "timestamp_utc": "2024-11-20T17:51:25.219Z",
    "context_time": 1732125085219,
    "message_activation_timestamp": 0,
    "message_client_platform": "IPHONE_ARM64",
    "message_client_product": "CLIENT",
    "message_client_version": "899000084",
    "message_n_participants": 0,
    "message_session_age": null,
    "message_session_id": "42e0fa2aa2e23ba3e51227e0496fc648"
  },
  {
    "timestamp_utc": "2024-11-11T17:28:13.123Z",
    "context_time": 1731346093123,
    "message_activation_timestamp": 0,
    "message_client_platform": "IPHONE_ARM64",
    "message_client_product": "CLIENT",
    "message_client_version": "899000084",
    "message_n_participants": 0,
    "message_session_age": null,
    "message_session_id": "df17f7d2eeb22ef5feeaa88855cfcba2"
  },
  {
    "timestamp_utc": "2024-10-18T15:30:01.201Z",
    "context_time": 1729265401201,
    "message_activation_timestamp": 0,
    "message_client_platform": "IPHONE_ARM64",
    "message_client_product": null,
    "message_client_version": "898200628",
    "message_n_participants": 0,
    "message_session_age": null,
    "message_session_id": "4fa3d22795bda213e2e17f68c14116ab"
  },
  {
    "timestamp_utc": "2024-11-12T03:07:23.682Z",
    "context_time": 1731380843682,
    "message_activation_timestamp": 0,
    "message_client_platform": "IPHONE_ARM64",
    "message_client_product": "CLIENT",
    "message_client_version": "899000084",
    "message_n_participants": 0,
    "message_session_age": null,
    "message_session_id": "c0c3311420e7bc8d396d50cd165c0b14"
  },
  {
    "timestamp_utc": "2024-10-12T00:16:58.282Z",
    "context_time": 1728692218282,
    "message_activation_timestamp": 0,
    "message_client_platform": "IPHONE_ARM64",
    "message_client_product": null,
    "message_client_version": "898200628",
    "message_n_participants": 0,
    "message_session_age": null,
    "message_session_id": "14860015cd33de21c92c5689250f439f"
  },
  {
    "timestamp_utc": "2024-11-18T17:42:02.891Z",
    "context_time": 1731951722891,
    "message_activation_timestamp": 0,
    "message_client_platform": "IPHONE_ARM64",
    "message_client_product": "CLIENT",
    "message_client_version": "899000084",
    "message_n_participants": 0,
    "message_session_age": null,
    "message_session_id": "36ea72bbda73cade8696a85023804d78"
  },
  {
    "timestamp_utc": "2024-10-21T20:42:44.872Z",
    "context_time": 1729543364872,
    "message_activation_timestamp": 0,
    "message_client_platform": "IPHONE_ARM64",
    "message_client_product": null,
    "message_client_version": "898200628",
    "message_n_participants": 0,
    "message_session_age": null,
    "message_session_id": "725ad4d283718006e7e742bcfd2f12ad"
  },
  {
    "timestamp_utc": "2024-11-12T01:21:31.565Z",
    "context_time": 1731374491565,
    "message_activation_timestamp": 0,
    "message_client_platform": "IPHONE_ARM64",
    "message_client_product": "CLIENT",
    "message_client_version": "899000084",
    "message_n_participants": 0,
    "message_session_age": null,
    "message_session_id": "cbaec596418b9a04c55d3b9549166d0c"
  },
  {
    "timestamp_utc": "2024-10-04T17:57:50.360Z",
    "context_time": 1728064670360,
    "message_activation_timestamp": 0,
    "message_client_platform": "IPHONE_ARM64",
    "message_client_product": null,
    "message_client_version": "897600516",
    "message_n_participants": 0,
    "message_session_age": null,
    "message_session_id": "40d0b4b8c7ae0243579bf84a064626de"
  },
  {
    "timestamp_utc": "2024-10-09T17:00:15.039Z",
    "context_time": 1728493215039,
    "message_activation_timestamp": 0,
    "message_client_platform": "IPHONE_ARM64",
    "message_client_product": null,
    "message_client_version": "897600516",
    "message_n_participants": 0,
    "message_session_age": null,
    "message_session_id": "eaf5bbf5c321409478c84c4c375cd180"
  },
  {
    "timestamp_utc": "2024-10-31T20:09:16.561Z",
    "context_time": 1730405356561,
    "message_activation_timestamp": 0,
    "message_client_platform": "IPHONE_ARM64",
    "message_client_product": null,
    "message_client_version": "898600419",
    "message_n_participants": 0,
    "message_session_age": null,
    "message_session_id": "ec859d8bdaf0cc985b35c953d285faf8"
  },
  {
    "timestamp_utc": "2024-10-29T22:37:27.312Z",
    "context_time": 1730241447312,
    "message_activation_timestamp": 0,
    "message_client_platform": "IPHONE_ARM64",
    "message_client_product": null,
    "message_client_version": "898600419",
    "message_n_participants": 0,
    "message_session_age": null,
    "message_session_id": "c2f2a7e912a35e540f3c7b347f154e61"
  },
  {
    "timestamp_utc": "2024-10-11T20:05:35.520Z",
    "context_time": 1728677135520,
    "message_activation_timestamp": 0,
    "message_client_platform": "IPHONE_ARM64",
    "message_client_product": null,
    "message_client_version": "897600516",
    "message_n_participants": 0,
    "message_session_age": null,
    "message_session_id": "f8ebda78d1d03781f359795dc11c2cff"
  },
  {
    "timestamp_utc": "2024-10-13T18:57:20.871Z",
    "context_time": 1728845840871,
    "message_activation_timestamp": 0,
    "message_client_platform": "IPHONE_ARM64",
    "message_client_product": null,
    "message_client_version": "898200628",
    "message_n_participants": 0,
    "message_session_age": null,
    "message_session_id": "82ee7d77a25afbc53c7b9b583ccb4136"
  },
  {
    "timestamp_utc": "2024-11-08T21:05:15.361Z",
    "context_time": 1731099915361,
    "message_activation_timestamp": 0,
    "message_client_platform": "IPHONE_ARM64",
    "message_client_product": "CLIENT",
    "message_client_version": "898600419",
    "message_n_participants": 0,
    "message_session_age": null,
    "message_session_id": "0d4922e5fd448c352f33c40885fb8407"
  },
  {
    "timestamp_utc": "2024-06-29T05:42:12.933Z",
    "context_time": 1719639732933,
    "message_activation_timestamp": 1719624861746,
    "message_client_platform": "IPHONE_ARM64",
    "message_client_product": null,
    "message_client_version": "895000491",
    "message_n_participants": 0,
    "message_session_age": 663718,
    "message_session_id": "57e202e3e4f121da20a2eeb9bb24baaa"
  },
  {
    "timestamp_utc": "2024-11-15T18:06:29.120Z",
    "context_time": 1731693989120,
    "message_activation_timestamp": 0,
    "message_client_platform": "IPHONE_ARM64",
    "message_client_product": "CLIENT",
    "message_client_version": "899000084",
    "message_n_participants": 0,
    "message_session_age": null,
    "message_session_id": "a15ef78351720d890b19e0b359df4015"
  },
  {
    "timestamp_utc": "2024-10-01T22:45:30.171Z",
    "context_time": 1727822730171,
    "message_activation_timestamp": 0,
    "message_client_platform": "IPHONE_ARM64",
    "message_client_product": null,
    "message_client_version": "897600516",
    "message_n_participants": 0,
    "message_session_age": null,
    "message_session_id": "22104843ffe72e5e09d854bd7858196d"
  },
  {
    "timestamp_utc": "2024-10-14T16:58:18.452Z",
    "context_time": 1728925098452,
    "message_activation_timestamp": 0,
    "message_client_platform": "IPHONE_ARM64",
    "message_client_product": null,
    "message_client_version": "898200628",
    "message_n_participants": 0,
    "message_session_age": null,
    "message_session_id": "15df9400a11214c09798e8e30bad5c4a"
  },
  {
    "timestamp_utc": "2024-10-16T02:32:33.263Z",
    "context_time": 1729045953263,
    "message_activation_timestamp": 0,
    "message_client_platform": "IPHONE_ARM64",
    "message_client_product": null,
    "message_client_version": "898200628",
    "message_n_participants": 0,
    "message_session_age": null,
    "message_session_id": "2204315792a42c38c397ab07c8443485"
  },
  {
    "timestamp_utc": "2024-10-23T20:11:44.455Z",
    "context_time": 1729714304455,
    "message_activation_timestamp": 0,
    "message_client_platform": "IPHONE_ARM64",
    "message_client_product": null,
    "message_client_version": "898200628",
    "message_n_participants": 0,
    "message_session_age": null,
    "message_session_id": "edba8f4e857a129932db3c4a1b7cf95a"
  },
  {
    "timestamp_utc": "2024-10-01T22:34:25.548Z",
    "context_time": 1727822065548,
    "message_activation_timestamp": 0,
    "message_client_platform": "IPHONE_ARM64",
    "message_client_product": null,
    "message_client_version": "897600516",
    "message_n_participants": 0,
    "message_session_age": null,
    "message_session_id": "bb26099c809e130784bef5a5386fe9c1"
  },
  {
    "timestamp_utc": "2024-10-07T15:24:38.887Z",
    "context_time": 1728314678887,
    "message_activation_timestamp": 0,
    "message_client_platform": "IPHONE_ARM64",
    "message_client_product": null,
    "message_client_version": "897600516",
    "message_n_participants": 0,
    "message_session_age": null,
    "message_session_id": "9ef5b1b85d1696d768cd48b7ecef4900"
  },
  {
    "timestamp_utc": "2024-10-07T23:45:07.216Z",
    "context_time": 1728344707216,
    "message_activation_timestamp": 0,
    "message_client_platform": "IPHONE_ARM64",
    "message_client_product": null,
    "message_client_version": "897600516",
    "message_n_participants": 0,
    "message_session_age": null,
    "message_session_id": "ce3e65fd8ec59ba0d1be3c3c3272635e"
  },
  {
    "timestamp_utc": "2024-11-17T21:21:34.807Z",
    "context_time": 1731878494807,
    "message_activation_timestamp": 0,
    "message_client_platform": "IPHONE_ARM64",
    "message_client_product": "CLIENT",
    "message_client_version": "899000084",
    "message_n_participants": 0,
    "message_session_age": null,
    "message_session_id": "7a8389117b03d75488f6446ec50bbb1f"
  },
  {
    "timestamp_utc": "2024-11-03T21:57:37.686Z",
    "context_time": 1730671057686,
    "message_activation_timestamp": 0,
    "message_client_platform": "IPHONE_ARM64",
    "message_client_product": null,
    "message_client_version": "898600419",
    "message_n_participants": 0,
    "message_session_age": null,
    "message_session_id": "80f8a275c819c908e606ad8f9d40dfbd"
  },
  {
    "timestamp_utc": "2024-10-05T00:37:49.035Z",
    "context_time": 1728088669035,
    "message_activation_timestamp": 0,
    "message_client_platform": "IPHONE_ARM64",
    "message_client_product": null,
    "message_client_version": "897600516",
    "message_n_participants": 0,
    "message_session_age": null,
    "message_session_id": "fd64466c6fe8a0e38b8f6f3698985551"
  },
  {
    "timestamp_utc": "2024-10-09T22:43:26.053Z",
    "context_time": 1728513806053,
    "message_activation_timestamp": 0,
    "message_client_platform": "IPHONE_ARM64",
    "message_client_product": null,
    "message_client_version": "897600516",
    "message_n_participants": 0,
    "message_session_age": null,
    "message_session_id": "5161999207694249d30432661c9c6639"
  },
  {
    "timestamp_utc": "2024-10-30T00:41:49.912Z",
    "context_time": 1730248909912,
    "message_activation_timestamp": 0,
    "message_client_platform": "IPHONE_ARM64",
    "message_client_product": null,
    "message_client_version": "898600419",
    "message_n_participants": 0,
    "message_session_age": null,
    "message_session_id": "cc7b40f1c85e89bc9f965fb91a029d12"
  },
  {
    "timestamp_utc": "2024-10-14T23:45:34.417Z",
    "context_time": 1728949534417,
    "message_activation_timestamp": 0,
    "message_client_platform": "IPHONE_ARM64",
    "message_client_product": null,
    "message_client_version": "898200628",
    "message_n_participants": 0,
    "message_session_age": null,
    "message_session_id": "ae0df7048482ab834236c18cc57480a2"
  },
  {
    "timestamp_utc": "2024-10-22T02:26:16.140Z",
    "context_time": 1729563976140,
    "message_activation_timestamp": 0,
    "message_client_platform": "IPHONE_ARM64",
    "message_client_product": null,
    "message_client_version": "898200628",
    "message_n_participants": 0,
    "message_session_age": null,
    "message_session_id": "05e77f248e4b2a4d24b89ca3bd7e9cc2"
  },
  {
    "timestamp_utc": "2024-10-30T18:27:16.561Z",
    "context_time": 1730312836561,
    "message_activation_timestamp": 0,
    "message_client_platform": "IPHONE_ARM64",
    "message_client_product": null,
    "message_client_version": "898600419",
    "message_n_participants": 0,
    "message_session_age": null,
    "message_session_id": "372c9e32bbc71be5d7a423244c76ed43"
  },
  {
    "timestamp_utc": "2024-11-06T17:35:12.257Z",
    "context_time": 1730914512257,
    "message_activation_timestamp": 0,
    "message_client_platform": "IPHONE_ARM64",
    "message_client_product": "CLIENT",
    "message_client_version": "898600419",
    "message_n_participants": 0,
    "message_session_age": null,
    "message_session_id": "03d306db22ccdc587b2af5481428f04f"
  },
  {
    "timestamp_utc": "2024-11-15T20:50:20.125Z",
    "context_time": 1731703820125,
    "message_activation_timestamp": 0,
    "message_client_platform": "IPHONE_ARM64",
    "message_client_product": "CLIENT",
    "message_client_version": "899000084",
    "message_n_participants": 0,
    "message_session_age": null,
    "message_session_id": "07bf8a14591ad12bcde070f11f8c984d"
  },
  {
    "timestamp_utc": "2024-10-16T16:52:35.478Z",
    "context_time": 1729097555478,
    "message_activation_timestamp": 0,
    "message_client_platform": "IPHONE_ARM64",
    "message_client_product": null,
    "message_client_version": "898200628",
    "message_n_participants": 0,
    "message_session_age": null,
    "message_session_id": "51ee880d1d1fe45300098492ce43a714"
  },
  {
    "timestamp_utc": "2024-11-20T19:57:55.442Z",
    "context_time": 1732132675442,
    "message_activation_timestamp": 0,
    "message_client_platform": "IPHONE_ARM64",
    "message_client_product": "CLIENT",
    "message_client_version": "899000084",
    "message_n_participants": 0,
    "message_session_age": null,
    "message_session_id": "045f8d771072389fa40aeb6231288997"
  },
  {
    "timestamp_utc": "2024-11-13T18:01:07.618Z",
    "context_time": 1731520867618,
    "message_activation_timestamp": 0,
    "message_client_platform": "IPHONE_ARM64",
    "message_client_product": "CLIENT",
    "message_client_version": "899000084",
    "message_n_participants": 0,
    "message_session_age": null,
    "message_session_id": "06fa99176b5a664179b97f31010c64bc"
  },
  {
    "timestamp_utc": "2024-10-16T02:27:26.712Z",
    "context_time": 1729045646712,
    "message_activation_timestamp": 0,
    "message_client_platform": "IPHONE_ARM64",
    "message_client_product": null,
    "message_client_version": "898200628",
    "message_n_participants": 0,
    "message_session_age": null,
    "message_session_id": "1e5f6f945894d1ee967da25959b77786"
  },
  {
    "timestamp_utc": "2024-10-23T00:32:20.873Z",
    "context_time": 1729643540873,
    "message_activation_timestamp": 0,
    "message_client_platform": "IPHONE_ARM64",
    "message_client_product": null,
    "message_client_version": "898200628",
    "message_n_participants": 0,
    "message_session_age": null,
    "message_session_id": "2bf1fe92a8393f88eaf0e0b0a39d4a3e"
  },
  {
    "timestamp_utc": "2024-10-30T01:33:05.237Z",
    "context_time": 1730251985237,
    "message_activation_timestamp": 0,
    "message_client_platform": "IPHONE_ARM64",
    "message_client_product": null,
    "message_client_version": "898600419",
    "message_n_participants": 0,
    "message_session_age": null,
    "message_session_id": "af4b1d751dff6186784905bc519239c4"
  },
  {
    "timestamp_utc": "2024-10-25T17:03:13.866Z",
    "context_time": 1729875793866,
    "message_activation_timestamp": 0,
    "message_client_platform": "IPHONE_ARM64",
    "message_client_product": null,
    "message_client_version": "898400543",
    "message_n_participants": 0,
    "message_session_age": null,
    "message_session_id": "cd6a8ea95d04ff8d2232ebb9b2761ffe"
  },
  {
    "timestamp_utc": "2024-10-22T22:28:22.998Z",
    "context_time": 1729636102998,
    "message_activation_timestamp": 0,
    "message_client_platform": "IPHONE_ARM64",
    "message_client_product": null,
    "message_client_version": "898200628",
    "message_n_participants": 0,
    "message_session_age": null,
    "message_session_id": "8cf04543607c3283955ebee99cc01fc8"
  },
  {
    "timestamp_utc": "2024-10-23T00:12:28.593Z",
    "context_time": 1729642348593,
    "message_activation_timestamp": 0,
    "message_client_platform": "IPHONE_ARM64",
    "message_client_product": null,
    "message_client_version": "898200628",
    "message_n_participants": 0,
    "message_session_age": null,
    "message_session_id": "25a16082cbc8212a2d2cc7eda7902e95"
  },
  {
    "timestamp_utc": "2024-11-08T01:17:39.093Z",
    "context_time": 1731028659093,
    "message_activation_timestamp": 0,
    "message_client_platform": "IPHONE_ARM64",
    "message_client_product": "CLIENT",
    "message_client_version": "898600419",
    "message_n_participants": 0,
    "message_session_age": null,
    "message_session_id": "5dfd21965814c4aac437d30d05cc2a79"
  },
  {
    "timestamp_utc": "2024-10-16T20:08:29.799Z",
    "context_time": 1729109309799,
    "message_activation_timestamp": 0,
    "message_client_platform": "IPHONE_ARM64",
    "message_client_product": null,
    "message_client_version": "898200628",
    "message_n_participants": 0,
    "message_session_age": null,
    "message_session_id": "41fcbc6f4e0947d2e277fd8207499ad1"
  },
  {
    "timestamp_utc": "2024-10-30T01:04:33.726Z",
    "context_time": 1730250273726,
    "message_activation_timestamp": 0,
    "message_client_platform": "IPHONE_ARM64",
    "message_client_product": null,
    "message_client_version": "898600419",
    "message_n_participants": 0,
    "message_session_age": null,
    "message_session_id": "6199be9e987f85877acfda830b577f54"
  }
]