[
  {
    "timestamp_utc": "2024-11-08T17:28:52.106Z",
    "context_time": 1731086932106,
    "message_client_platform": "IPHONE_ARM64",
    "message_client_product": "CLIENT",
    "message_client_version": "898600419",
    "message_is_active": false,
    "message_join_token": "2mUXfwe73IjNS0be9wvUCE",
    "message_session_id": "4ddc0377dd5d12c6aaa660cc58b95124",
    "message_session_integration_origin_name": null,
    "message_session_participant_volume_control_enabled": false,
    "message_session_type": "IN_PERSON"
  },
  {
    "timestamp_utc": "2024-10-29T22:21:12.979Z",
    "context_time": 1730240472979,
    "message_client_platform": "IPHONE_ARM64",
    "message_client_product": "CLIENT",
    "message_client_version": "898600419",
    "message_is_active": false,
    "message_join_token": "5VRp8I2207UTQpR140AFDH",
    "message_session_id": "c2f2a7e912a35e540f3c7b347f154e61",
    "message_session_integration_origin_name": null,
    "message_session_participant_volume_control_enabled": false,
    "message_session_type": "IN_PERSON"
  },
  {
    "timestamp_utc": "2024-10-01T22:45:33.110Z",
    "context_time": 1727822733110,
    "message_client_platform": "IPHONE_ARM64",
    "message_client_product": "CLIENT",
    "message_client_version": "897600516",
    "message_is_active": false,
    "message_join_token": "0hVanE4IBbOYPIvYk0u5n",
    "message_session_id": "005f34e89c9dff79f8088d499526b327",
    "message_session_integration_origin_name": null,
    "message_session_participant_volume_control_enabled": false,
    "message_session_type": "IN_PERSON"
  },
  {
    "timestamp_utc": "2024-10-15T22:06:44.113Z",
    "context_time": 1729030004113,
    "message_client_platform": "IPHONE_ARM64",
    "message_client_product": "CLIENT",
    "message_client_version": "898200628",
    "message_is_active": false,
    "message_join_token": "37zYyVI1yqhLgijh1qmy0k",
    "message_session_id": "6696753c5d2c55a747aca305bb18262c",
    "message_session_integration_origin_name": null,
    "message_session_participant_volume_control_enabled": false,
    "message_session_type": "IN_PERSON"
  },
  {
    "timestamp_utc": "2024-10-11T16:36:52.899Z",
    "context_time": 1728664612899,
    "message_client_platform": "IPHONE_ARM64",
    "message_client_product": "CLIENT",
    "message_client_version": "897600516",
    "message_is_active": false,
    "message_join_token": "WGo2y7zORj0FUi00u8YcXxagTum",
    "message_session_id": "f8fb1f0472d33dbb9e914eef5a9ecdf6",
    "message_session_integration_origin_name": null,
    "message_session_participant_volume_control_enabled": false,
    "message_session_type": "IN_PERSON"
  },
  {
    "timestamp_utc": "2024-10-12T00:01:50.171Z",
    "context_time": 1728691310171,
    "message_client_platform": "IPHONE_ARM64",
    "message_client_product": "CLIENT",
    "message_client_version": "898200628",
    "message_is_active": false,
    "message_join_token": "WGo2y0CJ5gdd0oUQi2voAy61k0T",
    "message_session_id": "14860015cd33de21c92c5689250f439f",
    "message_session_integration_origin_name": null,
    "message_session_participant_volume_control_enabled": false,
    "message_session_type": "IN_PERSON"
  },
  {
    "timestamp_utc": "2024-10-18T15:30:05.335Z",
    "context_time": 1729265405335,
    "message_client_platform": "IPHONE_ARM64",
    "message_client_product": "CLIENT",
    "message_client_version": "898200628",
    "message_is_active": false,
    "message_join_token": "7qIzTnrxSOato2IgapjLtx",
    "message_session_id": "f4285fd69575f502ea920a471358a59b",
    "message_session_integration_origin_name": null,
    "message_session_participant_volume_control_enabled": false,
    "message_session_type": "IN_PERSON"
  },
  {
    "timestamp_utc": "2024-10-30T00:46:39.749Z",
    "context_time": 1730249199749,
    "message_client_platform": "IPHONE_ARM64",
    "message_client_product": "CLIENT",
    "message_client_version": "898600419",
    "message_is_active": false,
    "message_join_token": "4NW0yxsILFw9rpkALgXryX",
    "message_session_id": "9de409b91a88cb3d0c4bde6ecdbeca2b",
    "message_session_integration_origin_name": null,
    "message_session_participant_volume_control_enabled": false,
    "message_session_type": "IN_PERSON"
  },
  {
    "timestamp_utc": "2024-10-14T23:35:53.767Z",
    "context_time": 1728948953767,
    "message_client_platform": "IPHONE_ARM64",
    "message_client_product": "CLIENT",
    "message_client_version": "898200628",
    "message_is_active": false,
    "message_join_token": "5ir2Ucu9APyCemW0MuKkIW",
    "message_session_id": "ae0df7048482ab834236c18cc57480a2",
    "message_session_integration_origin_name": null,
    "message_session_participant_volume_control_enabled": false,
    "message_session_type": "IN_PERSON"
  },
  {
    "timestamp_utc": "2024-10-16T19:50:27.143Z",
    "context_time": 1729108227143,
    "message_client_platform": "IPHONE_ARM64",
    "message_client_product": "CLIENT",
    "message_client_version": "898200628",
    "message_is_active": false,
    "message_join_token": "20w07xIktVHp3GZ2VSjsMp",
    "message_session_id": "41fcbc6f4e0947d2e277fd8207499ad1",
    "message_session_integration_origin_name": null,
    "message_session_participant_volume_control_enabled": false,
    "message_session_type": "IN_PERSON"
  },
  {
    "timestamp_utc": "2024-10-07T15:09:29.006Z",
    "context_time": 1728313769006,
    "message_client_platform": "IPHONE_ARM64",
    "message_client_product": "CLIENT",
    "message_client_version": "897600516",
    "message_is_active": false,
    "message_join_token": "WGo2y4PX4lZcAtuby6sxvEAhf3i",
    "message_session_id": "9ef5b1b85d1696d768cd48b7ecef4900",
    "message_session_integration_origin_name": null,
    "message_session_participant_volume_control_enabled": false,
    "message_session_type": "IN_PERSON"
  },
  {
    "timestamp_utc": "2024-10-16T02:27:43.489Z",
    "context_time": 1729045663489,
    "message_client_platform": "IPHONE_ARM64",
    "message_client_product": "CLIENT",
    "message_client_version": "898200628",
    "message_is_active": false,
    "message_join_token": "12bECBZmhDGqgqvILzPy3b",
    "message_session_id": "2204315792a42c38c397ab07c8443485",
    "message_session_integration_origin_name": null,
    "message_session_participant_volume_control_enabled": false,
    "message_session_type": "IN_PERSON"
  },
  {
    "timestamp_utc": "2024-10-23T00:21:16.709Z",
    "context_time": 1729642876709,
    "message_client_platform": "IPHONE_ARM64",
    "message_client_product": "CLIENT",
    "message_client_version": "898200628",
    "message_is_active": false,
    "message_join_token": "1kVgerueupSoEMLSBq0Oiq",
    "message_session_id": "2bf1fe92a8393f88eaf0e0b0a39d4a3e",
    "message_session_integration_origin_name": null,
    "message_session_participant_volume_control_enabled": false,
    "message_session_type": "IN_PERSON"
  },
  {
    "timestamp_utc": "2024-10-04T23:42:07.495Z",
    "context_time": 1728085327495,
    "message_client_platform": "IPHONE_ARM64",
    "message_client_product": "CLIENT",
    "message_client_version": "897600516",
    "message_is_active": false,
    "message_join_token": "WGo2y7I8SQit0xFUzG9TE3IG4YF",
    "message_session_id": "fd64466c6fe8a0e38b8f6f3698985551",
    "message_session_integration_origin_name": null,
    "message_session_participant_volume_control_enabled": false,
    "message_session_type": "IN_PERSON"
  },
  {
    "timestamp_utc": "2024-10-16T00:35:37.717Z",
    "context_time": 1729038937717,
    "message_client_platform": "IPHONE_ARM64",
    "message_client_product": "CLIENT",
    "message_client_version": "898200628",
    "message_is_active": false,
    "message_join_token": "5HFZ4MaQ2jigS6q5Sr0ePf",
    "message_session_id": "bb6e53edce8a4b926d75fc2b9545d7d1",
    "message_session_integration_origin_name": null,
    "message_session_participant_volume_control_enabled": false,
    "message_session_type": "IN_PERSON"
  },
  {
    "timestamp_utc": "2024-10-18T19:31:34.685Z",
    "context_time": 1729279894685,
    "message_client_platform": "IPHONE_ARM64",
    "message_client_product": "CLIENT",
    "message_client_version": "898200628",
    "message_is_active": false,
    "message_join_token": "3gq4MFY2L4pyEphKJ2z8d3",
    "message_session_id": "6b45cc857463cd5ebcc400916e976db1",
    "message_session_integration_origin_name": null,
    "message_session_participant_volume_control_enabled": false,
    "message_session_type": "IN_PERSON"
  },
  {
    "timestamp_utc": "2024-10-04T19:15:15.531Z",
    "context_time": 1728069315531,
    "message_client_platform": "IPHONE_ARM64",
    "message_client_product": "CLIENT",
    "message_client_version": "897600516",
    "message_is_active": false,
    "message_join_token": "WGo2y6ap4yjiCd1m5iTwHJIfzOb",
    "message_session_id": "caa7aa64637a61e4789243ede432991b",
    "message_session_integration_origin_name": null,
    "message_session_participant_volume_control_enabled": false,
    "message_session_type": "IN_PERSON"
  },
  {
    "timestamp_utc": "2024-11-11T17:15:04.673Z",
    "context_time": 1731345304673,
    "message_client_platform": "IPHONE_ARM64",
    "message_client_product": "CLIENT",
    "message_client_version": "899000084",
    "message_is_active": false,
    "message_join_token": "6MYf1BxbdWAQMfA7YKsKMa",
    "message_session_id": "df17f7d2eeb22ef5feeaa88855cfcba2",
    "message_session_integration_origin_name": null,
    "message_session_participant_volume_control_enabled": false,
    "message_session_type": "IN_PERSON"
  },
  {
    "timestamp_utc": "2024-10-11T19:50:27.936Z",
    "context_time": 1728676227936,
    "message_client_platform": "IPHONE_ARM64",
    "message_client_product": "CLIENT",
    "message_client_version": "897600516",
    "message_is_active": false,
    "message_join_token": "WGo2y7zHSHWKx2SNfMqmJBgmuHJ",
    "message_session_id": "f8ebda78d1d03781f359795dc11c2cff",
    "message_session_integration_origin_name": null,
    "message_session_participant_volume_control_enabled": false,
    "message_session_type": "IN_PERSON"
  },
  {
    "timestamp_utc": "2024-10-02T22:36:58.234Z",
    "context_time": 1727908618234,
    "message_client_platform": "IPHONE_ARM64",
    "message_client_product": "CLIENT",
    "message_client_version": "897600516",
    "message_is_active": false,
    "message_join_token": "WGo2y5US1dwskbylmAQRtxTY505",
    "message_session_id": "c26c55300c030318148dddbfcdeee149",
    "message_session_integration_origin_name": null,
    "message_session_participant_volume_control_enabled": false,
    "message_session_type": "IN_PERSON"
  },
  {
    "timestamp_utc": "2024-11-20T21:02:47.561Z",
    "context_time": 1732136567561,
    "message_client_platform": "IPHONE_ARM64",
    "message_client_product": "CLIENT",
    "message_client_version": "899000084",
    "message_is_active": false,
    "message_join_token": "61Txlngm0Ip7nOk6UgqbLo",
    "message_session_id": "c62552ebe294efa69c2e1f4ec0c70756",
    "message_session_integration_origin_name": null,
    "message_session_participant_volume_control_enabled": false,
    "message_session_type": "IN_PERSON"
  },
  {
    "timestamp_utc": "2024-10-16T16:29:50.019Z",
    "context_time": 1729096190019,
    "message_client_platform": "IPHONE_ARM64",
    "message_client_product": "CLIENT",
    "message_client_version": "898200628",
    "message_is_active": false,
    "message_join_token": "2uBo2b121Zrg4ZP8FVaV6s",
    "message_session_id": "51ee880d1d1fe45300098492ce43a714",
    "message_session_integration_origin_name": null,
    "message_session_participant_volume_control_enabled": false,
    "message_session_type": "IN_PERSON"
  },
  {
    "timestamp_utc": "2024-10-31T17:21:04.010Z",
    "context_time": 1730395264010,
    "message_client_platform": "IPHONE_ARM64",
    "message_client_product": "CLIENT",
    "message_client_version": "898600419",
    "message_is_active": false,
    "message_join_token": "7cjfB5A8sPApJBeJBwW88o",
    "message_session_id": "ec859d8bdaf0cc985b35c953d285faf8",
    "message_session_integration_origin_name": null,
    "message_session_participant_volume_control_enabled": false,
    "message_session_type": "IN_PERSON"
  },
  {
    "timestamp_utc": "2024-10-16T20:51:20.458Z",
    "context_time": 1729111880458,
    "message_client_platform": "IPHONE_ARM64",
    "message_client_product": "CLIENT",
    "message_client_version": "898200628",
    "message_is_active": false,
    "message_join_token": "262FhhQMX428t5c6o2gJK6",
    "message_session_id": "44ea8ba01571ac0bf4e3794de393c1fe",
    "message_session_integration_origin_name": null,
    "message_session_participant_volume_control_enabled": false,
    "message_session_type": "IN_PERSON"
  },
  {
    "timestamp_utc": "2024-10-14T16:40:40.248Z",
    "context_time": 1728924040248,
    "message_client_platform": "IPHONE_ARM64",
    "message_client_product": "CLIENT",
    "message_client_version": "898200628",
    "message_is_active": false,
    "message_join_token": "0Fh0TclkFNFSFWwQuzgyIG",
    "message_session_id": "15df9400a11214c09798e8e30bad5c4a",
    "message_session_integration_origin_name": null,
    "message_session_participant_volume_control_enabled": false,
    "message_session_type": "IN_PERSON"
  },
  {
    "timestamp_utc": "2024-10-02T16:37:08.210Z",
    "context_time": 1727887028210,
    "message_client_platform": "IPHONE_ARM64",
    "message_client_product": "CLIENT",
    "message_client_version": "897600516",
    "message_is_active": false,
    "message_join_token": "WGo2y2JtKCLR1N8LWr4lEZCX6M9",
    "message_session_id": "59d0d41cb38b2d1edc9ecd76737c5129",
    "message_session_integration_origin_name": null,
    "message_session_participant_volume_control_enabled": false,
    "message_session_type": "IN_PERSON"
  },
  {
    "timestamp_utc": "2024-10-22T22:10:26.188Z",
    "context_time": 1729635026188,
    "message_client_platform": "IPHONE_ARM64",
    "message_client_product": "CLIENT",
    "message_client_version": "898200628",
    "message_is_active": false,
    "message_join_token": "4hWJf5feTS8znrX0Z8W9gQ",
    "message_session_id": "8cf04543607c3283955ebee99cc01fc8",
    "message_session_integration_origin_name": null,
    "message_session_participant_volume_control_enabled": false,
    "message_session_type": "IN_PERSON"
  },
  {
    "timestamp_utc": "2024-10-05T01:08:08.819Z",
    "context_time": 1728090488819,
    "message_client_platform": "IPHONE_ARM64",
    "message_client_product": "CLIENT",
    "message_client_version": "897600516",
    "message_is_active": false,
    "message_join_token": "WGo2y2z6wp7nDk9caHvFgW5eU0v",
    "message_session_id": "545154140acdc5020719940dc3b18c1f",
    "message_session_integration_origin_name": null,
    "message_session_participant_volume_control_enabled": false,
    "message_session_type": "IN_PERSON"
  },
  {
    "timestamp_utc": "2024-11-07T22:41:48.517Z",
    "context_time": 1731019308517,
    "message_client_platform": "IPHONE_ARM64",
    "message_client_product": "CLIENT",
    "message_client_version": "898600419",
    "message_is_active": false,
    "message_join_token": "27c4EcLv2ivdGlY0EuIDiB",
    "message_session_id": "4586cd28c2876b64db43c78a1a0d3c9d",
    "message_session_integration_origin_name": null,
    "message_session_participant_volume_control_enabled": false,
    "message_session_type": "IN_PERSON"
  },
  {
    "timestamp_utc": "2024-11-13T02:36:35.708Z",
    "context_time": 1731465395708,
    "message_client_platform": "IPHONE_ARM64",
    "message_client_product": "CLIENT",
    "message_client_version": "899000084",
    "message_is_active": false,
    "message_join_token": "42uwMLHgS8YU7VYLo2Feif",
    "message_session_id": "84bf8e8382bac7b2d9ab8f864f2e463b",
    "message_session_integration_origin_name": null,
    "message_session_participant_volume_control_enabled": false,
    "message_session_type": "IN_PERSON"
  },
  {
    "timestamp_utc": "2024-10-21T16:42:41.262Z",
    "context_time": 1729528961262,
    "message_client_platform": "IPHONE_ARM64",
    "message_client_product": "CLIENT",
    "message_client_version": "898200628",
    "message_is_active": false,
    "message_join_token": "7JzkPRLpowiHrEFlqKu7Y0",
    "message_session_id": "fe25d29c03a2e083b308815d3278a714",
    "message_session_integration_origin_name": null,
    "message_session_participant_volume_control_enabled": false,
    "message_session_type": "IN_PERSON"
  },
  {
    "timestamp_utc": "2024-10-17T21:31:46.009Z",
    "context_time": 1729200706009,
    "message_client_platform": "IPHONE_ARM64",
    "message_client_product": "CLIENT",
    "message_client_version": "898200628",
    "message_is_active": false,
    "message_join_token": "1wNXyPjmB6SuGXZ2pS9v18",
    "message_session_id": "323e05bd201de69d985005ea9029f1ba",
    "message_session_integration_origin_name": null,
    "message_session_participant_volume_control_enabled": false,
    "message_session_type": "IN_PERSON"
  },
  {
    "timestamp_utc": "2024-11-20T17:32:03.913Z",
    "context_time": 1732123923913,
    "message_client_platform": "IPHONE_ARM64",
    "message_client_product": "CLIENT",
    "message_client_version": "899000084",
    "message_is_active": false,
    "message_join_token": "22cj7HqCSwUOb1k8MpEkje",
    "message_session_id": "42e0fa2aa2e23ba3e51227e0496fc648",
    "message_session_integration_origin_name": null,
    "message_session_participant_volume_control_enabled": false,
    "message_session_type": "IN_PERSON"
  },
  {
    "timestamp_utc": "2024-11-05T03:28:13.526Z",
    "context_time": 1730777293526,
    "message_client_platform": "IPHONE_ARM64",
    "message_client_product": "CLIENT",
    "message_client_version": "898600419",
    "message_is_active": false,
    "message_join_token": "1VMexeDaXLJSZm5xFlMO6R",
    "message_session_id": "3f79eba9f0f836ae640993916b9568e1",
    "message_session_integration_origin_name": null,
    "message_session_participant_volume_control_enabled": false,
    "message_session_type": "IN_PERSON"
  },
  {
    "timestamp_utc": "2024-11-08T20:48:59.460Z",
    "context_time": 1731098939460,
    "message_client_platform": "IPHONE_ARM64",
    "message_client_product": "CLIENT",
    "message_client_version": "898600419",
    "message_is_active": false,
    "message_join_token": "0p4k45gCMvVrb0WTUMZion",
    "message_session_id": "0d4922e5fd448c352f33c40885fb8407",
    "message_session_integration_origin_name": null,
    "message_session_participant_volume_control_enabled": false,
    "message_session_type": "IN_PERSON"
  },
  {
    "timestamp_utc": "2024-10-18T17:58:15.218Z",
    "context_time": 1729274295218,
    "message_client_platform": "IPHONE_ARM64",
    "message_client_product": "CLIENT",
    "message_client_version": "898200628",
    "message_is_active": false,
    "message_join_token": "0C7rKzKeVaDOEqwrDeyNhj",
    "message_session_id": "1433a4b04743f6cf748540336c8861a5",
    "message_session_integration_origin_name": null,
    "message_session_participant_volume_control_enabled": false,
    "message_session_type": "IN_PERSON"
  },
  {
    "timestamp_utc": "2024-11-02T20:36:51.491Z",
    "context_time": 1730579811491,
    "message_client_platform": "IPHONE_ARM64",
    "message_client_product": "CLIENT",
    "message_client_version": "898600419",
    "message_is_active": false,
    "message_join_token": "4OdMyd22euIpnu9ZLHrXCG",
    "message_session_id": "9e0aee4e9b3681c7fe817ac5c9e35f02",
    "message_session_integration_origin_name": null,
    "message_session_participant_volume_control_enabled": false,
    "message_session_type": "IN_PERSON"
  },
  {
    "timestamp_utc": "2024-11-06T17:20:33.424Z",
    "context_time": 1730913633424,
    "message_client_platform": "IPHONE_ARM64",
    "message_client_product": "CLIENT",
    "message_client_version": "898600419",
    "message_is_active": false,
    "message_join_token": "07dpOZ7hTONattHF0tQVPx",
    "message_session_id": "03d306db22ccdc587b2af5481428f04f",
    "message_session_integration_origin_name": null,
    "message_session_participant_volume_control_enabled": false,
    "message_session_type": "IN_PERSON"
  },
  {
    "timestamp_utc": "2024-11-04T17:41:34.387Z",
    "context_time": 1730742094387,
    "message_client_platform": "IPHONE_ARM64",
    "message_client_product": "CLIENT",
    "message_client_version": "898600419",
    "message_is_active": false,
    "message_join_token": "6VGF7d4UELbOhcmnFKhvLb",
    "message_session_id": "e3b6813c838c3b48a4d3ea87047a45e1",
    "message_session_integration_origin_name": null,
    "message_session_participant_volume_control_enabled": false,
    "message_session_type": "IN_PERSON"
  },
  {
    "timestamp_utc": "2024-10-30T00:46:39.743Z",
    "context_time": 1730249199743,
    "message_client_platform": "IPHONE_ARM64",
    "message_client_product": "CLIENT",
    "message_client_version": "898600419",
    "message_is_active": false,
    "message_join_token": "3zNzhubAehkCVEZWxHFkad",
    "message_session_id": "758ae06c5570aedf8d74f09de73f8111",
    "message_session_integration_origin_name": null,
    "message_session_participant_volume_control_enabled": false,
    "message_session_type": "IN_PERSON"
  },
  {
    "timestamp_utc": "2024-10-30T00:18:55.850Z",
    "context_time": 1730247535850,
    "message_client_platform": "IPHONE_ARM64",
    "message_client_product": "CLIENT",
    "message_client_version": "898600419",
    "message_is_active": false,
    "message_join_token": "6dQLelXX1g1uvo0v2bioRY",
    "message_session_id": "cc7b40f1c85e89bc9f965fb91a029d12",
    "message_session_integration_origin_name": null,
    "message_session_participant_volume_control_enabled": false,
    "message_session_type": "IN_PERSON"
  },
  {
    "timestamp_utc": "2024-10-11T18:17:10.439Z",
    "context_time": 1728670630439,
    "message_client_platform": "IPHONE_ARM64",
    "message_client_product": "CLIENT",
    "message_client_version": "897600516",
    "message_is_active": false,
    "message_join_token": "WGo2y5H9JtW9C9vzC9Pbp8nNdbh",
    "message_session_id": "bb27c17ba673f787c8adb47fd5483197",
    "message_session_integration_origin_name": null,
    "message_session_participant_volume_control_enabled": false,
    "message_session_type": "IN_PERSON"
  },
  {
    "timestamp_utc": "2024-10-29T03:21:49.893Z",
    "context_time": 1730172109893,
    "message_client_platform": "IPHONE_ARM64",
    "message_client_product": "CLIENT",
    "message_client_version": "898600419",
    "message_is_active": false,
    "message_join_token": "2vlSrbLdm3rr2e1eGBQiqM",
    "message_session_id": "525442ba73c119d9b091a1cc9a61ed34",
    "message_session_integration_origin_name": null,
    "message_session_participant_volume_control_enabled": false,
    "message_session_type": "IN_PERSON"
  },
  {
    "timestamp_utc": "2024-10-11T19:12:02.497Z",
    "context_time": 1728673922497,
    "message_client_platform": "IPHONE_ARM64",
    "message_client_product": "CLIENT",
    "message_client_version": "897600516",
    "message_is_active": false,
    "message_join_token": "WGo2y1itbVJCyEgy7huKGej98qJ",
    "message_session_id": "2aa53d560ced3d30fe618ad108a93441",
    "message_session_integration_origin_name": null,
    "message_session_participant_volume_control_enabled": false,
    "message_session_type": "IN_PERSON"
  },
  {
    "timestamp_utc": "2024-11-15T18:57:21.929Z",
    "context_time": 1731697041929,
    "message_client_platform": "IPHONE_ARM64",
    "message_client_product": "CLIENT",
    "message_client_version": "899000084",
    "message_is_active": false,
    "message_join_token": "7cNbNBOHXKYLhifQ8KHhAk",
    "message_session_id": "ecc7206f6c105599ecabc94c2528bb18",
    "message_session_integration_origin_name": null,
    "message_session_participant_volume_control_enabled": false,
    "message_session_type": "IN_PERSON"
  },
  {
    "timestamp_utc": "2024-10-21T20:19:41.378Z",
    "context_time": 1729541981378,
    "message_client_platform": "IPHONE_ARM64",
    "message_client_product": "CLIENT",
    "message_client_version": "898200628",
    "message_is_active": false,
    "message_join_token": "0ajGvIEnUnQVbb27MqG8pL",
    "message_session_id": "0577bef44fdb60f1969eef500585e06d",
    "message_session_integration_origin_name": null,
    "message_session_participant_volume_control_enabled": false,
    "message_session_type": "IN_PERSON"
  },
  {
    "timestamp_utc": "2024-10-28T20:09:38.750Z",
    "context_time": 1730146178750,
    "message_client_platform": "IPHONE_ARM64",
    "message_client_product": "CLIENT",
    "message_client_version": "898400543",
    "message_is_active": false,
    "message_join_token": "50eQp3OsB4zvZeFaogVxLM",
    "message_session_id": "a469425d08a268c49021c2b97d0d784e",
    "message_session_integration_origin_name": null,
    "message_session_participant_volume_control_enabled": false,
    "message_session_type": "IN_PERSON"
  },
  {
    "timestamp_utc": "2024-10-18T20:32:58.190Z",
    "context_time": 1729283578190,
    "message_client_platform": "IPHONE_ARM64",
    "message_client_product": "CLIENT",
    "message_client_version": "898200628",
    "message_is_active": false,
    "message_join_token": "0hk3ELqCjCi2TD5v4zPseq",
    "message_session_id": "092e3b5f79f39a4c9a642f882cb9af46",
    "message_session_integration_origin_name": null,
    "message_session_participant_volume_control_enabled": false,
    "message_session_type": "IN_PERSON"
  },
  {
    "timestamp_utc": "2024-11-03T22:19:49.627Z",
    "context_time": 1730672389627,
    "message_client_platform": "IPHONE_ARM64",
    "message_client_product": "CLIENT",
    "message_client_version": "898600419",
    "message_is_active": false,
    "message_join_token": "7ziw5ob5OvWtSEPslVgobK",
    "message_session_id": "f8b459be9f050bc816eb2ca532f14528",
    "message_session_integration_origin_name": null,
    "message_session_participant_volume_control_enabled": false,
    "message_session_type": "IN_PERSON"
  },
  {
    "timestamp_utc": "2024-11-12T23:05:40.505Z",
    "context_time": 1731452740505,
    "message_client_platform": "IPHONE_ARM64",
    "message_client_product": "CLIENT",
    "message_client_version": "899000084",
    "message_is_active": false,
    "message_join_token": "6pvLXxAg7UwaPi52x8EXDw",
    "message_session_id": "d2a954f649375d820343874f74b9489e",
    "message_session_integration_origin_name": null,
    "message_session_participant_volume_control_enabled": false,
    "message_session_type": "IN_PERSON"
  },
  {
    "timestamp_utc": "2024-10-17T23:49:34.776Z",
    "context_time": 1729208974776,
    "message_client_platform": "IPHONE_ARM64",
    "message_client_product": "CLIENT",
    "message_client_version": "898200628",
    "message_is_active": false,
    "message_join_token": "7llnycLGdq6OG1jMRLUeiM",
    "message_session_id": "f14f468f724386efaafd76ce4eb6bcd4",
    "message_session_integration_origin_name": null,
    "message_session_participant_volume_control_enabled": false,
    "message_session_type": "IN_PERSON"
  },
  {
    "timestamp_utc": "2024-10-16T00:07:10.668Z",
    "context_time": 1729037230668,
    "message_client_platform": "IPHONE_ARM64",
    "message_client_product": "CLIENT",
    "message_client_version": "898200628",
    "message_is_active": false,
    "message_join_token": "7C8moudCbfpyoXZqBihQeG",
    "message_session_id": "fa3520b60c948ccdb5a8dc6e4c3f4656",
    "message_session_integration_origin_name": null,
    "message_session_participant_volume_control_enabled": false,
    "message_session_type": "IN_PERSON"
  },
  {
    "timestamp_utc": "2024-10-02T22:33:21.991Z",
    "context_time": 1727908401991,
    "message_client_platform": "IPHONE_ARM64",
    "message_client_product": "CLIENT",
    "message_client_version": "897600516",
    "message_is_active": false,
    "message_join_token": "WGo2y5TStNXkf8XIDhuRTMDY4hk",
    "message_session_id": "c1e5acb8e5b39ccbbced627bb2e53212",
    "message_session_integration_origin_name": null,
    "message_session_participant_volume_control_enabled": false,
    "message_session_type": "IN_PERSON"
  },
  {
    "timestamp_utc": "2024-10-30T18:11:10.026Z",
    "context_time": 1730311870026,
    "message_client_platform": "IPHONE_ARM64",
    "message_client_product": "CLIENT",
    "message_client_version": "898600419",
    "message_is_active": false,
    "message_join_token": "1G6Y2IGvbwio3WZu1yEmBR",
    "message_session_id": "372c9e32bbc71be5d7a423244c76ed43",
    "message_session_integration_origin_name": null,
    "message_session_participant_volume_control_enabled": false,
    "message_session_type": "IN_PERSON"
  },
  {
    "timestamp_utc": "2024-11-11T17:14:22.239Z",
    "context_time": 1731345262239,
    "message_client_platform": "IPHONE_ARM64",
    "message_client_product": "CLIENT",
    "message_client_version": "899000084",
    "message_is_active": false,
    "message_join_token": "53J4AMadCTrpD0KPrABMy2",
    "message_session_id": "a6426808fa8aa7b667fd2314f7c4d576",
    "message_session_integration_origin_name": null,
    "message_session_participant_volume_control_enabled": false,
    "message_session_type": "IN_PERSON"
  },
  {
    "timestamp_utc": "2024-10-01T22:44:37.296Z",
    "context_time": 1727822677296,
    "message_client_platform": "IPHONE_ARM64",
    "message_client_product": "CLIENT",
    "message_client_version": "897600516",
    "message_is_active": false,
    "message_join_token": "12HBATIvOGIz6NCGVYX5LB",
    "message_session_id": "22104843ffe72e5e09d854bd7858196d",
    "message_session_integration_origin_name": null,
    "message_session_participant_volume_control_enabled": false,
    "message_session_type": "IN_PERSON"
  },
  {
    "timestamp_utc": "2024-10-30T16:22:57.856Z",
    "context_time": 1730305377856,
    "message_client_platform": "IPHONE_ARM64",
    "message_client_product": "CLIENT",
    "message_client_version": "898600419",
    "message_is_active": false,
    "message_join_token": "688PuXzsBTVHZRun3NsLZX",
    "message_session_id": "c974ca16eec803a21ce309788a91d04d",
    "message_session_integration_origin_name": null,
    "message_session_participant_volume_control_enabled": false,
    "message_session_type": "IN_PERSON"
  },
  {
    "timestamp_utc": "2024-11-12T02:59:39.837Z",
    "context_time": 1731380379837,
    "message_client_platform": "IPHONE_ARM64",
    "message_client_product": "CLIENT",
    "message_client_version": "899000084",
    "message_is_active": false,
    "message_join_token": "5RJJeKxAfYq3R1gBzwSoiE",
    "message_session_id": "c0c3311420e7bc8d396d50cd165c0b14",
    "message_session_integration_origin_name": null,
    "message_session_participant_volume_control_enabled": false,
    "message_session_type": "IN_PERSON"
  },
  {
    "timestamp_utc": "2024-10-02T00:04:34.608Z",
    "context_time": 1727827474608,
    "message_client_platform": "IPHONE_ARM64",
    "message_client_product": "CLIENT",
    "message_client_version": "897600516",
    "message_is_active": false,
    "message_join_token": "3aeHhrkLqXWIb3ZKyz8Ijc",
    "message_session_id": "75fe3ad4d3de69c4059bb10f56e409e4",
    "message_session_integration_origin_name": null,
    "message_session_participant_volume_control_enabled": false,
    "message_session_type": "IN_PERSON"
  },
  {
    "timestamp_utc": "2024-11-20T19:48:26.734Z",
    "context_time": 1732132106734,
    "message_client_platform": "IPHONE_ARM64",
    "message_client_product": "CLIENT",
    "message_client_version": "899000084",
    "message_is_active": false,
    "message_join_token": "08fDuv8KbOlg94KyWydztd",
    "message_session_id": "045f8d771072389fa40aeb6231288997",
    "message_session_integration_origin_name": null,
    "message_session_participant_volume_control_enabled": false,
    "message_session_type": "IN_PERSON"
  },
  {
    "timestamp_utc": "2024-11-18T17:28:01.041Z",
    "context_time": 1731950881041,
    "message_client_platform": "IPHONE_ARM64",
    "message_client_product": "CLIENT",
    "message_client_version": "899000084",
    "message_is_active": false,
    "message_join_token": "1FCJbpmV5TOwuFCb3KYnrO",
    "message_session_id": "36ea72bbda73cade8696a85023804d78",
    "message_session_integration_origin_name": null,
    "message_session_participant_volume_control_enabled": false,
    "message_session_type": "IN_PERSON"
  },
  {
    "timestamp_utc": "2024-10-30T01:33:05.391Z",
    "context_time": 1730251985391,
    "message_client_platform": "IPHONE_ARM64",
    "message_client_product": "CLIENT",
    "message_client_version": "898600419",
    "message_is_active": false,
    "message_join_token": "2NxtqhxyS4m0cGGdlupe2t",
    "message_session_id": "5bf7a46a59666e9f782b84856c243089",
    "message_session_integration_origin_name": null,
    "message_session_participant_volume_control_enabled": false,
    "message_session_type": "IN_PERSON"
  },
  {
    "timestamp_utc": "2024-11-13T19:03:00.711Z",
    "context_time": 1731524580711,
    "message_client_platform": "IPHONE_ARM64",
    "message_client_product": "CLIENT",
    "message_client_version": "899000084",
    "message_is_active": false,
    "message_join_token": "3xn4LKzxPh6j5J6DEZe3Kp",
    "message_session_id": "744192b93053594bddf1994fa59f1e69",
    "message_session_integration_origin_name": null,
    "message_session_participant_volume_control_enabled": false,
    "message_session_type": "IN_PERSON"
  },
  {
    "timestamp_utc": "2024-11-10T01:12:44.045Z",
    "context_time": 1731201164045,
    "message_client_platform": "IPHONE_ARM64",
    "message_client_product": "CLIENT",
    "message_client_version": "898600419",
    "message_is_active": false,
    "message_join_token": "0aP75runHhwDa2XAGvxcR9",
    "message_session_id": "05bc84732596e1ab3d0f84fce2150537",
    "message_session_integration_origin_name": null,
    "message_session_participant_volume_control_enabled": false,
    "message_session_type": "IN_PERSON"
  },
  {
    "timestamp_utc": "2024-10-09T22:28:09.873Z",
    "context_time": 1728512889873,
    "message_client_platform": "IPHONE_ARM64",
    "message_client_product": "CLIENT",
    "message_client_version": "897600516",
    "message_is_active": false,
    "message_join_token": "WGo2y2tyYRSmXrPofV5YE5X4Cnv",
    "message_session_id": "5161999207694249d30432661c9c6639",
    "message_session_integration_origin_name": null,
    "message_session_participant_volume_control_enabled": false,
    "message_session_type": "IN_PERSON"
  },
  {
    "timestamp_utc": "2024-10-09T22:03:29.086Z",
    "context_time": 1728511409086,
    "message_client_platform": "IPHONE_ARM64",
    "message_client_product": "CLIENT",
    "message_client_version": "897600516",
    "message_is_active": false,
    "message_join_token": "WGo2y23sG5hGQD6Dck63xDdpW0H",
    "message_session_id": "438c77272d8542c8fa87fa7200e2edfb",
    "message_session_integration_origin_name": null,
    "message_session_participant_volume_control_enabled": false,
    "message_session_type": "IN_PERSON"
  },
  {
    "timestamp_utc": "2024-10-18T00:26:49.145Z",
    "context_time": 1729211209145,
    "message_client_platform": "IPHONE_ARM64",
    "message_client_product": "CLIENT",
    "message_client_version": "898200628",
    "message_is_active": false,
    "message_join_token": "2bXj0RKa83GsInxv4BhaJJ",
    "message_session_id": "480cd221af3aed59829c5be611a943c3",
    "message_session_integration_origin_name": null,
    "message_session_participant_volume_control_enabled": false,
    "message_session_type": "IN_PERSON"
  },
  {
    "timestamp_utc": "2024-10-07T23:30:49.994Z",
    "context_time": 1728343849994,
    "message_client_platform": "IPHONE_ARM64",
    "message_client_product": "CLIENT",
    "message_client_version": "897600516",
    "message_is_active": false,
    "message_join_token": "WGo2y6haW05IuJTJq17pi0zn3IO",
    "message_session_id": "ce3e65fd8ec59ba0d1be3c3c3272635e",
    "message_session_integration_origin_name": null,
    "message_session_participant_volume_control_enabled": false,
    "message_session_type": "IN_PERSON"
  },
  {
    "timestamp_utc": "2024-10-23T02:28:33.178Z",
    "context_time": 1729650513178,
    "message_client_platform": "IPHONE_ARM64",
    "message_client_product": "CLIENT",
    "message_client_version": "898200628",
    "message_is_active": false,
    "message_join_token": "5DuPS7qQpxDf8q3Uqw3wqZ",
    "message_session_id": "b93743d5d5002a00f222038a17a7b131",
    "message_session_integration_origin_name": null,
    "message_session_participant_volume_control_enabled": false,
    "message_session_type": "IN_PERSON"
  },
  {
    "timestamp_utc": "2024-11-02T19:57:58.806Z",
    "context_time": 1730577478806,
    "message_client_platform": "IPHONE_ARM64",
    "message_client_product": "CLIENT",
    "message_client_version": "898600419",
    "message_is_active": false,
    "message_join_token": "1P6vfxJwf1NbW324VKFWZT",
    "message_session_id": "3bf09adb6da28a9e9fa04f2f6640125d",
    "message_session_integration_origin_name": null,
    "message_session_participant_volume_control_enabled": false,
    "message_session_type": "IN_PERSON"
  },
  {
    "timestamp_utc": "2024-10-04T15:54:22.111Z",
    "context_time": 1728057262111,
    "message_client_platform": "IPHONE_ARM64",
    "message_client_product": "CLIENT",
    "message_client_version": "897600516",
    "message_is_active": false,
    "message_join_token": "WGo2y714SuFrgMXJ261lJgvmHFH",
    "message_session_id": "e691d40e4ae00ca93c54ba6440f45ec5",
    "message_session_integration_origin_name": null,
    "message_session_participant_volume_control_enabled": false,
    "message_session_type": "IN_PERSON"
  },
  {
    "timestamp_utc": "2024-10-13T18:40:29.064Z",
    "context_time": 1728844829064,
    "message_client_platform": "IPHONE_ARM64",
    "message_client_product": "CLIENT",
    "message_client_version": "898200628",
    "message_is_active": false,
    "message_join_token": "WGo2y3Z3Zyi39YfEOmXmkVHcNlI",
    "message_session_id": "82ee7d77a25afbc53c7b9b583ccb4136",
    "message_session_integration_origin_name": null,
    "message_session_participant_volume_control_enabled": false,
    "message_session_type": "IN_PERSON"
  },
  {
    "timestamp_utc": "2024-11-17T22:18:15.300Z",
    "context_time": 1731881895300,
    "message_client_platform": "IPHONE_ARM64",
    "message_client_product": "CLIENT",
    "message_client_version": "899000084",
    "message_is_active": false,
    "message_join_token": "4Rjt8PJfY2QXYzzy0DuPmw",
    "message_session_id": "9fae6040c0f448193d88924b085f24c0",
    "message_session_integration_origin_name": null,
    "message_session_participant_volume_control_enabled": false,
    "message_session_type": "IN_PERSON"
  },
  {
    "timestamp_utc": "2024-11-13T17:45:37.943Z",
    "context_time": 1731519937943,
    "message_client_platform": "IPHONE_ARM64",
    "message_client_product": "CLIENT",
    "message_client_version": "899000084",
    "message_is_active": false,
    "message_join_token": "0datBNjaQtFIobd8gaXRQ8",
    "message_session_id": "06fa99176b5a664179b97f31010c64bc",
    "message_session_integration_origin_name": null,
    "message_session_participant_volume_control_enabled": false,
    "message_session_type": "IN_PERSON"
  },
  {
    "timestamp_utc": "2024-10-08T00:37:28.552Z",
    "context_time": 1728347848552,
    "message_client_platform": "IPHONE_ARM64",
    "message_client_product": "CLIENT",
    "message_client_version": "897600516",
    "message_is_active": false,
    "message_join_token": "WGo2y3L7W0vFI41gb92cFyjHjyD",
    "message_session_id": "7b8bc78b801829071a1d74a613d69287",
    "message_session_integration_origin_name": null,
    "message_session_participant_volume_control_enabled": false,
    "message_session_type": "IN_PERSON"
  },
  {
    "timestamp_utc": "2024-10-15T02:15:57.162Z",
    "context_time": 1728958557162,
    "message_client_platform": "IPHONE_ARM64",
    "message_client_product": "CLIENT",
    "message_client_version": "898200628",
    "message_is_active": false,
    "message_join_token": "7nwRj6kXgEGGsl7YQUALyI",
    "message_session_id": "f277bad4fff51184a1c46789c09c5284",
    "message_session_integration_origin_name": null,
    "message_session_participant_volume_control_enabled": false,
    "message_session_type": "IN_PERSON"
  },
  {
    "timestamp_utc": "2024-11-03T21:38:27.410Z",
    "context_time": 1730669907410,
    "message_client_platform": "IPHONE_ARM64",
    "message_client_product": "CLIENT",
    "message_client_version": "898600419",
    "message_is_active": false,
    "message_join_token": "3VmDWg9QbNG7IFKWLcxqNv",
    "message_session_id": "80f8a275c819c908e606ad8f9d40dfbd",
    "message_session_integration_origin_name": null,
    "message_session_participant_volume_control_enabled": false,
    "message_session_type": "IN_PERSON"
  },
  {
    "timestamp_utc": "2024-11-15T20:33:31.276Z",
    "context_time": 1731702811276,
    "message_client_platform": "IPHONE_ARM64",
    "message_client_product": "CLIENT",
    "message_client_version": "899000084",
    "message_is_active": false,
    "message_join_token": "0eCtLdSr9xc2dWlqzMvauV",
    "message_session_id": "07bf8a14591ad12bcde070f11f8c984d",
    "message_session_integration_origin_name": null,
    "message_session_participant_volume_control_enabled": false,
    "message_session_type": "IN_PERSON"
  },
  {
    "timestamp_utc": "2024-10-09T21:05:10.615Z",
    "context_time": 1728507910615,
    "message_client_platform": "IPHONE_ARM64",
    "message_client_product": "CLIENT",
    "message_client_version": "897600516",
    "message_is_active": false,
    "message_join_token": "WGo2y1dzmHClynrQspaPK9XUcLe",
    "message_session_id": "280c69ec7ee81ad92001ddcc4e261e70",
    "message_session_integration_origin_name": null,
    "message_session_participant_volume_control_enabled": false,
    "message_session_type": "IN_PERSON"
  },
  {
    "timestamp_utc": "2024-11-08T19:35:31.287Z",
    "context_time": 1731094531287,
    "message_client_platform": "IPHONE_ARM64",
    "message_client_product": "CLIENT",
    "message_client_version": "898600419",
    "message_is_active": false,
    "message_join_token": "3fJE14Hdi6n6r8oyqnX5wW",
    "message_session_id": "6ae8f362f4949f01ef10cb23e78b9ee6",
    "message_session_integration_origin_name": null,
    "message_session_participant_volume_control_enabled": false,
    "message_session_type": "IN_PERSON"
  },
  {
    "timestamp_utc": "2024-11-11T17:42:30.589Z",
    "context_time": 1731346950589,
    "message_client_platform": "IPHONE_ARM64",
    "message_client_product": "CLIENT",
    "message_client_version": "899000084",
    "message_is_active": false,
    "message_join_token": "4o7eOMV44K0ZFZHqsW2oP5",
    "message_session_id": "903544d36a5263f8f389b5a53e4bfacf",
    "message_session_integration_origin_name": null,
    "message_session_participant_volume_control_enabled": false,
    "message_session_type": "IN_PERSON"
  },
  {
    "timestamp_utc": "2024-11-22T20:31:37.943Z",
    "context_time": 1732307497943,
    "message_client_platform": "IPHONE_ARM64",
    "message_client_product": "CLIENT",
    "message_client_version": "899400418",
    "message_is_active": false,
    "message_join_token": "03WOYvDW8J3P7OCAWmRzz9",
    "message_session_id": "0217b6e6f173f30b2a70c9999463e387",
    "message_session_integration_origin_name": null,
    "message_session_participant_volume_control_enabled": false,
    "message_session_type": "IN_PERSON"
  },
  {
    "timestamp_utc": "2024-10-22T17:28:47.487Z",
    "context_time": 1729618127487,
    "message_client_platform": "IPHONE_ARM64",
    "message_client_product": "CLIENT",
    "message_client_version": "898200628",
    "message_is_active": false,
    "message_join_token": "5259ubPRPxHP1n3WeZoBf6",
    "message_session_id": "a563628e0265cd8b02c10cbcd34fde8c",
    "message_session_integration_origin_name": null,
    "message_session_participant_volume_control_enabled": false,
    "message_session_type": "IN_PERSON"
  },
  {
    "timestamp_utc": "2024-10-30T01:04:36.173Z",
    "context_time": 1730250276173,
    "message_client_platform": "IPHONE_ARM64",
    "message_client_product": "CLIENT",
    "message_client_version": "898600419",
    "message_is_active": false,
    "message_join_token": "5kLZ3YoIIQpiSxjDaEyr3K",
    "message_session_id": "af4b1d751dff6186784905bc519239c4",
    "message_session_integration_origin_name": null,
    "message_session_participant_volume_control_enabled": false,
    "message_session_type": "IN_PERSON"
  },
  {
    "timestamp_utc": "2024-11-01T16:38:22.503Z",
    "context_time": 1730479102503,
    "message_client_platform": "IPHONE_ARM64",
    "message_client_product": "CLIENT",
    "message_client_version": "898600419",
    "message_is_active": false,
    "message_join_token": "3wM0QF3GQhAlLKNfqKRosc",
    "message_session_id": "73f078e13722cb739203ea49be29a36c",
    "message_session_integration_origin_name": null,
    "message_session_participant_volume_control_enabled": false,
    "message_session_type": "IN_PERSON"
  },
  {
    "timestamp_utc": "2024-10-07T01:49:08.254Z",
    "context_time": 1728265748254,
    "message_client_platform": "IPHONE_ARM64",
    "message_client_product": "CLIENT",
    "message_client_version": "897600516",
    "message_is_active": false,
    "message_join_token": "WGo2y5DOY2aa7zX0DXNk201nzFR",
    "message_session_id": "b963510c982cc8e3b7936696357cb187",
    "message_session_integration_origin_name": null,
    "message_session_participant_volume_control_enabled": false,
    "message_session_type": "IN_PERSON"
  },
  {
    "timestamp_utc": "2024-11-06T00:53:49.777Z",
    "context_time": 1730854429777,
    "message_client_platform": "IPHONE_ARM64",
    "message_client_product": "CLIENT",
    "message_client_version": "898600419",
    "message_is_active": false,
    "message_join_token": "786r9Vx1D48WgqFYVPFlqe",
    "message_session_id": "ea4ae8ba64be3f8542baedce97941ff6",
    "message_session_integration_origin_name": null,
    "message_session_participant_volume_control_enabled": false,
    "message_session_type": "IN_PERSON"
  },
  {
    "timestamp_utc": "2024-10-04T17:46:32.224Z",
    "context_time": 1728063992224,
    "message_client_platform": "IPHONE_ARM64",
    "message_client_product": "CLIENT",
    "message_client_version": "897600516",
    "message_is_active": false,
    "message_join_token": "WGo2y1YiT2K4kY37d7egBrkCgYC",
    "message_session_id": "40d0b4b8c7ae0243579bf84a064626de",
    "message_session_integration_origin_name": null,
    "message_session_participant_volume_control_enabled": false,
    "message_session_type": "IN_PERSON"
  },
  {
    "timestamp_utc": "2024-10-22T16:45:44.760Z",
    "context_time": 1729615544760,
    "message_client_platform": "IPHONE_ARM64",
    "message_client_product": "CLIENT",
    "message_client_version": "898200628",
    "message_is_active": false,
    "message_join_token": "1JNUtZMVHFMQ7eGEDels91",
    "message_session_id": "392195c303297aee419d5d4cee80f1f7",
    "message_session_integration_origin_name": null,
    "message_session_participant_volume_control_enabled": false,
    "message_session_type": "IN_PERSON"
  },
  {
    "timestamp_utc": "2024-10-16T01:24:07.465Z",
    "context_time": 1729041847465,
    "message_client_platform": "IPHONE_ARM64",
    "message_client_product": "CLIENT",
    "message_client_version": "898200628",
    "message_is_active": false,
    "message_join_token": "3z5j3QX7SrknQtNnO39Pco",
    "message_session_id": "752a063dfa22d6395ce74bb5d9c3b3b4",
    "message_session_integration_origin_name": null,
    "message_session_participant_volume_control_enabled": false,
    "message_session_type": "IN_PERSON"
  },
  {
    "timestamp_utc": "2024-10-29T03:18:33.860Z",
    "context_time": 1730171913860,
    "message_client_platform": "IPHONE_ARM64",
    "message_client_product": "CLIENT",
    "message_client_version": "898600419",
    "message_is_active": false,
    "message_join_token": "1oiiluCvbnuu1aNkA5MYTd",
    "message_session_id": "2dbb65edfddb86dc487b854e40cc811f",
    "message_session_integration_origin_name": null,
    "message_session_participant_volume_control_enabled": false,
    "message_session_type": "IN_PERSON"
  },
  {
    "timestamp_utc": "2024-10-01T22:34:35.697Z",
    "context_time": 1727822075697,
    "message_client_platform": "IPHONE_ARM64",
    "message_client_product": "CLIENT",
    "message_client_version": "897600516",
    "message_is_active": false,
    "message_join_token": "LIivs5lpGaM2n9fhpl2CD",
    "message_session_id": "0b49fafb4920b4436a67a4e4fdc05915",
    "message_session_integration_origin_name": null,
    "message_session_participant_volume_control_enabled": false,
    "message_session_type": "IN_PERSON"
  },
  {
    "timestamp_utc": "2024-11-12T00:19:17.852Z",
    "context_time": 1731370757852,
    "message_client_platform": "IPHONE_ARM64",
    "message_client_product": "CLIENT",
    "message_client_version": "899000084",
    "message_is_active": false,
    "message_join_token": "6cljqq8JKhFUk9lS0J0BI0",
    "message_session_id": "cbaec596418b9a04c55d3b9549166d0c",
    "message_session_integration_origin_name": null,
    "message_session_participant_volume_control_enabled": false,
    "message_session_type": "IN_PERSON"
  },
  {
    "timestamp_utc": "2024-10-12T00:19:04.905Z",
    "context_time": 1728692344905,
    "message_client_platform": "IPHONE_ARM64",
    "message_client_product": "CLIENT",
    "message_client_version": "898200628",
    "message_is_active": false,
    "message_join_token": "WGo2y0vxvlz1Um8Z56QREZnZc2H",
    "message_session_id": "10b6fe6682bc1373266e7fd97367c33f",
    "message_session_integration_origin_name": null,
    "message_session_participant_volume_control_enabled": false,
    "message_session_type": "IN_PERSON"
  },
  {
    "timestamp_utc": "2024-11-08T18:57:35.920Z",
    "context_time": 1731092255920,
    "message_client_platform": "IPHONE_ARM64",
    "message_client_product": "CLIENT",
    "message_client_version": "898600419",
    "message_is_active": false,
    "message_join_token": "4tZjVZLCHSlEeEKMAPsVvh",
    "message_session_id": "9351f233904ed35ed78070014bb38247",
    "message_session_integration_origin_name": null,
    "message_session_participant_volume_control_enabled": false,
    "message_session_type": "IN_PERSON"
  },
  {
    "timestamp_utc": "2024-10-02T22:12:21.235Z",
    "context_time": 1727907141235,
    "message_client_platform": "IPHONE_ARM64",
    "message_client_product": "CLIENT",
    "message_client_version": "897600516",
    "message_is_active": false,
    "message_join_token": "WGo2y5be6Qsvts2lDlPvNIWFktb",
    "message_session_id": "aa3bfd1021eb32054e8974c23540e4f9",
    "message_session_integration_origin_name": null,
    "message_session_participant_volume_control_enabled": false,
    "message_session_type": "IN_PERSON"
  },
  {
    "timestamp_utc": "2024-10-07T16:42:20.596Z",
    "context_time": 1728319340596,
    "message_client_platform": "IPHONE_ARM64",
    "message_client_product": "CLIENT",
    "message_client_version": "897600516",
    "message_is_active": false,
    "message_join_token": "WGo2y2q8s5HEeRe2rxhyQpEbqnX",
    "message_session_id": "4f908ca61bfe6f325c77c5e8897d873d",
    "message_session_integration_origin_name": null,
    "message_session_participant_volume_control_enabled": false,
    "message_session_type": "IN_PERSON"
  },
  {
    "timestamp_utc": "2024-10-04T21:18:45.518Z",
    "context_time": 1728076725518,
    "message_client_platform": "IPHONE_ARM64",
    "message_client_product": "CLIENT",
    "message_client_version": "897600516",
    "message_is_active": false,
    "message_join_token": "WGo2y79YBlVnWKOWKP3fVqbLGjS",
    "message_session_id": "eb4918f3a7192059e2961edc04dc2030",
    "message_session_integration_origin_name": null,
    "message_session_participant_volume_control_enabled": false,
    "message_session_type": "IN_PERSON"
  },
  {
    "timestamp_utc": "2024-11-22T20:01:59.965Z",
    "context_time": 1732305719965,
    "message_client_platform": "IPHONE_ARM64",
    "message_client_product": "CLIENT",
    "message_client_version": "899400418",
    "message_is_active": false,
    "message_join_token": "754UwAGQshBvnwMges6acs",
    "message_session_id": "e8b0916e77fb186b1e424b90e19d24fc",
    "message_session_integration_origin_name": null,
    "message_session_participant_volume_control_enabled": false,
    "message_session_type": "IN_PERSON"
  },
  {
    "timestamp_utc": "2024-10-08T01:02:33.460Z",
    "context_time": 1728349353460,
    "message_client_platform": "IPHONE_ARM64",
    "message_client_product": "CLIENT",
    "message_client_version": "897600516",
    "message_is_active": false,
    "message_join_token": "WGo2y6USoteqAWMnub0eTYohjz8",
    "message_session_id": "e348822cd588f4a4c4c0af39a666e306",
    "message_session_integration_origin_name": null,
    "message_session_participant_volume_control_enabled": false,
    "message_session_type": "IN_PERSON"
  },
  {
    "timestamp_utc": "2024-10-16T21:13:20.633Z",
    "context_time": 1729113200633,
    "message_client_platform": "IPHONE_ARM64",
    "message_client_product": "CLIENT",
    "message_client_version": "898200628",
    "message_is_active": false,
    "message_join_token": "0BdNaZM7uTpzSFUyYJAOAX",
    "message_session_id": "13b9dc8f38bda7c5957009012173236b",
    "message_session_integration_origin_name": null,
    "message_session_participant_volume_control_enabled": false,
    "message_session_type": "IN_PERSON"
  },
  {
    "timestamp_utc": "2024-11-03T22:03:30.365Z",
    "context_time": 1730671410365,
    "message_client_platform": "IPHONE_ARM64",
    "message_client_product": "CLIENT",
    "message_client_version": "898600419",
    "message_is_active": false,
    "message_join_token": "0sAmoBoJmbkths3DlERMbb",
    "message_session_id": "0f263dc778185889570a79a2ce6b3aed",
    "message_session_integration_origin_name": null,
    "message_session_participant_volume_control_enabled": false,
    "message_session_type": "IN_PERSON"
  },
  {
    "timestamp_utc": "2024-11-19T03:27:05.645Z",
    "context_time": 1731986825645,
    "message_client_platform": "IPHONE_ARM64",
    "message_client_product": "CLIENT",
    "message_client_version": "899000084",
    "message_is_active": false,
    "message_join_token": "3YYRl0eYPlB4cgOk8OJE4Z",
    "message_session_id": "82e34262141199983849b391012fed8d",
    "message_session_integration_origin_name": null,
    "message_session_participant_volume_control_enabled": false,
    "message_session_type": "IN_PERSON"
  },
  {
    "timestamp_utc": "2024-10-21T20:07:21.680Z",
    "context_time": 1729541241680,
    "message_client_platform": "IPHONE_ARM64",
    "message_client_product": "CLIENT",
    "message_client_version": "898200628",
    "message_is_active": false,
    "message_join_token": "3c96Dnv37rPlWEr92TbWQs",
    "message_session_id": "6901ff430a370647035967d639557c34",
    "message_session_integration_origin_name": null,
    "message_session_participant_volume_control_enabled": false,
    "message_session_type": "IN_PERSON"
  },
  {
    "timestamp_utc": "2024-10-23T16:47:17.009Z",
    "context_time": 1729702037009,
    "message_client_platform": "IPHONE_ARM64",
    "message_client_product": "CLIENT",
    "message_client_version": "898200628",
    "message_is_active": false,
    "message_join_token": "0jEAhK0ckC8DSlWpOhVqHT",
    "message_session_id": "0a6a7b283c2cdca263f3275a8943b351",
    "message_session_integration_origin_name": null,
    "message_session_participant_volume_control_enabled": false,
    "message_session_type": "IN_PERSON"
  },
  {
    "timestamp_utc": "2024-11-06T21:23:28.998Z",
    "context_time": 1730928208998,
    "message_client_platform": "IPHONE_ARM64",
    "message_client_product": "CLIENT",
    "message_client_version": "898600419",
    "message_is_active": false,
    "message_join_token": "3Cx6qYWtuLcCFdZ48W8m5j",
    "message_session_id": "76fdd9489480810a8150f7034686ab81",
    "message_session_integration_origin_name": null,
    "message_session_participant_volume_control_enabled": false,
    "message_session_type": "IN_PERSON"
  },
  {
    "timestamp_utc": "2024-11-17T21:23:22.557Z",
    "context_time": 1731878602557,
    "message_client_platform": "IPHONE_ARM64",
    "message_client_product": "CLIENT",
    "message_client_version": "899000084",
    "message_is_active": false,
    "message_join_token": "1USsAz3oe3TjcVMZAEDxpx",
    "message_session_id": "3effe0eca694e64eeeb3bdb708d283bb",
    "message_session_integration_origin_name": null,
    "message_session_participant_volume_control_enabled": false,
    "message_session_type": "IN_PERSON"
  },
  {
    "timestamp_utc": "2024-11-01T18:10:07.908Z",
    "context_time": 1730484607908,
    "message_client_platform": "IPHONE_ARM64",
    "message_client_product": "CLIENT",
    "message_client_version": "898600419",
    "message_is_active": false,
    "message_join_token": "0J85A18uFHmgEj4z5yV7PQ",
    "message_session_id": "17eab7d8b26e2412723162ea322bae22",
    "message_session_integration_origin_name": null,
    "message_session_participant_volume_control_enabled": false,
    "message_session_type": "IN_PERSON"
  },
  {
    "timestamp_utc": "2024-11-13T01:52:30.038Z",
    "context_time": 1731462750038,
    "message_client_platform": "IPHONE_ARM64",
    "message_client_product": "CLIENT",
    "message_client_version": "899000084",
    "message_is_active": false,
    "message_join_token": "2se5vnnEGPllJvh5ANCryr",
    "message_session_id": "50ac37232ce68292191dc2f9beb72ee3",
    "message_session_integration_origin_name": null,
    "message_session_participant_volume_control_enabled": false,
    "message_session_type": "IN_PERSON"
  },
  {
    "timestamp_utc": "2024-11-02T19:58:30.147Z",
    "context_time": 1730577510147,
    "message_client_platform": "IPHONE_ARM64",
    "message_client_product": "CLIENT",
    "message_client_version": "898600419",
    "message_is_active": false,
    "message_join_token": "62Q9tB2YU9Sd9qwhgWXYhx",
    "message_session_id": "c6a595839ed1dc5cd13f91773c42aa37",
    "message_session_integration_origin_name": null,
    "message_session_participant_volume_control_enabled": false,
    "message_session_type": "IN_PERSON"
  },
  {
    "timestamp_utc": "2024-10-16T02:06:21.167Z",
    "context_time": 1729044381167,
    "message_client_platform": "IPHONE_ARM64",
    "message_client_product": "CLIENT",
    "message_client_version": "898200628",
    "message_is_active": false,
    "message_join_token": "0VjnOy93FxEzf6b4xbH3bo",
    "message_session_id": "1e5f6f945894d1ee967da25959b77786",
    "message_session_integration_origin_name": null,
    "message_session_participant_volume_control_enabled": false,
    "message_session_type": "IN_PERSON"
  },
  {
    "timestamp_utc": "2024-10-18T15:24:04.640Z",
    "context_time": 1729265044640,
    "message_client_platform": "IPHONE_ARM64",
    "message_client_product": "CLIENT",
    "message_client_version": "898200628",
    "message_is_active": false,
    "message_join_token": "2qhg8cXg4UcM95Lm6deS4X",
    "message_session_id": "4fa3d22795bda213e2e17f68c14116ab",
    "message_session_integration_origin_name": null,
    "message_session_participant_volume_control_enabled": false,
    "message_session_type": "IN_PERSON"
  },
  {
    "timestamp_utc": "2024-10-21T20:18:27.836Z",
    "context_time": 1729541907836,
    "message_client_platform": "IPHONE_ARM64",
    "message_client_product": "CLIENT",
    "message_client_version": "898200628",
    "message_is_active": false,
    "message_join_token": "4FejNWKU1nlhBHsnV6fAna",
    "message_session_id": "994719f34d16c75b24ef36c59dd3e0b4",
    "message_session_integration_origin_name": null,
    "message_session_participant_volume_control_enabled": false,
    "message_session_type": "IN_PERSON"
  },
  {
    "timestamp_utc": "2024-10-09T21:13:59.367Z",
    "context_time": 1728508439367,
    "message_client_platform": "IPHONE_ARM64",
    "message_client_product": "CLIENT",
    "message_client_version": "897600516",
    "message_is_active": false,
    "message_join_token": "WGo2y401c6fMwhCiR2qKyOJ73LE",
    "message_session_id": "83700912befe64bf45906342a91c756e",
    "message_session_integration_origin_name": null,
    "message_session_participant_volume_control_enabled": false,
    "message_session_type": "IN_PERSON"
  },
  {
    "timestamp_utc": "2024-10-01T22:34:31.849Z",
    "context_time": 1727822071849,
    "message_client_platform": "IPHONE_ARM64",
    "message_client_product": "CLIENT",
    "message_client_version": "897600516",
    "message_is_active": false,
    "message_join_token": "2YFFmrzRtE4uD1V7pjG8uQ",
    "message_session_id": "53dcc4bfa9968f3ad9d39c68b6791efa",
    "message_session_integration_origin_name": null,
    "message_session_participant_volume_control_enabled": false,
    "message_session_type": "IN_PERSON"
  },
  {
    "timestamp_utc": "2024-10-02T00:49:56.745Z",
    "context_time": 1727830196745,
    "message_client_platform": "IPHONE_ARM64",
    "message_client_product": "CLIENT",
    "message_client_version": "897600516",
    "message_is_active": false,
    "message_join_token": "5GVEeOvXcsebBSTLijZTur",
    "message_session_id": "ad07cc51377535afb3ae08eb5671bf31",
    "message_session_integration_origin_name": null,
    "message_session_participant_volume_control_enabled": false,
    "message_session_type": "IN_PERSON"
  },
  {
    "timestamp_utc": "2024-10-22T02:07:39.829Z",
    "context_time": 1729562859829,
    "message_client_platform": "IPHONE_ARM64",
    "message_client_product": "CLIENT",
    "message_client_version": "898200628",
    "message_is_active": false,
    "message_join_token": "0b8KRGdZjxw3Zym2Vxze94",
    "message_session_id": "05e77f248e4b2a4d24b89ca3bd7e9cc2",
    "message_session_integration_origin_name": null,
    "message_session_participant_volume_control_enabled": false,
    "message_session_type": "IN_PERSON"
  },
  {
    "timestamp_utc": "2024-10-25T21:06:46.056Z",
    "context_time": 1729890406056,
    "message_client_platform": "IPHONE_ARM64",
    "message_client_product": "CLIENT",
    "message_client_version": "898400543",
    "message_is_active": false,
    "message_join_token": "06BbH1SLH6oHeqmAVdqvIE",
    "message_session_id": "037f609d0239eed70e07c5132e1af72c",
    "message_session_integration_origin_name": null,
    "message_session_participant_volume_control_enabled": false,
    "message_session_type": "IN_PERSON"
  },
  {
    "timestamp_utc": "2024-10-25T16:47:36.984Z",
    "context_time": 1729874856984,
    "message_client_platform": "IPHONE_ARM64",
    "message_client_product": "CLIENT",
    "message_client_version": "898400543",
    "message_is_active": false,
    "message_join_token": "6fC7G2UJfMZkelXXMiSZXg",
    "message_session_id": "cd6a8ea95d04ff8d2232ebb9b2761ffe",
    "message_session_integration_origin_name": null,
    "message_session_participant_volume_control_enabled": false,
    "message_session_type": "IN_PERSON"
  },
  {
    "timestamp_utc": "2024-11-02T20:47:02.875Z",
    "context_time": 1730580422875,
    "message_client_platform": "IPHONE_ARM64",
    "message_client_product": "CLIENT",
    "message_client_version": "898600419",
    "message_is_active": false,
    "message_join_token": "5jVe8U6OXFxqZyrcZNvU16",
    "message_session_id": "aed7ac81c893de91d5217798467f3a1c",
    "message_session_integration_origin_name": null,
    "message_session_participant_volume_control_enabled": false,
    "message_session_type": "IN_PERSON"
  },
  {
    "timestamp_utc": "2024-11-13T19:30:39.207Z",
    "context_time": 1731526239207,
    "message_client_platform": "IPHONE_ARM64",
    "message_client_product": "CLIENT",
    "message_client_version": "899000084",
    "message_is_active": false,
    "message_join_token": "1sYPxP0I31KNQhrwVl6Xjk",
    "message_session_id": "30372431ea643956e803b76be54b0a1a",
    "message_session_integration_origin_name": null,
    "message_session_participant_volume_control_enabled": false,
    "message_session_type": "IN_PERSON"
  },
  {
    "timestamp_utc": "2024-11-13T02:07:06.864Z",
    "context_time": 1731463626864,
    "message_client_platform": "IPHONE_ARM64",
    "message_client_product": "CLIENT",
    "message_client_version": "899000084",
    "message_is_active": false,
    "message_join_token": "23OU98PmGyKsZ8W8zyopzJ",
    "message_session_id": "43bd1a05cd1e59b2098607f9a93ee40b",
    "message_session_integration_origin_name": null,
    "message_session_participant_volume_control_enabled": false,
    "message_session_type": "IN_PERSON"
  },
  {
    "timestamp_utc": "2024-10-22T18:35:52.296Z",
    "context_time": 1729622152296,
    "message_client_platform": "IPHONE_ARM64",
    "message_client_product": "CLIENT",
    "message_client_version": "898200628",
    "message_is_active": false,
    "message_join_token": "0Pp4Qjx5iw7I8KNLp5Zkgp",
    "message_session_id": "1b3de4ac6c0a2a370be2b94e8efff7d1",
    "message_session_integration_origin_name": null,
    "message_session_participant_volume_control_enabled": false,
    "message_session_type": "IN_PERSON"
  },
  {
    "timestamp_utc": "2024-11-20T19:07:50.514Z",
    "context_time": 1732129670514,
    "message_client_platform": "IPHONE_ARM64",
    "message_client_product": "CLIENT",
    "message_client_version": "899000084",
    "message_is_active": false,
    "message_join_token": "1BRPWJcc2c904K5MX5JI2l",
    "message_session_id": "34ecd76abd2b5e2d39751f894d52bf49",
    "message_session_integration_origin_name": null,
    "message_session_participant_volume_control_enabled": false,
    "message_session_type": "IN_PERSON"
  },
  {
    "timestamp_utc": "2024-10-13T17:48:41.313Z",
    "context_time": 1728841721313,
    "message_client_platform": "IPHONE_ARM64",
    "message_client_product": "CLIENT",
    "message_client_version": "898200628",
    "message_is_active": false,
    "message_join_token": "WGo2y1HrxckVimpevodB5yY9k40",
    "message_session_id": "37e14a0d7b94e2f48895c3a940319740",
    "message_session_integration_origin_name": null,
    "message_session_participant_volume_control_enabled": false,
    "message_session_type": "IN_PERSON"
  },
  {
    "timestamp_utc": "2024-06-29T01:34:21.758Z",
    "context_time": 1719624861758,
    "message_client_platform": "IPHONE_ARM64",
    "message_client_product": null,
    "message_client_version": "894800455",
    "message_is_active": true,
    "message_join_token": "2YyktwAKnzinVsLmBix4dJestx4c9QIG7ul0esw0KwF6zS0NbcKLGKjoDux0A41c7F7IsNbt9O8IhISAuJDo025hD1BnBu35kkmgH7jVIWVF",
    "message_session_id": "57e202e3e4f121da20a2eeb9bb24baaa",
    "message_session_integration_origin_name": null,
    "message_session_participant_volume_control_enabled": false,
    "message_session_type": "IN_PERSON"
  },
  {
    "timestamp_utc": "2024-11-10T01:43:43.771Z",
    "context_time": 1731203023771,
    "message_client_platform": "IPHONE_ARM64",
    "message_client_product": "CLIENT",
    "message_client_version": "898600419",
    "message_is_active": false,
    "message_join_token": "0SJxWrIzAEg0PLYmJaPLE2",
    "message_session_id": "1d01af528f470706004ddee77d8c4256",
    "message_session_integration_origin_name": null,
    "message_session_participant_volume_control_enabled": false,
    "message_session_type": "IN_PERSON"
  },
  {
    "timestamp_utc": "2024-11-08T00:47:19.451Z",
    "context_time": 1731026839451,
    "message_client_platform": "IPHONE_ARM64",
    "message_client_product": "CLIENT",
    "message_client_version": "898600419",
    "message_is_active": false,
    "message_join_token": "2RlXZO0DRKKroTzm3mYCEh",
    "message_session_id": "5dfd21965814c4aac437d30d05cc2a79",
    "message_session_integration_origin_name": null,
    "message_session_participant_volume_control_enabled": false,
    "message_session_type": "IN_PERSON"
  },
  {
    "timestamp_utc": "2024-10-30T00:59:22.300Z",
    "context_time": 1730249962300,
    "message_client_platform": "IPHONE_ARM64",
    "message_client_product": "CLIENT",
    "message_client_version": "898600419",
    "message_is_active": false,
    "message_join_token": "2Yaw47az3vY9mw0xcrreiE",
    "message_session_id": "6199be9e987f85877acfda830b577f54",
    "message_session_integration_origin_name": null,
    "message_session_participant_volume_control_enabled": false,
    "message_session_type": "IN_PERSON"
  },
  {
    "timestamp_utc": "2024-10-11T19:24:21.393Z",
    "context_time": 1728674661393,
    "message_client_platform": "IPHONE_ARM64",
    "message_client_product": "CLIENT",
    "message_client_version": "897600516",
    "message_is_active": false,
    "message_join_token": "WGo2y59zRrl3oworoXik9LOu20T",
    "message_session_id": "a95c402e3c23797a70cf7b1460153ccf",
    "message_session_integration_origin_name": null,
    "message_session_participant_volume_control_enabled": false,
    "message_session_type": "IN_PERSON"
  },
  {
    "timestamp_utc": "2024-11-01T16:44:59.395Z",
    "context_time": 1730479499395,
    "message_client_platform": "IPHONE_ARM64",
    "message_client_product": "CLIENT",
    "message_client_version": "898600419",
    "message_is_active": false,
    "message_join_token": "685Ue1IzaVH9moA65tolow",
    "message_session_id": "c96e6446db949d699a848f5d91915d34",
    "message_session_integration_origin_name": null,
    "message_session_participant_volume_control_enabled": false,
    "message_session_type": "IN_PERSON"
  },
  {
    "timestamp_utc": "2024-10-09T16:45:26.512Z",
    "context_time": 1728492326512,
    "message_client_platform": "IPHONE_ARM64",
    "message_client_product": "CLIENT",
    "message_client_version": "897600516",
    "message_is_active": false,
    "message_join_token": "WGo2y79mvkD2K9T4xjDwS5JSAgg",
    "message_session_id": "eaf5bbf5c321409478c84c4c375cd180",
    "message_session_integration_origin_name": null,
    "message_session_participant_volume_control_enabled": false,
    "message_session_type": "IN_PERSON"
  },
  {
    "timestamp_utc": "2024-10-11T19:13:13.386Z",
    "context_time": 1728673993386,
    "message_client_platform": "IPHONE_ARM64",
    "message_client_product": "CLIENT",
    "message_client_version": "897600516",
    "message_is_active": false,
    "message_join_token": "WGo2y7c1gmFsGY2gd5oK3pY3rwD",
    "message_session_id": "ec5e415b640f4a4d36afb7fec2fa369b",
    "message_session_integration_origin_name": null,
    "message_session_participant_volume_control_enabled": false,
    "message_session_type": "IN_PERSON"
  },
  {
    "timestamp_utc": "2024-11-06T01:35:55.110Z",
    "context_time": 1730856955110,
    "message_client_platform": "IPHONE_ARM64",
    "message_client_product": "CLIENT",
    "message_client_version": "898600419",
    "message_is_active": false,
    "message_join_token": "5U5rm4m5nlOucfPfoMFwUg",
    "message_session_id": "c20208d7fb14475b14d77761a41d6118",
    "message_session_integration_origin_name": null,
    "message_session_participant_volume_control_enabled": false,
    "message_session_type": "IN_PERSON"
  },
  {
    "timestamp_utc": "2024-11-17T21:11:06.025Z",
    "context_time": 1731877866025,
    "message_client_platform": "IPHONE_ARM64",
    "message_client_product": "CLIENT",
    "message_client_version": "899000084",
    "message_is_active": false,
    "message_join_token": "3JbaTzPCYd20ELZkgjjpYr",
    "message_session_id": "7a8389117b03d75488f6446ec50bbb1f",
    "message_session_integration_origin_name": null,
    "message_session_participant_volume_control_enabled": false,
    "message_session_type": "IN_PERSON"
  },
  {
    "timestamp_utc": "2024-11-13T01:16:50.029Z",
    "context_time": 1731460610029,
    "message_client_platform": "IPHONE_ARM64",
    "message_client_product": "CLIENT",
    "message_client_version": "899000084",
    "message_is_active": false,
    "message_join_token": "6oTabTxTx9JXwi3tXiOa92",
    "message_session_id": "d254d9210e6afd3fba08b59436f35e48",
    "message_session_integration_origin_name": null,
    "message_session_participant_volume_control_enabled": false,
    "message_session_type": "IN_PERSON"
  },
  {
    "timestamp_utc": "2024-11-22T17:39:07.277Z",
    "context_time": 1732297147277,
    "message_client_platform": "IPHONE_ARM64",
    "message_client_product": "CLIENT",
    "message_client_version": "899400418",
    "message_is_active": false,
    "message_join_token": "5Ff5Jethw9n4qEtpMueogt",
    "message_session_id": "ba2425d6876dc4b0c12e1968bd66358d",
    "message_session_integration_origin_name": null,
    "message_session_participant_volume_control_enabled": false,
    "message_session_type": "IN_PERSON"
  },
  {
    "timestamp_utc": "2024-10-18T20:14:12.406Z",
    "context_time": 1729282452406,
    "message_client_platform": "IPHONE_ARM64",
    "message_client_product": "CLIENT",
    "message_client_version": "898200628",
    "message_is_active": false,
    "message_join_token": "5bsjpRDKhzrNTopCnbwDh7",
    "message_session_id": "aa5b111271cb81324a3805adad33d191",
    "message_session_integration_origin_name": null,
    "message_session_participant_volume_control_enabled": false,
    "message_session_type": "IN_PERSON"
  },
  {
    "timestamp_utc": "2024-10-23T00:04:00.430Z",
    "context_time": 1729641840430,
    "message_client_platform": "IPHONE_ARM64",
    "message_client_product": "CLIENT",
    "message_client_version": "898200628",
    "message_is_active": false,
    "message_join_token": "190sRJxvQHt6hNVc18EVp3",
    "message_session_id": "25a16082cbc8212a2d2cc7eda7902e95",
    "message_session_integration_origin_name": null,
    "message_session_participant_volume_control_enabled": false,
    "message_session_type": "IN_PERSON"
  },
  {
    "timestamp_utc": "2024-11-01T18:24:23.562Z",
    "context_time": 1730485463562,
    "message_client_platform": "IPHONE_ARM64",
    "message_client_product": "CLIENT",
    "message_client_version": "898600419",
    "message_is_active": false,
    "message_join_token": "0hDDP7BdJIRUp5LZM9YBrf",
    "message_session_id": "09591570ce810ea08a0c613287db999d",
    "message_session_integration_origin_name": null,
    "message_session_participant_volume_control_enabled": false,
    "message_session_type": "IN_PERSON"
  },
  {
    "timestamp_utc": "2024-11-05T23:08:43.267Z",
    "context_time": 1730848123267,
    "message_client_platform": "IPHONE_ARM64",
    "message_client_product": "CLIENT",
    "message_client_version": "898600419",
    "message_is_active": false,
    "message_join_token": "7hYaC1AKShINWUZs9sfVl0",
    "message_session_id": "ef857d66eb9b3341ac19f1bbc2b78ea2",
    "message_session_integration_origin_name": null,
    "message_session_participant_volume_control_enabled": false,
    "message_session_type": "IN_PERSON"
  },
  {
    "timestamp_utc": "2024-11-15T17:49:16.462Z",
    "context_time": 1731692956462,
    "message_client_platform": "IPHONE_ARM64",
    "message_client_product": "CLIENT",
    "message_client_version": "899000084",
    "message_is_active": false,
    "message_join_token": "4UvacMtpF0iOQUtKBcx0B7",
    "message_session_id": "a15ef78351720d890b19e0b359df4015",
    "message_session_integration_origin_name": null,
    "message_session_participant_volume_control_enabled": false,
    "message_session_type": "IN_PERSON"
  },
  {
    "timestamp_utc": "2024-11-12T04:26:11.267Z",
    "context_time": 1731385571267,
    "message_client_platform": "IPHONE_ARM64",
    "message_client_product": "CLIENT",
    "message_client_version": "899000084",
    "message_is_active": false,
    "message_join_token": "1coyjU53PUEHfMIwEp5Exx",
    "message_session_id": "276d163959df6381b7c6e2d8529d3427",
    "message_session_integration_origin_name": null,
    "message_session_participant_volume_control_enabled": false,
    "message_session_type": "IN_PERSON"
  },
  {
    "timestamp_utc": "2024-11-22T19:20:36.835Z",
    "context_time": 1732303236835,
    "message_client_platform": "IPHONE_ARM64",
    "message_client_product": "CLIENT",
    "message_client_version": "899400418",
    "message_is_active": false,
    "message_join_token": "0VwDXFIHL9bB0K1cD5wgU5",
    "message_session_id": "1e7c73b99ecf1d6720e4ede05e19c8c5",
    "message_session_integration_origin_name": null,
    "message_session_participant_volume_control_enabled": false,
    "message_session_type": "IN_PERSON"
  },
  {
    "timestamp_utc": "2024-10-21T20:27:22.875Z",
    "context_time": 1729542442875,
    "message_client_platform": "IPHONE_ARM64",
    "message_client_product": "CLIENT",
    "message_client_version": "898200628",
    "message_is_active": false,
    "message_join_token": "3tMDo914mdyFrFmbeD7eOx",
    "message_session_id": "725ad4d283718006e7e742bcfd2f12ad",
    "message_session_integration_origin_name": null,
    "message_session_participant_volume_control_enabled": false,
    "message_session_type": "IN_PERSON"
  },
  {
    "timestamp_utc": "2024-10-16T01:43:31.148Z",
    "context_time": 1729043011148,
    "message_client_platform": "IPHONE_ARM64",
    "message_client_product": "CLIENT",
    "message_client_version": "898200628",
    "message_is_active": false,
    "message_join_token": "4vpYir3RCxKtvcaTuaC26K",
    "message_session_id": "9413ee240eaadebe53163b1d473e101a",
    "message_session_integration_origin_name": null,
    "message_session_participant_volume_control_enabled": false,
    "message_session_type": "IN_PERSON"
  },
  {
    "timestamp_utc": "2024-10-23T19:54:58.131Z",
    "context_time": 1729713298131,
    "message_client_platform": "IPHONE_ARM64",
    "message_client_product": "CLIENT",
    "message_client_version": "898200628",
    "message_is_active": false,
    "message_join_token": "7eArfFdRLOiR0Jdee0224G",
    "message_session_id": "edba8f4e857a129932db3c4a1b7cf95a",
    "message_session_integration_origin_name": null,
    "message_session_participant_volume_control_enabled": false,
    "message_session_type": "IN_PERSON"
  },
  {
    "timestamp_utc": "2024-11-12T03:26:27.790Z",
    "context_time": 1731381987790,
    "message_client_platform": "IPHONE_ARM64",
    "message_client_product": "CLIENT",
    "message_client_version": "899000084",
    "message_is_active": false,
    "message_join_token": "2lz6e9MHT48TjJkr3M1iW2",
    "message_session_id": "4d2486031dc0db51a15382dba895adae",
    "message_session_integration_origin_name": null,
    "message_session_participant_volume_control_enabled": false,
    "message_session_type": "IN_PERSON"
  },
  {
    "timestamp_utc": "2024-10-01T23:35:11.981Z",
    "context_time": 1727825711981,
    "message_client_platform": "IPHONE_ARM64",
    "message_client_product": "CLIENT",
    "message_client_version": "897600516",
    "message_is_active": false,
    "message_join_token": "3xXWwt5Zy3IrnyXKTjgE09",
    "message_session_id": "821fcaba2aeb17fe1df842693a8adca1",
    "message_session_integration_origin_name": null,
    "message_session_participant_volume_control_enabled": false,
    "message_session_type": "IN_PERSON"
  },
  {
    "timestamp_utc": "2024-10-01T22:30:10.960Z",
    "context_time": 1727821810960,
    "message_client_platform": "IPHONE_ARM64",
    "message_client_product": "CLIENT",
    "message_client_version": "897600516",
    "message_is_active": false,
    "message_join_token": "5h8wnT25PuMM1ptlDUHIlV",
    "message_session_id": "bb26099c809e130784bef5a5386fe9c1",
    "message_session_integration_origin_name": null,
    "message_session_participant_volume_control_enabled": false,
    "message_session_type": "IN_PERSON"
  }
]