[
  {
    "timestamp_utc": "2024-11-12T02:59:39.872Z",
    "context_application_version": "8.9.90.84",
    "context_conn_country": "US",
    "context_device_manufacturer": "apple",
    "context_device_model": "iPhone13,4",
    "context_device_type": "mobile",
    "context_os_name": "ios",
    "context_os_version": "18.0.1",
    "context_receiver_service_timestamp": 1731380406908,
    "context_time": 1731380379872,
    "message_device_type": "AUTOMOBILE",
    "message_session_id": "c0c3311420e7bc8d396d50cd165c0b14",
    "message_session_type": "IPL",
    "message_session_uri": "spotify:socialsession:5RJJeKxAfYq3R1gBzwSoiE",
    "message_tech_type": "BLUETOOTH"
  },
  {
    "timestamp_utc": "2024-10-23T00:04:00.518Z",
    "context_application_version": "8.9.82.628",
    "context_conn_country": "US",
    "context_device_manufacturer": "apple",
    "context_device_model": "iPhone13,4",
    "context_device_type": "mobile",
    "context_os_name": "ios",
    "context_os_version": "18.0.1",
    "context_receiver_service_timestamp": 1729641866364,
    "context_time": 1729641840518,
    "message_device_type": "AUTOMOBILE",
    "message_session_id": "25a16082cbc8212a2d2cc7eda7902e95",
    "message_session_type": "IPL",
    "message_session_uri": "spotify:socialsession:190sRJxvQHt6hNVc18EVp3",
    "message_tech_type": "BLUETOOTH"
  },
  {
    "timestamp_utc": "2024-11-13T17:47:06.231Z",
    "context_application_version": "8.9.90.84",
    "context_conn_country": "US",
    "context_device_manufacturer": "apple",
    "context_device_model": "iPhone13,4",
    "context_device_type": "mobile",
    "context_os_name": "ios",
    "context_os_version": "18.0.1",
    "context_receiver_service_timestamp": 1731520055032,
    "context_time": 1731520026231,
    "message_device_type": "AUTOMOBILE",
    "message_session_id": "06fa99176b5a664179b97f31010c64bc",
    "message_session_type": "IPL",
    "message_session_uri": "spotify:socialsession:0datBNjaQtFIobd8gaXRQ8",
    "message_tech_type": "BLUETOOTH"
  },
  {
    "timestamp_utc": "2024-11-13T02:08:59.432Z",
    "context_application_version": "8.9.90.84",
    "context_conn_country": "US",
    "context_device_manufacturer": "apple",
    "context_device_model": "iPhone13,4",
    "context_device_type": "mobile",
    "context_os_name": "ios",
    "context_os_version": "18.0.1",
    "context_receiver_service_timestamp": 1731463760003,
    "context_time": 1731463739432,
    "message_device_type": "AUTOMOBILE",
    "message_session_id": "43bd1a05cd1e59b2098607f9a93ee40b",
    "message_session_type": "IPL",
    "message_session_uri": "spotify:socialsession:23OU98PmGyKsZ8W8zyopzJ",
    "message_tech_type": "BLUETOOTH"
  },
  {
    "timestamp_utc": "2024-10-02T16:37:08.305Z",
    "context_application_version": "8.9.76.516",
    "context_conn_country": "US",
    "context_device_manufacturer": "apple",
    "context_device_model": "iPhone13,4",
    "context_device_type": "mobile",
    "context_os_name": "ios",
    "context_os_version": "18.0",
    "context_receiver_service_timestamp": 1727887071134,
    "context_time": 1727887028305,
    "message_device_type": "AUTOMOBILE",
    "message_session_id": "59d0d41cb38b2d1edc9ecd76737c5129",
    "message_session_type": "IPL",
    "message_session_uri": "spotify:socialsession:WGo2y2JtKCLR1N8LWr4lEZCX6M9",
    "message_tech_type": "BLUETOOTH"
  },
  {
    "timestamp_utc": "2024-11-15T20:33:31.331Z",
    "context_application_version": "8.9.90.84",
    "context_conn_country": "US",
    "context_device_manufacturer": "apple",
    "context_device_model": "iPhone13,4",
    "context_device_type": "mobile",
    "context_os_name": "ios",
    "context_os_version": "18.0.1",
    "context_receiver_service_timestamp": 1731702831858,
    "context_time": 1731702811331,
    "message_device_type": "AUTOMOBILE",
    "message_session_id": "07bf8a14591ad12bcde070f11f8c984d",
    "message_session_type": "IPL",
    "message_session_uri": "spotify:socialsession:0eCtLdSr9xc2dWlqzMvauV",
    "message_tech_type": "BLUETOOTH"
  },
  {
    "timestamp_utc": "2024-11-17T22:18:15.346Z",
    "context_application_version": "8.9.90.84",
    "context_conn_country": "US",
    "context_device_manufacturer": "apple",
    "context_device_model": "iPhone13,4",
    "context_device_type": "mobile",
    "context_os_name": "ios",
    "context_os_version": "18.0.1",
    "context_receiver_service_timestamp": 1731881901749,
    "context_time": 1731881895346,
    "message_device_type": "AUTOMOBILE",
    "message_session_id": "9fae6040c0f448193d88924b085f24c0",
    "message_session_type": "IPL",
    "message_session_uri": "spotify:socialsession:4Rjt8PJfY2QXYzzy0DuPmw",
    "message_tech_type": "BLUETOOTH"
  },
  {
    "timestamp_utc": "2024-10-01T22:45:33.154Z",
    "context_application_version": "8.9.76.516",
    "context_conn_country": "US",
    "context_device_manufacturer": "apple",
    "context_device_model": "iPhone13,4",
    "context_device_type": "mobile",
    "context_os_name": "ios",
    "context_os_version": "18.0",
    "context_receiver_service_timestamp": 1727822755767,
    "context_time": 1727822733154,
    "message_device_type": "AUTOMOBILE",
    "message_session_id": "005f34e89c9dff79f8088d499526b327",
    "message_session_type": "IPL",
    "message_session_uri": "spotify:socialsession:0hVanE4IBbOYPIvYk0u5n",
    "message_tech_type": "BLUETOOTH"
  },
  {
    "timestamp_utc": "2024-10-18T00:26:49.198Z",
    "context_application_version": "8.9.82.628",
    "context_conn_country": "US",
    "context_device_manufacturer": "apple",
    "context_device_model": "iPhone13,4",
    "context_device_type": "mobile",
    "context_os_name": "ios",
    "context_os_version": "18.0.1",
    "context_receiver_service_timestamp": 1729211230136,
    "context_time": 1729211209198,
    "message_device_type": "AUTOMOBILE",
    "message_session_id": "480cd221af3aed59829c5be611a943c3",
    "message_session_type": "IPL",
    "message_session_uri": "spotify:socialsession:2bXj0RKa83GsInxv4BhaJJ",
    "message_tech_type": "BLUETOOTH"
  },
  {
    "timestamp_utc": "2024-10-11T19:50:28.001Z",
    "context_application_version": "8.9.76.516",
    "context_conn_country": "US",
    "context_device_manufacturer": "apple",
    "context_device_model": "iPhone13,4",
    "context_device_type": "mobile",
    "context_os_name": "ios",
    "context_os_version": "18.0.1",
    "context_receiver_service_timestamp": 1728676252948,
    "context_time": 1728676228001,
    "message_device_type": "AUTOMOBILE",
    "message_session_id": "f8ebda78d1d03781f359795dc11c2cff",
    "message_session_type": "IPL",
    "message_session_uri": "spotify:socialsession:WGo2y7zHSHWKx2SNfMqmJBgmuHJ",
    "message_tech_type": "BLUETOOTH"
  },
  {
    "timestamp_utc": "2024-11-13T01:16:50.069Z",
    "context_application_version": "8.9.90.84",
    "context_conn_country": "US",
    "context_device_manufacturer": "apple",
    "context_device_model": "iPhone13,4",
    "context_device_type": "mobile",
    "context_os_name": "ios",
    "context_os_version": "18.0.1",
    "context_receiver_service_timestamp": 1731460610542,
    "context_time": 1731460610069,
    "message_device_type": "AUTOMOBILE",
    "message_session_id": "d254d9210e6afd3fba08b59436f35e48",
    "message_session_type": "IPL",
    "message_session_uri": "spotify:socialsession:6oTabTxTx9JXwi3tXiOa92",
    "message_tech_type": "BLUETOOTH"
  },
  {
    "timestamp_utc": "2024-10-01T22:34:35.730Z",
    "context_application_version": "8.9.76.516",
    "context_conn_country": "US",
    "context_device_manufacturer": "apple",
    "context_device_model": "iPhone13,4",
    "context_device_type": "mobile",
    "context_os_name": "ios",
    "context_os_version": "18.0",
    "context_receiver_service_timestamp": 1727822101079,
    "context_time": 1727822075730,
    "message_device_type": "AUTOMOBILE",
    "message_session_id": "0b49fafb4920b4436a67a4e4fdc05915",
    "message_session_type": "IPL",
    "message_session_uri": "spotify:socialsession:LIivs5lpGaM2n9fhpl2CD",
    "message_tech_type": "BLUETOOTH"
  },
  {
    "timestamp_utc": "2024-10-30T01:33:05.440Z",
    "context_application_version": "8.9.86.419",
    "context_conn_country": "US",
    "context_device_manufacturer": "apple",
    "context_device_model": "iPhone13,4",
    "context_device_type": "mobile",
    "context_os_name": "ios",
    "context_os_version": "18.0.1",
    "context_receiver_service_timestamp": 1730251991122,
    "context_time": 1730251985440,
    "message_device_type": "AUTOMOBILE",
    "message_session_id": "5bf7a46a59666e9f782b84856c243089",
    "message_session_type": "IPL",
    "message_session_uri": "spotify:socialsession:2NxtqhxyS4m0cGGdlupe2t",
    "message_tech_type": "BLUETOOTH"
  },
  {
    "timestamp_utc": "2024-11-07T22:41:48.548Z",
    "context_application_version": "8.9.86.419",
    "context_conn_country": "US",
    "context_device_manufacturer": "apple",
    "context_device_model": "iPhone13,4",
    "context_device_type": "mobile",
    "context_os_name": "ios",
    "context_os_version": "18.0.1",
    "context_receiver_service_timestamp": 1731019319612,
    "context_time": 1731019308548,
    "message_device_type": "AUTOMOBILE",
    "message_session_id": "4586cd28c2876b64db43c78a1a0d3c9d",
    "message_session_type": "IPL",
    "message_session_uri": "spotify:socialsession:27c4EcLv2ivdGlY0EuIDiB",
    "message_tech_type": "BLUETOOTH"
  },
  {
    "timestamp_utc": "2024-10-25T16:47:37.033Z",
    "context_application_version": "8.9.84.543",
    "context_conn_country": "US",
    "context_device_manufacturer": "apple",
    "context_device_model": "iPhone13,4",
    "context_device_type": "mobile",
    "context_os_name": "ios",
    "context_os_version": "18.0.1",
    "context_receiver_service_timestamp": 1729874865853,
    "context_time": 1729874857033,
    "message_device_type": "AUTOMOBILE",
    "message_session_id": "cd6a8ea95d04ff8d2232ebb9b2761ffe",
    "message_session_type": "IPL",
    "message_session_uri": "spotify:socialsession:6fC7G2UJfMZkelXXMiSZXg",
    "message_tech_type": "BLUETOOTH"
  },
  {
    "timestamp_utc": "2024-11-03T22:03:30.409Z",
    "context_application_version": "8.9.86.419",
    "context_conn_country": "US",
    "context_device_manufacturer": "apple",
    "context_device_model": "iPhone13,4",
    "context_device_type": "mobile",
    "context_os_name": "ios",
    "context_os_version": "18.0.1",
    "context_receiver_service_timestamp": 1730671412242,
    "context_time": 1730671410409,
    "message_device_type": "AUTOMOBILE",
    "message_session_id": "0f263dc778185889570a79a2ce6b3aed",
    "message_session_type": "IPL",
    "message_session_uri": "spotify:socialsession:0sAmoBoJmbkths3DlERMbb",
    "message_tech_type": "BLUETOOTH"
  },
  {
    "timestamp_utc": "2024-11-22T17:39:07.432Z",
    "context_application_version": "8.9.94.418",
    "context_conn_country": "US",
    "context_device_manufacturer": "apple",
    "context_device_model": "iPhone13,4",
    "context_device_type": "mobile",
    "context_os_name": "ios",
    "context_os_version": "18.1",
    "context_receiver_service_timestamp": 1732297151453,
    "context_time": 1732297147432,
    "message_device_type": "AUTOMOBILE",
    "message_session_id": "ba2425d6876dc4b0c12e1968bd66358d",
    "message_session_type": "IPL",
    "message_session_uri": "spotify:socialsession:5Ff5Jethw9n4qEtpMueogt",
    "message_tech_type": "BLUETOOTH"
  },
  {
    "timestamp_utc": "2024-10-02T00:49:56.789Z",
    "context_application_version": "8.9.76.516",
    "context_conn_country": "US",
    "context_device_manufacturer": "apple",
    "context_device_model": "iPhone13,4",
    "context_device_type": "mobile",
    "context_os_name": "ios",
    "context_os_version": "18.0",
    "context_receiver_service_timestamp": 1727830203894,
    "context_time": 1727830196789,
    "message_device_type": "AUTOMOBILE",
    "message_session_id": "ad07cc51377535afb3ae08eb5671bf31",
    "message_session_type": "IPL",
    "message_session_uri": "spotify:socialsession:5GVEeOvXcsebBSTLijZTur",
    "message_tech_type": "BLUETOOTH"
  },
  {
    "timestamp_utc": "2024-11-11T17:15:04.793Z",
    "context_application_version": "8.9.90.84",
    "context_conn_country": "US",
    "context_device_manufacturer": "apple",
    "context_device_model": "iPhone13,4",
    "context_device_type": "mobile",
    "context_os_name": "ios",
    "context_os_version": "18.0.1",
    "context_receiver_service_timestamp": 1731345319538,
    "context_time": 1731345304793,
    "message_device_type": "AUTOMOBILE",
    "message_session_id": "df17f7d2eeb22ef5feeaa88855cfcba2",
    "message_session_type": "IPL",
    "message_session_uri": "spotify:socialsession:6MYf1BxbdWAQMfA7YKsKMa",
    "message_tech_type": "BLUETOOTH"
  },
  {
    "timestamp_utc": "2024-11-02T19:57:58.857Z",
    "context_application_version": "8.9.86.419",
    "context_conn_country": "US",
    "context_device_manufacturer": "apple",
    "context_device_model": "iPhone13,4",
    "context_device_type": "mobile",
    "context_os_name": "ios",
    "context_os_version": "18.0.1",
    "context_receiver_service_timestamp": 1730577507086,
    "context_time": 1730577478857,
    "message_device_type": "AUTOMOBILE",
    "message_session_id": "3bf09adb6da28a9e9fa04f2f6640125d",
    "message_session_type": "IPL",
    "message_session_uri": "spotify:socialsession:1P6vfxJwf1NbW324VKFWZT",
    "message_tech_type": "BLUETOOTH"
  },
  {
    "timestamp_utc": "2024-10-02T22:12:21.298Z",
    "context_application_version": "8.9.76.516",
    "context_conn_country": "US",
    "context_device_manufacturer": "apple",
    "context_device_model": "iPhone13,4",
    "context_device_type": "mobile",
    "context_os_name": "ios",
    "context_os_version": "18.0",
    "context_receiver_service_timestamp": 1727907159112,
    "context_time": 1727907141298,
    "message_device_type": "AUTOMOBILE",
    "message_session_id": "aa3bfd1021eb32054e8974c23540e4f9",
    "message_session_type": "IPL",
    "message_session_uri": "spotify:socialsession:WGo2y5be6Qsvts2lDlPvNIWFktb",
    "message_tech_type": "BLUETOOTH"
  },
  {
    "timestamp_utc": "2024-11-12T03:26:27.850Z",
    "context_application_version": "8.9.90.84",
    "context_conn_country": "US",
    "context_device_manufacturer": "apple",
    "context_device_model": "iPhone13,4",
    "context_device_type": "mobile",
    "context_os_name": "ios",
    "context_os_version": "18.0.1",
    "context_receiver_service_timestamp": 1731382015277,
    "context_time": 1731381987850,
    "message_device_type": "AUTOMOBILE",
    "message_session_id": "4d2486031dc0db51a15382dba895adae",
    "message_session_type": "IPL",
    "message_session_uri": "spotify:socialsession:2lz6e9MHT48TjJkr3M1iW2",
    "message_tech_type": "BLUETOOTH"
  },
  {
    "timestamp_utc": "2024-10-04T17:46:32.378Z",
    "context_application_version": "8.9.76.516",
    "context_conn_country": "US",
    "context_device_manufacturer": "apple",
    "context_device_model": "iPhone13,4",
    "context_device_type": "mobile",
    "context_os_name": "ios",
    "context_os_version": "18.0",
    "context_receiver_service_timestamp": 1728063998114,
    "context_time": 1728063992378,
    "message_device_type": "AUTOMOBILE",
    "message_session_id": "40d0b4b8c7ae0243579bf84a064626de",
    "message_session_type": "IPL",
    "message_session_uri": "spotify:socialsession:WGo2y1YiT2K4kY37d7egBrkCgYC",
    "message_tech_type": "BLUETOOTH"
  },
  {
    "timestamp_utc": "2024-10-23T02:28:33.225Z",
    "context_application_version": "8.9.82.628",
    "context_conn_country": "US",
    "context_device_manufacturer": "apple",
    "context_device_model": "iPhone13,4",
    "context_device_type": "mobile",
    "context_os_name": "ios",
    "context_os_version": "18.0.1",
    "context_receiver_service_timestamp": 1729650516953,
    "context_time": 1729650513225,
    "message_device_type": "AUTOMOBILE",
    "message_session_id": "b93743d5d5002a00f222038a17a7b131",
    "message_session_type": "IPL",
    "message_session_uri": "spotify:socialsession:5DuPS7qQpxDf8q3Uqw3wqZ",
    "message_tech_type": "BLUETOOTH"
  },
  {
    "timestamp_utc": "2024-10-30T01:04:36.234Z",
    "context_application_version": "8.9.86.419",
    "context_conn_country": "US",
    "context_device_manufacturer": "apple",
    "context_device_model": "iPhone13,4",
    "context_device_type": "mobile",
    "context_os_name": "ios",
    "context_os_version": "18.0.1",
    "context_receiver_service_timestamp": 1730250281157,
    "context_time": 1730250276234,
    "message_device_type": "AUTOMOBILE",
    "message_session_id": "af4b1d751dff6186784905bc519239c4",
    "message_session_type": "IPL",
    "message_session_uri": "spotify:socialsession:5kLZ3YoIIQpiSxjDaEyr3K",
    "message_tech_type": "BLUETOOTH"
  },
  {
    "timestamp_utc": "2024-10-17T23:49:34.840Z",
    "context_application_version": "8.9.82.628",
    "context_conn_country": "US",
    "context_device_manufacturer": "apple",
    "context_device_model": "iPhone13,4",
    "context_device_type": "mobile",
    "context_os_name": "ios",
    "context_os_version": "18.0.1",
    "context_receiver_service_timestamp": 1729208980746,
    "context_time": 1729208974840,
    "message_device_type": "AUTOMOBILE",
    "message_session_id": "f14f468f724386efaafd76ce4eb6bcd4",
    "message_session_type": "IPL",
    "message_session_uri": "spotify:socialsession:7llnycLGdq6OG1jMRLUeiM",
    "message_tech_type": "BLUETOOTH"
  },
  {
    "timestamp_utc": "2024-11-12T23:05:40.552Z",
    "context_application_version": "8.9.90.84",
    "context_conn_country": "US",
    "context_device_manufacturer": "apple",
    "context_device_model": "iPhone13,4",
    "context_device_type": "mobile",
    "context_os_name": "ios",
    "context_os_version": "18.0.1",
    "context_receiver_service_timestamp": 1731452770104,
    "context_time": 1731452740552,
    "message_device_type": "AUTOMOBILE",
    "message_session_id": "d2a954f649375d820343874f74b9489e",
    "message_session_type": "IPL",
    "message_session_uri": "spotify:socialsession:6pvLXxAg7UwaPi52x8EXDw",
    "message_tech_type": "BLUETOOTH"
  },
  {
    "timestamp_utc": "2024-11-13T02:36:35.767Z",
    "context_application_version": "8.9.90.84",
    "context_conn_country": "US",
    "context_device_manufacturer": "apple",
    "context_device_model": "iPhone13,4",
    "context_device_type": "mobile",
    "context_os_name": "ios",
    "context_os_version": "18.0.1",
    "context_receiver_service_timestamp": 1731465397452,
    "context_time": 1731465395767,
    "message_device_type": "AUTOMOBILE",
    "message_session_id": "84bf8e8382bac7b2d9ab8f864f2e463b",
    "message_session_type": "IPL",
    "message_session_uri": "spotify:socialsession:42uwMLHgS8YU7VYLo2Feif",
    "message_tech_type": "BLUETOOTH"
  },
  {
    "timestamp_utc": "2024-10-18T19:31:34.766Z",
    "context_application_version": "8.9.82.628",
    "context_conn_country": "US",
    "context_device_manufacturer": "apple",
    "context_device_model": "iPhone13,4",
    "context_device_type": "mobile",
    "context_os_name": "ios",
    "context_os_version": "18.0.1",
    "context_receiver_service_timestamp": 1729279905164,
    "context_time": 1729279894766,
    "message_device_type": "AUTOMOBILE",
    "message_session_id": "6b45cc857463cd5ebcc400916e976db1",
    "message_session_type": "IPL",
    "message_session_uri": "spotify:socialsession:3gq4MFY2L4pyEphKJ2z8d3",
    "message_tech_type": "BLUETOOTH"
  },
  {
    "timestamp_utc": "2024-10-08T00:37:28.600Z",
    "context_application_version": "8.9.76.516",
    "context_conn_country": "US",
    "context_device_manufacturer": "apple",
    "context_device_model": "iPhone13,4",
    "context_device_type": "mobile",
    "context_os_name": "ios",
    "context_os_version": "18.0.1",
    "context_receiver_service_timestamp": 1728347864011,
    "context_time": 1728347848600,
    "message_device_type": "AUTOMOBILE",
    "message_session_id": "7b8bc78b801829071a1d74a613d69287",
    "message_session_type": "IPL",
    "message_session_uri": "spotify:socialsession:WGo2y3L7W0vFI41gb92cFyjHjyD",
    "message_tech_type": "BLUETOOTH"
  },
  {
    "timestamp_utc": "2024-10-16T21:13:20.687Z",
    "context_application_version": "8.9.82.628",
    "context_conn_country": "US",
    "context_device_manufacturer": "apple",
    "context_device_model": "iPhone13,4",
    "context_device_type": "mobile",
    "context_os_name": "ios",
    "context_os_version": "18.0.1",
    "context_receiver_service_timestamp": 1729113210323,
    "context_time": 1729113200687,
    "message_device_type": "AUTOMOBILE",
    "message_session_id": "13b9dc8f38bda7c5957009012173236b",
    "message_session_type": "IPL",
    "message_session_uri": "spotify:socialsession:0BdNaZM7uTpzSFUyYJAOAX",
    "message_tech_type": "BLUETOOTH"
  },
  {
    "timestamp_utc": "2024-11-03T21:38:28.289Z",
    "context_application_version": "8.9.86.419",
    "context_conn_country": "US",
    "context_device_manufacturer": "apple",
    "context_device_model": "iPhone13,4",
    "context_device_type": "mobile",
    "context_os_name": "ios",
    "context_os_version": "18.0.1",
    "context_receiver_service_timestamp": 1730669935245,
    "context_time": 1730669908289,
    "message_device_type": "AUTOMOBILE",
    "message_session_id": "80f8a275c819c908e606ad8f9d40dfbd",
    "message_session_type": "IPL",
    "message_session_uri": "spotify:socialsession:3VmDWg9QbNG7IFKWLcxqNv",
    "message_tech_type": "BLUETOOTH"
  },
  {
    "timestamp_utc": "2024-10-11T19:12:02.554Z",
    "context_application_version": "8.9.76.516",
    "context_conn_country": "US",
    "context_device_manufacturer": "apple",
    "context_device_model": "iPhone13,4",
    "context_device_type": "mobile",
    "context_os_name": "ios",
    "context_os_version": "18.0.1",
    "context_receiver_service_timestamp": 1728673940278,
    "context_time": 1728673922554,
    "message_device_type": "AUTOMOBILE",
    "message_session_id": "2aa53d560ced3d30fe618ad108a93441",
    "message_session_type": "IPL",
    "message_session_uri": "spotify:socialsession:WGo2y1itbVJCyEgy7huKGej98qJ",
    "message_tech_type": "BLUETOOTH"
  },
  {
    "timestamp_utc": "2024-10-09T16:45:31.373Z",
    "context_application_version": "8.9.76.516",
    "context_conn_country": "US",
    "context_device_manufacturer": "apple",
    "context_device_model": "iPhone13,4",
    "context_device_type": "mobile",
    "context_os_name": "ios",
    "context_os_version": "18.0.1",
    "context_receiver_service_timestamp": 1728492354927,
    "context_time": 1728492331373,
    "message_device_type": "AUTOMOBILE",
    "message_session_id": "eaf5bbf5c321409478c84c4c375cd180",
    "message_session_type": "IPL",
    "message_session_uri": "spotify:socialsession:WGo2y79mvkD2K9T4xjDwS5JSAgg",
    "message_tech_type": "BLUETOOTH"
  },
  {
    "timestamp_utc": "2024-11-02T19:58:30.183Z",
    "context_application_version": "8.9.86.419",
    "context_conn_country": "US",
    "context_device_manufacturer": "apple",
    "context_device_model": "iPhone13,4",
    "context_device_type": "mobile",
    "context_os_name": "ios",
    "context_os_version": "18.0.1",
    "context_receiver_service_timestamp": 1730577537073,
    "context_time": 1730577510183,
    "message_device_type": "AUTOMOBILE",
    "message_session_id": "c6a595839ed1dc5cd13f91773c42aa37",
    "message_session_type": "IPL",
    "message_session_uri": "spotify:socialsession:62Q9tB2YU9Sd9qwhgWXYhx",
    "message_tech_type": "BLUETOOTH"
  },
  {
    "timestamp_utc": "2024-10-01T22:30:11.002Z",
    "context_application_version": "8.9.76.516",
    "context_conn_country": "US",
    "context_device_manufacturer": "apple",
    "context_device_model": "iPhone13,4",
    "context_device_type": "mobile",
    "context_os_name": "ios",
    "context_os_version": "18.0",
    "context_receiver_service_timestamp": 1727821830923,
    "context_time": 1727821811002,
    "message_device_type": "AUTOMOBILE",
    "message_session_id": "bb26099c809e130784bef5a5386fe9c1",
    "message_session_type": "IPL",
    "message_session_uri": "spotify:socialsession:5h8wnT25PuMM1ptlDUHIlV",
    "message_tech_type": "BLUETOOTH"
  },
  {
    "timestamp_utc": "2024-11-10T01:43:43.824Z",
    "context_application_version": "8.9.86.419",
    "context_conn_country": "US",
    "context_device_manufacturer": "apple",
    "context_device_model": "iPhone13,4",
    "context_device_type": "mobile",
    "context_os_name": "ios",
    "context_os_version": "18.0.1",
    "context_receiver_service_timestamp": 1731203052481,
    "context_time": 1731203023824,
    "message_device_type": "AUTOMOBILE",
    "message_session_id": "1d01af528f470706004ddee77d8c4256",
    "message_session_type": "IPL",
    "message_session_uri": "spotify:socialsession:0SJxWrIzAEg0PLYmJaPLE2",
    "message_tech_type": "BLUETOOTH"
  },
  {
    "timestamp_utc": "2024-11-02T20:47:02.999Z",
    "context_application_version": "8.9.86.419",
    "context_conn_country": "US",
    "context_device_manufacturer": "apple",
    "context_device_model": "iPhone13,4",
    "context_device_type": "mobile",
    "context_os_name": "ios",
    "context_os_version": "18.0.1",
    "context_receiver_service_timestamp": 1730580447678,
    "context_time": 1730580422999,
    "message_device_type": "AUTOMOBILE",
    "message_session_id": "aed7ac81c893de91d5217798467f3a1c",
    "message_session_type": "IPL",
    "message_session_uri": "spotify:socialsession:5jVe8U6OXFxqZyrcZNvU16",
    "message_tech_type": "BLUETOOTH"
  },
  {
    "timestamp_utc": "2024-10-22T02:07:39.881Z",
    "context_application_version": "8.9.82.628",
    "context_conn_country": "US",
    "context_device_manufacturer": "apple",
    "context_device_model": "iPhone13,4",
    "context_device_type": "mobile",
    "context_os_name": "ios",
    "context_os_version": "18.0.1",
    "context_receiver_service_timestamp": 1729562868788,
    "context_time": 1729562859881,
    "message_device_type": "AUTOMOBILE",
    "message_session_id": "05e77f248e4b2a4d24b89ca3bd7e9cc2",
    "message_session_type": "IPL",
    "message_session_uri": "spotify:socialsession:0b8KRGdZjxw3Zym2Vxze94",
    "message_tech_type": "BLUETOOTH"
  },
  {
    "timestamp_utc": "2024-10-16T16:29:50.069Z",
    "context_application_version": "8.9.82.628",
    "context_conn_country": "US",
    "context_device_manufacturer": "apple",
    "context_device_model": "iPhone13,4",
    "context_device_type": "mobile",
    "context_os_name": "ios",
    "context_os_version": "18.0.1",
    "context_receiver_service_timestamp": 1729096200943,
    "context_time": 1729096190069,
    "message_device_type": "AUTOMOBILE",
    "message_session_id": "51ee880d1d1fe45300098492ce43a714",
    "message_session_type": "IPL",
    "message_session_uri": "spotify:socialsession:2uBo2b121Zrg4ZP8FVaV6s",
    "message_tech_type": "BLUETOOTH"
  },
  {
    "timestamp_utc": "2024-11-08T20:48:59.537Z",
    "context_application_version": "8.9.86.419",
    "context_conn_country": "US",
    "context_device_manufacturer": "apple",
    "context_device_model": "iPhone13,4",
    "context_device_type": "mobile",
    "context_os_name": "ios",
    "context_os_version": "18.0.1",
    "context_receiver_service_timestamp": 1731098949234,
    "context_time": 1731098939537,
    "message_device_type": "AUTOMOBILE",
    "message_session_id": "0d4922e5fd448c352f33c40885fb8407",
    "message_session_type": "IPL",
    "message_session_uri": "spotify:socialsession:0p4k45gCMvVrb0WTUMZion",
    "message_tech_type": "BLUETOOTH"
  },
  {
    "timestamp_utc": "2024-11-02T20:36:51.559Z",
    "context_application_version": "8.9.86.419",
    "context_conn_country": "US",
    "context_device_manufacturer": "apple",
    "context_device_model": "iPhone13,4",
    "context_device_type": "mobile",
    "context_os_name": "ios",
    "context_os_version": "18.0.1",
    "context_receiver_service_timestamp": 1730579817547,
    "context_time": 1730579811559,
    "message_device_type": "AUTOMOBILE",
    "message_session_id": "9e0aee4e9b3681c7fe817ac5c9e35f02",
    "message_session_type": "IPL",
    "message_session_uri": "spotify:socialsession:4OdMyd22euIpnu9ZLHrXCG",
    "message_tech_type": "BLUETOOTH"
  },
  {
    "timestamp_utc": "2024-10-16T02:06:21.227Z",
    "context_application_version": "8.9.82.628",
    "context_conn_country": "US",
    "context_device_manufacturer": "apple",
    "context_device_model": "iPhone13,4",
    "context_device_type": "mobile",
    "context_os_name": "ios",
    "context_os_version": "18.0.1",
    "context_receiver_service_timestamp": 1729044400056,
    "context_time": 1729044381227,
    "message_device_type": "AUTOMOBILE",
    "message_session_id": "1e5f6f945894d1ee967da25959b77786",
    "message_session_type": "IPL",
    "message_session_uri": "spotify:socialsession:0VjnOy93FxEzf6b4xbH3bo",
    "message_tech_type": "BLUETOOTH"
  },
  {
    "timestamp_utc": "2024-06-29T01:35:07.750Z",
    "context_application_version": "8.9.50.491",
    "context_conn_country": "US",
    "context_device_manufacturer": "apple",
    "context_device_model": "iPad14,4",
    "context_device_type": "tablet",
    "context_os_name": "ios",
    "context_os_version": "17.5.1",
    "context_receiver_service_timestamp": 1719624915506,
    "context_time": 1719624907750,
    "message_device_type": "SMARTPHONE",
    "message_session_id": "57e202e3e4f121da20a2eeb9bb24baaa",
    "message_session_type": "IPL",
    "message_session_uri": "spotify:socialsession:2YyktwAKnzinVsLmBix4dJestx4c9QIG7ul0esw0KwF6zS0NbcKLGKjoDux0A41c7F7IsNbt9O8IhISAuJDo025hD1BnBu35kkmgH7jVIWVF",
    "message_tech_type": "SELF"
  },
  {
    "timestamp_utc": "2024-11-20T17:32:04.758Z",
    "context_application_version": "8.9.90.84",
    "context_conn_country": "US",
    "context_device_manufacturer": "apple",
    "context_device_model": "iPhone13,4",
    "context_device_type": "mobile",
    "context_os_name": "ios",
    "context_os_version": "18.1",
    "context_receiver_service_timestamp": 1732123927546,
    "context_time": 1732123924758,
    "message_device_type": "AUTOMOBILE",
    "message_session_id": "42e0fa2aa2e23ba3e51227e0496fc648",
    "message_session_type": "IPL",
    "message_session_uri": "spotify:socialsession:22cj7HqCSwUOb1k8MpEkje",
    "message_tech_type": "BLUETOOTH"
  },
  {
    "timestamp_utc": "2024-10-02T22:33:22.043Z",
    "context_application_version": "8.9.76.516",
    "context_conn_country": "US",
    "context_device_manufacturer": "apple",
    "context_device_model": "iPhone13,4",
    "context_device_type": "mobile",
    "context_os_name": "ios",
    "context_os_version": "18.0",
    "context_receiver_service_timestamp": 1727908420463,
    "context_time": 1727908402043,
    "message_device_type": "AUTOMOBILE",
    "message_session_id": "c1e5acb8e5b39ccbbced627bb2e53212",
    "message_session_type": "IPL",
    "message_session_uri": "spotify:socialsession:WGo2y5TStNXkf8XIDhuRTMDY4hk",
    "message_tech_type": "BLUETOOTH"
  },
  {
    "timestamp_utc": "2024-10-15T02:15:57.107Z",
    "context_application_version": "8.9.82.628",
    "context_conn_country": "US",
    "context_device_manufacturer": "apple",
    "context_device_model": "iPhone13,4",
    "context_device_type": "mobile",
    "context_os_name": "ios",
    "context_os_version": "18.0.1",
    "context_receiver_service_timestamp": 1728958565652,
    "context_time": 1728958557107,
    "message_device_type": "AUTOMOBILE",
    "message_session_id": "f277bad4fff51184a1c46789c09c5284",
    "message_session_type": "IPL",
    "message_session_uri": "spotify:socialsession:7nwRj6kXgEGGsl7YQUALyI",
    "message_tech_type": "BLUETOOTH"
  },
  {
    "timestamp_utc": "2024-11-06T17:20:33.472Z",
    "context_application_version": "8.9.86.419",
    "context_conn_country": "US",
    "context_device_manufacturer": "apple",
    "context_device_model": "iPhone13,4",
    "context_device_type": "mobile",
    "context_os_name": "ios",
    "context_os_version": "18.0.1",
    "context_receiver_service_timestamp": 1730913662094,
    "context_time": 1730913633472,
    "message_device_type": "AUTOMOBILE",
    "message_session_id": "03d306db22ccdc587b2af5481428f04f",
    "message_session_type": "IPL",
    "message_session_uri": "spotify:socialsession:07dpOZ7hTONattHF0tQVPx",
    "message_tech_type": "BLUETOOTH"
  },
  {
    "timestamp_utc": "2024-10-30T16:22:57.919Z",
    "context_application_version": "8.9.86.419",
    "context_conn_country": "US",
    "context_device_manufacturer": "apple",
    "context_device_model": "iPhone13,4",
    "context_device_type": "mobile",
    "context_os_name": "ios",
    "context_os_version": "18.0.1",
    "context_receiver_service_timestamp": 1730305399172,
    "context_time": 1730305377919,
    "message_device_type": "AUTOMOBILE",
    "message_session_id": "c974ca16eec803a21ce309788a91d04d",
    "message_session_type": "IPL",
    "message_session_uri": "spotify:socialsession:688PuXzsBTVHZRun3NsLZX",
    "message_tech_type": "BLUETOOTH"
  },
  {
    "timestamp_utc": "2024-10-07T15:09:29.007Z",
    "context_application_version": "8.9.76.516",
    "context_conn_country": "US",
    "context_device_manufacturer": "apple",
    "context_device_model": "iPhone13,4",
    "context_device_type": "mobile",
    "context_os_name": "ios",
    "context_os_version": "18.0.1",
    "context_receiver_service_timestamp": 1728313769458,
    "context_time": 1728313769007,
    "message_device_type": "AUTOMOBILE",
    "message_session_id": "9ef5b1b85d1696d768cd48b7ecef4900",
    "message_session_type": "IPL",
    "message_session_uri": "spotify:socialsession:WGo2y4PX4lZcAtuby6sxvEAhf3i",
    "message_tech_type": "BLUETOOTH"
  },
  {
    "timestamp_utc": "2024-10-18T17:58:15.284Z",
    "context_application_version": "8.9.82.628",
    "context_conn_country": "US",
    "context_device_manufacturer": "apple",
    "context_device_model": "iPhone13,4",
    "context_device_type": "mobile",
    "context_os_name": "ios",
    "context_os_version": "18.0.1",
    "context_receiver_service_timestamp": 1729274303992,
    "context_time": 1729274295284,
    "message_device_type": "AUTOMOBILE",
    "message_session_id": "1433a4b04743f6cf748540336c8861a5",
    "message_session_type": "IPL",
    "message_session_uri": "spotify:socialsession:0C7rKzKeVaDOEqwrDeyNhj",
    "message_tech_type": "BLUETOOTH"
  },
  {
    "timestamp_utc": "2024-10-16T00:35:37.772Z",
    "context_application_version": "8.9.82.628",
    "context_conn_country": "US",
    "context_device_manufacturer": "apple",
    "context_device_model": "iPhone13,4",
    "context_device_type": "mobile",
    "context_os_name": "ios",
    "context_os_version": "18.0.1",
    "context_receiver_service_timestamp": 1729038959885,
    "context_time": 1729038937772,
    "message_device_type": "AUTOMOBILE",
    "message_session_id": "bb6e53edce8a4b926d75fc2b9545d7d1",
    "message_session_type": "IPL",
    "message_session_uri": "spotify:socialsession:5HFZ4MaQ2jigS6q5Sr0ePf",
    "message_tech_type": "BLUETOOTH"
  },
  {
    "timestamp_utc": "2024-11-20T17:36:29.306Z",
    "context_application_version": "8.9.90.84",
    "context_conn_country": "US",
    "context_device_manufacturer": "apple",
    "context_device_model": "iPhone13,4",
    "context_device_type": "mobile",
    "context_os_name": "ios",
    "context_os_version": "18.1",
    "context_receiver_service_timestamp": 1732124209676,
    "context_time": 1732124189306,
    "message_device_type": "AUTOMOBILE",
    "message_session_id": "42e0fa2aa2e23ba3e51227e0496fc648",
    "message_session_type": "IPL",
    "message_session_uri": "spotify:socialsession:22cj7HqCSwUOb1k8MpEkje",
    "message_tech_type": "BLUETOOTH"
  },
  {
    "timestamp_utc": "2024-11-13T01:52:30.085Z",
    "context_application_version": "8.9.90.84",
    "context_conn_country": "US",
    "context_device_manufacturer": "apple",
    "context_device_model": "iPhone13,4",
    "context_device_type": "mobile",
    "context_os_name": "ios",
    "context_os_version": "18.0.1",
    "context_receiver_service_timestamp": 1731462766776,
    "context_time": 1731462750085,
    "message_device_type": "AUTOMOBILE",
    "message_session_id": "50ac37232ce68292191dc2f9beb72ee3",
    "message_session_type": "IPL",
    "message_session_uri": "spotify:socialsession:2se5vnnEGPllJvh5ANCryr",
    "message_tech_type": "BLUETOOTH"
  },
  {
    "timestamp_utc": "2024-11-20T19:07:50.586Z",
    "context_application_version": "8.9.90.84",
    "context_conn_country": "US",
    "context_device_manufacturer": "apple",
    "context_device_model": "iPhone13,4",
    "context_device_type": "mobile",
    "context_os_name": "ios",
    "context_os_version": "18.1",
    "context_receiver_service_timestamp": 1732129672861,
    "context_time": 1732129670586,
    "message_device_type": "AUTOMOBILE",
    "message_session_id": "34ecd76abd2b5e2d39751f894d52bf49",
    "message_session_type": "IPL",
    "message_session_uri": "spotify:socialsession:1BRPWJcc2c904K5MX5JI2l",
    "message_tech_type": "BLUETOOTH"
  },
  {
    "timestamp_utc": "2024-10-11T18:17:10.602Z",
    "context_application_version": "8.9.76.516",
    "context_conn_country": "US",
    "context_device_manufacturer": "apple",
    "context_device_model": "iPhone13,4",
    "context_device_type": "mobile",
    "context_os_name": "ios",
    "context_os_version": "18.0.1",
    "context_receiver_service_timestamp": 1728670640261,
    "context_time": 1728670630602,
    "message_device_type": "AUTOMOBILE",
    "message_session_id": "bb27c17ba673f787c8adb47fd5483197",
    "message_session_type": "IPL",
    "message_session_uri": "spotify:socialsession:WGo2y5H9JtW9C9vzC9Pbp8nNdbh",
    "message_tech_type": "BLUETOOTH"
  },
  {
    "timestamp_utc": "2024-11-19T03:27:05.693Z",
    "context_application_version": "8.9.90.84",
    "context_conn_country": "US",
    "context_device_manufacturer": "apple",
    "context_device_model": "iPhone13,4",
    "context_device_type": "mobile",
    "context_os_name": "ios",
    "context_os_version": "18.1",
    "context_receiver_service_timestamp": 1731986841455,
    "context_time": 1731986825693,
    "message_device_type": "UNKNOWN",
    "message_session_id": "82e34262141199983849b391012fed8d",
    "message_session_type": "IPL",
    "message_session_uri": "spotify:socialsession:3YYRl0eYPlB4cgOk8OJE4Z",
    "message_tech_type": "BLUETOOTH"
  },
  {
    "timestamp_utc": "2024-11-12T00:19:17.905Z",
    "context_application_version": "8.9.90.84",
    "context_conn_country": "US",
    "context_device_manufacturer": "apple",
    "context_device_model": "iPhone13,4",
    "context_device_type": "mobile",
    "context_os_name": "ios",
    "context_os_version": "18.0.1",
    "context_receiver_service_timestamp": 1731370773418,
    "context_time": 1731370757905,
    "message_device_type": "AUTOMOBILE",
    "message_session_id": "cbaec596418b9a04c55d3b9549166d0c",
    "message_session_type": "IPL",
    "message_session_uri": "spotify:socialsession:6cljqq8JKhFUk9lS0J0BI0",
    "message_tech_type": "BLUETOOTH"
  },
  {
    "timestamp_utc": "2024-10-11T19:24:21.536Z",
    "context_application_version": "8.9.76.516",
    "context_conn_country": "US",
    "context_device_manufacturer": "apple",
    "context_device_model": "iPhone13,4",
    "context_device_type": "mobile",
    "context_os_name": "ios",
    "context_os_version": "18.0.1",
    "context_receiver_service_timestamp": 1728674662997,
    "context_time": 1728674661536,
    "message_device_type": "AUTOMOBILE",
    "message_session_id": "a95c402e3c23797a70cf7b1460153ccf",
    "message_session_type": "IPL",
    "message_session_uri": "spotify:socialsession:WGo2y59zRrl3oworoXik9LOu20T",
    "message_tech_type": "BLUETOOTH"
  },
  {
    "timestamp_utc": "2024-10-07T23:30:56.590Z",
    "context_application_version": "8.9.76.516",
    "context_conn_country": "US",
    "context_device_manufacturer": "apple",
    "context_device_model": "iPhone13,4",
    "context_device_type": "mobile",
    "context_os_name": "ios",
    "context_os_version": "18.0.1",
    "context_receiver_service_timestamp": 1728343886577,
    "context_time": 1728343856590,
    "message_device_type": "AUTOMOBILE",
    "message_session_id": "ce3e65fd8ec59ba0d1be3c3c3272635e",
    "message_session_type": "IPL",
    "message_session_uri": "spotify:socialsession:WGo2y6haW05IuJTJq17pi0zn3IO",
    "message_tech_type": "BLUETOOTH"
  },
  {
    "timestamp_utc": "2024-10-22T22:10:26.280Z",
    "context_application_version": "8.9.82.628",
    "context_conn_country": "US",
    "context_device_manufacturer": "apple",
    "context_device_model": "iPhone13,4",
    "context_device_type": "mobile",
    "context_os_name": "ios",
    "context_os_version": "18.0.1",
    "context_receiver_service_timestamp": 1729635041993,
    "context_time": 1729635026280,
    "message_device_type": "AUTOMOBILE",
    "message_session_id": "8cf04543607c3283955ebee99cc01fc8",
    "message_session_type": "IPL",
    "message_session_uri": "spotify:socialsession:4hWJf5feTS8znrX0Z8W9gQ",
    "message_tech_type": "BLUETOOTH"
  },
  {
    "timestamp_utc": "2024-10-07T16:42:22.267Z",
    "context_application_version": "8.9.76.516",
    "context_conn_country": "US",
    "context_device_manufacturer": "apple",
    "context_device_model": "iPhone13,4",
    "context_device_type": "mobile",
    "context_os_name": "ios",
    "context_os_version": "18.0.1",
    "context_receiver_service_timestamp": 1728319355998,
    "context_time": 1728319342267,
    "message_device_type": "AUTOMOBILE",
    "message_session_id": "4f908ca61bfe6f325c77c5e8897d873d",
    "message_session_type": "IPL",
    "message_session_uri": "spotify:socialsession:WGo2y2q8s5HEeRe2rxhyQpEbqnX",
    "message_tech_type": "BLUETOOTH"
  },
  {
    "timestamp_utc": "2024-10-13T17:48:41.344Z",
    "context_application_version": "8.9.82.628",
    "context_conn_country": "US",
    "context_device_manufacturer": "apple",
    "context_device_model": "iPhone13,4",
    "context_device_type": "mobile",
    "context_os_name": "ios",
    "context_os_version": "18.0.1",
    "context_receiver_service_timestamp": 1728841722937,
    "context_time": 1728841721344,
    "message_device_type": "AUTOMOBILE",
    "message_session_id": "37e14a0d7b94e2f48895c3a940319740",
    "message_session_type": "IPL",
    "message_session_uri": "spotify:socialsession:WGo2y1HrxckVimpevodB5yY9k40",
    "message_tech_type": "BLUETOOTH"
  },
  {
    "timestamp_utc": "2024-11-06T01:35:55.151Z",
    "context_application_version": "8.9.86.419",
    "context_conn_country": "US",
    "context_device_manufacturer": "apple",
    "context_device_model": "iPhone13,4",
    "context_device_type": "mobile",
    "context_os_name": "ios",
    "context_os_version": "18.0.1",
    "context_receiver_service_timestamp": 1730856973989,
    "context_time": 1730856955151,
    "message_device_type": "AUTOMOBILE",
    "message_session_id": "c20208d7fb14475b14d77761a41d6118",
    "message_session_type": "IPL",
    "message_session_uri": "spotify:socialsession:5U5rm4m5nlOucfPfoMFwUg",
    "message_tech_type": "BLUETOOTH"
  },
  {
    "timestamp_utc": "2024-10-16T20:51:20.507Z",
    "context_application_version": "8.9.82.628",
    "context_conn_country": "US",
    "context_device_manufacturer": "apple",
    "context_device_model": "iPhone13,4",
    "context_device_type": "mobile",
    "context_os_name": "ios",
    "context_os_version": "18.0.1",
    "context_receiver_service_timestamp": 1729111892354,
    "context_time": 1729111880507,
    "message_device_type": "AUTOMOBILE",
    "message_session_id": "44ea8ba01571ac0bf4e3794de393c1fe",
    "message_session_type": "IPL",
    "message_session_uri": "spotify:socialsession:262FhhQMX428t5c6o2gJK6",
    "message_tech_type": "BLUETOOTH"
  },
  {
    "timestamp_utc": "2024-10-09T21:13:59.407Z",
    "context_application_version": "8.9.76.516",
    "context_conn_country": "US",
    "context_device_manufacturer": "apple",
    "context_device_model": "iPhone13,4",
    "context_device_type": "mobile",
    "context_os_name": "ios",
    "context_os_version": "18.0.1",
    "context_receiver_service_timestamp": 1728508441091,
    "context_time": 1728508439407,
    "message_device_type": "AUTOMOBILE",
    "message_session_id": "83700912befe64bf45906342a91c756e",
    "message_session_type": "IPL",
    "message_session_uri": "spotify:socialsession:WGo2y401c6fMwhCiR2qKyOJ73LE",
    "message_tech_type": "BLUETOOTH"
  },
  {
    "timestamp_utc": "2024-11-08T18:57:35.969Z",
    "context_application_version": "8.9.86.419",
    "context_conn_country": "US",
    "context_device_manufacturer": "apple",
    "context_device_model": "iPhone13,4",
    "context_device_type": "mobile",
    "context_os_name": "ios",
    "context_os_version": "18.0.1",
    "context_receiver_service_timestamp": 1731092284786,
    "context_time": 1731092255969,
    "message_device_type": "AUTOMOBILE",
    "message_session_id": "9351f233904ed35ed78070014bb38247",
    "message_session_type": "IPL",
    "message_session_uri": "spotify:socialsession:4tZjVZLCHSlEeEKMAPsVvh",
    "message_tech_type": "BLUETOOTH"
  },
  {
    "timestamp_utc": "2024-10-29T03:21:49.936Z",
    "context_application_version": "8.9.86.419",
    "context_conn_country": "US",
    "context_device_manufacturer": "apple",
    "context_device_model": "iPhone13,4",
    "context_device_type": "mobile",
    "context_os_name": "ios",
    "context_os_version": "18.0.1",
    "context_receiver_service_timestamp": 1730172115747,
    "context_time": 1730172109936,
    "message_device_type": "AUTOMOBILE",
    "message_session_id": "525442ba73c119d9b091a1cc9a61ed34",
    "message_session_type": "IPL",
    "message_session_uri": "spotify:socialsession:2vlSrbLdm3rr2e1eGBQiqM",
    "message_tech_type": "BLUETOOTH"
  },
  {
    "timestamp_utc": "2024-11-04T17:41:34.362Z",
    "context_application_version": "8.9.86.419",
    "context_conn_country": "US",
    "context_device_manufacturer": "apple",
    "context_device_model": "iPhone13,4",
    "context_device_type": "mobile",
    "context_os_name": "ios",
    "context_os_version": "18.0.1",
    "context_receiver_service_timestamp": 1730742106702,
    "context_time": 1730742094362,
    "message_device_type": "AUTOMOBILE",
    "message_session_id": "e3b6813c838c3b48a4d3ea87047a45e1",
    "message_session_type": "IPL",
    "message_session_uri": "spotify:socialsession:6VGF7d4UELbOhcmnFKhvLb",
    "message_tech_type": "BLUETOOTH"
  },
  {
    "timestamp_utc": "2024-10-09T21:05:10.680Z",
    "context_application_version": "8.9.76.516",
    "context_conn_country": "US",
    "context_device_manufacturer": "apple",
    "context_device_model": "iPhone13,4",
    "context_device_type": "mobile",
    "context_os_name": "ios",
    "context_os_version": "18.0.1",
    "context_receiver_service_timestamp": 1728507931169,
    "context_time": 1728507910680,
    "message_device_type": "AUTOMOBILE",
    "message_session_id": "280c69ec7ee81ad92001ddcc4e261e70",
    "message_session_type": "IPL",
    "message_session_uri": "spotify:socialsession:WGo2y1dzmHClynrQspaPK9XUcLe",
    "message_tech_type": "BLUETOOTH"
  },
  {
    "timestamp_utc": "2024-10-28T20:09:38.827Z",
    "context_application_version": "8.9.84.543",
    "context_conn_country": "US",
    "context_device_manufacturer": "apple",
    "context_device_model": "iPhone13,4",
    "context_device_type": "mobile",
    "context_os_name": "ios",
    "context_os_version": "18.0.1",
    "context_receiver_service_timestamp": 1730146179900,
    "context_time": 1730146178827,
    "message_device_type": "AUTOMOBILE",
    "message_session_id": "a469425d08a268c49021c2b97d0d784e",
    "message_session_type": "IPL",
    "message_session_uri": "spotify:socialsession:50eQp3OsB4zvZeFaogVxLM",
    "message_tech_type": "BLUETOOTH"
  },
  {
    "timestamp_utc": "2024-10-21T16:42:41.322Z",
    "context_application_version": "8.9.82.628",
    "context_conn_country": "US",
    "context_device_manufacturer": "apple",
    "context_device_model": "iPhone13,4",
    "context_device_type": "mobile",
    "context_os_name": "ios",
    "context_os_version": "18.0.1",
    "context_receiver_service_timestamp": 1729528977313,
    "context_time": 1729528961322,
    "message_device_type": "AUTOMOBILE",
    "message_session_id": "fe25d29c03a2e083b308815d3278a714",
    "message_session_type": "IPL",
    "message_session_uri": "spotify:socialsession:7JzkPRLpowiHrEFlqKu7Y0",
    "message_tech_type": "BLUETOOTH"
  },
  {
    "timestamp_utc": "2024-11-11T17:14:22.999Z",
    "context_application_version": "8.9.90.84",
    "context_conn_country": "US",
    "context_device_manufacturer": "apple",
    "context_device_model": "iPhone13,4",
    "context_device_type": "mobile",
    "context_os_name": "ios",
    "context_os_version": "18.0.1",
    "context_receiver_service_timestamp": 1731345289890,
    "context_time": 1731345262999,
    "message_device_type": "AUTOMOBILE",
    "message_session_id": "a6426808fa8aa7b667fd2314f7c4d576",
    "message_session_type": "IPL",
    "message_session_uri": "spotify:socialsession:53J4AMadCTrpD0KPrABMy2",
    "message_tech_type": "BLUETOOTH"
  },
  {
    "timestamp_utc": "2024-10-23T16:47:17.012Z",
    "context_application_version": "8.9.82.628",
    "context_conn_country": "US",
    "context_device_manufacturer": "apple",
    "context_device_model": "iPhone13,4",
    "context_device_type": "mobile",
    "context_os_name": "ios",
    "context_os_version": "18.0.1",
    "context_receiver_service_timestamp": 1729702062896,
    "context_time": 1729702037012,
    "message_device_type": "AUTOMOBILE",
    "message_session_id": "0a6a7b283c2cdca263f3275a8943b351",
    "message_session_type": "IPL",
    "message_session_uri": "spotify:socialsession:0jEAhK0ckC8DSlWpOhVqHT",
    "message_tech_type": "BLUETOOTH"
  },
  {
    "timestamp_utc": "2024-10-30T00:19:42.885Z",
    "context_application_version": "8.9.86.419",
    "context_conn_country": "US",
    "context_device_manufacturer": "apple",
    "context_device_model": "iPhone13,4",
    "context_device_type": "mobile",
    "context_os_name": "ios",
    "context_os_version": "18.0.1",
    "context_receiver_service_timestamp": 1730247606955,
    "context_time": 1730247582885,
    "message_device_type": "AUTOMOBILE",
    "message_session_id": "cc7b40f1c85e89bc9f965fb91a029d12",
    "message_session_type": "IPL",
    "message_session_uri": "spotify:socialsession:6dQLelXX1g1uvo0v2bioRY",
    "message_tech_type": "BLUETOOTH"
  },
  {
    "timestamp_utc": "2024-11-15T18:57:22.011Z",
    "context_application_version": "8.9.90.84",
    "context_conn_country": "US",
    "context_device_manufacturer": "apple",
    "context_device_model": "iPhone13,4",
    "context_device_type": "mobile",
    "context_os_name": "ios",
    "context_os_version": "18.0.1",
    "context_receiver_service_timestamp": 1731697048653,
    "context_time": 1731697042011,
    "message_device_type": "AUTOMOBILE",
    "message_session_id": "ecc7206f6c105599ecabc94c2528bb18",
    "message_session_type": "IPL",
    "message_session_uri": "spotify:socialsession:7cNbNBOHXKYLhifQ8KHhAk",
    "message_tech_type": "BLUETOOTH"
  },
  {
    "timestamp_utc": "2024-11-03T22:19:49.687Z",
    "context_application_version": "8.9.86.419",
    "context_conn_country": "US",
    "context_device_manufacturer": "apple",
    "context_device_model": "iPhone13,4",
    "context_device_type": "mobile",
    "context_os_name": "ios",
    "context_os_version": "18.0.1",
    "context_receiver_service_timestamp": 1730672395542,
    "context_time": 1730672389687,
    "message_device_type": "AUTOMOBILE",
    "message_session_id": "f8b459be9f050bc816eb2ca532f14528",
    "message_session_type": "IPL",
    "message_session_uri": "spotify:socialsession:7ziw5ob5OvWtSEPslVgobK",
    "message_tech_type": "BLUETOOTH"
  },
  {
    "timestamp_utc": "2024-11-22T20:02:00.175Z",
    "context_application_version": "8.9.94.418",
    "context_conn_country": "US",
    "context_device_manufacturer": "apple",
    "context_device_model": "iPhone13,4",
    "context_device_type": "mobile",
    "context_os_name": "ios",
    "context_os_version": "18.1",
    "context_receiver_service_timestamp": 1732305724060,
    "context_time": 1732305720175,
    "message_device_type": "AUTOMOBILE",
    "message_session_id": "e8b0916e77fb186b1e424b90e19d24fc",
    "message_session_type": "IPL",
    "message_session_uri": "spotify:socialsession:754UwAGQshBvnwMges6acs",
    "message_tech_type": "BLUETOOTH"
  },
  {
    "timestamp_utc": "2024-11-20T19:48:26.792Z",
    "context_application_version": "8.9.90.84",
    "context_conn_country": "US",
    "context_device_manufacturer": "apple",
    "context_device_model": "iPhone13,4",
    "context_device_type": "mobile",
    "context_os_name": "ios",
    "context_os_version": "18.1",
    "context_receiver_service_timestamp": 1732132110929,
    "context_time": 1732132106792,
    "message_device_type": "AUTOMOBILE",
    "message_session_id": "045f8d771072389fa40aeb6231288997",
    "message_session_type": "IPL",
    "message_session_uri": "spotify:socialsession:08fDuv8KbOlg94KyWydztd",
    "message_tech_type": "BLUETOOTH"
  },
  {
    "timestamp_utc": "2024-10-29T03:18:33.910Z",
    "context_application_version": "8.9.86.419",
    "context_conn_country": "US",
    "context_device_manufacturer": "apple",
    "context_device_model": "iPhone13,4",
    "context_device_type": "mobile",
    "context_os_name": "ios",
    "context_os_version": "18.0.1",
    "context_receiver_service_timestamp": 1730171926135,
    "context_time": 1730171913910,
    "message_device_type": "AUTOMOBILE",
    "message_session_id": "2dbb65edfddb86dc487b854e40cc811f",
    "message_session_type": "IPL",
    "message_session_uri": "spotify:socialsession:1oiiluCvbnuu1aNkA5MYTd",
    "message_tech_type": "BLUETOOTH"
  },
  {
    "timestamp_utc": "2024-11-13T19:30:39.435Z",
    "context_application_version": "8.9.90.84",
    "context_conn_country": "US",
    "context_device_manufacturer": "apple",
    "context_device_model": "iPhone13,4",
    "context_device_type": "mobile",
    "context_os_name": "ios",
    "context_os_version": "18.0.1",
    "context_receiver_service_timestamp": 1731526240732,
    "context_time": 1731526239435,
    "message_device_type": "AUTOMOBILE",
    "message_session_id": "30372431ea643956e803b76be54b0a1a",
    "message_session_type": "IPL",
    "message_session_uri": "spotify:socialsession:1sYPxP0I31KNQhrwVl6Xjk",
    "message_tech_type": "BLUETOOTH"
  },
  {
    "timestamp_utc": "2024-10-08T01:02:33.518Z",
    "context_application_version": "8.9.76.516",
    "context_conn_country": "US",
    "context_device_manufacturer": "apple",
    "context_device_model": "iPhone13,4",
    "context_device_type": "mobile",
    "context_os_name": "ios",
    "context_os_version": "18.0.1",
    "context_receiver_service_timestamp": 1728349397920,
    "context_time": 1728349353518,
    "message_device_type": "AUTOMOBILE",
    "message_session_id": "e348822cd588f4a4c4c0af39a666e306",
    "message_session_type": "IPL",
    "message_session_uri": "spotify:socialsession:WGo2y6USoteqAWMnub0eTYohjz8",
    "message_tech_type": "BLUETOOTH"
  },
  {
    "timestamp_utc": "2024-11-06T21:23:29.084Z",
    "context_application_version": "8.9.86.419",
    "context_conn_country": "US",
    "context_device_manufacturer": "apple",
    "context_device_model": "iPhone13,4",
    "context_device_type": "mobile",
    "context_os_name": "ios",
    "context_os_version": "18.0.1",
    "context_receiver_service_timestamp": 1730928224766,
    "context_time": 1730928209084,
    "message_device_type": "AUTOMOBILE",
    "message_session_id": "76fdd9489480810a8150f7034686ab81",
    "message_session_type": "IPL",
    "message_session_uri": "spotify:socialsession:3Cx6qYWtuLcCFdZ48W8m5j",
    "message_tech_type": "BLUETOOTH"
  },
  {
    "timestamp_utc": "2024-11-13T19:03:01.050Z",
    "context_application_version": "8.9.90.84",
    "context_conn_country": "US",
    "context_device_manufacturer": "apple",
    "context_device_model": "iPhone13,4",
    "context_device_type": "mobile",
    "context_os_name": "ios",
    "context_os_version": "18.0.1",
    "context_receiver_service_timestamp": 1731524628758,
    "context_time": 1731524581050,
    "message_device_type": "AUTOMOBILE",
    "message_session_id": "744192b93053594bddf1994fa59f1e69",
    "message_session_type": "IPL",
    "message_session_uri": "spotify:socialsession:3xn4LKzxPh6j5J6DEZe3Kp",
    "message_tech_type": "BLUETOOTH"
  },
  {
    "timestamp_utc": "2024-11-10T01:12:44.085Z",
    "context_application_version": "8.9.86.419",
    "context_conn_country": "US",
    "context_device_manufacturer": "apple",
    "context_device_model": "iPhone13,4",
    "context_device_type": "mobile",
    "context_os_name": "ios",
    "context_os_version": "18.0.1",
    "context_receiver_service_timestamp": 1731201192462,
    "context_time": 1731201164085,
    "message_device_type": "AUTOMOBILE",
    "message_session_id": "05bc84732596e1ab3d0f84fce2150537",
    "message_session_type": "IPL",
    "message_session_uri": "spotify:socialsession:0aP75runHhwDa2XAGvxcR9",
    "message_tech_type": "BLUETOOTH"
  },
  {
    "timestamp_utc": "2024-11-15T17:49:16.483Z",
    "context_application_version": "8.9.90.84",
    "context_conn_country": "US",
    "context_device_manufacturer": "apple",
    "context_device_model": "iPhone13,4",
    "context_device_type": "mobile",
    "context_os_name": "ios",
    "context_os_version": "18.0.1",
    "context_receiver_service_timestamp": 1731692965068,
    "context_time": 1731692956483,
    "message_device_type": "AUTOMOBILE",
    "message_session_id": "a15ef78351720d890b19e0b359df4015",
    "message_session_type": "IPL",
    "message_session_uri": "spotify:socialsession:4UvacMtpF0iOQUtKBcx0B7",
    "message_tech_type": "BLUETOOTH"
  },
  {
    "timestamp_utc": "2024-10-29T22:21:13.369Z",
    "context_application_version": "8.9.86.419",
    "context_conn_country": "US",
    "context_device_manufacturer": "apple",
    "context_device_model": "iPhone13,4",
    "context_device_type": "mobile",
    "context_os_name": "ios",
    "context_os_version": "18.0.1",
    "context_receiver_service_timestamp": 1730240499978,
    "context_time": 1730240473369,
    "message_device_type": "AUTOMOBILE",
    "message_session_id": "c2f2a7e912a35e540f3c7b347f154e61",
    "message_session_type": "IPL",
    "message_session_uri": "spotify:socialsession:5VRp8I2207UTQpR140AFDH",
    "message_tech_type": "BLUETOOTH"
  },
  {
    "timestamp_utc": "2024-10-15T22:06:44.278Z",
    "context_application_version": "8.9.82.628",
    "context_conn_country": "US",
    "context_device_manufacturer": "apple",
    "context_device_model": "iPhone13,4",
    "context_device_type": "mobile",
    "context_os_name": "ios",
    "context_os_version": "18.0.1",
    "context_receiver_service_timestamp": 1729030005807,
    "context_time": 1729030004278,
    "message_device_type": "AUTOMOBILE",
    "message_session_id": "6696753c5d2c55a747aca305bb18262c",
    "message_session_type": "IPL",
    "message_session_uri": "spotify:socialsession:37zYyVI1yqhLgijh1qmy0k",
    "message_tech_type": "BLUETOOTH"
  },
  {
    "timestamp_utc": "2024-10-04T19:15:16.081Z",
    "context_application_version": "8.9.76.516",
    "context_conn_country": "US",
    "context_device_manufacturer": "apple",
    "context_device_model": "iPhone13,4",
    "context_device_type": "mobile",
    "context_os_name": "ios",
    "context_os_version": "18.0",
    "context_receiver_service_timestamp": 1728069344318,
    "context_time": 1728069316081,
    "message_device_type": "AUTOMOBILE",
    "message_session_id": "caa7aa64637a61e4789243ede432991b",
    "message_session_type": "IPL",
    "message_session_uri": "spotify:socialsession:WGo2y6ap4yjiCd1m5iTwHJIfzOb",
    "message_tech_type": "BLUETOOTH"
  },
  {
    "timestamp_utc": "2024-10-16T01:43:31.212Z",
    "context_application_version": "8.9.82.628",
    "context_conn_country": "US",
    "context_device_manufacturer": "apple",
    "context_device_model": "iPhone13,4",
    "context_device_type": "mobile",
    "context_os_name": "ios",
    "context_os_version": "18.0.1",
    "context_receiver_service_timestamp": 1729043025693,
    "context_time": 1729043011212,
    "message_device_type": "AUTOMOBILE",
    "message_session_id": "9413ee240eaadebe53163b1d473e101a",
    "message_session_type": "IPL",
    "message_session_uri": "spotify:socialsession:4vpYir3RCxKtvcaTuaC26K",
    "message_tech_type": "BLUETOOTH"
  },
  {
    "timestamp_utc": "2024-10-04T21:18:45.534Z",
    "context_application_version": "8.9.76.516",
    "context_conn_country": "US",
    "context_device_manufacturer": "apple",
    "context_device_model": "iPhone13,4",
    "context_device_type": "mobile",
    "context_os_name": "ios",
    "context_os_version": "18.0",
    "context_receiver_service_timestamp": 1728076730774,
    "context_time": 1728076725534,
    "message_device_type": "AUTOMOBILE",
    "message_session_id": "eb4918f3a7192059e2961edc04dc2030",
    "message_session_type": "IPL",
    "message_session_uri": "spotify:socialsession:WGo2y79YBlVnWKOWKP3fVqbLGjS",
    "message_tech_type": "BLUETOOTH"
  },
  {
    "timestamp_utc": "2024-10-21T20:07:21.752Z",
    "context_application_version": "8.9.82.628",
    "context_conn_country": "US",
    "context_device_manufacturer": "apple",
    "context_device_model": "iPhone13,4",
    "context_device_type": "mobile",
    "context_os_name": "ios",
    "context_os_version": "18.0.1",
    "context_receiver_service_timestamp": 1729541290456,
    "context_time": 1729541241752,
    "message_device_type": "AUTOMOBILE",
    "message_session_id": "6901ff430a370647035967d639557c34",
    "message_session_type": "IPL",
    "message_session_uri": "spotify:socialsession:3c96Dnv37rPlWEr92TbWQs",
    "message_tech_type": "BLUETOOTH"
  },
  {
    "timestamp_utc": "2024-11-12T04:26:11.366Z",
    "context_application_version": "8.9.90.84",
    "context_conn_country": "US",
    "context_device_manufacturer": "apple",
    "context_device_model": "iPhone13,4",
    "context_device_type": "mobile",
    "context_os_name": "ios",
    "context_os_version": "18.0.1",
    "context_receiver_service_timestamp": 1731385585222,
    "context_time": 1731385571366,
    "message_device_type": "AUTOMOBILE",
    "message_session_id": "276d163959df6381b7c6e2d8529d3427",
    "message_session_type": "IPL",
    "message_session_uri": "spotify:socialsession:1coyjU53PUEHfMIwEp5Exx",
    "message_tech_type": "BLUETOOTH"
  },
  {
    "timestamp_utc": "2024-10-29T03:21:26.685Z",
    "context_application_version": "8.9.86.419",
    "context_conn_country": "US",
    "context_device_manufacturer": "apple",
    "context_device_model": "iPhone13,4",
    "context_device_type": "mobile",
    "context_os_name": "ios",
    "context_os_version": "18.0.1",
    "context_receiver_service_timestamp": 1730172092265,
    "context_time": 1730172086685,
    "message_device_type": "AUTOMOBILE",
    "message_session_id": "2dbb65edfddb86dc487b854e40cc811f",
    "message_session_type": "IPL",
    "message_session_uri": "spotify:socialsession:1oiiluCvbnuu1aNkA5MYTd",
    "message_tech_type": "BLUETOOTH"
  },
  {
    "timestamp_utc": "2024-11-01T18:10:07.967Z",
    "context_application_version": "8.9.86.419",
    "context_conn_country": "US",
    "context_device_manufacturer": "apple",
    "context_device_model": "iPhone13,4",
    "context_device_type": "mobile",
    "context_os_name": "ios",
    "context_os_version": "18.0.1",
    "context_receiver_service_timestamp": 1730484633035,
    "context_time": 1730484607967,
    "message_device_type": "AUTOMOBILE",
    "message_session_id": "17eab7d8b26e2412723162ea322bae22",
    "message_session_type": "IPL",
    "message_session_uri": "spotify:socialsession:0J85A18uFHmgEj4z5yV7PQ",
    "message_tech_type": "BLUETOOTH"
  },
  {
    "timestamp_utc": "2024-10-01T22:34:31.880Z",
    "context_application_version": "8.9.76.516",
    "context_conn_country": "US",
    "context_device_manufacturer": "apple",
    "context_device_model": "iPhone13,4",
    "context_device_type": "mobile",
    "context_os_name": "ios",
    "context_os_version": "18.0",
    "context_receiver_service_timestamp": 1727822101079,
    "context_time": 1727822071880,
    "message_device_type": "AUTOMOBILE",
    "message_session_id": "53dcc4bfa9968f3ad9d39c68b6791efa",
    "message_session_type": "IPL",
    "message_session_uri": "spotify:socialsession:2YFFmrzRtE4uD1V7pjG8uQ",
    "message_tech_type": "BLUETOOTH"
  },
  {
    "timestamp_utc": "2024-10-14T16:40:40.265Z",
    "context_application_version": "8.9.82.628",
    "context_conn_country": "US",
    "context_device_manufacturer": "apple",
    "context_device_model": "iPhone13,4",
    "context_device_type": "mobile",
    "context_os_name": "ios",
    "context_os_version": "18.0.1",
    "context_receiver_service_timestamp": 1728924055023,
    "context_time": 1728924040265,
    "message_device_type": "AUTOMOBILE",
    "message_session_id": "15df9400a11214c09798e8e30bad5c4a",
    "message_session_type": "IPL",
    "message_session_uri": "spotify:socialsession:0Fh0TclkFNFSFWwQuzgyIG",
    "message_tech_type": "BLUETOOTH"
  },
  {
    "timestamp_utc": "2024-11-08T17:28:52.163Z",
    "context_application_version": "8.9.86.419",
    "context_conn_country": "US",
    "context_device_manufacturer": "apple",
    "context_device_model": "iPhone13,4",
    "context_device_type": "mobile",
    "context_os_name": "ios",
    "context_os_version": "18.0.1",
    "context_receiver_service_timestamp": 1731086934377,
    "context_time": 1731086932163,
    "message_device_type": "AUTOMOBILE",
    "message_session_id": "4ddc0377dd5d12c6aaa660cc58b95124",
    "message_session_type": "IPL",
    "message_session_uri": "spotify:socialsession:2mUXfwe73IjNS0be9wvUCE",
    "message_tech_type": "BLUETOOTH"
  },
  {
    "timestamp_utc": "2024-10-14T23:35:53.786Z",
    "context_application_version": "8.9.82.628",
    "context_conn_country": "US",
    "context_device_manufacturer": "apple",
    "context_device_model": "iPhone13,4",
    "context_device_type": "mobile",
    "context_os_name": "ios",
    "context_os_version": "18.0.1",
    "context_receiver_service_timestamp": 1728948959464,
    "context_time": 1728948953786,
    "message_device_type": "AUTOMOBILE",
    "message_session_id": "ae0df7048482ab834236c18cc57480a2",
    "message_session_type": "IPL",
    "message_session_uri": "spotify:socialsession:5ir2Ucu9APyCemW0MuKkIW",
    "message_tech_type": "BLUETOOTH"
  },
  {
    "timestamp_utc": "2024-11-20T21:02:47.623Z",
    "context_application_version": "8.9.90.84",
    "context_conn_country": "US",
    "context_device_manufacturer": "apple",
    "context_device_model": "iPhone13,4",
    "context_device_type": "mobile",
    "context_os_name": "ios",
    "context_os_version": "18.1",
    "context_receiver_service_timestamp": 1732136571915,
    "context_time": 1732136567623,
    "message_device_type": "AUTOMOBILE",
    "message_session_id": "c62552ebe294efa69c2e1f4ec0c70756",
    "message_session_type": "IPL",
    "message_session_uri": "spotify:socialsession:61Txlngm0Ip7nOk6UgqbLo",
    "message_tech_type": "BLUETOOTH"
  },
  {
    "timestamp_utc": "2024-10-04T23:42:07.559Z",
    "context_application_version": "8.9.76.516",
    "context_conn_country": "US",
    "context_device_manufacturer": "apple",
    "context_device_model": "iPhone13,4",
    "context_device_type": "mobile",
    "context_os_name": "ios",
    "context_os_version": "18.0",
    "context_receiver_service_timestamp": 1728085353594,
    "context_time": 1728085327559,
    "message_device_type": "UNKNOWN",
    "message_session_id": "fd64466c6fe8a0e38b8f6f3698985551",
    "message_session_type": "IPL",
    "message_session_uri": "spotify:socialsession:WGo2y7I8SQit0xFUzG9TE3IG4YF",
    "message_tech_type": "BLUETOOTH"
  },
  {
    "timestamp_utc": "2024-10-13T18:40:36.725Z",
    "context_application_version": "8.9.82.628",
    "context_conn_country": "US",
    "context_device_manufacturer": "apple",
    "context_device_model": "iPhone13,4",
    "context_device_type": "mobile",
    "context_os_name": "ios",
    "context_os_version": "18.0.1",
    "context_receiver_service_timestamp": 1728844837539,
    "context_time": 1728844836725,
    "message_device_type": "AUTOMOBILE",
    "message_session_id": "82ee7d77a25afbc53c7b9b583ccb4136",
    "message_session_type": "IPL",
    "message_session_uri": "spotify:socialsession:WGo2y3Z3Zyi39YfEOmXmkVHcNlI",
    "message_tech_type": "BLUETOOTH"
  },
  {
    "timestamp_utc": "2024-11-01T18:24:23.613Z",
    "context_application_version": "8.9.86.419",
    "context_conn_country": "US",
    "context_device_manufacturer": "apple",
    "context_device_model": "iPhone13,4",
    "context_device_type": "mobile",
    "context_os_name": "ios",
    "context_os_version": "18.0.1",
    "context_receiver_service_timestamp": 1730485498042,
    "context_time": 1730485463613,
    "message_device_type": "AUTOMOBILE",
    "message_session_id": "09591570ce810ea08a0c613287db999d",
    "message_session_type": "IPL",
    "message_session_uri": "spotify:socialsession:0hDDP7BdJIRUp5LZM9YBrf",
    "message_tech_type": "BLUETOOTH"
  },
  {
    "timestamp_utc": "2024-10-30T18:11:10.070Z",
    "context_application_version": "8.9.86.419",
    "context_conn_country": "US",
    "context_device_manufacturer": "apple",
    "context_device_model": "iPhone13,4",
    "context_device_type": "mobile",
    "context_os_name": "ios",
    "context_os_version": "18.0.1",
    "context_receiver_service_timestamp": 1730311873346,
    "context_time": 1730311870070,
    "message_device_type": "AUTOMOBILE",
    "message_session_id": "372c9e32bbc71be5d7a423244c76ed43",
    "message_session_type": "IPL",
    "message_session_uri": "spotify:socialsession:1G6Y2IGvbwio3WZu1yEmBR",
    "message_tech_type": "BLUETOOTH"
  },
  {
    "timestamp_utc": "2024-10-12T00:19:04.953Z",
    "context_application_version": "8.9.82.628",
    "context_conn_country": "US",
    "context_device_manufacturer": "apple",
    "context_device_model": "iPhone13,4",
    "context_device_type": "mobile",
    "context_os_name": "ios",
    "context_os_version": "18.0.1",
    "context_receiver_service_timestamp": 1728692353627,
    "context_time": 1728692344953,
    "message_device_type": "AUTOMOBILE",
    "message_session_id": "10b6fe6682bc1373266e7fd97367c33f",
    "message_session_type": "IPL",
    "message_session_uri": "spotify:socialsession:WGo2y0vxvlz1Um8Z56QREZnZc2H",
    "message_tech_type": "BLUETOOTH"
  },
  {
    "timestamp_utc": "2024-10-23T19:54:58.174Z",
    "context_application_version": "8.9.82.628",
    "context_conn_country": "US",
    "context_device_manufacturer": "apple",
    "context_device_model": "iPhone13,4",
    "context_device_type": "mobile",
    "context_os_name": "ios",
    "context_os_version": "18.0.1",
    "context_receiver_service_timestamp": 1729713300856,
    "context_time": 1729713298174,
    "message_device_type": "AUTOMOBILE",
    "message_session_id": "edba8f4e857a129932db3c4a1b7cf95a",
    "message_session_type": "IPL",
    "message_session_uri": "spotify:socialsession:7eArfFdRLOiR0Jdee0224G",
    "message_tech_type": "BLUETOOTH"
  },
  {
    "timestamp_utc": "2024-11-22T19:20:36.908Z",
    "context_application_version": "8.9.94.418",
    "context_conn_country": "US",
    "context_device_manufacturer": "apple",
    "context_device_model": "iPhone13,4",
    "context_device_type": "mobile",
    "context_os_name": "ios",
    "context_os_version": "18.1",
    "context_receiver_service_timestamp": 1732303263900,
    "context_time": 1732303236908,
    "message_device_type": "AUTOMOBILE",
    "message_session_id": "1e7c73b99ecf1d6720e4ede05e19c8c5",
    "message_session_type": "IPL",
    "message_session_uri": "spotify:socialsession:0VwDXFIHL9bB0K1cD5wgU5",
    "message_tech_type": "BLUETOOTH"
  },
  {
    "timestamp_utc": "2024-10-18T15:24:04.777Z",
    "context_application_version": "8.9.82.628",
    "context_conn_country": "US",
    "context_device_manufacturer": "apple",
    "context_device_model": "iPhone13,4",
    "context_device_type": "mobile",
    "context_os_name": "ios",
    "context_os_version": "18.0.1",
    "context_receiver_service_timestamp": 1729265073063,
    "context_time": 1729265044777,
    "message_device_type": "AUTOMOBILE",
    "message_session_id": "4fa3d22795bda213e2e17f68c14116ab",
    "message_session_type": "IPL",
    "message_session_uri": "spotify:socialsession:2qhg8cXg4UcM95Lm6deS4X",
    "message_tech_type": "BLUETOOTH"
  },
  {
    "timestamp_utc": "2024-10-04T15:54:22.147Z",
    "context_application_version": "8.9.76.516",
    "context_conn_country": "US",
    "context_device_manufacturer": "apple",
    "context_device_model": "iPhone13,4",
    "context_device_type": "mobile",
    "context_os_name": "ios",
    "context_os_version": "18.0",
    "context_receiver_service_timestamp": 1728057275359,
    "context_time": 1728057262147,
    "message_device_type": "AUTOMOBILE",
    "message_session_id": "e691d40e4ae00ca93c54ba6440f45ec5",
    "message_session_type": "IPL",
    "message_session_uri": "spotify:socialsession:WGo2y714SuFrgMXJ261lJgvmHFH",
    "message_tech_type": "BLUETOOTH"
  },
  {
    "timestamp_utc": "2024-10-16T19:50:27.249Z",
    "context_application_version": "8.9.82.628",
    "context_conn_country": "US",
    "context_device_manufacturer": "apple",
    "context_device_model": "iPhone13,4",
    "context_device_type": "mobile",
    "context_os_name": "ios",
    "context_os_version": "18.0.1",
    "context_receiver_service_timestamp": 1729108250406,
    "context_time": 1729108227249,
    "message_device_type": "AUTOMOBILE",
    "message_session_id": "41fcbc6f4e0947d2e277fd8207499ad1",
    "message_session_type": "IPL",
    "message_session_uri": "spotify:socialsession:20w07xIktVHp3GZ2VSjsMp",
    "message_tech_type": "BLUETOOTH"
  },
  {
    "timestamp_utc": "2024-10-21T20:18:27.887Z",
    "context_application_version": "8.9.82.628",
    "context_conn_country": "US",
    "context_device_manufacturer": "apple",
    "context_device_model": "iPhone13,4",
    "context_device_type": "mobile",
    "context_os_name": "ios",
    "context_os_version": "18.0.1",
    "context_receiver_service_timestamp": 1729541909522,
    "context_time": 1729541907887,
    "message_device_type": "AUTOMOBILE",
    "message_session_id": "994719f34d16c75b24ef36c59dd3e0b4",
    "message_session_type": "IPL",
    "message_session_uri": "spotify:socialsession:4FejNWKU1nlhBHsnV6fAna",
    "message_tech_type": "BLUETOOTH"
  },
  {
    "timestamp_utc": "2024-10-09T22:28:09.968Z",
    "context_application_version": "8.9.76.516",
    "context_conn_country": "US",
    "context_device_manufacturer": "apple",
    "context_device_model": "iPhone13,4",
    "context_device_type": "mobile",
    "context_os_name": "ios",
    "context_os_version": "18.0.1",
    "context_receiver_service_timestamp": 1728512890975,
    "context_time": 1728512889968,
    "message_device_type": "AUTOMOBILE",
    "message_session_id": "5161999207694249d30432661c9c6639",
    "message_session_type": "IPL",
    "message_session_uri": "spotify:socialsession:WGo2y2tyYRSmXrPofV5YE5X4Cnv",
    "message_tech_type": "BLUETOOTH"
  },
  {
    "timestamp_utc": "2024-10-30T00:59:22.419Z",
    "context_application_version": "8.9.86.419",
    "context_conn_country": "US",
    "context_device_manufacturer": "apple",
    "context_device_model": "iPhone13,4",
    "context_device_type": "mobile",
    "context_os_name": "ios",
    "context_os_version": "18.0.1",
    "context_receiver_service_timestamp": 1730249981163,
    "context_time": 1730249962419,
    "message_device_type": "AUTOMOBILE",
    "message_session_id": "6199be9e987f85877acfda830b577f54",
    "message_session_type": "IPL",
    "message_session_uri": "spotify:socialsession:2Yaw47az3vY9mw0xcrreiE",
    "message_tech_type": "BLUETOOTH"
  },
  {
    "timestamp_utc": "2024-10-05T01:08:08.884Z",
    "context_application_version": "8.9.76.516",
    "context_conn_country": "US",
    "context_device_manufacturer": "apple",
    "context_device_model": "iPhone13,4",
    "context_device_type": "mobile",
    "context_os_name": "ios",
    "context_os_version": "18.0",
    "context_receiver_service_timestamp": 1728090500379,
    "context_time": 1728090488884,
    "message_device_type": "AUTOMOBILE",
    "message_session_id": "545154140acdc5020719940dc3b18c1f",
    "message_session_type": "IPL",
    "message_session_uri": "spotify:socialsession:WGo2y2z6wp7nDk9caHvFgW5eU0v",
    "message_tech_type": "BLUETOOTH"
  },
  {
    "timestamp_utc": "2024-10-16T00:07:10.745Z",
    "context_application_version": "8.9.82.628",
    "context_conn_country": "US",
    "context_device_manufacturer": "apple",
    "context_device_model": "iPhone13,4",
    "context_device_type": "mobile",
    "context_os_name": "ios",
    "context_os_version": "18.0.1",
    "context_receiver_service_timestamp": 1729037243949,
    "context_time": 1729037230745,
    "message_device_type": "AUTOMOBILE",
    "message_session_id": "fa3520b60c948ccdb5a8dc6e4c3f4656",
    "message_session_type": "IPL",
    "message_session_uri": "spotify:socialsession:7C8moudCbfpyoXZqBihQeG",
    "message_tech_type": "BLUETOOTH"
  },
  {
    "timestamp_utc": "2024-11-05T03:28:13.517Z",
    "context_application_version": "8.9.86.419",
    "context_conn_country": "US",
    "context_device_manufacturer": "apple",
    "context_device_model": "iPhone13,4",
    "context_device_type": "mobile",
    "context_os_name": "ios",
    "context_os_version": "18.0.1",
    "context_receiver_service_timestamp": 1730777316705,
    "context_time": 1730777293517,
    "message_device_type": "AUTOMOBILE",
    "message_session_id": "3f79eba9f0f836ae640993916b9568e1",
    "message_session_type": "IPL",
    "message_session_uri": "spotify:socialsession:1VMexeDaXLJSZm5xFlMO6R",
    "message_tech_type": "BLUETOOTH"
  },
  {
    "timestamp_utc": "2024-11-06T00:53:50.037Z",
    "context_application_version": "8.9.86.419",
    "context_conn_country": "US",
    "context_device_manufacturer": "apple",
    "context_device_model": "iPhone13,4",
    "context_device_type": "mobile",
    "context_os_name": "ios",
    "context_os_version": "18.0.1",
    "context_receiver_service_timestamp": 1730854439346,
    "context_time": 1730854430037,
    "message_device_type": "AUTOMOBILE",
    "message_session_id": "ea4ae8ba64be3f8542baedce97941ff6",
    "message_session_type": "IPL",
    "message_session_uri": "spotify:socialsession:786r9Vx1D48WgqFYVPFlqe",
    "message_tech_type": "BLUETOOTH"
  },
  {
    "timestamp_utc": "2024-10-07T01:49:08.293Z",
    "context_application_version": "8.9.76.516",
    "context_conn_country": "US",
    "context_device_manufacturer": "apple",
    "context_device_model": "iPhone13,4",
    "context_device_type": "mobile",
    "context_os_name": "ios",
    "context_os_version": "18.0.1",
    "context_receiver_service_timestamp": 1728265758056,
    "context_time": 1728265748293,
    "message_device_type": "AUTOMOBILE",
    "message_session_id": "b963510c982cc8e3b7936696357cb187",
    "message_session_type": "IPL",
    "message_session_uri": "spotify:socialsession:WGo2y5DOY2aa7zX0DXNk201nzFR",
    "message_tech_type": "BLUETOOTH"
  },
  {
    "timestamp_utc": "2024-11-18T17:28:01.622Z",
    "context_application_version": "8.9.90.84",
    "context_conn_country": "US",
    "context_device_manufacturer": "apple",
    "context_device_model": "iPhone13,4",
    "context_device_type": "mobile",
    "context_os_name": "ios",
    "context_os_version": "18.0.1",
    "context_receiver_service_timestamp": 1731950900881,
    "context_time": 1731950881622,
    "message_device_type": "AUTOMOBILE",
    "message_session_id": "36ea72bbda73cade8696a85023804d78",
    "message_session_type": "IPL",
    "message_session_uri": "spotify:socialsession:1FCJbpmV5TOwuFCb3KYnrO",
    "message_tech_type": "BLUETOOTH"
  },
  {
    "timestamp_utc": "2024-10-17T21:31:46.179Z",
    "context_application_version": "8.9.82.628",
    "context_conn_country": "US",
    "context_device_manufacturer": "apple",
    "context_device_model": "iPhone13,4",
    "context_device_type": "mobile",
    "context_os_name": "ios",
    "context_os_version": "18.0.1",
    "context_receiver_service_timestamp": 1729200726074,
    "context_time": 1729200706179,
    "message_device_type": "AUTOMOBILE",
    "message_session_id": "323e05bd201de69d985005ea9029f1ba",
    "message_session_type": "IPL",
    "message_session_uri": "spotify:socialsession:1wNXyPjmB6SuGXZ2pS9v18",
    "message_tech_type": "BLUETOOTH"
  },
  {
    "timestamp_utc": "2024-10-22T17:28:47.559Z",
    "context_application_version": "8.9.82.628",
    "context_conn_country": "US",
    "context_device_manufacturer": "apple",
    "context_device_model": "iPhone13,4",
    "context_device_type": "mobile",
    "context_os_name": "ios",
    "context_os_version": "18.0.1",
    "context_receiver_service_timestamp": 1729618151785,
    "context_time": 1729618127559,
    "message_device_type": "AUTOMOBILE",
    "message_session_id": "a563628e0265cd8b02c10cbcd34fde8c",
    "message_session_type": "IPL",
    "message_session_uri": "spotify:socialsession:5259ubPRPxHP1n3WeZoBf6",
    "message_tech_type": "BLUETOOTH"
  },
  {
    "timestamp_utc": "2024-10-09T22:03:29.154Z",
    "context_application_version": "8.9.76.516",
    "context_conn_country": "US",
    "context_device_manufacturer": "apple",
    "context_device_model": "iPhone13,4",
    "context_device_type": "mobile",
    "context_os_name": "ios",
    "context_os_version": "18.0.1",
    "context_receiver_service_timestamp": 1728511429472,
    "context_time": 1728511409154,
    "message_device_type": "AUTOMOBILE",
    "message_session_id": "438c77272d8542c8fa87fa7200e2edfb",
    "message_session_type": "IPL",
    "message_session_uri": "spotify:socialsession:WGo2y23sG5hGQD6Dck63xDdpW0H",
    "message_tech_type": "BLUETOOTH"
  },
  {
    "timestamp_utc": "2024-10-16T02:27:43.549Z",
    "context_application_version": "8.9.82.628",
    "context_conn_country": "US",
    "context_device_manufacturer": "apple",
    "context_device_model": "iPhone13,4",
    "context_device_type": "mobile",
    "context_os_name": "ios",
    "context_os_version": "18.0.1",
    "context_receiver_service_timestamp": 1729045952747,
    "context_time": 1729045663549,
    "message_device_type": "AUTOMOBILE",
    "message_session_id": "2204315792a42c38c397ab07c8443485",
    "message_session_type": "IPL",
    "message_session_uri": "spotify:socialsession:12bECBZmhDGqgqvILzPy3b",
    "message_tech_type": "BLUETOOTH"
  },
  {
    "timestamp_utc": "2024-10-18T15:30:05.383Z",
    "context_application_version": "8.9.82.628",
    "context_conn_country": "US",
    "context_device_manufacturer": "apple",
    "context_device_model": "iPhone13,4",
    "context_device_type": "mobile",
    "context_os_name": "ios",
    "context_os_version": "18.0.1",
    "context_receiver_service_timestamp": 1729265413327,
    "context_time": 1729265405383,
    "message_device_type": "AUTOMOBILE",
    "message_session_id": "f4285fd69575f502ea920a471358a59b",
    "message_session_type": "IPL",
    "message_session_uri": "spotify:socialsession:7qIzTnrxSOato2IgapjLtx",
    "message_tech_type": "BLUETOOTH"
  },
  {
    "timestamp_utc": "2024-10-12T00:01:50.165Z",
    "context_application_version": "8.9.82.628",
    "context_conn_country": "US",
    "context_device_manufacturer": "apple",
    "context_device_model": "iPhone13,4",
    "context_device_type": "mobile",
    "context_os_name": "ios",
    "context_os_version": "18.0.1",
    "context_receiver_service_timestamp": 1728691337252,
    "context_time": 1728691310165,
    "message_device_type": "AUTOMOBILE",
    "message_session_id": "14860015cd33de21c92c5689250f439f",
    "message_session_type": "IPL",
    "message_session_uri": "spotify:socialsession:WGo2y0CJ5gdd0oUQi2voAy61k0T",
    "message_tech_type": "BLUETOOTH"
  },
  {
    "timestamp_utc": "2024-11-08T00:47:22.725Z",
    "context_application_version": "8.9.86.419",
    "context_conn_country": "US",
    "context_device_manufacturer": "apple",
    "context_device_model": "iPhone13,4",
    "context_device_type": "mobile",
    "context_os_name": "ios",
    "context_os_version": "18.0.1",
    "context_receiver_service_timestamp": 1731026851219,
    "context_time": 1731026842725,
    "message_device_type": "AUTOMOBILE",
    "message_session_id": "5dfd21965814c4aac437d30d05cc2a79",
    "message_session_type": "IPL",
    "message_session_uri": "spotify:socialsession:2RlXZO0DRKKroTzm3mYCEh",
    "message_tech_type": "BLUETOOTH"
  },
  {
    "timestamp_utc": "2024-11-22T20:31:38.007Z",
    "context_application_version": "8.9.94.418",
    "context_conn_country": "US",
    "context_device_manufacturer": "apple",
    "context_device_model": "iPhone13,4",
    "context_device_type": "mobile",
    "context_os_name": "ios",
    "context_os_version": "18.1",
    "context_receiver_service_timestamp": 1732307498888,
    "context_time": 1732307498007,
    "message_device_type": "AUTOMOBILE",
    "message_session_id": "0217b6e6f173f30b2a70c9999463e387",
    "message_session_type": "IPL",
    "message_session_uri": "spotify:socialsession:03WOYvDW8J3P7OCAWmRzz9",
    "message_tech_type": "BLUETOOTH"
  },
  {
    "timestamp_utc": "2024-10-25T21:06:46.125Z",
    "context_application_version": "8.9.84.543",
    "context_conn_country": "US",
    "context_device_manufacturer": "apple",
    "context_device_model": "iPhone13,4",
    "context_device_type": "mobile",
    "context_os_name": "ios",
    "context_os_version": "18.0.1",
    "context_receiver_service_timestamp": 1729890416443,
    "context_time": 1729890406125,
    "message_device_type": "AUTOMOBILE",
    "message_session_id": "037f609d0239eed70e07c5132e1af72c",
    "message_session_type": "IPL",
    "message_session_uri": "spotify:socialsession:06BbH1SLH6oHeqmAVdqvIE",
    "message_tech_type": "BLUETOOTH"
  },
  {
    "timestamp_utc": "2024-10-02T00:04:40.052Z",
    "context_application_version": "8.9.76.516",
    "context_conn_country": "US",
    "context_device_manufacturer": "apple",
    "context_device_model": "iPhone13,4",
    "context_device_type": "mobile",
    "context_os_name": "ios",
    "context_os_version": "18.0",
    "context_receiver_service_timestamp": 1727827485229,
    "context_time": 1727827480052,
    "message_device_type": "AUTOMOBILE",
    "message_session_id": "75fe3ad4d3de69c4059bb10f56e409e4",
    "message_session_type": "IPL",
    "message_session_uri": "spotify:socialsession:3aeHhrkLqXWIb3ZKyz8Ijc",
    "message_tech_type": "BLUETOOTH"
  },
  {
    "timestamp_utc": "2024-11-01T16:38:22.493Z",
    "context_application_version": "8.9.86.419",
    "context_conn_country": "US",
    "context_device_manufacturer": "apple",
    "context_device_model": "iPhone13,4",
    "context_device_type": "mobile",
    "context_os_name": "ios",
    "context_os_version": "18.0.1",
    "context_receiver_service_timestamp": 1730479109737,
    "context_time": 1730479102493,
    "message_device_type": "AUTOMOBILE",
    "message_session_id": "73f078e13722cb739203ea49be29a36c",
    "message_session_type": "IPL",
    "message_session_uri": "spotify:socialsession:3wM0QF3GQhAlLKNfqKRosc",
    "message_tech_type": "BLUETOOTH"
  },
  {
    "timestamp_utc": "2024-10-11T16:36:52.924Z",
    "context_application_version": "8.9.76.516",
    "context_conn_country": "US",
    "context_device_manufacturer": "apple",
    "context_device_model": "iPhone13,4",
    "context_device_type": "mobile",
    "context_os_name": "ios",
    "context_os_version": "18.0.1",
    "context_receiver_service_timestamp": 1728664617980,
    "context_time": 1728664612924,
    "message_device_type": "AUTOMOBILE",
    "message_session_id": "f8fb1f0472d33dbb9e914eef5a9ecdf6",
    "message_session_type": "IPL",
    "message_session_uri": "spotify:socialsession:WGo2y7zORj0FUi00u8YcXxagTum",
    "message_tech_type": "BLUETOOTH"
  },
  {
    "timestamp_utc": "2024-11-17T21:11:06.108Z",
    "context_application_version": "8.9.90.84",
    "context_conn_country": "US",
    "context_device_manufacturer": "apple",
    "context_device_model": "iPhone13,4",
    "context_device_type": "mobile",
    "context_os_name": "ios",
    "context_os_version": "18.0.1",
    "context_receiver_service_timestamp": 1731877885620,
    "context_time": 1731877866108,
    "message_device_type": "AUTOMOBILE",
    "message_session_id": "7a8389117b03d75488f6446ec50bbb1f",
    "message_session_type": "IPL",
    "message_session_uri": "spotify:socialsession:3JbaTzPCYd20ELZkgjjpYr",
    "message_tech_type": "BLUETOOTH"
  },
  {
    "timestamp_utc": "2024-11-11T17:42:30.634Z",
    "context_application_version": "8.9.90.84",
    "context_conn_country": "US",
    "context_device_manufacturer": "apple",
    "context_device_model": "iPhone13,4",
    "context_device_type": "mobile",
    "context_os_name": "ios",
    "context_os_version": "18.0.1",
    "context_receiver_service_timestamp": 1731346979634,
    "context_time": 1731346950634,
    "message_device_type": "AUTOMOBILE",
    "message_session_id": "903544d36a5263f8f389b5a53e4bfacf",
    "message_session_type": "IPL",
    "message_session_uri": "spotify:socialsession:4o7eOMV44K0ZFZHqsW2oP5",
    "message_tech_type": "BLUETOOTH"
  },
  {
    "timestamp_utc": "2024-06-29T01:34:21.831Z",
    "context_application_version": "8.9.48.455",
    "context_conn_country": "US",
    "context_device_manufacturer": "apple",
    "context_device_model": "iPhone13,4",
    "context_device_type": "mobile",
    "context_os_name": "ios",
    "context_os_version": "17.5.1",
    "context_receiver_service_timestamp": 1719624889245,
    "context_time": 1719624861831,
    "message_device_type": "SMARTPHONE",
    "message_session_id": "57e202e3e4f121da20a2eeb9bb24baaa",
    "message_session_type": "IPL",
    "message_session_uri": "spotify:socialsession:2YyktwAKnzinVsLmBix4dJestx4c9QIG7ul0esw0KwF6zS0NbcKLGKjoDux0A41c7F7IsNbt9O8IhISAuJDo025hD1BnBu35kkmgH7jVIWVF",
    "message_tech_type": "SELF"
  },
  {
    "timestamp_utc": "2024-11-01T16:44:59.366Z",
    "context_application_version": "8.9.86.419",
    "context_conn_country": "US",
    "context_device_manufacturer": "apple",
    "context_device_model": "iPhone13,4",
    "context_device_type": "mobile",
    "context_os_name": "ios",
    "context_os_version": "18.0.1",
    "context_receiver_service_timestamp": 1730479503157,
    "context_time": 1730479499366,
    "message_device_type": "AUTOMOBILE",
    "message_session_id": "c96e6446db949d699a848f5d91915d34",
    "message_session_type": "IPL",
    "message_session_uri": "spotify:socialsession:685Ue1IzaVH9moA65tolow",
    "message_tech_type": "BLUETOOTH"
  },
  {
    "timestamp_utc": "2024-10-11T19:13:13.428Z",
    "context_application_version": "8.9.76.516",
    "context_conn_country": "US",
    "context_device_manufacturer": "apple",
    "context_device_model": "iPhone13,4",
    "context_device_type": "mobile",
    "context_os_name": "ios",
    "context_os_version": "18.0.1",
    "context_receiver_service_timestamp": 1728674000425,
    "context_time": 1728673993428,
    "message_device_type": "AUTOMOBILE",
    "message_session_id": "ec5e415b640f4a4d36afb7fec2fa369b",
    "message_session_type": "IPL",
    "message_session_uri": "spotify:socialsession:WGo2y7c1gmFsGY2gd5oK3pY3rwD",
    "message_tech_type": "BLUETOOTH"
  },
  {
    "timestamp_utc": "2024-10-31T17:21:04.011Z",
    "context_application_version": "8.9.86.419",
    "context_conn_country": "US",
    "context_device_manufacturer": "apple",
    "context_device_model": "iPhone13,4",
    "context_device_type": "mobile",
    "context_os_name": "ios",
    "context_os_version": "18.0.1",
    "context_receiver_service_timestamp": 1730395441989,
    "context_time": 1730395264011,
    "message_device_type": "AUTOMOBILE",
    "message_session_id": "ec859d8bdaf0cc985b35c953d285faf8",
    "message_session_type": "IPL",
    "message_session_uri": "spotify:socialsession:7cjfB5A8sPApJBeJBwW88o",
    "message_tech_type": "BLUETOOTH"
  }
]