[
  {
    "timestamp_utc": "2024-09-06T23:46:12.723Z",
    "context_application_version": "8.9.70.592",
    "context_conn_country": "US",
    "context_device_manufacturer": "apple",
    "context_device_model": "iPhone13,4",
    "context_device_type": "mobile",
    "context_os_name": "ios",
    "context_os_version": "17.6.1",
    "context_receiver_service_timestamp": 1725666393828,
    "context_time": 1725666372723,
    "message_audio_driver": "AudioUnitDriver2",
    "message_buffer_size": 933888,
    "message_file_byte_offset": 5767168,
    "message_file_byte_total": 7707476,
    "message_file_id": "c82abu2OGaFBiSnOtpI52Lb6hho=",
    "message_max_buffer_size": 1048576,
    "message_playback_id": "1bqByCw8+6gD/0OKcXL9qg==",
    "message_target_buffer": 1048576,
    "message_track": "spotify:track:4xdBrk0nFZaP54vvZj0yx7"
  },
  {
    "timestamp_utc": "2024-09-04T17:59:00.794Z",
    "context_application_version": "8.9.68.490",
    "context_conn_country": "US",
    "context_device_manufacturer": "apple",
    "context_device_model": "iPhone13,4",
    "context_device_type": "mobile",
    "context_os_name": "ios",
    "context_os_version": "17.6.1",
    "context_receiver_service_timestamp": 1725472769167,
    "context_time": 1725472740794,
    "message_audio_driver": "AudioUnitDriver2",
    "message_buffer_size": 0,
    "message_file_byte_offset": 3555328,
    "message_file_byte_total": 11256125,
    "message_file_id": "6+svA+/C80xsSXPaKsfgQf601zQ=",
    "message_max_buffer_size": 1032192,
    "message_playback_id": "Kw/EC/pMQ8gQ1oZOON0HbA==",
    "message_target_buffer": 1048576,
    "message_track": "spotify:track:4JW40myrSI0VQ7eTmA5g58"
  },
  {
    "timestamp_utc": "2024-10-21T23:34:29.754Z",
    "context_application_version": "8.9.82.628",
    "context_conn_country": "US",
    "context_device_manufacturer": "apple",
    "context_device_model": "iPhone13,4",
    "context_device_type": "mobile",
    "context_os_name": "ios",
    "context_os_version": "18.0.1",
    "context_receiver_service_timestamp": 1729553689638,
    "context_time": 1729553669754,
    "message_audio_driver": "AudioUnitDriver2",
    "message_buffer_size": 0,
    "message_file_byte_offset": 229376,
    "message_file_byte_total": 5771660,
    "message_file_id": "XH/KpvITsep/X8RIITpvxrBQOXE=",
    "message_max_buffer_size": 98304,
    "message_playback_id": "42y7V9HSwMqMOW+Vsaj32Q==",
    "message_target_buffer": 1048576,
    "message_track": "spotify:track:2Oql5y6yNB0XUb8OWbi7pq"
  },
  {
    "timestamp_utc": "2024-08-28T00:55:42.381Z",
    "context_application_version": "8.9.68.490",
    "context_conn_country": "US",
    "context_device_manufacturer": "apple",
    "context_device_model": "iPhone13,4",
    "context_device_type": "mobile",
    "context_os_name": "ios",
    "context_os_version": "17.5.1",
    "context_receiver_service_timestamp": 1724806557751,
    "context_time": 1724806542381,
    "message_audio_driver": "AudioUnitDriver2",
    "message_buffer_size": 950272,
    "message_file_byte_offset": 3801088,
    "message_file_byte_total": 9761784,
    "message_file_id": "w3LXp4yCcV3EUJqHVKzaGQVkpKg=",
    "message_max_buffer_size": 1048576,
    "message_playback_id": "x0jGjwRNaiADG2E7FBinig==",
    "message_target_buffer": 1048576,
    "message_track": "spotify:track:1IPHnu3hVkawJMzkP97tcm"
  },
  {
    "timestamp_utc": "2024-09-04T17:59:22.093Z",
    "context_application_version": "8.9.68.490",
    "context_conn_country": "US",
    "context_device_manufacturer": "apple",
    "context_device_model": "iPhone13,4",
    "context_device_type": "mobile",
    "context_os_name": "ios",
    "context_os_version": "17.6.1",
    "context_receiver_service_timestamp": 1725472769442,
    "context_time": 1725472762093,
    "message_audio_driver": "AudioUnitDriver2",
    "message_buffer_size": 0,
    "message_file_byte_offset": 180224,
    "message_file_byte_total": 7731060,
    "message_file_id": "fnkyLwsnuPzcGsfhZP0wuppu8Zg=",
    "message_max_buffer_size": 131072,
    "message_playback_id": "h91Ahi79yBouvitlK/lEBQ==",
    "message_target_buffer": 1048576,
    "message_track": "spotify:track:1jKeX1vqO02gCogrnj3THz"
  }
]