[
  {
    "timestamp_utc": "2024-09-10T11:44:26.435Z",
    "context_time": 1725968666435,
    "message_country": "XX",
    "message_mix_id": "37i9dQZF1EuQiwTXGmK3y7",
    "message_top_artist_id": "7bPs6jf983f0bjRAt1yxDM"
  },
  {
    "timestamp_utc": "2024-10-18T11:22:39.843Z",
    "context_time": 1729250559843,
    "message_country": "XX",
    "message_mix_id": "37i9dQZF1EuQiwTXGmK3y7",
    "message_top_artist_id": "7bPs6jf983f0bjRAt1yxDM"
  },
  {
    "timestamp_utc": "2024-11-17T09:19:36.298Z",
    "context_time": 1731835176298,
    "message_country": "XX",
    "message_mix_id": "37i9dQZF1EuQiwTXGmK3y7",
    "message_top_artist_id": "7bPs6jf983f0bjRAt1yxDM"
  },
  {
    "timestamp_utc": "2024-11-09T10:55:15.663Z",
    "context_time": 1731149715663,
    "message_country": "XX",
    "message_mix_id": "37i9dQZF1EuQiwTXGmK3y7",
    "message_top_artist_id": "7bPs6jf983f0bjRAt1yxDM"
  },
  {
    "timestamp_utc": "2024-09-26T10:53:20.685Z",
    "context_time": 1727348000685,
    "message_country": "XX",
    "message_mix_id": "37i9dQZF1EuQiwTXGmK3y7",
    "message_top_artist_id": "7bPs6jf983f0bjRAt1yxDM"
  },
  {
    "timestamp_utc": "2024-11-02T10:36:48.622Z",
    "context_time": 1730543808622,
    "message_country": "XX",
    "message_mix_id": "37i9dQZF1EuQiwTXGmK3y7",
    "message_top_artist_id": "7bPs6jf983f0bjRAt1yxDM"
  },
  {
    "timestamp_utc": "2024-09-18T14:38:04.674Z",
    "context_time": 1726670284674,
    "message_country": "XX",
    "message_mix_id": "37i9dQZF1EuQiwTXGmK3y7",
    "message_top_artist_id": "7bPs6jf983f0bjRAt1yxDM"
  },
  {
    "timestamp_utc": "2024-10-26T07:07:17.812Z",
    "context_time": 1729926437812,
    "message_country": "XX",
    "message_mix_id": "37i9dQZF1EuQiwTXGmK3y7",
    "message_top_artist_id": "7bPs6jf983f0bjRAt1yxDM"
  },
  {
    "timestamp_utc": "2024-10-11T11:05:28.266Z",
    "context_time": 1728644728266,
    "message_country": "XX",
    "message_mix_id": "37i9dQZF1EuQiwTXGmK3y7",
    "message_top_artist_id": "7bPs6jf983f0bjRAt1yxDM"
  },
  {
    "timestamp_utc": "2024-10-04T11:02:12.297Z",
    "context_time": 1728039732297,
    "message_country": "XX",
    "message_mix_id": "37i9dQZF1EuQiwTXGmK3y7",
    "message_top_artist_id": "7bPs6jf983f0bjRAt1yxDM"
  },
  {
    "timestamp_utc": "2024-08-26T10:18:20.096Z",
    "context_time": 1724667500096,
    "message_country": "XX",
    "message_mix_id": "37i9dQZF1EuQiwTXGmK3y7",
    "message_top_artist_id": "7bPs6jf983f0bjRAt1yxDM"
  },
  {
    "timestamp_utc": "2024-09-03T10:02:43.214Z",
    "context_time": 1725357763214,
    "message_country": "XX",
    "message_mix_id": "37i9dQZF1EuQiwTXGmK3y7",
    "message_top_artist_id": "7bPs6jf983f0bjRAt1yxDM"
  }
]