[
  {
    "timestamp_utc": "2024-11-06T21:23:32.678Z",
    "context_application_version": "8.9.86.419",
    "context_conn_country": "US",
    "context_device_manufacturer": "apple",
    "context_device_model": "iPhone13,4",
    "context_device_type": "mobile",
    "context_os_name": "ios",
    "context_os_version": "18.0.1",
    "context_receiver_service_timestamp": 1730928224766,
    "context_time": 1730928212678,
    "message_audio_driver": "AudioUnitDriver2",
    "message_count": 1,
    "message_offline": false,
    "message_playback_id": "Xn1nV2RRmZtUwgD4QfvGcg==",
    "message_position": 89811,
    "message_reason_start": "trackdone",
    "message_source_start": "playlist/ondemand",
    "message_track": "spotify:track:6vvPecFTmWxDfEJ6cYT1wa"
  }
]