[
  {
    "timestamp_utc": "2024-11-21T08:24:43.356Z",
    "context_time": 1732177483356,
    "message_message_id": "120621",
    "message_send_id": "899167f3-389c-4915-8329-c5871fe6ce28",
    "message_success": true
  },
  {
    "timestamp_utc": "2024-11-10T15:29:31.003Z",
    "context_time": 1731252571003,
    "message_message_id": "120621",
    "message_send_id": "59363ec5-a905-40eb-86f6-7c45f31c5eb4",
    "message_success": true
  },
  {
    "timestamp_utc": "2024-11-10T15:30:02.743Z",
    "context_time": 1731252602743,
    "message_message_id": "112741",
    "message_send_id": "958edaf1-5f76-42c3-a69e-6658b63ba06b",
    "message_success": true
  },
  {
    "timestamp_utc": "2024-11-10T15:30:03.602Z",
    "context_time": 1731252603602,
    "message_message_id": "112852",
    "message_send_id": "871c3b2e-37dc-4854-b1c6-bcc68217149c",
    "message_success": true
  },
  {
    "timestamp_utc": "2024-11-21T08:24:58.725Z",
    "context_time": 1732177498725,
    "message_message_id": "112891",
    "message_send_id": "c9823e92-38f4-4150-ac34-15ea51a949ea",
    "message_success": true
  },
  {
    "timestamp_utc": "2024-11-13T14:57:54.406Z",
    "context_time": 1731509874406,
    "message_message_id": "124642",
    "message_send_id": "7f4df17f-5868-45cf-9377-ef4f33454ee0",
    "message_success": true
  }
]