[
  {
    "message_ip_address": "179.124.196.142",
    "timestamp_utc": "2024-10-03T16:28:56.967Z",
    "context_time": 1727972936967,
    "message_geoip_country": "BR"
  },
  {
    "message_ip_address": "182.255.48.54",
    "timestamp_utc": "2024-10-20T21:46:57.195Z",
    "context_time": 1729460817195,
    "message_geoip_country": "PK"
  },
  {
    "message_ip_address": "138.255.26.245",
    "timestamp_utc": "2024-11-23T23:25:33.323Z",
    "context_time": 1732404333323,
    "message_geoip_country": "BR"
  },
  {
    "message_ip_address": "195.19.121.219",
    "timestamp_utc": "2024-09-17T23:30:59.971Z",
    "context_time": 1726615859971,
    "message_geoip_country": "RU"
  },
  {
    "message_ip_address": "102.190.57.5",
    "timestamp_utc": "2024-10-08T15:23:53.347Z",
    "context_time": 1728401033347,
    "message_geoip_country": "EG"
  }
]