[
  {
    "timestamp_utc": "2024-08-28T22:30:00.702Z",
    "context_time": 1724884200702,
    "message_autoplay": true,
    "message_catalogue": "PREMIUM",
    "message_country": "VN",
    "message_device_model": "iphone",
    "message_device_type": "SMARTPHONE",
    "message_filter_explicit_content": false,
    "message_on_demand_trial": false,
    "message_request_language": null,
    "message_response_uri": "spotify:playlist:3m0oKYSbiPZdl1CIQ4jp4r",
    "message_shuffle": null,
    "message_timestamp": "2024-08-28T22:30:00.702552181Z",
    "message_voice_assistant": "SIRI",
    "message_voice_enabled": null
  },
  {
    "timestamp_utc": "2024-08-28T22:21:45.301Z",
    "context_time": 1724883705301,
    "message_autoplay": true,
    "message_catalogue": "PREMIUM",
    "message_country": "VN",
    "message_device_model": "iphone",
    "message_device_type": "SMARTPHONE",
    "message_filter_explicit_content": false,
    "message_on_demand_trial": false,
    "message_request_language": null,
    "message_response_uri": "spotify:playlist:37i9dQZF1EIdjOVgwfpWk6",
    "message_shuffle": null,
    "message_timestamp": "2024-08-28T22:21:45.301740329Z",
    "message_voice_assistant": "SIRI",
    "message_voice_enabled": null
  },
  {
    "timestamp_utc": "2024-08-28T21:58:41.144Z",
    "context_time": 1724882321144,
    "message_autoplay": true,
    "message_catalogue": "PREMIUM",
    "message_country": "VN",
    "message_device_model": "iphone",
    "message_device_type": "SMARTPHONE",
    "message_filter_explicit_content": false,
    "message_on_demand_trial": false,
    "message_request_language": null,
    "message_response_uri": "spotify:user:anonymized:collection",
    "message_shuffle": null,
    "message_timestamp": "2024-08-28T21:58:41.144287089Z",
    "message_voice_assistant": "SIRI",
    "message_voice_enabled": null
  }
]