[
  {
    "timestamp_utc": "2024-08-28T21:58:41.130Z",
    "context_time": 1724882321130,
    "message_catalogue": "PREMIUM",
    "message_country": "VN",
    "message_request_language": "vi",
    "message_resolvement_output": "spotify:user:anonymized:collection",
    "message_timestamp": "2024-08-28T21:58:41.130187150Z",
    "message_voice_assistant": "SIRI"
  },
  {
    "timestamp_utc": "2024-08-28T22:21:45.006Z",
    "context_time": 1724883705006,
    "message_catalogue": "PREMIUM",
    "message_country": "VN",
    "message_request_language": "vi",
    "message_resolvement_output": "spotify:playlist:37i9dQZF1EIdjOVgwfpWk6",
    "message_timestamp": "2024-08-28T22:21:45.006432074Z",
    "message_voice_assistant": "SIRI"
  },
  {
    "timestamp_utc": "2024-08-28T22:30:00.638Z",
    "context_time": 1724884200638,
    "message_catalogue": "PREMIUM",
    "message_country": "VN",
    "message_request_language": "vi",
    "message_resolvement_output": "spotify:playlist:3m0oKYSbiPZdl1CIQ4jp4r",
    "message_timestamp": "2024-08-28T22:30:00.638132386Z",
    "message_voice_assistant": "SIRI"
  }
]