[
  {
    "timestamp_utc": "2024-08-28T21:58:41.157Z",
    "context_time": 1724882321157,
    "message_catalogue": "PREMIUM",
    "message_country": "VN",
    "message_timestamp": "2024-08-28T21:58:41.157764753Z",
    "message_voice_assistant": "SIRI"
  },
  {
    "timestamp_utc": "2024-08-28T22:30:00.705Z",
    "context_time": 1724884200705,
    "message_catalogue": "PREMIUM",
    "message_country": "VN",
    "message_timestamp": "2024-08-28T22:30:00.705689470Z",
    "message_voice_assistant": "SIRI"
  },
  {
    "timestamp_utc": "2024-08-28T22:21:45.320Z",
    "context_time": 1724883705320,
    "message_catalogue": "PREMIUM",
    "message_country": "VN",
    "message_timestamp": "2024-08-28T22:21:45.320338702Z",
    "message_voice_assistant": "SIRI"
  }
]