[
  {
    "timestamp_utc": "2024-09-25T17:50:22.293Z",
    "context_application_version": "1.2.47.364",
    "context_conn_country": "US",
    "context_device_manufacturer": "Apple Inc.",
    "context_device_model": "MacBookPro16,2",
    "context_device_type": "desktop",
    "context_os_name": "osx",
    "context_os_version": "14.6.1",
    "context_receiver_service_timestamp": 1727286632742,
    "context_time": 1727286622293,
    "context_user_agent": null,
    "message_height": 900,
    "message_width": 1440
  },
  {
    "timestamp_utc": "2024-10-21T21:28:29.359Z",
    "context_application_version": "1.2.48.405",
    "context_conn_country": "US",
    "context_device_manufacturer": "Apple Inc.",
    "context_device_model": "MacBookPro16,2",
    "context_device_type": "desktop",
    "context_os_name": "osx",
    "context_os_version": "15.0.1",
    "context_receiver_service_timestamp": 1729546119000,
    "context_time": 1729546109359,
    "context_user_agent": null,
    "message_height": 900,
    "message_width": 1440
  },
  {
    "timestamp_utc": "2024-09-21T19:30:24.587Z",
    "context_application_version": "1.2.45.454",
    "context_conn_country": "US",
    "context_device_manufacturer": "Apple Inc.",
    "context_device_model": "MacBookPro16,2",
    "context_device_type": "desktop",
    "context_os_name": "osx",
    "context_os_version": "14.6.1",
    "context_receiver_service_timestamp": 1726947034766,
    "context_time": 1726947024587,
    "context_user_agent": null,
    "message_height": 900,
    "message_width": 1440
  },
  {
    "timestamp_utc": "2024-10-28T01:15:54.914Z",
    "context_application_version": "1.2.48.405",
    "context_conn_country": "US",
    "context_device_manufacturer": "Apple Inc.",
    "context_device_model": "MacBookPro16,2",
    "context_device_type": "desktop",
    "context_os_name": "osx",
    "context_os_version": "15.0.1",
    "context_receiver_service_timestamp": 1730078165352,
    "context_time": 1730078154914,
    "context_user_agent": null,
    "message_height": 900,
    "message_width": 1440
  },
  {
    "timestamp_utc": "2024-11-05T18:13:02.287Z",
    "context_application_version": "1.2.49.439",
    "context_conn_country": "US",
    "context_device_manufacturer": "Apple Inc.",
    "context_device_model": "MacBookPro16,2",
    "context_device_type": "desktop",
    "context_os_name": "osx",
    "context_os_version": "15.0.1",
    "context_receiver_service_timestamp": 1730830393026,
    "context_time": 1730830382287,
    "context_user_agent": null,
    "message_height": 600,
    "message_width": 800
  },
  {
    "timestamp_utc": "2024-09-30T18:17:33.902Z",
    "context_application_version": "1.2.47.364",
    "context_conn_country": "US",
    "context_device_manufacturer": "Apple Inc.",
    "context_device_model": "MacBookPro16,2",
    "context_device_type": "desktop",
    "context_os_name": "osx",
    "context_os_version": "15.0.0",
    "context_receiver_service_timestamp": 1727720264050,
    "context_time": 1727720253902,
    "context_user_agent": null,
    "message_height": 900,
    "message_width": 1440
  },
  {
    "timestamp_utc": "2024-09-27T00:44:46.424Z",
    "context_application_version": "1.2.47.364",
    "context_conn_country": "US",
    "context_device_manufacturer": "Apple Inc.",
    "context_device_model": "MacBookPro16,2",
    "context_device_type": "desktop",
    "context_os_name": "osx",
    "context_os_version": "15.0.0",
    "context_receiver_service_timestamp": 1727397896686,
    "context_time": 1727397886424,
    "context_user_agent": null,
    "message_height": 600,
    "message_width": 800
  },
  {
    "timestamp_utc": "2024-10-11T21:02:48.626Z",
    "context_application_version": "1.2.47.364",
    "context_conn_country": "US",
    "context_device_manufacturer": "Apple Inc.",
    "context_device_model": "MacBookPro16,2",
    "context_device_type": "desktop",
    "context_os_name": "osx",
    "context_os_version": "15.0.0",
    "context_receiver_service_timestamp": 1728680579196,
    "context_time": 1728680568626,
    "context_user_agent": null,
    "message_height": 900,
    "message_width": 1440
  },
  {
    "timestamp_utc": "2024-09-24T23:47:21.011Z",
    "context_application_version": "1.2.45.454",
    "context_conn_country": "US",
    "context_device_manufacturer": "Apple Inc.",
    "context_device_model": "MacBookPro16,2",
    "context_device_type": "desktop",
    "context_os_name": "osx",
    "context_os_version": "14.6.1",
    "context_receiver_service_timestamp": 1727221651259,
    "context_time": 1727221641011,
    "context_user_agent": null,
    "message_height": 900,
    "message_width": 1440
  },
  {
    "timestamp_utc": "2024-09-18T18:24:49.539Z",
    "context_application_version": "1.2.45.454",
    "context_conn_country": "US",
    "context_device_manufacturer": "Apple Inc.",
    "context_device_model": "MacBookPro16,2",
    "context_device_type": "desktop",
    "context_os_name": "osx",
    "context_os_version": "14.6.1",
    "context_receiver_service_timestamp": 1726683899385,
    "context_time": 1726683889539,
    "context_user_agent": null,
    "message_height": 600,
    "message_width": 800
  },
  {
    "timestamp_utc": "2024-11-11T03:26:33.663Z",
    "context_application_version": "1.2.49.439",
    "context_conn_country": "US",
    "context_device_manufacturer": "Apple Inc.",
    "context_device_model": "MacBookPro16,2",
    "context_device_type": "desktop",
    "context_os_name": "osx",
    "context_os_version": "15.0.1",
    "context_receiver_service_timestamp": 1731295603944,
    "context_time": 1731295593663,
    "context_user_agent": null,
    "message_height": 875,
    "message_width": 800
  },
  {
    "timestamp_utc": "2024-11-04T02:10:46.582Z",
    "context_application_version": "1.2.49.439",
    "context_conn_country": "US",
    "context_device_manufacturer": "Apple Inc.",
    "context_device_model": "MacBookPro16,2",
    "context_device_type": "desktop",
    "context_os_name": "osx",
    "context_os_version": "15.0.1",
    "context_receiver_service_timestamp": 1730686256214,
    "context_time": 1730686246582,
    "context_user_agent": null,
    "message_height": 600,
    "message_width": 800
  },
  {
    "timestamp_utc": "2024-09-11T21:07:17.468Z",
    "context_application_version": "1.2.39.578",
    "context_conn_country": "US",
    "context_device_manufacturer": "Apple Inc.",
    "context_device_model": "MacBookPro16,2",
    "context_device_type": "desktop",
    "context_os_name": "osx",
    "context_os_version": "14.6.1",
    "context_receiver_service_timestamp": 1726088847103,
    "context_time": 1726088837468,
    "context_user_agent": null,
    "message_height": 600,
    "message_width": 800
  }
]