[
  {
    "message_referrer": "",
    "timestamp_utc": "2024-11-21T08:24:58.466Z",
    "context_application_version": "1.0.0.1",
    "context_conn_country": "US",
    "context_receiver_service_timestamp": 1732177498787,
    "context_time": 1732177498466,
    "context_user_agent": "Mozilla/5.0 (iPad; CPU OS 18_0_1 like Mac OS X) AppleWebKit/605.1.15 (KHTML, like Gecko) Version/18.0.1 Mobile/15E148 Safari/604.1",
    "message_action": "page_load",
    "message_category": "/account/privacy/download/confirm/[confirmDownloadToken]",
    "message_context": "sam",
    "message_label": null,
    "message_market": "us",
    "message_sp_t": "a9ee9174-2c28-4881-975e-a6c7ac01457e"
  },
  {
    "message_referrer": "https://www.spotify.com/us/account/privacy/",
    "timestamp_utc": "2024-11-10T15:27:47.867Z",
    "context_application_version": "1.0.0.1",
    "context_conn_country": "US",
    "context_receiver_service_timestamp": 1731252468215,
    "context_time": 1731252467867,
    "context_user_agent": "Mozilla/5.0 (iPad; CPU OS 18_0_1 like Mac OS X) AppleWebKit/605.1.15 (KHTML, like Gecko) Mobile/15E148",
    "message_action": "page_load",
    "message_category": "/account/overview/",
    "message_context": "sam",
    "message_label": null,
    "message_market": "us",
    "message_sp_t": "db0c9505-9b81-4a4f-baa0-2d383666629f"
  },
  {
    "message_referrer": "https://www.spotify.com/us/account/privacy/",
    "timestamp_utc": "2024-11-10T15:27:47.870Z",
    "context_application_version": "1.0.0.1",
    "context_conn_country": "US",
    "context_receiver_service_timestamp": 1731252468215,
    "context_time": 1731252467870,
    "context_user_agent": "Mozilla/5.0 (iPad; CPU OS 18_0_1 like Mac OS X) AppleWebKit/605.1.15 (KHTML, like Gecko) Mobile/15E148",
    "message_action": "dynamic_widget_exposure",
    "message_category": "www-account-pages/overview/Shortcut",
    "message_context": "sam",
    "message_label": "update-card-shortcut-overview-v2",
    "message_market": "us",
    "message_sp_t": "db0c9505-9b81-4a4f-baa0-2d383666629f"
  },
  {
    "message_referrer": "https://www.spotify.com/us/account/overview/",
    "timestamp_utc": "2024-11-10T15:28:46.443Z",
    "context_application_version": "1.0.0.1",
    "context_conn_country": "US",
    "context_receiver_service_timestamp": 1731252526797,
    "context_time": 1731252526443,
    "context_user_agent": "Mozilla/5.0 (iPad; CPU OS 18_0_1 like Mac OS X) AppleWebKit/605.1.15 (KHTML, like Gecko) Mobile/15E148",
    "message_action": "page_load",
    "message_category": "/account/privacy/",
    "message_context": "sam",
    "message_label": null,
    "message_market": "us",
    "message_sp_t": "db0c9505-9b81-4a4f-baa0-2d383666629f"
  },
  {
    "message_referrer": "https://www.spotify.com/us/account/privacy/",
    "timestamp_utc": "2024-11-10T15:27:47.870Z",
    "context_application_version": "1.0.0.1",
    "context_conn_country": "US",
    "context_receiver_service_timestamp": 1731252468215,
    "context_time": 1731252467870,
    "context_user_agent": "Mozilla/5.0 (iPad; CPU OS 18_0_1 like Mac OS X) AppleWebKit/605.1.15 (KHTML, like Gecko) Mobile/15E148",
    "message_action": "dynamic_widget_exposure",
    "message_category": "www-account-pages/overview/Shortcut",
    "message_context": "sam",
    "message_label": "edit-profile-shortcut-overview-v2",
    "message_market": "us",
    "message_sp_t": "db0c9505-9b81-4a4f-baa0-2d383666629f"
  },
  {
    "message_referrer": "https://www.spotify.com/us/account/privacy/",
    "timestamp_utc": "2024-11-10T15:27:50.589Z",
    "context_application_version": "1.0.0.1",
    "context_conn_country": "US",
    "context_receiver_service_timestamp": 1731252470846,
    "context_time": 1731252470589,
    "context_user_agent": "Mozilla/5.0 (iPad; CPU OS 18_0_1 like Mac OS X) AppleWebKit/605.1.15 (KHTML, like Gecko) Mobile/15E148",
    "message_action": "menu_exposure",
    "message_category": "www-account-pages/overview/MenuItem",
    "message_context": "sam",
    "message_label": "change_password_no_signifier",
    "message_market": "us",
    "message_sp_t": "db0c9505-9b81-4a4f-baa0-2d383666629f"
  },
  {
    "message_referrer": "https://www.spotify.com/us/account/privacy/",
    "timestamp_utc": "2024-11-10T15:27:47.870Z",
    "context_application_version": "1.0.0.1",
    "context_conn_country": "US",
    "context_receiver_service_timestamp": 1731252468215,
    "context_time": 1731252467870,
    "context_user_agent": "Mozilla/5.0 (iPad; CPU OS 18_0_1 like Mac OS X) AppleWebKit/605.1.15 (KHTML, like Gecko) Mobile/15E148",
    "message_action": "menu_exposure",
    "message_category": "www-account-pages/overview/MenuItem",
    "message_context": "sam",
    "message_label": "edit_profile_no_signifier",
    "message_market": "us",
    "message_sp_t": "db0c9505-9b81-4a4f-baa0-2d383666629f"
  },
  {
    "message_referrer": "https://www.spotify.com/us/account/privacy/",
    "timestamp_utc": "2024-11-10T15:27:50.436Z",
    "context_application_version": "1.0.0.1",
    "context_conn_country": "US",
    "context_receiver_service_timestamp": 1731252470643,
    "context_time": 1731252470436,
    "context_user_agent": "Mozilla/5.0 (iPad; CPU OS 18_0_1 like Mac OS X) AppleWebKit/605.1.15 (KHTML, like Gecko) Mobile/15E148",
    "message_action": "menu_exposure",
    "message_category": "www-account-pages/overview/MenuItem",
    "message_context": "sam",
    "message_label": "redeem_no_signifier",
    "message_market": "us",
    "message_sp_t": "db0c9505-9b81-4a4f-baa0-2d383666629f"
  },
  {
    "message_referrer": "https://www.spotify.com/us/account/privacy/",
    "timestamp_utc": "2024-11-10T15:27:50.671Z",
    "context_application_version": "1.0.0.1",
    "context_conn_country": "US",
    "context_receiver_service_timestamp": 1731252470846,
    "context_time": 1731252470671,
    "context_user_agent": "Mozilla/5.0 (iPad; CPU OS 18_0_1 like Mac OS X) AppleWebKit/605.1.15 (KHTML, like Gecko) Mobile/15E148",
    "message_action": "menu_exposure",
    "message_category": "www-account-pages/overview/MenuItem",
    "message_context": "sam",
    "message_label": "apps_no_signifier",
    "message_market": "us",
    "message_sp_t": "db0c9505-9b81-4a4f-baa0-2d383666629f"
  },
  {
    "message_referrer": "https://www.spotify.com/us/account/privacy/",
    "timestamp_utc": "2024-11-10T15:27:51.422Z",
    "context_application_version": "1.0.0.1",
    "context_conn_country": "US",
    "context_receiver_service_timestamp": 1731252471776,
    "context_time": 1731252471422,
    "context_user_agent": "Mozilla/5.0 (iPad; CPU OS 18_0_1 like Mac OS X) AppleWebKit/605.1.15 (KHTML, like Gecko) Mobile/15E148",
    "message_action": "menu_exposure",
    "message_category": "www-account-pages/overview/MenuItem",
    "message_context": "sam",
    "message_label": "privacy_no_signifier",
    "message_market": "us",
    "message_sp_t": "db0c9505-9b81-4a4f-baa0-2d383666629f"
  },
  {
    "message_referrer": "https://www.spotify.com/us/account/privacy/",
    "timestamp_utc": "2024-11-10T15:27:47.870Z",
    "context_application_version": "1.0.0.1",
    "context_conn_country": "US",
    "context_receiver_service_timestamp": 1731252468215,
    "context_time": 1731252467870,
    "context_user_agent": "Mozilla/5.0 (iPad; CPU OS 18_0_1 like Mac OS X) AppleWebKit/605.1.15 (KHTML, like Gecko) Mobile/15E148",
    "message_action": "menu_exposure",
    "message_category": "www-account-pages/overview/MenuItem",
    "message_context": "sam",
    "message_label": "available_plans_no_signifier",
    "message_market": "us",
    "message_sp_t": "db0c9505-9b81-4a4f-baa0-2d383666629f"
  },
  {
    "message_referrer": "https://www.spotify.com/us/account/privacy/",
    "timestamp_utc": "2024-11-10T15:27:49.617Z",
    "context_application_version": "1.0.0.1",
    "context_conn_country": "US",
    "context_receiver_service_timestamp": 1731252469955,
    "context_time": 1731252469617,
    "context_user_agent": "Mozilla/5.0 (iPad; CPU OS 18_0_1 like Mac OS X) AppleWebKit/605.1.15 (KHTML, like Gecko) Mobile/15E148",
    "message_action": "menu_exposure",
    "message_category": "www-account-pages/overview/MenuItem",
    "message_context": "sam",
    "message_label": "available_plans_no_signifier",
    "message_market": "us",
    "message_sp_t": "db0c9505-9b81-4a4f-baa0-2d383666629f"
  },
  {
    "message_referrer": "https://www.spotify.com/us/account/privacy/",
    "timestamp_utc": "2024-11-10T15:27:50.312Z",
    "context_application_version": "1.0.0.1",
    "context_conn_country": "US",
    "context_receiver_service_timestamp": 1731252470643,
    "context_time": 1731252470312,
    "context_user_agent": "Mozilla/5.0 (iPad; CPU OS 18_0_1 like Mac OS X) AppleWebKit/605.1.15 (KHTML, like Gecko) Mobile/15E148",
    "message_action": "menu_exposure",
    "message_category": "www-account-pages/overview/MenuItem",
    "message_context": "sam",
    "message_label": "order_history_no_signifier",
    "message_market": "us",
    "message_sp_t": "db0c9505-9b81-4a4f-baa0-2d383666629f"
  },
  {
    "message_referrer": "https://www.spotify.com/us/account/privacy/",
    "timestamp_utc": "2024-11-10T15:27:51.604Z",
    "context_application_version": "1.0.0.1",
    "context_conn_country": "US",
    "context_receiver_service_timestamp": 1731252471971,
    "context_time": 1731252471604,
    "context_user_agent": "Mozilla/5.0 (iPad; CPU OS 18_0_1 like Mac OS X) AppleWebKit/605.1.15 (KHTML, like Gecko) Mobile/15E148",
    "message_action": "menu_exposure",
    "message_category": "www-account-pages/overview/MenuItem",
    "message_context": "sam",
    "message_label": "login_methods_no_signifier",
    "message_market": "us",
    "message_sp_t": "db0c9505-9b81-4a4f-baa0-2d383666629f"
  },
  {
    "message_referrer": "https://www.spotify.com/us/account/privacy/",
    "timestamp_utc": "2024-11-10T15:27:50.387Z",
    "context_application_version": "1.0.0.1",
    "context_conn_country": "US",
    "context_receiver_service_timestamp": 1731252470643,
    "context_time": 1731252470387,
    "context_user_agent": "Mozilla/5.0 (iPad; CPU OS 18_0_1 like Mac OS X) AppleWebKit/605.1.15 (KHTML, like Gecko) Mobile/15E148",
    "message_action": "menu_exposure",
    "message_category": "www-account-pages/overview/MenuItem",
    "message_context": "sam",
    "message_label": "saved_payment_cards_no_signifier",
    "message_market": "us",
    "message_sp_t": "db0c9505-9b81-4a4f-baa0-2d383666629f"
  },
  {
    "message_referrer": "https://www.spotify.com/us/account/overview/",
    "timestamp_utc": "2024-11-10T15:27:53.545Z",
    "context_application_version": "1.0.0.1",
    "context_conn_country": "US",
    "context_receiver_service_timestamp": 1731252473943,
    "context_time": 1731252473545,
    "context_user_agent": "Mozilla/5.0 (iPad; CPU OS 18_0_1 like Mac OS X) AppleWebKit/605.1.15 (KHTML, like Gecko) Mobile/15E148",
    "message_action": "page_load",
    "message_category": "/account/privacy/",
    "message_context": "sam",
    "message_label": null,
    "message_market": "us",
    "message_sp_t": "db0c9505-9b81-4a4f-baa0-2d383666629f"
  },
  {
    "message_referrer": "https://accounts.spotify.com/",
    "timestamp_utc": "2024-11-10T15:27:43.335Z",
    "context_application_version": "1.0.0.1",
    "context_conn_country": "US",
    "context_receiver_service_timestamp": 1731252463856,
    "context_time": 1731252463335,
    "context_user_agent": "Mozilla/5.0 (iPad; CPU OS 18_0_1 like Mac OS X) AppleWebKit/605.1.15 (KHTML, like Gecko) Mobile/15E148",
    "message_action": "page_load",
    "message_category": "/account/privacy/",
    "message_context": "sam",
    "message_label": null,
    "message_market": "us",
    "message_sp_t": "db0c9505-9b81-4a4f-baa0-2d383666629f"
  },
  {
    "message_referrer": "https://www.spotify.com/us/account/privacy/",
    "timestamp_utc": "2024-11-10T15:27:47.870Z",
    "context_application_version": "1.0.0.1",
    "context_conn_country": "US",
    "context_receiver_service_timestamp": 1731252468215,
    "context_time": 1731252467870,
    "context_user_agent": "Mozilla/5.0 (iPad; CPU OS 18_0_1 like Mac OS X) AppleWebKit/605.1.15 (KHTML, like Gecko) Mobile/15E148",
    "message_action": "dynamic_widget_exposure",
    "message_category": "www-account-pages/overview/PlanCard",
    "message_context": "sam",
    "message_label": "premium-plan-card-overview-v2",
    "message_market": "us",
    "message_sp_t": "db0c9505-9b81-4a4f-baa0-2d383666629f"
  },
  {
    "message_referrer": "https://accounts.spotify.com/",
    "timestamp_utc": "2024-11-10T15:30:03.300Z",
    "context_application_version": "1.0.0.1",
    "context_conn_country": "US",
    "context_receiver_service_timestamp": 1731252603647,
    "context_time": 1731252603300,
    "context_user_agent": "Mozilla/5.0 (iPad; CPU OS 18_0_1 like Mac OS X) AppleWebKit/605.1.15 (KHTML, like Gecko) Version/18.0.1 Mobile/15E148 Safari/604.1",
    "message_action": "page_load",
    "message_category": "/account/privacy/download/confirm/[confirmDownloadToken]",
    "message_context": "sam",
    "message_label": null,
    "message_market": "us",
    "message_sp_t": "a9ee9174-2c28-4881-975e-a6c7ac01457e"
  },
  {
    "message_referrer": "https://www.spotify.com/us/account/privacy/",
    "timestamp_utc": "2024-11-10T15:27:50.760Z",
    "context_application_version": "1.0.0.1",
    "context_conn_country": "US",
    "context_receiver_service_timestamp": 1731252471011,
    "context_time": 1731252470760,
    "context_user_agent": "Mozilla/5.0 (iPad; CPU OS 18_0_1 like Mac OS X) AppleWebKit/605.1.15 (KHTML, like Gecko) Mobile/15E148",
    "message_action": "menu_exposure",
    "message_category": "www-account-pages/overview/MenuItem",
    "message_context": "sam",
    "message_label": "notifications_no_signifier",
    "message_market": "us",
    "message_sp_t": "db0c9505-9b81-4a4f-baa0-2d383666629f"
  },
  {
    "message_referrer": "https://www.spotify.com/us/account/privacy/",
    "timestamp_utc": "2024-11-10T15:27:47.870Z",
    "context_application_version": "1.0.0.1",
    "context_conn_country": "US",
    "context_receiver_service_timestamp": 1731252468215,
    "context_time": 1731252467870,
    "context_user_agent": "Mozilla/5.0 (iPad; CPU OS 18_0_1 like Mac OS X) AppleWebKit/605.1.15 (KHTML, like Gecko) Mobile/15E148",
    "message_action": "menu_exposure",
    "message_category": "www-account-pages/overview/MenuItem",
    "message_context": "sam",
    "message_label": "recover_playlists_no_signifier",
    "message_market": "us",
    "message_sp_t": "db0c9505-9b81-4a4f-baa0-2d383666629f"
  },
  {
    "message_referrer": "https://www.spotify.com/us/account/privacy/",
    "timestamp_utc": "2024-11-10T15:27:49.718Z",
    "context_application_version": "1.0.0.1",
    "context_conn_country": "US",
    "context_receiver_service_timestamp": 1731252469955,
    "context_time": 1731252469718,
    "context_user_agent": "Mozilla/5.0 (iPad; CPU OS 18_0_1 like Mac OS X) AppleWebKit/605.1.15 (KHTML, like Gecko) Mobile/15E148",
    "message_action": "menu_exposure",
    "message_category": "www-account-pages/overview/MenuItem",
    "message_context": "sam",
    "message_label": "manage_your_plan_no_signifier",
    "message_market": "us",
    "message_sp_t": "db0c9505-9b81-4a4f-baa0-2d383666629f"
  },
  {
    "message_referrer": "https://www.spotify.com/us/account/privacy/",
    "timestamp_utc": "2024-11-10T15:27:52.224Z",
    "context_application_version": "1.0.0.1",
    "context_conn_country": "US",
    "context_receiver_service_timestamp": 1731252472408,
    "context_time": 1731252472224,
    "context_user_agent": "Mozilla/5.0 (iPad; CPU OS 18_0_1 like Mac OS X) AppleWebKit/605.1.15 (KHTML, like Gecko) Mobile/15E148",
    "message_action": "menu_exposure",
    "message_category": "www-account-pages/overview/MenuItem",
    "message_context": "sam",
    "message_label": "sign_out_everywhere_no_signifier",
    "message_market": "us",
    "message_sp_t": "db0c9505-9b81-4a4f-baa0-2d383666629f"
  },
  {
    "message_referrer": "",
    "timestamp_utc": "2024-11-21T08:24:13.566Z",
    "context_application_version": "1.0.0.1",
    "context_conn_country": "US",
    "context_receiver_service_timestamp": 1732177453834,
    "context_time": 1732177453566,
    "context_user_agent": "Mozilla/5.0 (iPad; CPU OS 18_0_1 like Mac OS X) AppleWebKit/605.1.15 (KHTML, like Gecko) Version/18.0.1 Mobile/15E148 Safari/604.1",
    "message_action": "page_load",
    "message_category": "/account/privacy/download/retrieve/[retrieveDownloadToken]",
    "message_context": "sam",
    "message_label": null,
    "message_market": "us",
    "message_sp_t": "a9ee9174-2c28-4881-975e-a6c7ac01457e"
  },
  {
    "message_referrer": "https://www.spotify.com/us/account/privacy/",
    "timestamp_utc": "2024-11-10T15:27:51.823Z",
    "context_application_version": "1.0.0.1",
    "context_conn_country": "US",
    "context_receiver_service_timestamp": 1731252472216,
    "context_time": 1731252471823,
    "context_user_agent": "Mozilla/5.0 (iPad; CPU OS 18_0_1 like Mac OS X) AppleWebKit/605.1.15 (KHTML, like Gecko) Mobile/15E148",
    "message_action": "menu_exposure",
    "message_category": "www-account-pages/overview/MenuItem",
    "message_context": "sam",
    "message_label": "close_account_no_signifier",
    "message_market": "us",
    "message_sp_t": "db0c9505-9b81-4a4f-baa0-2d383666629f"
  }
]