[
  {
    "ts": "2022-10-03T03:03:05Z",
    "platform": "iOS 15.6.1 (iPad7,4)",
    "ms_played": 10335,
    "conn_country": "US",
    "ip_addr": "209.51.90.172",
    "master_metadata_track_name": null,
    "master_metadata_album_artist_name": null,
    "master_metadata_album_album_name": null,
    "spotify_track_uri": null,
    "episode_name": "male moaning/whimpering asmr",
    "episode_show_name": "(n)/sfw audios~",
    "spotify_episode_uri": "spotify:episode:7DksPxuTzWVzQFiXSbxwmL",
    "reason_start": "clickrow",
    "reason_end": "endplay",
    "shuffle": false,
    "skipped": false,
    "offline": false,
    "offline_timestamp": null,
    "incognito_mode": false
  },
  {
    "ts": "2022-10-03T03:16:38Z",
    "platform": "iOS 15.6.1 (iPad7,4)",
    "ms_played": 201333,
    "conn_country": "US",
    "ip_addr": "209.51.90.172",
    "master_metadata_track_name": null,
    "master_metadata_album_artist_name": null,
    "master_metadata_album_album_name": null,
    "spotify_track_uri": null,
    "episode_name": "Mori no Kuma-san, Youmin-chuu Ep 1 SUB ENG",
    "episode_show_name": "YAOI STREAMING",
    "spotify_episode_uri": "spotify:episode:7LlGEd3zUPmtu7OgJsZRhI",
    "reason_start": "clickrow",
    "reason_end": "fwdbtn",
    "shuffle": false,
    "skipped": false,
    "offline": false,
    "offline_timestamp": null,
    "incognito_mode": false
  },
  {
    "ts": "2022-10-03T03:17:24Z",
    "platform": "iOS 15.6.1 (iPad7,4)",
    "ms_played": 40269,
    "conn_country": "US",
    "ip_addr": "209.51.90.172",
    "master_metadata_track_name": null,
    "master_metadata_album_artist_name": null,
    "master_metadata_album_album_name": null,
    "spotify_track_uri": null,
    "episode_name": "Mori no Kuma-san, Youmin-chuu Ep 2 SUB ENG",
    "episode_show_name": "YAOI STREAMING",
    "spotify_episode_uri": "spotify:episode:1L43pBz6W29MqijQqKr89q",
    "reason_start": "fwdbtn",
    "reason_end": "trackdone",
    "shuffle": false,
    "skipped": false,
    "offline": false,
    "offline_timestamp": null,
    "incognito_mode": false
  },
  {
    "ts": "2022-10-03T03:17:48Z",
    "platform": "iOS 15.6.1 (iPad7,4)",
    "ms_played": 15768,
    "conn_country": "US",
    "ip_addr": "209.51.90.172",
    "master_metadata_track_name": null,
    "master_metadata_album_artist_name": null,
    "master_metadata_album_album_name": null,
    "spotify_track_uri": null,
    "episode_name": "Mori no Kuma-san, Youmin-chuu Ep 3 SUB ENG",
    "episode_show_name": "YAOI STREAMING",
    "spotify_episode_uri": "spotify:episode:7INVPidpMDe3cRrnxgWLd0",
    "reason_start": "trackdone",
    "reason_end": "clickrow",
    "shuffle": false,
    "skipped": false,
    "offline": false,
    "offline_timestamp": null,
    "incognito_mode": false
  },
  {
    "ts": "2022-10-03T03:18:37Z",
    "platform": "iOS 15.6.1 (iPad7,4)",
    "ms_played": 41429,
    "conn_country": "US",
    "ip_addr": "209.51.90.172",
    "master_metadata_track_name": null,
    "master_metadata_album_artist_name": null,
    "master_metadata_album_album_name": null,
    "spotify_track_uri": null,
    "episode_name": "Mori no Kuma-san, Youmin-chuu Ep 4 SUB ENG",
    "episode_show_name": "YAOI STREAMING",
    "spotify_episode_uri": "spotify:episode:67HsgV9CelHpMujsqzQQSL",
    "reason_start": "clickrow",
    "reason_end": "trackdone",
    "shuffle": false,
    "skipped": false,
    "offline": false,
    "offline_timestamp": null,
    "incognito_mode": false
  },
  {
    "ts": "2022-10-03T03:19:10Z",
    "platform": "iOS 15.6.1 (iPad7,4)",
    "ms_played": 45387,
    "conn_country": "US",
    "ip_addr": "209.51.90.172",
    "master_metadata_track_name": null,
    "master_metadata_album_artist_name": null,
    "master_metadata_album_album_name": null,
    "spotify_track_uri": null,
    "episode_name": "Mori no Kuma-san, Youmin-chuu Ep 5 SUB ENG",
    "episode_show_name": "YAOI STREAMING",
    "spotify_episode_uri": "spotify:episode:0QtEeybfPB2t75lBM9M6G4",
    "reason_start": "trackdone",
    "reason_end": "trackdone",
    "shuffle": false,
    "skipped": false,
    "offline": false,
    "offline_timestamp": null,
    "incognito_mode": false
  },
  {
    "ts": "2022-10-03T03:19:39Z",
    "platform": "iOS 15.6.1 (iPad7,4)",
    "ms_played": 19231,
    "conn_country": "US",
    "ip_addr": "209.51.90.172",
    "master_metadata_track_name": null,
    "master_metadata_album_artist_name": null,
    "master_metadata_album_album_name": null,
    "spotify_track_uri": null,
    "episode_name": "Mori no Kuma-san, Youmin-chuu Ep 7 SUB ENG",
    "episode_show_name": "YAOI STREAMING",
    "spotify_episode_uri": "spotify:episode:1cGwATAgQfJzLqxSRMPqds",
    "reason_start": "trackdone",
    "reason_end": "trackdone",
    "shuffle": false,
    "skipped": false,
    "offline": false,
    "offline_timestamp": null,
    "incognito_mode": false
  },
  {
    "ts": "2022-10-03T03:19:48Z",
    "platform": "iOS 15.6.1 (iPad7,4)",
    "ms_played": 7200,
    "conn_country": "US",
    "ip_addr": "209.51.90.172",
    "master_metadata_track_name": null,
    "master_metadata_album_artist_name": null,
    "master_metadata_album_album_name": null,
    "spotify_track_uri": null,
    "episode_name": "Mori no Kuma-san, Youmin-chuu Ep 6 SUB ENG",
    "episode_show_name": "YAOI STREAMING",
    "spotify_episode_uri": "spotify:episode:636oBQ3aKmWObPZshSJb1k",
    "reason_start": "trackdone",
    "reason_end": "clickrow",
    "shuffle": false,
    "skipped": false,
    "offline": false,
    "offline_timestamp": null,
    "incognito_mode": false
  },
  {
    "ts": "2022-10-03T03:20:02Z",
    "platform": "iOS 15.6.1 (iPad7,4)",
    "ms_played": 8497,
    "conn_country": "US",
    "ip_addr": "209.51.90.172",
    "master_metadata_track_name": null,
    "master_metadata_album_artist_name": null,
    "master_metadata_album_album_name": null,
    "spotify_track_uri": null,
    "episode_name": "Mori no Kuma-san, Youmin-chuu Ep 8 SUB ENG",
    "episode_show_name": "YAOI STREAMING",
    "spotify_episode_uri": "spotify:episode:6PZrpX5UOZGsErHxrnWkOo",
    "reason_start": "clickrow",
    "reason_end": "trackdone",
    "shuffle": false,
    "skipped": false,
    "offline": false,
    "offline_timestamp": null,
    "incognito_mode": false
  },
  {
    "ts": "2022-10-03T03:20:12Z",
    "platform": "iOS 15.6.1 (iPad7,4)",
    "ms_played": 1703,
    "conn_country": "US",
    "ip_addr": "209.51.90.172",
    "master_metadata_track_name": null,
    "master_metadata_album_artist_name": null,
    "master_metadata_album_album_name": null,
    "spotify_track_uri": null,
    "episode_name": "Mori no Kuma-san, Youmin-chuu Ep 9 SUB ENG",
    "episode_show_name": "YAOI STREAMING",
    "spotify_episode_uri": "spotify:episode:709Q9CDOYmVgcO5BbSlLKi",
    "reason_start": "trackdone",
    "reason_end": "endplay",
    "shuffle": false,
    "skipped": false,
    "offline": false,
    "offline_timestamp": null,
    "incognito_mode": false
  },
  {
    "ts": "2022-12-03T05:39:33Z",
    "platform": "ios",
    "ms_played": 4547,
    "conn_country": "US",
    "ip_addr": "209.51.76.122",
    "master_metadata_track_name": "GROWING UP IS _____",
    "master_metadata_album_artist_name": "Ruel",
    "master_metadata_album_album_name": "GROWING UP IS _____",
    "spotify_track_uri": "spotify:track:2wJ1eOCIBwoQiN7xQtrTAY",
    "episode_name": null,
    "episode_show_name": null,
    "spotify_episode_uri": null,
    "reason_start": "unknown",
    "reason_end": "endplay",
    "shuffle": false,
    "skipped": true,
    "offline": null,
    "offline_timestamp": null,
    "incognito_mode": false
  },
  {
    "ts": "2022-12-03T05:39:50Z",
    "platform": "ios",
    "ms_played": 17228,
    "conn_country": "US",
    "ip_addr": "209.51.76.122",
    "master_metadata_track_name": "La Novela",
    "master_metadata_album_artist_name": "boy pablo",
    "master_metadata_album_album_name": "La Novela",
    "spotify_track_uri": "spotify:track:0zeeAjrLX2mNacLeefRTGG",
    "episode_name": null,
    "episode_show_name": null,
    "spotify_episode_uri": null,
    "reason_start": "unknown",
    "reason_end": "endplay",
    "shuffle": false,
    "skipped": true,
    "offline": null,
    "offline_timestamp": null,
    "incognito_mode": false
  },
  {
    "ts": "2022-12-03T05:39:50Z",
    "platform": "ios",
    "ms_played": 0,
    "conn_country": "US",
    "ip_addr": "209.51.76.122",
    "master_metadata_track_name": "GROWING UP IS _____",
    "master_metadata_album_artist_name": "Ruel",
    "master_metadata_album_album_name": "GROWING UP IS _____",
    "spotify_track_uri": "spotify:track:2wJ1eOCIBwoQiN7xQtrTAY",
    "episode_name": null,
    "episode_show_name": null,
    "spotify_episode_uri": null,
    "reason_start": "unknown",
    "reason_end": "endplay",
    "shuffle": false,
    "skipped": true,
    "offline": null,
    "offline_timestamp": null,
    "incognito_mode": false
  },
  {
    "ts": "2022-12-03T05:39:55Z",
    "platform": "ios",
    "ms_played": 4225,
    "conn_country": "US",
    "ip_addr": "209.51.76.122",
    "master_metadata_track_name": "Ring The Alarm",
    "master_metadata_album_artist_name": "KARD",
    "master_metadata_album_album_name": "KARD 5th Mini Album 'Re:'",
    "spotify_track_uri": "spotify:track:6jUq2EfNMW7SizzNVVGvhm",
    "episode_name": null,
    "episode_show_name": null,
    "spotify_episode_uri": null,
    "reason_start": "unknown",
    "reason_end": "endplay",
    "shuffle": false,
    "skipped": true,
    "offline": null,
    "offline_timestamp": null,
    "incognito_mode": false
  },
  {
    "ts": "2022-12-03T05:39:55Z",
    "platform": "ios",
    "ms_played": 0,
    "conn_country": "US",
    "ip_addr": "209.51.76.122",
    "master_metadata_track_name": "La Novela",
    "master_metadata_album_artist_name": "boy pablo",
    "master_metadata_album_album_name": "La Novela",
    "spotify_track_uri": "spotify:track:0zeeAjrLX2mNacLeefRTGG",
    "episode_name": null,
    "episode_show_name": null,
    "spotify_episode_uri": null,
    "reason_start": "unknown",
    "reason_end": "endplay",
    "shuffle": false,
    "skipped": true,
    "offline": null,
    "offline_timestamp": null,
    "incognito_mode": false
  },
  {
    "ts": "2022-12-03T05:39:58Z",
    "platform": "ios",
    "ms_played": 2812,
    "conn_country": "US",
    "ip_addr": "209.51.76.122",
    "master_metadata_track_name": "Who Are You (Feat. SEULGI of Red Velvet)",
    "master_metadata_album_artist_name": "BamBam",
    "master_metadata_album_album_name": "Who Are You",
    "spotify_track_uri": "spotify:track:1IjWbIMe1uXqp9tDfC3QLL",
    "episode_name": null,
    "episode_show_name": null,
    "spotify_episode_uri": null,
    "reason_start": "unknown",
    "reason_end": "endplay",
    "shuffle": false,
    "skipped": true,
    "offline": null,
    "offline_timestamp": null,
    "incognito_mode": false
  },
  {
    "ts": "2022-12-03T05:39:58Z",
    "platform": "ios",
    "ms_played": 0,
    "conn_country": "US",
    "ip_addr": "209.51.76.122",
    "master_metadata_track_name": "Ring The Alarm",
    "master_metadata_album_artist_name": "KARD",
    "master_metadata_album_album_name": "KARD 5th Mini Album 'Re:'",
    "spotify_track_uri": "spotify:track:6jUq2EfNMW7SizzNVVGvhm",
    "episode_name": null,
    "episode_show_name": null,
    "spotify_episode_uri": null,
    "reason_start": "unknown",
    "reason_end": "endplay",
    "shuffle": false,
    "skipped": true,
    "offline": null,
    "offline_timestamp": null,
    "incognito_mode": false
  },
  {
    "ts": "2022-12-03T05:40:01Z",
    "platform": "ios",
    "ms_played": 2637,
    "conn_country": "US",
    "ip_addr": "209.51.76.122",
    "master_metadata_track_name": "MEAN!",
    "master_metadata_album_artist_name": "Madeline The Person",
    "master_metadata_album_album_name": "MEAN!",
    "spotify_track_uri": "spotify:track:0KQRhak4Irr2CKxgQ9U6ay",
    "episode_name": null,
    "episode_show_name": null,
    "spotify_episode_uri": null,
    "reason_start": "unknown",
    "reason_end": "endplay",
    "shuffle": false,
    "skipped": true,
    "offline": null,
    "offline_timestamp": null,
    "incognito_mode": false
  },
  {
    "ts": "2022-12-03T05:40:01Z",
    "platform": "ios",
    "ms_played": 0,
    "conn_country": "US",
    "ip_addr": "209.51.76.122",
    "master_metadata_track_name": "Who Are You (Feat. SEULGI of Red Velvet)",
    "master_metadata_album_artist_name": "BamBam",
    "master_metadata_album_album_name": "Who Are You",
    "spotify_track_uri": "spotify:track:1IjWbIMe1uXqp9tDfC3QLL",
    "episode_name": null,
    "episode_show_name": null,
    "spotify_episode_uri": null,
    "reason_start": "unknown",
    "reason_end": "endplay",
    "shuffle": false,
    "skipped": true,
    "offline": null,
    "offline_timestamp": null,
    "incognito_mode": false
  },
  {
    "ts": "2022-12-03T05:40:02Z",
    "platform": "ios",
    "ms_played": 0,
    "conn_country": "US",
    "ip_addr": "209.51.76.122",
    "master_metadata_track_name": "Ruby",
    "master_metadata_album_artist_name": "WOOZI",
    "master_metadata_album_album_name": "Ruby",
    "spotify_track_uri": "spotify:track:5ljGBxXb9LthJK0rW61G6X",
    "episode_name": null,
    "episode_show_name": null,
    "spotify_episode_uri": null,
    "reason_start": "unknown",
    "reason_end": "endplay",
    "shuffle": false,
    "skipped": true,
    "offline": null,
    "offline_timestamp": null,
    "incognito_mode": false
  },
  {
    "ts": "2022-12-03T05:40:02Z",
    "platform": "ios",
    "ms_played": 849,
    "conn_country": "US",
    "ip_addr": "209.51.76.122",
    "master_metadata_track_name": "DEEP",
    "master_metadata_album_artist_name": "HYO",
    "master_metadata_album_album_name": "DEEP - The 1st Mini Album",
    "spotify_track_uri": "spotify:track:2afNmSvxjRvXw3Fqm9qWfK",
    "episode_name": null,
    "episode_show_name": null,
    "spotify_episode_uri": null,
    "reason_start": "unknown",
    "reason_end": "endplay",
    "shuffle": false,
    "skipped": true,
    "offline": null,
    "offline_timestamp": null,
    "incognito_mode": false
  },
  {
    "ts": "2022-12-03T05:40:16Z",
    "platform": "ios",
    "ms_played": 0,
    "conn_country": "US",
    "ip_addr": "209.51.76.122",
    "master_metadata_track_name": "Who Are You (Feat. SEULGI of Red Velvet)",
    "master_metadata_album_artist_name": "BamBam",
    "master_metadata_album_album_name": "Who Are You",
    "spotify_track_uri": "spotify:track:1IjWbIMe1uXqp9tDfC3QLL",
    "episode_name": null,
    "episode_show_name": null,
    "spotify_episode_uri": null,
    "reason_start": "unknown",
    "reason_end": "endplay",
    "shuffle": false,
    "skipped": true,
    "offline": null,
    "offline_timestamp": null,
    "incognito_mode": false
  },
  {
    "ts": "2022-12-03T05:40:16Z",
    "platform": "ios",
    "ms_played": 13913,
    "conn_country": "US",
    "ip_addr": "209.51.76.122",
    "master_metadata_track_name": "MEAN!",
    "master_metadata_album_artist_name": "Madeline The Person",
    "master_metadata_album_album_name": "MEAN!",
    "spotify_track_uri": "spotify:track:0KQRhak4Irr2CKxgQ9U6ay",
    "episode_name": null,
    "episode_show_name": null,
    "spotify_episode_uri": null,
    "reason_start": "unknown",
    "reason_end": "endplay",
    "shuffle": false,
    "skipped": true,
    "offline": null,
    "offline_timestamp": null,
    "incognito_mode": false
  },
  {
    "ts": "2022-12-03T05:40:23Z",
    "platform": "ios",
    "ms_played": 6638,
    "conn_country": "US",
    "ip_addr": "209.51.76.122",
    "master_metadata_track_name": "DEEP",
    "master_metadata_album_artist_name": "HYO",
    "master_metadata_album_album_name": "DEEP - The 1st Mini Album",
    "spotify_track_uri": "spotify:track:2afNmSvxjRvXw3Fqm9qWfK",
    "episode_name": null,
    "episode_show_name": null,
    "spotify_episode_uri": null,
    "reason_start": "unknown",
    "reason_end": "endplay",
    "shuffle": false,
    "skipped": true,
    "offline": null,
    "offline_timestamp": null,
    "incognito_mode": false
  },
  {
    "ts": "2022-12-03T05:40:23Z",
    "platform": "ios",
    "ms_played": 0,
    "conn_country": "US",
    "ip_addr": "209.51.76.122",
    "master_metadata_track_name": "MEAN!",
    "master_metadata_album_artist_name": "Madeline The Person",
    "master_metadata_album_album_name": "MEAN!",
    "spotify_track_uri": "spotify:track:0KQRhak4Irr2CKxgQ9U6ay",
    "episode_name": null,
    "episode_show_name": null,
    "spotify_episode_uri": null,
    "reason_start": "unknown",
    "reason_end": "endplay",
    "shuffle": false,
    "skipped": true,
    "offline": null,
    "offline_timestamp": null,
    "incognito_mode": false
  },
  {
    "ts": "2022-12-03T05:40:25Z",
    "platform": "ios",
    "ms_played": 1819,
    "conn_country": "US",
    "ip_addr": "209.51.76.122",
    "master_metadata_track_name": "Ruby",
    "master_metadata_album_artist_name": "WOOZI",
    "master_metadata_album_album_name": "Ruby",
    "spotify_track_uri": "spotify:track:5ljGBxXb9LthJK0rW61G6X",
    "episode_name": null,
    "episode_show_name": null,
    "spotify_episode_uri": null,
    "reason_start": "unknown",
    "reason_end": "endplay",
    "shuffle": false,
    "skipped": true,
    "offline": null,
    "offline_timestamp": null,
    "incognito_mode": false
  },
  {
    "ts": "2022-12-03T05:40:25Z",
    "platform": "ios",
    "ms_played": 0,
    "conn_country": "US",
    "ip_addr": "209.51.76.122",
    "master_metadata_track_name": "DEEP",
    "master_metadata_album_artist_name": "HYO",
    "master_metadata_album_album_name": "DEEP - The 1st Mini Album",
    "spotify_track_uri": "spotify:track:2afNmSvxjRvXw3Fqm9qWfK",
    "episode_name": null,
    "episode_show_name": null,
    "spotify_episode_uri": null,
    "reason_start": "unknown",
    "reason_end": "endplay",
    "shuffle": false,
    "skipped": true,
    "offline": null,
    "offline_timestamp": null,
    "incognito_mode": false
  },
  {
    "ts": "2022-12-03T05:40:26Z",
    "platform": "ios",
    "ms_played": 0,
    "conn_country": "US",
    "ip_addr": "209.51.76.122",
    "master_metadata_track_name": "SMILEY(Feat. BIBI)",
    "master_metadata_album_artist_name": "YENA",
    "master_metadata_album_album_name": "ˣ‿ˣ (SMiLEY)",
    "spotify_track_uri": "spotify:track:4zCIxSnVWpGNghERX4uWZF",
    "episode_name": null,
    "episode_show_name": null,
    "spotify_episode_uri": null,
    "reason_start": "unknown",
    "reason_end": "endplay",
    "shuffle": false,
    "skipped": true,
    "offline": null,
    "offline_timestamp": null,
    "incognito_mode": false
  },
  {
    "ts": "2022-12-03T05:40:26Z",
    "platform": "ios",
    "ms_played": 0,
    "conn_country": "US",
    "ip_addr": "209.51.76.122",
    "master_metadata_track_name": "Ruby",
    "master_metadata_album_artist_name": "WOOZI",
    "master_metadata_album_album_name": "Ruby",
    "spotify_track_uri": "spotify:track:5ljGBxXb9LthJK0rW61G6X",
    "episode_name": null,
    "episode_show_name": null,
    "spotify_episode_uri": null,
    "reason_start": "unknown",
    "reason_end": "endplay",
    "shuffle": false,
    "skipped": true,
    "offline": null,
    "offline_timestamp": null,
    "incognito_mode": false
  },
  {
    "ts": "2022-12-03T05:40:26Z",
    "platform": "ios",
    "ms_played": 700,
    "conn_country": "US",
    "ip_addr": "209.51.76.122",
    "master_metadata_track_name": "COCONUT PERFUME",
    "master_metadata_album_artist_name": "Ray Laurél",
    "master_metadata_album_album_name": "COCONUT PERFUME",
    "spotify_track_uri": "spotify:track:7lMrIFrNAwSSdOrsk4glWa",
    "episode_name": null,
    "episode_show_name": null,
    "spotify_episode_uri": null,
    "reason_start": "unknown",
    "reason_end": "endplay",
    "shuffle": false,
    "skipped": true,
    "offline": null,
    "offline_timestamp": null,
    "incognito_mode": false
  },
  {
    "ts": "2022-12-04T00:30:27Z",
    "platform": "ios",
    "ms_played": 1767,
    "conn_country": "US",
    "ip_addr": "209.51.76.122",
    "master_metadata_track_name": "GROWING UP IS _____",
    "master_metadata_album_artist_name": "Ruel",
    "master_metadata_album_album_name": "GROWING UP IS _____",
    "spotify_track_uri": "spotify:track:2wJ1eOCIBwoQiN7xQtrTAY",
    "episode_name": null,
    "episode_show_name": null,
    "spotify_episode_uri": null,
    "reason_start": "unknown",
    "reason_end": "endplay",
    "shuffle": false,
    "skipped": true,
    "offline": null,
    "offline_timestamp": null,
    "incognito_mode": false
  },
  {
    "ts": "2022-12-04T00:30:31Z",
    "platform": "ios",
    "ms_played": 4396,
    "conn_country": "US",
    "ip_addr": "209.51.76.122",
    "master_metadata_track_name": "La Novela",
    "master_metadata_album_artist_name": "boy pablo",
    "master_metadata_album_album_name": "La Novela",
    "spotify_track_uri": "spotify:track:0zeeAjrLX2mNacLeefRTGG",
    "episode_name": null,
    "episode_show_name": null,
    "spotify_episode_uri": null,
    "reason_start": "unknown",
    "reason_end": "endplay",
    "shuffle": false,
    "skipped": true,
    "offline": null,
    "offline_timestamp": null,
    "incognito_mode": false
  },
  {
    "ts": "2022-12-04T00:30:31Z",
    "platform": "ios",
    "ms_played": 0,
    "conn_country": "US",
    "ip_addr": "209.51.76.122",
    "master_metadata_track_name": "GROWING UP IS _____",
    "master_metadata_album_artist_name": "Ruel",
    "master_metadata_album_album_name": "GROWING UP IS _____",
    "spotify_track_uri": "spotify:track:2wJ1eOCIBwoQiN7xQtrTAY",
    "episode_name": null,
    "episode_show_name": null,
    "spotify_episode_uri": null,
    "reason_start": "unknown",
    "reason_end": "endplay",
    "shuffle": false,
    "skipped": true,
    "offline": null,
    "offline_timestamp": null,
    "incognito_mode": false
  },
  {
    "ts": "2022-12-04T00:30:34Z",
    "platform": "ios",
    "ms_played": 2744,
    "conn_country": "US",
    "ip_addr": "209.51.76.122",
    "master_metadata_track_name": "Ring The Alarm",
    "master_metadata_album_artist_name": "KARD",
    "master_metadata_album_album_name": "KARD 5th Mini Album 'Re:'",
    "spotify_track_uri": "spotify:track:6jUq2EfNMW7SizzNVVGvhm",
    "episode_name": null,
    "episode_show_name": null,
    "spotify_episode_uri": null,
    "reason_start": "unknown",
    "reason_end": "endplay",
    "shuffle": false,
    "skipped": true,
    "offline": null,
    "offline_timestamp": null,
    "incognito_mode": false
  },
  {
    "ts": "2022-12-04T00:30:34Z",
    "platform": "ios",
    "ms_played": 0,
    "conn_country": "US",
    "ip_addr": "209.51.76.122",
    "master_metadata_track_name": "La Novela",
    "master_metadata_album_artist_name": "boy pablo",
    "master_metadata_album_album_name": "La Novela",
    "spotify_track_uri": "spotify:track:0zeeAjrLX2mNacLeefRTGG",
    "episode_name": null,
    "episode_show_name": null,
    "spotify_episode_uri": null,
    "reason_start": "unknown",
    "reason_end": "endplay",
    "shuffle": false,
    "skipped": true,
    "offline": null,
    "offline_timestamp": null,
    "incognito_mode": false
  },
  {
    "ts": "2022-12-04T00:30:38Z",
    "platform": "ios",
    "ms_played": 3354,
    "conn_country": "US",
    "ip_addr": "209.51.76.122",
    "master_metadata_track_name": "Who Are You (Feat. SEULGI of Red Velvet)",
    "master_metadata_album_artist_name": "BamBam",
    "master_metadata_album_album_name": "Who Are You",
    "spotify_track_uri": "spotify:track:1IjWbIMe1uXqp9tDfC3QLL",
    "episode_name": null,
    "episode_show_name": null,
    "spotify_episode_uri": null,
    "reason_start": "unknown",
    "reason_end": "endplay",
    "shuffle": false,
    "skipped": true,
    "offline": null,
    "offline_timestamp": null,
    "incognito_mode": false
  },
  {
    "ts": "2022-12-04T00:30:38Z",
    "platform": "ios",
    "ms_played": 0,
    "conn_country": "US",
    "ip_addr": "209.51.76.122",
    "master_metadata_track_name": "Ring The Alarm",
    "master_metadata_album_artist_name": "KARD",
    "master_metadata_album_album_name": "KARD 5th Mini Album 'Re:'",
    "spotify_track_uri": "spotify:track:6jUq2EfNMW7SizzNVVGvhm",
    "episode_name": null,
    "episode_show_name": null,
    "spotify_episode_uri": null,
    "reason_start": "unknown",
    "reason_end": "endplay",
    "shuffle": false,
    "skipped": true,
    "offline": null,
    "offline_timestamp": null,
    "incognito_mode": false
  },
  {
    "ts": "2022-12-04T00:30:39Z",
    "platform": "ios",
    "ms_played": 0,
    "conn_country": "US",
    "ip_addr": "209.51.76.122",
    "master_metadata_track_name": "Who Are You (Feat. SEULGI of Red Velvet)",
    "master_metadata_album_artist_name": "BamBam",
    "master_metadata_album_album_name": "Who Are You",
    "spotify_track_uri": "spotify:track:1IjWbIMe1uXqp9tDfC3QLL",
    "episode_name": null,
    "episode_show_name": null,
    "spotify_episode_uri": null,
    "reason_start": "unknown",
    "reason_end": "endplay",
    "shuffle": false,
    "skipped": true,
    "offline": null,
    "offline_timestamp": null,
    "incognito_mode": false
  },
  {
    "ts": "2022-12-04T00:30:39Z",
    "platform": "ios",
    "ms_played": 1002,
    "conn_country": "US",
    "ip_addr": "209.51.76.122",
    "master_metadata_track_name": "MEAN!",
    "master_metadata_album_artist_name": "Madeline The Person",
    "master_metadata_album_album_name": "MEAN!",
    "spotify_track_uri": "spotify:track:0KQRhak4Irr2CKxgQ9U6ay",
    "episode_name": null,
    "episode_show_name": null,
    "spotify_episode_uri": null,
    "reason_start": "unknown",
    "reason_end": "endplay",
    "shuffle": false,
    "skipped": true,
    "offline": null,
    "offline_timestamp": null,
    "incognito_mode": false
  },
  {
    "ts": "2022-12-04T00:30:42Z",
    "platform": "ios",
    "ms_played": 0,
    "conn_country": "US",
    "ip_addr": "209.51.76.122",
    "master_metadata_track_name": "MEAN!",
    "master_metadata_album_artist_name": "Madeline The Person",
    "master_metadata_album_album_name": "MEAN!",
    "spotify_track_uri": "spotify:track:0KQRhak4Irr2CKxgQ9U6ay",
    "episode_name": null,
    "episode_show_name": null,
    "spotify_episode_uri": null,
    "reason_start": "unknown",
    "reason_end": "endplay",
    "shuffle": false,
    "skipped": true,
    "offline": null,
    "offline_timestamp": null,
    "incognito_mode": false
  },
  {
    "ts": "2022-12-04T00:30:42Z",
    "platform": "ios",
    "ms_played": 2619,
    "conn_country": "US",
    "ip_addr": "209.51.76.122",
    "master_metadata_track_name": "DEEP",
    "master_metadata_album_artist_name": "HYO",
    "master_metadata_album_album_name": "DEEP - The 1st Mini Album",
    "spotify_track_uri": "spotify:track:2afNmSvxjRvXw3Fqm9qWfK",
    "episode_name": null,
    "episode_show_name": null,
    "spotify_episode_uri": null,
    "reason_start": "unknown",
    "reason_end": "endplay",
    "shuffle": false,
    "skipped": true,
    "offline": null,
    "offline_timestamp": null,
    "incognito_mode": false
  },
  {
    "ts": "2022-12-04T00:30:46Z",
    "platform": "ios",
    "ms_played": 0,
    "conn_country": "US",
    "ip_addr": "209.51.76.122",
    "master_metadata_track_name": "COCONUT PERFUME",
    "master_metadata_album_artist_name": "Ray Laurél",
    "master_metadata_album_album_name": "COCONUT PERFUME",
    "spotify_track_uri": "spotify:track:7lMrIFrNAwSSdOrsk4glWa",
    "episode_name": null,
    "episode_show_name": null,
    "spotify_episode_uri": null,
    "reason_start": "unknown",
    "reason_end": "endplay",
    "shuffle": false,
    "skipped": true,
    "offline": null,
    "offline_timestamp": null,
    "incognito_mode": false
  },
  {
    "ts": "2022-12-04T00:30:46Z",
    "platform": "ios",
    "ms_played": 3146,
    "conn_country": "US",
    "ip_addr": "209.51.76.122",
    "master_metadata_track_name": "Ruby",
    "master_metadata_album_artist_name": "WOOZI",
    "master_metadata_album_album_name": "Ruby",
    "spotify_track_uri": "spotify:track:5ljGBxXb9LthJK0rW61G6X",
    "episode_name": null,
    "episode_show_name": null,
    "spotify_episode_uri": null,
    "reason_start": "unknown",
    "reason_end": "endplay",
    "shuffle": false,
    "skipped": true,
    "offline": null,
    "offline_timestamp": null,
    "incognito_mode": false
  },
  {
    "ts": "2022-12-04T00:30:46Z",
    "platform": "ios",
    "ms_played": 0,
    "conn_country": "US",
    "ip_addr": "209.51.76.122",
    "master_metadata_track_name": "DEEP",
    "master_metadata_album_artist_name": "HYO",
    "master_metadata_album_album_name": "DEEP - The 1st Mini Album",
    "spotify_track_uri": "spotify:track:2afNmSvxjRvXw3Fqm9qWfK",
    "episode_name": null,
    "episode_show_name": null,
    "spotify_episode_uri": null,
    "reason_start": "unknown",
    "reason_end": "endplay",
    "shuffle": false,
    "skipped": true,
    "offline": null,
    "offline_timestamp": null,
    "incognito_mode": false
  },
  {
    "ts": "2023-12-24T10:51:18Z",
    "platform": "ios",
    "ms_played": 369,
    "conn_country": "US",
    "ip_addr": "74.46.255.208",
    "master_metadata_track_name": "Ballroom Extravaganza",
    "master_metadata_album_artist_name": "DPR IAN",
    "master_metadata_album_album_name": "Moodswings In To Order",
    "spotify_track_uri": "spotify:track:4vJfBno2d0mTjMcYn5lEln",
    "episode_name": null,
    "episode_show_name": null,
    "spotify_episode_uri": null,
    "reason_start": "unknown",
    "reason_end": "endplay",
    "shuffle": false,
    "skipped": true,
    "offline": null,
    "offline_timestamp": null,
    "incognito_mode": false
  },
  {
    "ts": "2023-12-24T10:52:02Z",
    "platform": "ios",
    "ms_played": 13624,
    "conn_country": "US",
    "ip_addr": "74.46.255.208",
    "master_metadata_track_name": "Ballroom Extravaganza",
    "master_metadata_album_artist_name": "DPR IAN",
    "master_metadata_album_album_name": "Moodswings In To Order",
    "spotify_track_uri": "spotify:track:4vJfBno2d0mTjMcYn5lEln",
    "episode_name": null,
    "episode_show_name": null,
    "spotify_episode_uri": null,
    "reason_start": "unknown",
    "reason_end": "endplay",
    "shuffle": false,
    "skipped": true,
    "offline": null,
    "offline_timestamp": null,
    "incognito_mode": false
  },
  {
    "ts": "2023-12-24T10:52:52Z",
    "platform": "ios",
    "ms_played": 19711,
    "conn_country": "US",
    "ip_addr": "74.46.255.208",
    "master_metadata_track_name": "KICK BACK",
    "master_metadata_album_artist_name": "Kenshi Yonezu",
    "master_metadata_album_album_name": "KICK BACK",
    "spotify_track_uri": "spotify:track:3khEEPRyBeOUabbmOPJzAG",
    "episode_name": null,
    "episode_show_name": null,
    "spotify_episode_uri": null,
    "reason_start": "unknown",
    "reason_end": "endplay",
    "shuffle": false,
    "skipped": true,
    "offline": null,
    "offline_timestamp": null,
    "incognito_mode": false
  },
  {
    "ts": "2023-12-24T10:53:44Z",
    "platform": "ios",
    "ms_played": 13936,
    "conn_country": "US",
    "ip_addr": "74.46.255.208",
    "master_metadata_track_name": "Notion",
    "master_metadata_album_artist_name": "The Rare Occasions",
    "master_metadata_album_album_name": "Notion",
    "spotify_track_uri": "spotify:track:0sTlGEld0h8kIPZaKDYUf4",
    "episode_name": null,
    "episode_show_name": null,
    "spotify_episode_uri": null,
    "reason_start": "unknown",
    "reason_end": "endplay",
    "shuffle": false,
    "skipped": true,
    "offline": null,
    "offline_timestamp": null,
    "incognito_mode": false
  },
  {
    "ts": "2023-12-24T10:53:48Z",
    "platform": "ios",
    "ms_played": 1681,
    "conn_country": "US",
    "ip_addr": "74.46.255.208",
    "master_metadata_track_name": "Ring",
    "master_metadata_album_artist_name": "Selena Gomez",
    "master_metadata_album_album_name": "Rare",
    "spotify_track_uri": "spotify:track:11Ey4yJVeWEsA73KjACkVY",
    "episode_name": null,
    "episode_show_name": null,
    "spotify_episode_uri": null,
    "reason_start": "unknown",
    "reason_end": "endplay",
    "shuffle": false,
    "skipped": true,
    "offline": null,
    "offline_timestamp": null,
    "incognito_mode": false
  },
  {
    "ts": "2023-12-24T10:53:59Z",
    "platform": "ios",
    "ms_played": 1591,
    "conn_country": "US",
    "ip_addr": "74.46.255.208",
    "master_metadata_track_name": "Seven (feat. Latto)",
    "master_metadata_album_artist_name": "Jung Kook",
    "master_metadata_album_album_name": "Seven (feat. Latto)",
    "spotify_track_uri": "spotify:track:7x9aauaA9cu6tyfpHnqDLo",
    "episode_name": null,
    "episode_show_name": null,
    "spotify_episode_uri": null,
    "reason_start": "unknown",
    "reason_end": "endplay",
    "shuffle": false,
    "skipped": true,
    "offline": null,
    "offline_timestamp": null,
    "incognito_mode": false
  },
  {
    "ts": "2023-12-24T10:54:07Z",
    "platform": "ios",
    "ms_played": 2847,
    "conn_country": "US",
    "ip_addr": "74.46.255.208",
    "master_metadata_track_name": "GMFU",
    "master_metadata_album_artist_name": "6arelyhuman",
    "master_metadata_album_album_name": "Myspace Addiction",
    "spotify_track_uri": "spotify:track:6GdhBJBl51BAITWjFyhbtl",
    "episode_name": null,
    "episode_show_name": null,
    "spotify_episode_uri": null,
    "reason_start": "unknown",
    "reason_end": "endplay",
    "shuffle": false,
    "skipped": true,
    "offline": null,
    "offline_timestamp": null,
    "incognito_mode": false
  },
  {
    "ts": "2023-12-24T10:54:59Z",
    "platform": "ios",
    "ms_played": 29713,
    "conn_country": "US",
    "ip_addr": "74.46.255.208",
    "master_metadata_track_name": "vaicaunoicokhiennguoithaydoi",
    "master_metadata_album_artist_name": "GREY D",
    "master_metadata_album_album_name": "vaicaunoicokhiennguoithaydoi",
    "spotify_track_uri": "spotify:track:25h0TqC9H3BcMA7KjK5nHK",
    "episode_name": null,
    "episode_show_name": null,
    "spotify_episode_uri": null,
    "reason_start": "unknown",
    "reason_end": "trackdone",
    "shuffle": false,
    "skipped": false,
    "offline": null,
    "offline_timestamp": null,
    "incognito_mode": false
  },
  {
    "ts": "2023-12-24T10:55:00Z",
    "platform": "ios",
    "ms_played": 23,
    "conn_country": "US",
    "ip_addr": "74.46.255.208",
    "master_metadata_track_name": "vaicaunoicokhiennguoithaydoi",
    "master_metadata_album_artist_name": "GREY D",
    "master_metadata_album_album_name": "vaicaunoicokhiennguoithaydoi",
    "spotify_track_uri": "spotify:track:25h0TqC9H3BcMA7KjK5nHK",
    "episode_name": null,
    "episode_show_name": null,
    "spotify_episode_uri": null,
    "reason_start": "unknown",
    "reason_end": "endplay",
    "shuffle": false,
    "skipped": true,
    "offline": null,
    "offline_timestamp": null,
    "incognito_mode": false
  },
  {
    "ts": "2023-12-24T10:55:08Z",
    "platform": "ios",
    "ms_played": 2827,
    "conn_country": "US",
    "ip_addr": "74.46.255.208",
    "master_metadata_track_name": "Hands up!",
    "master_metadata_album_artist_name": "6arelyhuman",
    "master_metadata_album_album_name": "Hands up!",
    "spotify_track_uri": "spotify:track:04gSLX5nUhkKiMe1geeqnA",
    "episode_name": null,
    "episode_show_name": null,
    "spotify_episode_uri": null,
    "reason_start": "unknown",
    "reason_end": "endplay",
    "shuffle": false,
    "skipped": true,
    "offline": null,
    "offline_timestamp": null,
    "incognito_mode": false
  },
  {
    "ts": "2023-12-24T10:55:22Z",
    "platform": "ios",
    "ms_played": 6063,
    "conn_country": "US",
    "ip_addr": "74.46.255.208",
    "master_metadata_track_name": "Je te laisserai des mots",
    "master_metadata_album_artist_name": "Patrick Watson",
    "master_metadata_album_album_name": "Je te laisserai des mots",
    "spotify_track_uri": "spotify:track:0V5cvmTKsYmF5FmGGEAfmS",
    "episode_name": null,
    "episode_show_name": null,
    "spotify_episode_uri": null,
    "reason_start": "unknown",
    "reason_end": "endplay",
    "shuffle": false,
    "skipped": true,
    "offline": null,
    "offline_timestamp": null,
    "incognito_mode": false
  },
  {
    "ts": "2023-12-24T10:55:25Z",
    "platform": "ios",
    "ms_played": 2539,
    "conn_country": "US",
    "ip_addr": "74.46.255.208",
    "master_metadata_track_name": "Cinnamon Girl",
    "master_metadata_album_artist_name": "Lana Del Rey",
    "master_metadata_album_album_name": "Norman Fucking Rockwell!",
    "spotify_track_uri": "spotify:track:2mdEsXPu8ZmkHRRtAdC09e",
    "episode_name": null,
    "episode_show_name": null,
    "spotify_episode_uri": null,
    "reason_start": "unknown",
    "reason_end": "endplay",
    "shuffle": false,
    "skipped": true,
    "offline": null,
    "offline_timestamp": null,
    "incognito_mode": false
  },
  {
    "ts": "2023-12-24T10:55:28Z",
    "platform": "ios",
    "ms_played": 2302,
    "conn_country": "US",
    "ip_addr": "74.46.255.208",
    "master_metadata_track_name": "Mr. Loverman",
    "master_metadata_album_artist_name": "Ricky Montgomery",
    "master_metadata_album_album_name": "Montgomery Ricky",
    "spotify_track_uri": "spotify:track:2IVsRhKrx8hlQBOWy4qebo",
    "episode_name": null,
    "episode_show_name": null,
    "spotify_episode_uri": null,
    "reason_start": "unknown",
    "reason_end": "endplay",
    "shuffle": false,
    "skipped": true,
    "offline": null,
    "offline_timestamp": null,
    "incognito_mode": false
  },
  {
    "ts": "2023-12-24T10:55:32Z",
    "platform": "ios",
    "ms_played": 3863,
    "conn_country": "US",
    "ip_addr": "74.46.255.208",
    "master_metadata_track_name": "Astronomy",
    "master_metadata_album_artist_name": "Conan Gray",
    "master_metadata_album_album_name": "Superache",
    "spotify_track_uri": "spotify:track:2JN3ugW1cEahbYw0I5mw5U",
    "episode_name": null,
    "episode_show_name": null,
    "spotify_episode_uri": null,
    "reason_start": "unknown",
    "reason_end": "endplay",
    "shuffle": false,
    "skipped": true,
    "offline": null,
    "offline_timestamp": null,
    "incognito_mode": false
  },
  {
    "ts": "2023-12-24T10:55:33Z",
    "platform": "ios",
    "ms_played": 644,
    "conn_country": "US",
    "ip_addr": "74.46.255.208",
    "master_metadata_track_name": "Je te laisserai des mots",
    "master_metadata_album_artist_name": "Patrick Watson",
    "master_metadata_album_album_name": "Je te laisserai des mots",
    "spotify_track_uri": "spotify:track:0V5cvmTKsYmF5FmGGEAfmS",
    "episode_name": null,
    "episode_show_name": null,
    "spotify_episode_uri": null,
    "reason_start": "unknown",
    "reason_end": "endplay",
    "shuffle": false,
    "skipped": true,
    "offline": null,
    "offline_timestamp": null,
    "incognito_mode": false
  },
  {
    "ts": "2023-12-24T10:55:39Z",
    "platform": "ios",
    "ms_played": 3726,
    "conn_country": "US",
    "ip_addr": "74.46.255.208",
    "master_metadata_track_name": "Kill Bill",
    "master_metadata_album_artist_name": "SZA",
    "master_metadata_album_album_name": "SOS",
    "spotify_track_uri": "spotify:track:1Qrg8KqiBpW07V7PNxwwwL",
    "episode_name": null,
    "episode_show_name": null,
    "spotify_episode_uri": null,
    "reason_start": "unknown",
    "reason_end": "endplay",
    "shuffle": false,
    "skipped": true,
    "offline": null,
    "offline_timestamp": null,
    "incognito_mode": false
  },
  {
    "ts": "2023-12-24T10:55:52Z",
    "platform": "ios",
    "ms_played": 2663,
    "conn_country": "US",
    "ip_addr": "74.46.255.208",
    "master_metadata_track_name": "Super Shy",
    "master_metadata_album_artist_name": "NewJeans",
    "master_metadata_album_album_name": "NewJeans 'Super Shy'",
    "spotify_track_uri": "spotify:track:5sdQOyqq2IDhvmx2lHOpwd",
    "episode_name": null,
    "episode_show_name": null,
    "spotify_episode_uri": null,
    "reason_start": "unknown",
    "reason_end": "endplay",
    "shuffle": false,
    "skipped": true,
    "offline": null,
    "offline_timestamp": null,
    "incognito_mode": false
  },
  {
    "ts": "2023-12-24T10:55:56Z",
    "platform": "ios",
    "ms_played": 2595,
    "conn_country": "US",
    "ip_addr": "74.46.255.208",
    "master_metadata_track_name": "Strangers",
    "master_metadata_album_artist_name": "Kenya Grace",
    "master_metadata_album_album_name": "Strangers",
    "spotify_track_uri": "spotify:track:5mjYQaktjmjcMKcUIcqz4s",
    "episode_name": null,
    "episode_show_name": null,
    "spotify_episode_uri": null,
    "reason_start": "unknown",
    "reason_end": "endplay",
    "shuffle": false,
    "skipped": true,
    "offline": null,
    "offline_timestamp": null,
    "incognito_mode": false
  },
  {
    "ts": "2023-12-24T10:56:02Z",
    "platform": "ios",
    "ms_played": 3053,
    "conn_country": "US",
    "ip_addr": "74.46.255.208",
    "master_metadata_track_name": "Romantic Homicide",
    "master_metadata_album_artist_name": "d4vd",
    "master_metadata_album_album_name": "Romantic Homicide",
    "spotify_track_uri": "spotify:track:1xK59OXxi2TAAAbmZK0kBL",
    "episode_name": null,
    "episode_show_name": null,
    "spotify_episode_uri": null,
    "reason_start": "unknown",
    "reason_end": "endplay",
    "shuffle": false,
    "skipped": true,
    "offline": null,
    "offline_timestamp": null,
    "incognito_mode": false
  },
  {
    "ts": "2024-01-15T05:13:46Z",
    "platform": "ios",
    "ms_played": 808,
    "conn_country": "US",
    "ip_addr": "173.87.174.158",
    "master_metadata_track_name": "Yawn",
    "master_metadata_album_artist_name": "SEVENTEEN",
    "master_metadata_album_album_name": "SEVENTEEN 11th Mini Album 'SEVENTEENTH HEAVEN'",
    "spotify_track_uri": "spotify:track:1qzvzPfqzpNQ01ZBOEkVlf",
    "episode_name": null,
    "episode_show_name": null,
    "spotify_episode_uri": null,
    "reason_start": "unknown",
    "reason_end": "endplay",
    "shuffle": false,
    "skipped": true,
    "offline": null,
    "offline_timestamp": null,
    "incognito_mode": false
  },
  {
    "ts": "2024-01-15T05:13:50Z",
    "platform": "ios",
    "ms_played": 847,
    "conn_country": "US",
    "ip_addr": "173.87.174.158",
    "master_metadata_track_name": "Yawn",
    "master_metadata_album_artist_name": "SEVENTEEN",
    "master_metadata_album_album_name": "SEVENTEEN 11th Mini Album 'SEVENTEENTH HEAVEN'",
    "spotify_track_uri": "spotify:track:1qzvzPfqzpNQ01ZBOEkVlf",
    "episode_name": null,
    "episode_show_name": null,
    "spotify_episode_uri": null,
    "reason_start": "unknown",
    "reason_end": "endplay",
    "shuffle": false,
    "skipped": true,
    "offline": null,
    "offline_timestamp": null,
    "incognito_mode": false
  },
  {
    "ts": "2024-02-01T07:01:26Z",
    "platform": "ios",
    "ms_played": 6110,
    "conn_country": "US",
    "ip_addr": "98.238.145.207",
    "master_metadata_track_name": "Dancing in the rain",
    "master_metadata_album_artist_name": "Lacuna",
    "master_metadata_album_album_name": "Hello, Wonderland",
    "spotify_track_uri": "spotify:track:5QEPqRHLTS837Od7mUgWir",
    "episode_name": null,
    "episode_show_name": null,
    "spotify_episode_uri": null,
    "reason_start": "unknown",
    "reason_end": "endplay",
    "shuffle": false,
    "skipped": true,
    "offline": null,
    "offline_timestamp": null,
    "incognito_mode": false
  },
  {
    "ts": "2024-02-12T01:36:27Z",
    "platform": "ios",
    "ms_played": 454,
    "conn_country": "US",
    "ip_addr": "98.238.145.207",
    "master_metadata_track_name": "novocaine",
    "master_metadata_album_artist_name": "GenriX",
    "master_metadata_album_album_name": "unfortunately yours,",
    "spotify_track_uri": "spotify:track:2OrucC3HEPmZpkaQ05Nx0V",
    "episode_name": null,
    "episode_show_name": null,
    "spotify_episode_uri": null,
    "reason_start": "unknown",
    "reason_end": "endplay",
    "shuffle": false,
    "skipped": true,
    "offline": null,
    "offline_timestamp": null,
    "incognito_mode": false
  },
  {
    "ts": "2024-03-07T07:51:35Z",
    "platform": "ios",
    "ms_played": 0,
    "conn_country": "US",
    "ip_addr": "98.238.145.207",
    "master_metadata_track_name": "nếu lúc đó",
    "master_metadata_album_artist_name": "tlinh",
    "master_metadata_album_album_name": "ái",
    "spotify_track_uri": "spotify:track:4exlWP8cokkWVCvyP3kg7c",
    "episode_name": null,
    "episode_show_name": null,
    "spotify_episode_uri": null,
    "reason_start": "unknown",
    "reason_end": "endplay",
    "shuffle": false,
    "skipped": true,
    "offline": null,
    "offline_timestamp": null,
    "incognito_mode": false
  },
  {
    "ts": "2024-03-07T07:51:36Z",
    "platform": "ios",
    "ms_played": 0,
    "conn_country": "US",
    "ip_addr": "98.238.145.207",
    "master_metadata_track_name": "CAN'T GO ANOTHER DAY",
    "master_metadata_album_artist_name": "Reneé Dominique",
    "master_metadata_album_album_name": "CAN'T GO ANOTHER DAY",
    "spotify_track_uri": "spotify:track:7dNCzULpXAUShtvkvAyXWM",
    "episode_name": null,
    "episode_show_name": null,
    "spotify_episode_uri": null,
    "reason_start": "unknown",
    "reason_end": "endplay",
    "shuffle": false,
    "skipped": true,
    "offline": null,
    "offline_timestamp": null,
    "incognito_mode": false
  },
  {
    "ts": "2024-03-07T07:51:37Z",
    "platform": "ios",
    "ms_played": 30,
    "conn_country": "US",
    "ip_addr": "98.238.145.207",
    "master_metadata_track_name": "Too Good to be True",
    "master_metadata_album_artist_name": "Kacey Musgraves",
    "master_metadata_album_album_name": "Too Good to be True",
    "spotify_track_uri": "spotify:track:4vIiVs5JoNfqqRi5o7jAIb",
    "episode_name": null,
    "episode_show_name": null,
    "spotify_episode_uri": null,
    "reason_start": "unknown",
    "reason_end": "unexpected-exit-while-paused",
    "shuffle": false,
    "skipped": false,
    "offline": null,
    "offline_timestamp": null,
    "incognito_mode": false
  },
  {
    "ts": "2024-03-07T07:51:37Z",
    "platform": "ios",
    "ms_played": 0,
    "conn_country": "US",
    "ip_addr": "98.238.145.207",
    "master_metadata_track_name": "Don't Go Insane",
    "master_metadata_album_artist_name": "DPR IAN",
    "master_metadata_album_album_name": "Don't Go Insane",
    "spotify_track_uri": "spotify:track:5izX3yhDZHqQFi8p2m6RHi",
    "episode_name": null,
    "episode_show_name": null,
    "spotify_episode_uri": null,
    "reason_start": "unknown",
    "reason_end": "endplay",
    "shuffle": false,
    "skipped": true,
    "offline": null,
    "offline_timestamp": null,
    "incognito_mode": false
  },
  {
    "ts": "2024-03-18T04:00:10Z",
    "platform": "ios",
    "ms_played": 1862,
    "conn_country": "US",
    "ip_addr": "98.238.145.207",
    "master_metadata_track_name": "Fragile - Live at The Symphony",
    "master_metadata_album_artist_name": "Laufey",
    "master_metadata_album_album_name": "A Night At The Symphony",
    "spotify_track_uri": "spotify:track:2l2qbgyVMF2tEwLlOsPwa1",
    "episode_name": null,
    "episode_show_name": null,
    "spotify_episode_uri": null,
    "reason_start": "unknown",
    "reason_end": "endplay",
    "shuffle": false,
    "skipped": true,
    "offline": null,
    "offline_timestamp": null,
    "incognito_mode": false
  },
  {
    "ts": "2024-03-21T19:20:11Z",
    "platform": "ios",
    "ms_played": 913,
    "conn_country": "US",
    "ip_addr": "98.238.145.207",
    "master_metadata_track_name": "By My Side",
    "master_metadata_album_artist_name": "JUNNY",
    "master_metadata_album_album_name": "By My Side",
    "spotify_track_uri": "spotify:track:6nzCvAtyADh0wwZEVMoujK",
    "episode_name": null,
    "episode_show_name": null,
    "spotify_episode_uri": null,
    "reason_start": "unknown",
    "reason_end": "endplay",
    "shuffle": false,
    "skipped": true,
    "offline": null,
    "offline_timestamp": null,
    "incognito_mode": false
  },
  {
    "ts": "2024-04-19T21:53:28Z",
    "platform": "ios",
    "ms_played": 3175,
    "conn_country": "US",
    "ip_addr": "98.238.145.207",
    "master_metadata_track_name": "TOMBOY",
    "master_metadata_album_artist_name": "(G)I-DLE",
    "master_metadata_album_album_name": "I NEVER DIE",
    "spotify_track_uri": "spotify:track:0IGUXY4JbK18bu9oD4mPIm",
    "episode_name": null,
    "episode_show_name": null,
    "spotify_episode_uri": null,
    "reason_start": "unknown",
    "reason_end": "endplay",
    "shuffle": false,
    "skipped": true,
    "offline": null,
    "offline_timestamp": null,
    "incognito_mode": false
  },
  {
    "ts": "2024-04-19T21:53:32Z",
    "platform": "ios",
    "ms_played": 3314,
    "conn_country": "US",
    "ip_addr": "98.238.145.207",
    "master_metadata_track_name": "SHEESH",
    "master_metadata_album_artist_name": "BABYMONSTER",
    "master_metadata_album_album_name": "BABYMONS7ER",
    "spotify_track_uri": "spotify:track:1njlnn8ZKHI77Pe9szIONR",
    "episode_name": null,
    "episode_show_name": null,
    "spotify_episode_uri": null,
    "reason_start": "unknown",
    "reason_end": "endplay",
    "shuffle": false,
    "skipped": true,
    "offline": null,
    "offline_timestamp": null,
    "incognito_mode": false
  },
  {
    "ts": "2024-04-19T21:53:36Z",
    "platform": "ios",
    "ms_played": 3801,
    "conn_country": "US",
    "ip_addr": "98.238.145.207",
    "master_metadata_track_name": "Midas Touch",
    "master_metadata_album_artist_name": "KISS OF LIFE",
    "master_metadata_album_album_name": "Midas Touch",
    "spotify_track_uri": "spotify:track:0vaxYDAuAO1nPolC6bQp7V",
    "episode_name": null,
    "episode_show_name": null,
    "spotify_episode_uri": null,
    "reason_start": "unknown",
    "reason_end": "endplay",
    "shuffle": false,
    "skipped": true,
    "offline": null,
    "offline_timestamp": null,
    "incognito_mode": false
  },
  {
    "ts": "2024-04-19T21:53:41Z",
    "platform": "ios",
    "ms_played": 5107,
    "conn_country": "US",
    "ip_addr": "98.238.145.207",
    "master_metadata_track_name": "Midnight Fiction",
    "master_metadata_album_artist_name": "ILLIT",
    "master_metadata_album_album_name": "SUPER REAL ME",
    "spotify_track_uri": "spotify:track:6QqrxJe1iQxwLY6he6FLFo",
    "episode_name": null,
    "episode_show_name": null,
    "spotify_episode_uri": null,
    "reason_start": "unknown",
    "reason_end": "endplay",
    "shuffle": false,
    "skipped": true,
    "offline": null,
    "offline_timestamp": null,
    "incognito_mode": false
  },
  {
    "ts": "2024-04-19T21:53:46Z",
    "platform": "ios",
    "ms_played": 5253,
    "conn_country": "US",
    "ip_addr": "98.238.145.207",
    "master_metadata_track_name": "Rewind",
    "master_metadata_album_artist_name": "Wonder Girls",
    "master_metadata_album_album_name": "REBOOT",
    "spotify_track_uri": "spotify:track:2YZa0dsV3xXGZ61XFYiRt8",
    "episode_name": null,
    "episode_show_name": null,
    "spotify_episode_uri": null,
    "reason_start": "unknown",
    "reason_end": "endplay",
    "shuffle": false,
    "skipped": true,
    "offline": null,
    "offline_timestamp": null,
    "incognito_mode": false
  },
  {
    "ts": "2024-04-19T21:53:48Z",
    "platform": "ios",
    "ms_played": 1097,
    "conn_country": "US",
    "ip_addr": "98.238.145.207",
    "master_metadata_track_name": "Love Me Back",
    "master_metadata_album_artist_name": "fromis_9",
    "master_metadata_album_album_name": "Love Me Back (From \"Operation: True Love\")",
    "spotify_track_uri": "spotify:track:2IMPPA9UZpqTnnVIy9lDHU",
    "episode_name": null,
    "episode_show_name": null,
    "spotify_episode_uri": null,
    "reason_start": "unknown",
    "reason_end": "endplay",
    "shuffle": false,
    "skipped": true,
    "offline": null,
    "offline_timestamp": null,
    "incognito_mode": false
  },
  {
    "ts": "2024-04-19T21:53:49Z",
    "platform": "ios",
    "ms_played": 1019,
    "conn_country": "US",
    "ip_addr": "98.238.145.207",
    "master_metadata_track_name": "ETA",
    "master_metadata_album_artist_name": "NewJeans",
    "master_metadata_album_album_name": "NewJeans 2nd EP 'Get Up'",
    "spotify_track_uri": "spotify:track:56v8WEnGzLByGsDAXDiv4d",
    "episode_name": null,
    "episode_show_name": null,
    "spotify_episode_uri": null,
    "reason_start": "unknown",
    "reason_end": "endplay",
    "shuffle": false,
    "skipped": true,
    "offline": null,
    "offline_timestamp": null,
    "incognito_mode": false
  },
  {
    "ts": "2024-04-19T21:53:55Z",
    "platform": "ios",
    "ms_played": 5694,
    "conn_country": "US",
    "ip_addr": "98.238.145.207",
    "master_metadata_track_name": "Love Me Back",
    "master_metadata_album_artist_name": "fromis_9",
    "master_metadata_album_album_name": "Love Me Back (From \"Operation: True Love\")",
    "spotify_track_uri": "spotify:track:2IMPPA9UZpqTnnVIy9lDHU",
    "episode_name": null,
    "episode_show_name": null,
    "spotify_episode_uri": null,
    "reason_start": "unknown",
    "reason_end": "endplay",
    "shuffle": false,
    "skipped": true,
    "offline": null,
    "offline_timestamp": null,
    "incognito_mode": false
  },
  {
    "ts": "2024-04-19T21:53:59Z",
    "platform": "ios",
    "ms_played": 4562,
    "conn_country": "US",
    "ip_addr": "98.238.145.207",
    "master_metadata_track_name": "ETA",
    "master_metadata_album_artist_name": "NewJeans",
    "master_metadata_album_album_name": "NewJeans 2nd EP 'Get Up'",
    "spotify_track_uri": "spotify:track:56v8WEnGzLByGsDAXDiv4d",
    "episode_name": null,
    "episode_show_name": null,
    "spotify_episode_uri": null,
    "reason_start": "unknown",
    "reason_end": "endplay",
    "shuffle": false,
    "skipped": true,
    "offline": null,
    "offline_timestamp": null,
    "incognito_mode": false
  },
  {
    "ts": "2024-04-20T10:53:15Z",
    "platform": "ios",
    "ms_played": 0,
    "conn_country": "US",
    "ip_addr": "98.238.145.207",
    "master_metadata_track_name": "Fly-day Chinatown",
    "master_metadata_album_artist_name": "泰葉",
    "master_metadata_album_album_name": "TRANSIT",
    "spotify_track_uri": "spotify:track:73yXCwINoNqUBJRAgPJPsY",
    "episode_name": null,
    "episode_show_name": null,
    "spotify_episode_uri": null,
    "reason_start": "unknown",
    "reason_end": "endplay",
    "shuffle": false,
    "skipped": true,
    "offline": null,
    "offline_timestamp": null,
    "incognito_mode": false
  },
  {
    "ts": "2024-04-20T10:53:15Z",
    "platform": "ios",
    "ms_played": 20,
    "conn_country": "US",
    "ip_addr": "98.238.145.207",
    "master_metadata_track_name": "...Baby One More Time",
    "master_metadata_album_artist_name": "Britney Spears",
    "master_metadata_album_album_name": "...Baby One More Time (Digital Deluxe Version)",
    "spotify_track_uri": "spotify:track:3MjUtNVVq3C8Fn0MP3zhXa",
    "episode_name": null,
    "episode_show_name": null,
    "spotify_episode_uri": null,
    "reason_start": "unknown",
    "reason_end": "endplay",
    "shuffle": false,
    "skipped": true,
    "offline": null,
    "offline_timestamp": null,
    "incognito_mode": false
  },
  {
    "ts": "2024-04-20T10:53:16Z",
    "platform": "ios",
    "ms_played": 0,
    "conn_country": "US",
    "ip_addr": "98.238.145.207",
    "master_metadata_track_name": "Fly-day Chinatown",
    "master_metadata_album_artist_name": "泰葉",
    "master_metadata_album_album_name": "TRANSIT",
    "spotify_track_uri": "spotify:track:73yXCwINoNqUBJRAgPJPsY",
    "episode_name": null,
    "episode_show_name": null,
    "spotify_episode_uri": null,
    "reason_start": "unknown",
    "reason_end": "endplay",
    "shuffle": false,
    "skipped": true,
    "offline": null,
    "offline_timestamp": null,
    "incognito_mode": false
  },
  {
    "ts": "2024-04-20T10:53:16Z",
    "platform": "ios",
    "ms_played": 223,
    "conn_country": "US",
    "ip_addr": "98.238.145.207",
    "master_metadata_track_name": "...Baby One More Time",
    "master_metadata_album_artist_name": "Britney Spears",
    "master_metadata_album_album_name": "...Baby One More Time (Digital Deluxe Version)",
    "spotify_track_uri": "spotify:track:3MjUtNVVq3C8Fn0MP3zhXa",
    "episode_name": null,
    "episode_show_name": null,
    "spotify_episode_uri": null,
    "reason_start": "unknown",
    "reason_end": "endplay",
    "shuffle": false,
    "skipped": true,
    "offline": null,
    "offline_timestamp": null,
    "incognito_mode": false
  },
  {
    "ts": "2024-04-20T10:53:18Z",
    "platform": "ios",
    "ms_played": 142,
    "conn_country": "US",
    "ip_addr": "98.238.145.207",
    "master_metadata_track_name": "Dreamer",
    "master_metadata_album_artist_name": "Laufey",
    "master_metadata_album_album_name": "Bewitched",
    "spotify_track_uri": "spotify:track:1YxQxV5sKZN1TgVpXl5MLA",
    "episode_name": null,
    "episode_show_name": null,
    "spotify_episode_uri": null,
    "reason_start": "unknown",
    "reason_end": "endplay",
    "shuffle": false,
    "skipped": true,
    "offline": null,
    "offline_timestamp": null,
    "incognito_mode": false
  },
  {
    "ts": "2024-04-20T13:12:35Z",
    "platform": "ios",
    "ms_played": 3134,
    "conn_country": "US",
    "ip_addr": "98.238.145.207",
    "master_metadata_track_name": "Fragile - Live at The Symphony",
    "master_metadata_album_artist_name": "Laufey",
    "master_metadata_album_album_name": "A Night At The Symphony",
    "spotify_track_uri": "spotify:track:2l2qbgyVMF2tEwLlOsPwa1",
    "episode_name": null,
    "episode_show_name": null,
    "spotify_episode_uri": null,
    "reason_start": "unknown",
    "reason_end": "endplay",
    "shuffle": false,
    "skipped": true,
    "offline": null,
    "offline_timestamp": null,
    "incognito_mode": false
  },
  {
    "ts": "2024-05-09T09:25:08Z",
    "platform": "ios",
    "ms_played": 6410,
    "conn_country": "US",
    "ip_addr": "98.238.145.207",
    "master_metadata_track_name": "The Breakup Song",
    "master_metadata_album_artist_name": "Reverse Pathogen",
    "master_metadata_album_album_name": "The Breakup Song",
    "spotify_track_uri": "spotify:track:17clHyzjeCDX14Bx01l7BN",
    "episode_name": null,
    "episode_show_name": null,
    "spotify_episode_uri": null,
    "reason_start": "unknown",
    "reason_end": "endplay",
    "shuffle": false,
    "skipped": true,
    "offline": null,
    "offline_timestamp": null,
    "incognito_mode": false
  },
  {
    "ts": "2024-05-13T02:51:54Z",
    "platform": "ios",
    "ms_played": 6928,
    "conn_country": "US",
    "ip_addr": "98.238.145.207",
    "master_metadata_track_name": "With U",
    "master_metadata_album_artist_name": "Jazzinuf",
    "master_metadata_album_album_name": "Rose Moods",
    "spotify_track_uri": "spotify:track:4f9oVqZscQYd2sQBymcMON",
    "episode_name": null,
    "episode_show_name": null,
    "spotify_episode_uri": null,
    "reason_start": "unknown",
    "reason_end": "endplay",
    "shuffle": false,
    "skipped": true,
    "offline": null,
    "offline_timestamp": null,
    "incognito_mode": false
  },
  {
    "ts": "2024-05-13T02:52:59Z",
    "platform": "ios",
    "ms_played": 321,
    "conn_country": "US",
    "ip_addr": "98.238.145.207",
    "master_metadata_track_name": "With U",
    "master_metadata_album_artist_name": "Jazzinuf",
    "master_metadata_album_album_name": "Rose Moods",
    "spotify_track_uri": "spotify:track:4f9oVqZscQYd2sQBymcMON",
    "episode_name": null,
    "episode_show_name": null,
    "spotify_episode_uri": null,
    "reason_start": "unknown",
    "reason_end": "endplay",
    "shuffle": false,
    "skipped": true,
    "offline": null,
    "offline_timestamp": null,
    "incognito_mode": false
  },
  {
    "ts": "2024-05-13T02:53:05Z",
    "platform": "ios",
    "ms_played": 3213,
    "conn_country": "US",
    "ip_addr": "98.238.145.207",
    "master_metadata_track_name": "Vội Vàng",
    "master_metadata_album_artist_name": "Tạ Quang Thắng",
    "master_metadata_album_album_name": "Vội Vàng",
    "spotify_track_uri": "spotify:track:50rpOselILfEM2FjZOXZKh",
    "episode_name": null,
    "episode_show_name": null,
    "spotify_episode_uri": null,
    "reason_start": "unknown",
    "reason_end": "endplay",
    "shuffle": false,
    "skipped": true,
    "offline": null,
    "offline_timestamp": null,
    "incognito_mode": false
  },
  {
    "ts": "2024-05-13T20:23:02Z",
    "platform": "ios",
    "ms_played": 1540,
    "conn_country": "US",
    "ip_addr": "98.238.145.207",
    "master_metadata_track_name": "Carrousel (feat. Indila)",
    "master_metadata_album_artist_name": "Amir",
    "master_metadata_album_album_name": "Ressources",
    "spotify_track_uri": "spotify:track:6rHywKNBPzJ6aLVLT5RshH",
    "episode_name": null,
    "episode_show_name": null,
    "spotify_episode_uri": null,
    "reason_start": "unknown",
    "reason_end": "endplay",
    "shuffle": false,
    "skipped": true,
    "offline": null,
    "offline_timestamp": null,
    "incognito_mode": false
  },
  {
    "ts": "2024-05-13T20:23:02Z",
    "platform": "ios",
    "ms_played": 4142,
    "conn_country": "US",
    "ip_addr": "98.238.145.207",
    "master_metadata_track_name": "Dernière danse",
    "master_metadata_album_artist_name": "Indila",
    "master_metadata_album_album_name": "Mini World",
    "spotify_track_uri": "spotify:track:65uoaqX5qcjXZRheAj1qQT",
    "episode_name": null,
    "episode_show_name": null,
    "spotify_episode_uri": null,
    "reason_start": "unknown",
    "reason_end": "endplay",
    "shuffle": false,
    "skipped": true,
    "offline": null,
    "offline_timestamp": null,
    "incognito_mode": false
  },
  {
    "ts": "2024-05-20T12:59:14Z",
    "platform": "ios",
    "ms_played": 3301,
    "conn_country": "US",
    "ip_addr": "98.238.145.207",
    "master_metadata_track_name": "Always Forever",
    "master_metadata_album_artist_name": "Cults",
    "master_metadata_album_album_name": "Static",
    "spotify_track_uri": "spotify:track:2enPRFda84VE2wtI8c86Uf",
    "episode_name": null,
    "episode_show_name": null,
    "spotify_episode_uri": null,
    "reason_start": "unknown",
    "reason_end": "endplay",
    "shuffle": false,
    "skipped": true,
    "offline": null,
    "offline_timestamp": null,
    "incognito_mode": false
  },
  {
    "ts": "2024-06-09T02:29:23Z",
    "platform": "ios",
    "ms_played": 1045,
    "conn_country": "US",
    "ip_addr": "98.238.145.207",
    "master_metadata_track_name": "Cầu Vĩnh Tuy",
    "master_metadata_album_artist_name": "Wren Evans",
    "master_metadata_album_album_name": "LOI CHOI: The Neo Pop Punk",
    "spotify_track_uri": "spotify:track:24eClW0wZh5fFEFwsUWdSG",
    "episode_name": null,
    "episode_show_name": null,
    "spotify_episode_uri": null,
    "reason_start": "unknown",
    "reason_end": "endplay",
    "shuffle": false,
    "skipped": true,
    "offline": null,
    "offline_timestamp": null,
    "incognito_mode": false
  },
  {
    "ts": "2024-06-20T15:13:35Z",
    "platform": "ios",
    "ms_played": 17340,
    "conn_country": "US",
    "ip_addr": "98.238.145.207",
    "master_metadata_track_name": "Dream Girl",
    "master_metadata_album_artist_name": "Crisaunt",
    "master_metadata_album_album_name": "Dream Girl",
    "spotify_track_uri": "spotify:track:3Z6cltU0OfbUdSZtZlzKPL",
    "episode_name": null,
    "episode_show_name": null,
    "spotify_episode_uri": null,
    "reason_start": "unknown",
    "reason_end": "endplay",
    "shuffle": false,
    "skipped": true,
    "offline": null,
    "offline_timestamp": null,
    "incognito_mode": false
  },
  {
    "ts": "2024-06-26T01:48:58Z",
    "platform": "ios",
    "ms_played": 0,
    "conn_country": "US",
    "ip_addr": "172.56.200.149",
    "master_metadata_track_name": null,
    "master_metadata_album_artist_name": null,
    "master_metadata_album_album_name": null,
    "spotify_track_uri": null,
    "episode_name": "How Barbara Corcoran’s Divorce Inspired Her To Make 66 Million Dollars | VIDEO",
    "episode_show_name": "Erika Taught Me",
    "spotify_episode_uri": "spotify:episode:75EvM5pvMQ6zzK46NmmaeD",
    "reason_start": "unknown",
    "reason_end": "endplay",
    "shuffle": false,
    "skipped": true,
    "offline": null,
    "offline_timestamp": null,
    "incognito_mode": false
  },
  {
    "ts": "2024-06-26T02:43:33Z",
    "platform": "ios",
    "ms_played": 50382,
    "conn_country": "US",
    "ip_addr": "98.238.145.207",
    "master_metadata_track_name": null,
    "master_metadata_album_artist_name": null,
    "master_metadata_album_album_name": null,
    "spotify_track_uri": null,
    "episode_name": "How Barbara Corcoran’s Divorce Inspired Her To Make 66 Million Dollars | VIDEO",
    "episode_show_name": "Erika Taught Me",
    "spotify_episode_uri": "spotify:episode:75EvM5pvMQ6zzK46NmmaeD",
    "reason_start": "unknown",
    "reason_end": "endplay",
    "shuffle": false,
    "skipped": true,
    "offline": null,
    "offline_timestamp": null,
    "incognito_mode": false
  },
  {
    "ts": "2024-06-27T03:47:40Z",
    "platform": "ios",
    "ms_played": 15,
    "conn_country": "US",
    "ip_addr": "98.238.145.207",
    "master_metadata_track_name": null,
    "master_metadata_album_artist_name": null,
    "master_metadata_album_album_name": null,
    "spotify_track_uri": null,
    "episode_name": "How Barbara Corcoran’s Divorce Inspired Her To Make 66 Million Dollars | VIDEO",
    "episode_show_name": "Erika Taught Me",
    "spotify_episode_uri": "spotify:episode:75EvM5pvMQ6zzK46NmmaeD",
    "reason_start": "unknown",
    "reason_end": "unexpected-exit-while-paused",
    "shuffle": false,
    "skipped": false,
    "offline": null,
    "offline_timestamp": null,
    "incognito_mode": false
  },
  {
    "ts": "2024-06-29T01:33:50Z",
    "platform": "ios",
    "ms_played": 0,
    "conn_country": "US",
    "ip_addr": "98.238.145.207",
    "master_metadata_track_name": null,
    "master_metadata_album_artist_name": null,
    "master_metadata_album_album_name": null,
    "spotify_track_uri": null,
    "episode_name": "How Barbara Corcoran’s Divorce Inspired Her To Make 66 Million Dollars | VIDEO",
    "episode_show_name": "Erika Taught Me",
    "spotify_episode_uri": "spotify:episode:75EvM5pvMQ6zzK46NmmaeD",
    "reason_start": "unknown",
    "reason_end": "endplay",
    "shuffle": false,
    "skipped": true,
    "offline": null,
    "offline_timestamp": null,
    "incognito_mode": false
  },
  {
    "ts": "2024-07-11T23:16:28Z",
    "platform": "ios",
    "ms_played": 866,
    "conn_country": "US",
    "ip_addr": "74.46.252.196",
    "master_metadata_track_name": null,
    "master_metadata_album_artist_name": null,
    "master_metadata_album_album_name": null,
    "spotify_track_uri": null,
    "episode_name": "World's Funniest Confessions 8",
    "episode_show_name": "Cody & Ko",
    "spotify_episode_uri": "spotify:episode:74tnDr0AZUWlpM7FdbYYhT",
    "reason_start": "unknown",
    "reason_end": "endplay",
    "shuffle": false,
    "skipped": true,
    "offline": null,
    "offline_timestamp": null,
    "incognito_mode": false
  },
  {
    "ts": "2024-07-11T23:53:52Z",
    "platform": "ios",
    "ms_played": 16518,
    "conn_country": "US",
    "ip_addr": "104.28.85.190",
    "master_metadata_track_name": null,
    "master_metadata_album_artist_name": null,
    "master_metadata_album_album_name": null,
    "spotify_track_uri": null,
    "episode_name": "World's Funniest Confessions 8",
    "episode_show_name": "Cody & Ko",
    "spotify_episode_uri": "spotify:episode:74tnDr0AZUWlpM7FdbYYhT",
    "reason_start": "unknown",
    "reason_end": "endplay",
    "shuffle": false,
    "skipped": true,
    "offline": null,
    "offline_timestamp": null,
    "incognito_mode": false
  },
  {
    "ts": "2024-07-12T18:47:17Z",
    "platform": "ios",
    "ms_played": 114,
    "conn_country": "US",
    "ip_addr": "74.46.252.196",
    "master_metadata_track_name": null,
    "master_metadata_album_artist_name": null,
    "master_metadata_album_album_name": null,
    "spotify_track_uri": null,
    "episode_name": "World's Funniest Confessions 8",
    "episode_show_name": "Cody & Ko",
    "spotify_episode_uri": "spotify:episode:74tnDr0AZUWlpM7FdbYYhT",
    "reason_start": "unknown",
    "reason_end": "endplay",
    "shuffle": false,
    "skipped": true,
    "offline": null,
    "offline_timestamp": null,
    "incognito_mode": false
  },
  {
    "ts": "2024-07-13T19:13:05Z",
    "platform": "ios",
    "ms_played": 5929,
    "conn_country": "US",
    "ip_addr": "98.238.145.207",
    "master_metadata_track_name": null,
    "master_metadata_album_artist_name": null,
    "master_metadata_album_album_name": null,
    "spotify_track_uri": null,
    "episode_name": "Why Mythology Is So Weird",
    "episode_show_name": "Hello Future Me",
    "spotify_episode_uri": "spotify:episode:4mq51PpgSopTSFDzVvsbWq",
    "reason_start": "unknown",
    "reason_end": "unexpected-exit-while-paused",
    "shuffle": false,
    "skipped": false,
    "offline": null,
    "offline_timestamp": null,
    "incognito_mode": false
  },
  {
    "ts": "2024-07-13T19:30:33Z",
    "platform": "ios",
    "ms_played": 9253,
    "conn_country": "US",
    "ip_addr": "74.46.252.196",
    "master_metadata_track_name": null,
    "master_metadata_album_artist_name": null,
    "master_metadata_album_album_name": null,
    "spotify_track_uri": null,
    "episode_name": "World's Funniest Confessions 8",
    "episode_show_name": "Cody & Ko",
    "spotify_episode_uri": "spotify:episode:74tnDr0AZUWlpM7FdbYYhT",
    "reason_start": "unknown",
    "reason_end": "unexpected-exit-while-paused",
    "shuffle": false,
    "skipped": false,
    "offline": null,
    "offline_timestamp": null,
    "incognito_mode": false
  },
  {
    "ts": "2024-07-13T19:30:49Z",
    "platform": "ios",
    "ms_played": 4846,
    "conn_country": "US",
    "ip_addr": "74.46.252.196",
    "master_metadata_track_name": "scars",
    "master_metadata_album_artist_name": "Novulent",
    "master_metadata_album_album_name": "VOL. 1",
    "spotify_track_uri": "spotify:track:0c683aCGn2mXMU1I9Js449",
    "episode_name": null,
    "episode_show_name": null,
    "spotify_episode_uri": null,
    "reason_start": "unknown",
    "reason_end": "unexpected-exit-while-paused",
    "shuffle": false,
    "skipped": false,
    "offline": null,
    "offline_timestamp": null,
    "incognito_mode": false
  },
  {
    "ts": "2024-07-15T16:40:56Z",
    "platform": "ios",
    "ms_played": 17492,
    "conn_country": "US",
    "ip_addr": "74.46.252.196",
    "master_metadata_track_name": null,
    "master_metadata_album_artist_name": null,
    "master_metadata_album_album_name": null,
    "spotify_track_uri": null,
    "episode_name": "Why Mythology Is So Weird",
    "episode_show_name": "Hello Future Me",
    "spotify_episode_uri": "spotify:episode:4mq51PpgSopTSFDzVvsbWq",
    "reason_start": "unknown",
    "reason_end": "endplay",
    "shuffle": false,
    "skipped": true,
    "offline": null,
    "offline_timestamp": null,
    "incognito_mode": false
  },
  {
    "ts": "2024-07-15T16:42:02Z",
    "platform": "ios",
    "ms_played": 0,
    "conn_country": "US",
    "ip_addr": "74.46.252.196",
    "master_metadata_track_name": null,
    "master_metadata_album_artist_name": null,
    "master_metadata_album_album_name": null,
    "spotify_track_uri": null,
    "episode_name": "Why Mythology Is So Weird",
    "episode_show_name": "Hello Future Me",
    "spotify_episode_uri": "spotify:episode:4mq51PpgSopTSFDzVvsbWq",
    "reason_start": "unknown",
    "reason_end": "endplay",
    "shuffle": false,
    "skipped": true,
    "offline": null,
    "offline_timestamp": null,
    "incognito_mode": false
  },
  {
    "ts": "2024-07-15T16:50:53Z",
    "platform": "ios",
    "ms_played": 613,
    "conn_country": "US",
    "ip_addr": "74.46.252.196",
    "master_metadata_track_name": null,
    "master_metadata_album_artist_name": null,
    "master_metadata_album_album_name": null,
    "spotify_track_uri": null,
    "episode_name": "Why Mythology Is So Weird",
    "episode_show_name": "Hello Future Me",
    "spotify_episode_uri": "spotify:episode:4mq51PpgSopTSFDzVvsbWq",
    "reason_start": "unknown",
    "reason_end": "endplay",
    "shuffle": false,
    "skipped": true,
    "offline": null,
    "offline_timestamp": null,
    "incognito_mode": false
  },
  {
    "ts": "2024-07-20T10:33:17Z",
    "platform": "ios",
    "ms_played": 0,
    "conn_country": "US",
    "ip_addr": "98.238.145.207",
    "master_metadata_track_name": null,
    "master_metadata_album_artist_name": null,
    "master_metadata_album_album_name": null,
    "spotify_track_uri": null,
    "episode_name": "Why Mythology Is So Weird",
    "episode_show_name": "Hello Future Me",
    "spotify_episode_uri": "spotify:episode:4mq51PpgSopTSFDzVvsbWq",
    "reason_start": "unknown",
    "reason_end": "endplay",
    "shuffle": false,
    "skipped": true,
    "offline": null,
    "offline_timestamp": null,
    "incognito_mode": false
  },
  {
    "ts": "2024-08-29T03:18:04Z",
    "platform": "ios",
    "ms_played": 1343,
    "conn_country": "US",
    "ip_addr": "98.238.145.207",
    "master_metadata_track_name": "X-SLIDE",
    "master_metadata_album_artist_name": "2KE",
    "master_metadata_album_album_name": "X-SLIDE",
    "spotify_track_uri": "spotify:track:60AVJqYgyAlCckC6Nh2tgO",
    "episode_name": null,
    "episode_show_name": null,
    "spotify_episode_uri": null,
    "reason_start": "unknown",
    "reason_end": "endplay",
    "shuffle": false,
    "skipped": true,
    "offline": null,
    "offline_timestamp": null,
    "incognito_mode": false
  },
  {
    "ts": "2024-08-29T03:18:04Z",
    "platform": "ios",
    "ms_played": 12531,
    "conn_country": "US",
    "ip_addr": "98.238.145.207",
    "master_metadata_track_name": "LOVE POTION",
    "master_metadata_album_artist_name": "Odetari",
    "master_metadata_album_album_name": "DOOR TO DUSK",
    "spotify_track_uri": "spotify:track:2OAgCxCmgDq90YEv1OdKvz",
    "episode_name": null,
    "episode_show_name": null,
    "spotify_episode_uri": null,
    "reason_start": "unknown",
    "reason_end": "endplay",
    "shuffle": false,
    "skipped": true,
    "offline": null,
    "offline_timestamp": null,
    "incognito_mode": false
  },
  {
    "ts": "2024-08-29T09:09:19Z",
    "platform": "ios",
    "ms_played": 342,
    "conn_country": "US",
    "ip_addr": "98.238.145.207",
    "master_metadata_track_name": "Twinkle, Twinkle, Little Star",
    "master_metadata_album_artist_name": "Adelmar Borrego",
    "master_metadata_album_album_name": "Frère Jacques",
    "spotify_track_uri": "spotify:track:147gCksvDRmjG1pO51ZCcf",
    "episode_name": null,
    "episode_show_name": null,
    "spotify_episode_uri": null,
    "reason_start": "unknown",
    "reason_end": "endplay",
    "shuffle": false,
    "skipped": true,
    "offline": null,
    "offline_timestamp": null,
    "incognito_mode": false
  },
  {
    "ts": "2024-08-29T09:09:20Z",
    "platform": "ios",
    "ms_played": 58,
    "conn_country": "US",
    "ip_addr": "98.238.145.207",
    "master_metadata_track_name": "animos",
    "master_metadata_album_artist_name": "redknobs",
    "master_metadata_album_album_name": "animos",
    "spotify_track_uri": "spotify:track:5CLBmr7bGBnsCFAsXITIyJ",
    "episode_name": null,
    "episode_show_name": null,
    "spotify_episode_uri": null,
    "reason_start": "unknown",
    "reason_end": "endplay",
    "shuffle": false,
    "skipped": true,
    "offline": null,
    "offline_timestamp": null,
    "incognito_mode": false
  },
  {
    "ts": "2024-08-30T06:45:45Z",
    "platform": "ios",
    "ms_played": 1527,
    "conn_country": "US",
    "ip_addr": "98.238.145.207",
    "master_metadata_track_name": "Je te laisserai des mots",
    "master_metadata_album_artist_name": "Patrick Watson",
    "master_metadata_album_album_name": "Je te laisserai des mots",
    "spotify_track_uri": "spotify:track:0V5cvmTKsYmF5FmGGEAfmS",
    "episode_name": null,
    "episode_show_name": null,
    "spotify_episode_uri": null,
    "reason_start": "unknown",
    "reason_end": "endplay",
    "shuffle": false,
    "skipped": true,
    "offline": null,
    "offline_timestamp": null,
    "incognito_mode": false
  },
  {
    "ts": "2024-08-30T06:45:47Z",
    "platform": "ios",
    "ms_played": 1825,
    "conn_country": "US",
    "ip_addr": "98.238.145.207",
    "master_metadata_track_name": "Hier encore",
    "master_metadata_album_artist_name": "Charles Aznavour",
    "master_metadata_album_album_name": "Que c'est triste Venise",
    "spotify_track_uri": "spotify:track:4ciRwt5dGHKKm8Et8r1xJ0",
    "episode_name": null,
    "episode_show_name": null,
    "spotify_episode_uri": null,
    "reason_start": "unknown",
    "reason_end": "endplay",
    "shuffle": false,
    "skipped": true,
    "offline": null,
    "offline_timestamp": null,
    "incognito_mode": false
  },
  {
    "ts": "2024-08-30T06:45:49Z",
    "platform": "ios",
    "ms_played": 1503,
    "conn_country": "US",
    "ip_addr": "98.238.145.207",
    "master_metadata_track_name": "Douce France",
    "master_metadata_album_artist_name": "Pomplamoose",
    "master_metadata_album_album_name": "Impossible à prononcer",
    "spotify_track_uri": "spotify:track:5vaXjngY9OwX7SeoduLBrX",
    "episode_name": null,
    "episode_show_name": null,
    "spotify_episode_uri": null,
    "reason_start": "unknown",
    "reason_end": "endplay",
    "shuffle": false,
    "skipped": true,
    "offline": null,
    "offline_timestamp": null,
    "incognito_mode": false
  },
  {
    "ts": "2024-08-30T06:45:51Z",
    "platform": "ios",
    "ms_played": 2118,
    "conn_country": "US",
    "ip_addr": "98.238.145.207",
    "master_metadata_track_name": "Sous le Ciel de Paris",
    "master_metadata_album_artist_name": "Pomplamoose",
    "master_metadata_album_album_name": "En Français",
    "spotify_track_uri": "spotify:track:2NCue3WpFMA2DfQrwCZMwp",
    "episode_name": null,
    "episode_show_name": null,
    "spotify_episode_uri": null,
    "reason_start": "unknown",
    "reason_end": "endplay",
    "shuffle": false,
    "skipped": true,
    "offline": null,
    "offline_timestamp": null,
    "incognito_mode": false
  },
  {
    "ts": "2024-08-30T06:45:54Z",
    "platform": "ios",
    "ms_played": 1722,
    "conn_country": "US",
    "ip_addr": "98.238.145.207",
    "master_metadata_track_name": "La foule",
    "master_metadata_album_artist_name": "Édith Piaf",
    "master_metadata_album_album_name": "de l'accordeoniste a milord",
    "spotify_track_uri": "spotify:track:2xZfPZxInlDXDKc6NDts8Z",
    "episode_name": null,
    "episode_show_name": null,
    "spotify_episode_uri": null,
    "reason_start": "unknown",
    "reason_end": "endplay",
    "shuffle": false,
    "skipped": true,
    "offline": null,
    "offline_timestamp": null,
    "incognito_mode": false
  },
  {
    "ts": "2024-08-30T06:45:55Z",
    "platform": "ios",
    "ms_played": 2143,
    "conn_country": "US",
    "ip_addr": "98.238.145.207",
    "master_metadata_track_name": "Suivre le soleil",
    "master_metadata_album_artist_name": "Vanille",
    "master_metadata_album_album_name": "Amazona",
    "spotify_track_uri": "spotify:track:3ej9CjmXF3FvJDmWP0us2m",
    "episode_name": null,
    "episode_show_name": null,
    "spotify_episode_uri": null,
    "reason_start": "unknown",
    "reason_end": "endplay",
    "shuffle": false,
    "skipped": true,
    "offline": null,
    "offline_timestamp": null,
    "incognito_mode": false
  },
  {
    "ts": "2024-08-30T06:45:58Z",
    "platform": "ios",
    "ms_played": 1786,
    "conn_country": "US",
    "ip_addr": "98.238.145.207",
    "master_metadata_track_name": "Voilà",
    "master_metadata_album_artist_name": "Barbara Pravi",
    "master_metadata_album_album_name": "Voilà",
    "spotify_track_uri": "spotify:track:1uAOCTevGnyKIDbgZdOCnE",
    "episode_name": null,
    "episode_show_name": null,
    "spotify_episode_uri": null,
    "reason_start": "unknown",
    "reason_end": "endplay",
    "shuffle": false,
    "skipped": true,
    "offline": null,
    "offline_timestamp": null,
    "incognito_mode": false
  },
  {
    "ts": "2024-08-30T06:45:59Z",
    "platform": "ios",
    "ms_played": 1665,
    "conn_country": "US",
    "ip_addr": "98.238.145.207",
    "master_metadata_track_name": "Bécane - A COLORS SHOW",
    "master_metadata_album_artist_name": "Yamê",
    "master_metadata_album_album_name": "Bécane - A COLORS SHOW",
    "spotify_track_uri": "spotify:track:3oUEzTAoOxqZHN4xiqTGqJ",
    "episode_name": null,
    "episode_show_name": null,
    "spotify_episode_uri": null,
    "reason_start": "unknown",
    "reason_end": "endplay",
    "shuffle": false,
    "skipped": true,
    "offline": null,
    "offline_timestamp": null,
    "incognito_mode": false
  },
  {
    "ts": "2024-08-30T06:46:00Z",
    "platform": "ios",
    "ms_played": 669,
    "conn_country": "US",
    "ip_addr": "98.238.145.207",
    "master_metadata_track_name": "Le Monde - From Talk to Me",
    "master_metadata_album_artist_name": "Richard Carter",
    "master_metadata_album_album_name": "Talk to Me",
    "spotify_track_uri": "spotify:track:424DkevE18QJazwlljiTD4",
    "episode_name": null,
    "episode_show_name": null,
    "spotify_episode_uri": null,
    "reason_start": "unknown",
    "reason_end": "endplay",
    "shuffle": false,
    "skipped": true,
    "offline": null,
    "offline_timestamp": null,
    "incognito_mode": false
  },
  {
    "ts": "2024-09-06T22:00:28Z",
    "platform": "ios",
    "ms_played": 0,
    "conn_country": "US",
    "ip_addr": "138.9.147.62",
    "master_metadata_track_name": "We Could Form An Attachment",
    "master_metadata_album_artist_name": "Kris Bowers",
    "master_metadata_album_album_name": "Bridgerton (Music from the Netflix Original Series)",
    "spotify_track_uri": "spotify:track:7MEfoydIhCWOplxnKtWawa",
    "episode_name": null,
    "episode_show_name": null,
    "spotify_episode_uri": null,
    "reason_start": "unknown",
    "reason_end": "endplay",
    "shuffle": false,
    "skipped": true,
    "offline": null,
    "offline_timestamp": null,
    "incognito_mode": false
  },
  {
    "ts": "2024-09-06T22:00:28Z",
    "platform": "ios",
    "ms_played": 29740,
    "conn_country": "US",
    "ip_addr": "138.9.147.62",
    "master_metadata_track_name": "We Could Form An Attachment",
    "master_metadata_album_artist_name": "Kris Bowers",
    "master_metadata_album_album_name": "Bridgerton (Music from the Netflix Original Series)",
    "spotify_track_uri": "spotify:track:7MEfoydIhCWOplxnKtWawa",
    "episode_name": null,
    "episode_show_name": null,
    "spotify_episode_uri": null,
    "reason_start": "unknown",
    "reason_end": "trackdone",
    "shuffle": false,
    "skipped": false,
    "offline": null,
    "offline_timestamp": null,
    "incognito_mode": false
  },
  {
    "ts": "2024-09-09T06:04:25Z",
    "platform": "ios",
    "ms_played": 2114,
    "conn_country": "US",
    "ip_addr": "98.238.145.207",
    "master_metadata_track_name": "FUNKED UP",
    "master_metadata_album_artist_name": "xxanteria",
    "master_metadata_album_album_name": "FUNKED UP",
    "spotify_track_uri": "spotify:track:5NtwTPKQLkAG5XC0Vj6L2l",
    "episode_name": null,
    "episode_show_name": null,
    "spotify_episode_uri": null,
    "reason_start": "unknown",
    "reason_end": "endplay",
    "shuffle": false,
    "skipped": true,
    "offline": null,
    "offline_timestamp": null,
    "incognito_mode": false
  },
  {
    "ts": "2024-10-13T17:50:05Z",
    "platform": "ios",
    "ms_played": 0,
    "conn_country": "US",
    "ip_addr": "98.238.145.207",
    "master_metadata_track_name": "Ride",
    "master_metadata_album_artist_name": "HYBS",
    "master_metadata_album_album_name": "Ride",
    "spotify_track_uri": "spotify:track:7fyVBKYJYMP42nNr9RFTAT",
    "episode_name": null,
    "episode_show_name": null,
    "spotify_episode_uri": null,
    "reason_start": "unknown",
    "reason_end": "endplay",
    "shuffle": false,
    "skipped": true,
    "offline": null,
    "offline_timestamp": null,
    "incognito_mode": false
  },
  {
    "ts": "2024-10-14T23:36:35Z",
    "platform": "ios",
    "ms_played": 3204,
    "conn_country": "US",
    "ip_addr": "138.9.165.177",
    "master_metadata_track_name": "Scenes From the Cityscape",
    "master_metadata_album_artist_name": "Lake Isabel",
    "master_metadata_album_album_name": "Scenes From the Cityscape",
    "spotify_track_uri": "spotify:track:2BjHMqJuPQOANNoButGV63",
    "episode_name": null,
    "episode_show_name": null,
    "spotify_episode_uri": null,
    "reason_start": "unknown",
    "reason_end": "endplay",
    "shuffle": false,
    "skipped": true,
    "offline": null,
    "offline_timestamp": null,
    "incognito_mode": false
  },
  {
    "ts": "2024-10-16T19:39:39Z",
    "platform": "ios",
    "ms_played": 0,
    "conn_country": "US",
    "ip_addr": "172.59.144.254",
    "master_metadata_track_name": "Mayday (Feat. Ty Dolla $ign)",
    "master_metadata_album_artist_name": "Jay Park",
    "master_metadata_album_album_name": "THE ONE YOU WANTED",
    "spotify_track_uri": "spotify:track:15h2NRc292HUp1XgTEnOtJ",
    "episode_name": null,
    "episode_show_name": null,
    "spotify_episode_uri": null,
    "reason_start": "unknown",
    "reason_end": "endplay",
    "shuffle": false,
    "skipped": true,
    "offline": null,
    "offline_timestamp": null,
    "incognito_mode": false
  },
  {
    "ts": "2024-10-16T19:39:39Z",
    "platform": "ios",
    "ms_played": 42,
    "conn_country": "US",
    "ip_addr": "172.59.144.254",
    "master_metadata_track_name": "Happy Ever After",
    "master_metadata_album_artist_name": "Zach Hood",
    "master_metadata_album_album_name": "Happy Ever After",
    "spotify_track_uri": "spotify:track:4PbUHeQucvx6RvlhRkMJII",
    "episode_name": null,
    "episode_show_name": null,
    "spotify_episode_uri": null,
    "reason_start": "unknown",
    "reason_end": "endplay",
    "shuffle": false,
    "skipped": true,
    "offline": null,
    "offline_timestamp": null,
    "incognito_mode": false
  },
  {
    "ts": "2024-10-29T03:21:49Z",
    "platform": "ios",
    "ms_played": 15545,
    "conn_country": "US",
    "ip_addr": "2607:fb91:3e95:ba6:5029:8fa5:f557:883c",
    "master_metadata_track_name": "Little Dark Age",
    "master_metadata_album_artist_name": "MGMT",
    "master_metadata_album_album_name": "Little Dark Age",
    "spotify_track_uri": "spotify:track:1oRkxedfAvbYqBsSqDZljn",
    "episode_name": null,
    "episode_show_name": null,
    "spotify_episode_uri": null,
    "reason_start": "switched-to-video",
    "reason_end": "endplay",
    "shuffle": false,
    "skipped": true,
    "offline": false,
    "offline_timestamp": 1730172093,
    "incognito_mode": false
  },
  {
    "ts": "2024-11-01T16:44:58Z",
    "platform": "ios",
    "ms_played": 261101,
    "conn_country": "US",
    "ip_addr": "2607:fb91:3e86:8fcb:a563:1231:3ccb:6bc8",
    "master_metadata_track_name": "Disease",
    "master_metadata_album_artist_name": "Lady Gaga",
    "master_metadata_album_album_name": "Disease",
    "spotify_track_uri": "spotify:track:2K1fz43MpukZSZglLs0DkK",
    "episode_name": null,
    "episode_show_name": null,
    "spotify_episode_uri": null,
    "reason_start": "playbtn",
    "reason_end": "trackdone",
    "shuffle": false,
    "skipped": false,
    "offline": false,
    "offline_timestamp": 1730479237,
    "incognito_mode": false
  },
  {
    "ts": "2024-11-02T19:58:29Z",
    "platform": "ios",
    "ms_played": 15816,
    "conn_country": "US",
    "ip_addr": "2601:205:4780:4190:c0fd:93c4:ae38:5453",
    "master_metadata_track_name": "Disease",
    "master_metadata_album_artist_name": "Lady Gaga",
    "master_metadata_album_album_name": "Disease",
    "spotify_track_uri": "spotify:track:2K1fz43MpukZSZglLs0DkK",
    "episode_name": null,
    "episode_show_name": null,
    "spotify_episode_uri": null,
    "reason_start": "clickrow",
    "reason_end": "endplay",
    "shuffle": false,
    "skipped": true,
    "offline": false,
    "offline_timestamp": 1730577489,
    "incognito_mode": false
  },
  {
    "ts": "2024-11-02T20:47:01Z",
    "platform": "ios",
    "ms_played": 261101,
    "conn_country": "US",
    "ip_addr": "2607:fb91:3e04:fd:e5fc:8b0e:c274:d8c4",
    "master_metadata_track_name": "Disease",
    "master_metadata_album_artist_name": "Lady Gaga",
    "master_metadata_album_album_name": "Disease",
    "spotify_track_uri": "spotify:track:2K1fz43MpukZSZglLs0DkK",
    "episode_name": null,
    "episode_show_name": null,
    "spotify_episode_uri": null,
    "reason_start": "clickrow",
    "reason_end": "trackdone",
    "shuffle": false,
    "skipped": false,
    "offline": false,
    "offline_timestamp": 1730580160,
    "incognito_mode": false
  },
  {
    "ts": "2024-11-06T17:59:19Z",
    "platform": "ios",
    "ms_played": 83783,
    "conn_country": "US",
    "ip_addr": "138.9.159.222",
    "master_metadata_track_name": "Disease",
    "master_metadata_album_artist_name": "Lady Gaga",
    "master_metadata_album_album_name": "Disease",
    "spotify_track_uri": "spotify:track:2K1fz43MpukZSZglLs0DkK",
    "episode_name": null,
    "episode_show_name": null,
    "spotify_episode_uri": null,
    "reason_start": "clickrow",
    "reason_end": "endplay",
    "shuffle": false,
    "skipped": true,
    "offline": false,
    "offline_timestamp": 1730915481,
    "incognito_mode": false
  },
  {
    "ts": "2024-11-11T21:39:30Z",
    "platform": "ios",
    "ms_played": 261101,
    "conn_country": "US",
    "ip_addr": "138.9.188.221",
    "master_metadata_track_name": "Disease",
    "master_metadata_album_artist_name": "Lady Gaga",
    "master_metadata_album_album_name": "Disease",
    "spotify_track_uri": "spotify:track:2K1fz43MpukZSZglLs0DkK",
    "episode_name": null,
    "episode_show_name": null,
    "spotify_episode_uri": null,
    "reason_start": "clickrow",
    "reason_end": "trackdone",
    "shuffle": false,
    "skipped": false,
    "offline": false,
    "offline_timestamp": 1731355307,
    "incognito_mode": false
  }
]